type,hamming_distance,image_a,image_b,stem_a,stem_b,split_a,split_b
near_duplicate_dhash,0,water_datasets/Flow-Img.v2i.yolov8/train/images/000032_jpg.rf.54a39b81c28afb03ed773c2941d7b320.jpg,water_datasets/Flow-Img.v2i.yolov8/train/images/000759_jpg.rf.c5d754c9424ddcc69e2ca54e01caf106.jpg,000032_jpg.rf.54a39b81c28afb03ed773c2941d7b320,000759_jpg.rf.c5d754c9424ddcc69e2ca54e01caf106,train,train
near_duplicate_dhash,0,water_datasets/Flow-Img.v2i.yolov8/train/images/000300_jpg.rf.c0c5c240daa5f3875ec947e3d8585ebd.jpg,water_datasets/Flow-Img.v2i.yolov8/train/images/000986_jpg.rf.071a7557387f97c3f8332b4184241736.jpg,000300_jpg.rf.c0c5c240daa5f3875ec947e3d8585ebd,000986_jpg.rf.071a7557387f97c3f8332b4184241736,train,train
near_duplicate_dhash,0,water_datasets/Flow-Img.v2i.yolov8/train/images/000351_jpg.rf.b8b12466c180ea79744e4d31a1ad3eb0.jpg,water_datasets/Flow-Img.v2i.yolov8/train/images/000803_jpg.rf.6d5b620769de894f6ccbbf3fac59404c.jpg,000351_jpg.rf.b8b12466c180ea79744e4d31a1ad3eb0,000803_jpg.rf.6d5b620769de894f6ccbbf3fac59404c,train,train
near_duplicate_dhash,0,water_datasets/Flow-Img.v2i.yolov8/train/images/000375_jpg.rf.9a9fadbfa5af26035e5b130b200dea63.jpg,water_datasets/Flow-Img.v2i.yolov8/train/images/000730_jpg.rf.91f7c94a399782319c151a028289846e.jpg,000375_jpg.rf.9a9fadbfa5af26035e5b130b200dea63,000730_jpg.rf.91f7c94a399782319c151a028289846e,train,train
near_duplicate_dhash,0,water_datasets/Flow-Img.v2i.yolov8/train/images/000381_jpg.rf.fc747b86916c1a565a47e3f1b4a403ff.jpg,water_datasets/Flow-Img.v2i.yolov8/train/images/000799_jpg.rf.a5d0acee9fe158dde860f8bcf288b023.jpg,000381_jpg.rf.fc747b86916c1a565a47e3f1b4a403ff,000799_jpg.rf.a5d0acee9fe158dde860f8bcf288b023,train,train
near_duplicate_dhash,0,water_datasets/Flow-Img.v2i.yolov8/train/images/000625_jpg.rf.e0f31dadbc71575cb749cb56119d3c6a.jpg,water_datasets/Flow-Img.v2i.yolov8/train/images/000929_jpg.rf.5471dddc33db671a68dfedacbc0e424b.jpg,000625_jpg.rf.e0f31dadbc71575cb749cb56119d3c6a,000929_jpg.rf.5471dddc33db671a68dfedacbc0e424b,train,train
near_duplicate_dhash,0,water_datasets/Flow-Img.v2i.yolov8/train/images/000633_jpg.rf.9401b11a2c7b7b32b1e4488c710f2787.jpg,water_datasets/Flow-Img.v2i.yolov8/train/images/000771_jpg.rf.caf9d6f96d1762ee304976d244cf144b.jpg,000633_jpg.rf.9401b11a2c7b7b32b1e4488c710f2787,000771_jpg.rf.caf9d6f96d1762ee304976d244cf144b,train,train
near_duplicate_dhash,0,water_datasets/Flow-Img.v2i.yolov8/train/images/000715_jpg.rf.6f5e0bed41190a2e8d50acb48d980d8a.jpg,water_datasets/Flow-Img.v2i.yolov8/train/images/001105_jpg.rf.5dcc958e0d05f3f3b62cd1928ed71498.jpg,000715_jpg.rf.6f5e0bed41190a2e8d50acb48d980d8a,001105_jpg.rf.5dcc958e0d05f3f3b62cd1928ed71498,train,train
near_duplicate_dhash,0,water_datasets/Flow-Img.v2i.yolov8/train/images/000911_jpg.rf.b2670301dc887e3d31febf07c361d771.jpg,water_datasets/Flow-Img.v2i.yolov8/train/images/001184_jpg.rf.795b87c11eeb4b09db4ea53e014bd932.jpg,000911_jpg.rf.b2670301dc887e3d31febf07c361d771,001184_jpg.rf.795b87c11eeb4b09db4ea53e014bd932,train,train
near_duplicate_dhash,1,water_datasets/Flow-Img.v2i.yolov8/train/images/000019_jpg.rf.dc4d3d50aed7f6565241f1d7d02807c0.jpg,water_datasets/Flow-Img.v2i.yolov8/train/images/000028_jpg.rf.83f86d91069a540264f25cc440ab9bdf.jpg,000019_jpg.rf.dc4d3d50aed7f6565241f1d7d02807c0,000028_jpg.rf.83f86d91069a540264f25cc440ab9bdf,train,train
near_duplicate_dhash,2,water_datasets/Flow-Img.v2i.yolov8/train/images/000026_jpg.rf.e80e1b92d2d8de5a8dde6a5d437ec180.jpg,water_datasets/Flow-Img.v2i.yolov8/train/images/000828_jpg.rf.05a266e7dc77f4d4a083f1b8700a83ac.jpg,000026_jpg.rf.e80e1b92d2d8de5a8dde6a5d437ec180,000828_jpg.rf.05a266e7dc77f4d4a083f1b8700a83ac,train,train
near_duplicate_dhash,2,water_datasets/Flow-Img.v2i.yolov8/train/images/000028_jpg.rf.83f86d91069a540264f25cc440ab9bdf.jpg,water_datasets/Flow-Img.v2i.yolov8/train/images/000999_jpg.rf.0bf2cc3badf87d252b5bf3b641a16819.jpg,000028_jpg.rf.83f86d91069a540264f25cc440ab9bdf,000999_jpg.rf.0bf2cc3badf87d252b5bf3b641a16819,train,train
near_duplicate_dhash,1,water_datasets/Flow-Img.v2i.yolov8/train/images/000031_jpg.rf.bfaef74e23b33cd7c96cbef74a186588.jpg,water_datasets/Flow-Img.v2i.yolov8/train/images/000162_jpg.rf.33594895973d6e3d5f4646fe5930630f.jpg,000031_jpg.rf.bfaef74e23b33cd7c96cbef74a186588,000162_jpg.rf.33594895973d6e3d5f4646fe5930630f,train,train
near_duplicate_dhash,2,water_datasets/Flow-Img.v2i.yolov8/train/images/000031_jpg.rf.bfaef74e23b33cd7c96cbef74a186588.jpg,water_datasets/Flow-Img.v2i.yolov8/train/images/001112_jpg.rf.091b571388b789cdefaf10be702016d9.jpg,000031_jpg.rf.bfaef74e23b33cd7c96cbef74a186588,001112_jpg.rf.091b571388b789cdefaf10be702016d9,train,train
near_duplicate_dhash,1,water_datasets/Flow-Img.v2i.yolov8/train/images/000032_jpg.rf.54a39b81c28afb03ed773c2941d7b320.jpg,water_datasets/Flow-Img.v2i.yolov8/train/images/000869_jpg.rf.0c0d3031e7d210497eeef4f97e92da5d.jpg,000032_jpg.rf.54a39b81c28afb03ed773c2941d7b320,000869_jpg.rf.0c0d3031e7d210497eeef4f97e92da5d,train,train
near_duplicate_dhash,1,water_datasets/Flow-Img.v2i.yolov8/train/images/000060_jpg.rf.1cc8d0727dcb84abcc1b61b9d92c1e2b.jpg,water_datasets/Flow-Img.v2i.yolov8/train/images/000300_jpg.rf.c0c5c240daa5f3875ec947e3d8585ebd.jpg,000060_jpg.rf.1cc8d0727dcb84abcc1b61b9d92c1e2b,000300_jpg.rf.c0c5c240daa5f3875ec947e3d8585ebd,train,train
near_duplicate_dhash,2,water_datasets/Flow-Img.v2i.yolov8/train/images/000060_jpg.rf.1cc8d0727dcb84abcc1b61b9d92c1e2b.jpg,water_datasets/Flow-Img.v2i.yolov8/train/images/000733_jpg.rf.eb75505269bc3bb834649ed31a334e66.jpg,000060_jpg.rf.1cc8d0727dcb84abcc1b61b9d92c1e2b,000733_jpg.rf.eb75505269bc3bb834649ed31a334e66,train,train
near_duplicate_dhash,1,water_datasets/Flow-Img.v2i.yolov8/train/images/000060_jpg.rf.1cc8d0727dcb84abcc1b61b9d92c1e2b.jpg,water_datasets/Flow-Img.v2i.yolov8/train/images/000986_jpg.rf.071a7557387f97c3f8332b4184241736.jpg,000060_jpg.rf.1cc8d0727dcb84abcc1b61b9d92c1e2b,000986_jpg.rf.071a7557387f97c3f8332b4184241736,train,train
near_duplicate_dhash,1,water_datasets/Flow-Img.v2i.yolov8/train/images/000097_jpg.rf.c4ef5d5faac42b7faf1d58625618e8b2.jpg,water_datasets/Flow-Img.v2i.yolov8/train/images/000112_jpg.rf.a6c79c6080fdd3a45dd66a23ad691e99.jpg,000097_jpg.rf.c4ef5d5faac42b7faf1d58625618e8b2,000112_jpg.rf.a6c79c6080fdd3a45dd66a23ad691e99,train,train
near_duplicate_dhash,2,water_datasets/Flow-Img.v2i.yolov8/train/images/000106_jpg.rf.fa9458162a8b289c0468f863974046ac.jpg,water_datasets/Flow-Img.v2i.yolov8/train/images/000354_jpg.rf.3b02ab4ab6d99d840008c96713799952.jpg,000106_jpg.rf.fa9458162a8b289c0468f863974046ac,000354_jpg.rf.3b02ab4ab6d99d840008c96713799952,train,train
near_duplicate_dhash,2,water_datasets/Flow-Img.v2i.yolov8/train/images/000115_jpg.rf.0ace878d244707aba2f9da2c3c288042.jpg,water_datasets/Flow-Img.v2i.yolov8/train/images/000564_jpg.rf.474cb9f48e803fc9597680c5cd9a028d.jpg,000115_jpg.rf.0ace878d244707aba2f9da2c3c288042,000564_jpg.rf.474cb9f48e803fc9597680c5cd9a028d,train,train
near_duplicate_dhash,2,water_datasets/Flow-Img.v2i.yolov8/train/images/000129_jpg.rf.b550fd38121fa6a881ea0cea655e7112.jpg,water_datasets/Flow-Img.v2i.yolov8/train/images/000264_jpg.rf.47fe1db7c5e8985986ff41325fce2f0a.jpg,000129_jpg.rf.b550fd38121fa6a881ea0cea655e7112,000264_jpg.rf.47fe1db7c5e8985986ff41325fce2f0a,train,train
near_duplicate_dhash,2,water_datasets/Flow-Img.v2i.yolov8/train/images/000140_jpg.rf.36140a8c2a1f29813d6de207842e120f.jpg,water_datasets/Flow-Img.v2i.yolov8/train/images/000228_jpg.rf.c6af8305a6cf950077d34982435e0d5d.jpg,000140_jpg.rf.36140a8c2a1f29813d6de207842e120f,000228_jpg.rf.c6af8305a6cf950077d34982435e0d5d,train,train
near_duplicate_dhash,2,water_datasets/Flow-Img.v2i.yolov8/train/images/000149_jpg.rf.2a59909ab92a3a82fb99e547c7c87221.jpg,water_datasets/Flow-Img.v2i.yolov8/train/images/001034_jpg.rf.a8c8fe4734226c245b57fba6a1075ffe.jpg,000149_jpg.rf.2a59909ab92a3a82fb99e547c7c87221,001034_jpg.rf.a8c8fe4734226c245b57fba6a1075ffe,train,train
near_duplicate_dhash,2,water_datasets/Flow-Img.v2i.yolov8/train/images/000155_jpg.rf.b2293bd9e2343dc0cae825f8b0858712.jpg,water_datasets/Flow-Img.v2i.yolov8/train/images/000397_jpg.rf.4e8eaa10e22d01ded456976c40ca5df2.jpg,000155_jpg.rf.b2293bd9e2343dc0cae825f8b0858712,000397_jpg.rf.4e8eaa10e22d01ded456976c40ca5df2,train,train
near_duplicate_dhash,2,water_datasets/Flow-Img.v2i.yolov8/train/images/000184_jpg.rf.26876dc282f41c93b5aed416ae8a14c8.jpg,water_datasets/Flow-Img.v2i.yolov8/train/images/000348_jpg.rf.4ddac8c9c9ac8569af3a7ff96bccbefe.jpg,000184_jpg.rf.26876dc282f41c93b5aed416ae8a14c8,000348_jpg.rf.4ddac8c9c9ac8569af3a7ff96bccbefe,train,train
near_duplicate_dhash,2,water_datasets/Flow-Img.v2i.yolov8/train/images/000184_jpg.rf.26876dc282f41c93b5aed416ae8a14c8.jpg,water_datasets/Flow-Img.v2i.yolov8/train/images/000401_jpg.rf.cd71f07aadb976d840b570910ef65ffd.jpg,000184_jpg.rf.26876dc282f41c93b5aed416ae8a14c8,000401_jpg.rf.cd71f07aadb976d840b570910ef65ffd,train,train
near_duplicate_dhash,1,water_datasets/Flow-Img.v2i.yolov8/train/images/000208_jpg.rf.a94f6194774f78fd00bd8d2d957cb955.jpg,water_datasets/Flow-Img.v2i.yolov8/train/images/000590_jpg.rf.b9e2f33b39d25c59fc9684d07f14bfc0.jpg,000208_jpg.rf.a94f6194774f78fd00bd8d2d957cb955,000590_jpg.rf.b9e2f33b39d25c59fc9684d07f14bfc0,train,train
near_duplicate_dhash,2,water_datasets/Flow-Img.v2i.yolov8/train/images/000224_jpg.rf.611570194ffba2e430d10907db3ee08c.jpg,water_datasets/Flow-Img.v2i.yolov8/train/images/000914_jpg.rf.aa6a449cc136a0138e703732f5a79f77.jpg,000224_jpg.rf.611570194ffba2e430d10907db3ee08c,000914_jpg.rf.aa6a449cc136a0138e703732f5a79f77,train,train
near_duplicate_dhash,2,water_datasets/Flow-Img.v2i.yolov8/train/images/000227_jpg.rf.85f5a02522168233b4a05ce65f732316.jpg,water_datasets/Flow-Img.v2i.yolov8/train/images/000678_jpg.rf.bf31c001697bb17be28bf0bb02aadd9b.jpg,000227_jpg.rf.85f5a02522168233b4a05ce65f732316,000678_jpg.rf.bf31c001697bb17be28bf0bb02aadd9b,train,train
near_duplicate_dhash,2,water_datasets/Flow-Img.v2i.yolov8/train/images/000228_jpg.rf.c6af8305a6cf950077d34982435e0d5d.jpg,water_datasets/Flow-Img.v2i.yolov8/train/images/000353_jpg.rf.235fc0fb0259fff62eafd39af563a628.jpg,000228_jpg.rf.c6af8305a6cf950077d34982435e0d5d,000353_jpg.rf.235fc0fb0259fff62eafd39af563a628,train,train
near_duplicate_dhash,2,water_datasets/Flow-Img.v2i.yolov8/train/images/000234_jpg.rf.74fee7b4724630adeae99a66cf621c28.jpg,water_datasets/Flow-Img.v2i.yolov8/train/images/000375_jpg.rf.9a9fadbfa5af26035e5b130b200dea63.jpg,000234_jpg.rf.74fee7b4724630adeae99a66cf621c28,000375_jpg.rf.9a9fadbfa5af26035e5b130b200dea63,train,train
near_duplicate_dhash,2,water_datasets/Flow-Img.v2i.yolov8/train/images/000234_jpg.rf.74fee7b4724630adeae99a66cf621c28.jpg,water_datasets/Flow-Img.v2i.yolov8/train/images/000730_jpg.rf.91f7c94a399782319c151a028289846e.jpg,000234_jpg.rf.74fee7b4724630adeae99a66cf621c28,000730_jpg.rf.91f7c94a399782319c151a028289846e,train,train
near_duplicate_dhash,2,water_datasets/Flow-Img.v2i.yolov8/train/images/000236_jpg.rf.085ba3cb3c3c9b8574f3787c751e1839.jpg,water_datasets/Flow-Img.v2i.yolov8/train/images/000523_jpg.rf.71011e1e76c7644189cf806a56f04225.jpg,000236_jpg.rf.085ba3cb3c3c9b8574f3787c751e1839,000523_jpg.rf.71011e1e76c7644189cf806a56f04225,train,train
near_duplicate_dhash,2,water_datasets/Flow-Img.v2i.yolov8/train/images/000240_jpg.rf.5ab98591c87f948715bf459ea3c1c410.jpg,water_datasets/Flow-Img.v2i.yolov8/train/images/000321_jpg.rf.6445a0d531191f5bbaf116d0675e6bed.jpg,000240_jpg.rf.5ab98591c87f948715bf459ea3c1c410,000321_jpg.rf.6445a0d531191f5bbaf116d0675e6bed,train,train
near_duplicate_dhash,2,water_datasets/Flow-Img.v2i.yolov8/train/images/000290_jpg.rf.f1856e51254037d9a1a51cbc3e164a65.jpg,water_datasets/Flow-Img.v2i.yolov8/train/images/000435_jpg.rf.1c46542d3c1eb3a2627460f1f007aea4.jpg,000290_jpg.rf.f1856e51254037d9a1a51cbc3e164a65,000435_jpg.rf.1c46542d3c1eb3a2627460f1f007aea4,train,train
near_duplicate_dhash,1,water_datasets/Flow-Img.v2i.yolov8/train/images/000300_jpg.rf.c0c5c240daa5f3875ec947e3d8585ebd.jpg,water_datasets/Flow-Img.v2i.yolov8/train/images/000733_jpg.rf.eb75505269bc3bb834649ed31a334e66.jpg,000300_jpg.rf.c0c5c240daa5f3875ec947e3d8585ebd,000733_jpg.rf.eb75505269bc3bb834649ed31a334e66,train,train
near_duplicate_dhash,2,water_datasets/Flow-Img.v2i.yolov8/train/images/000300_jpg.rf.c0c5c240daa5f3875ec947e3d8585ebd.jpg,water_datasets/Flow-Img.v2i.yolov8/train/images/000858_jpg.rf.72fe19f52015a95204f125a3cebd5860.jpg,000300_jpg.rf.c0c5c240daa5f3875ec947e3d8585ebd,000858_jpg.rf.72fe19f52015a95204f125a3cebd5860,train,train
near_duplicate_dhash,2,water_datasets/Flow-Img.v2i.yolov8/train/images/000330_jpg.rf.52edf9f37615b06c9a06aadb303abf83.jpg,water_datasets/Flow-Img.v2i.yolov8/train/images/000753_jpg.rf.12a52d2a008ee647dcaf0470ab36d1cd.jpg,000330_jpg.rf.52edf9f37615b06c9a06aadb303abf83,000753_jpg.rf.12a52d2a008ee647dcaf0470ab36d1cd,train,train
near_duplicate_dhash,2,water_datasets/Flow-Img.v2i.yolov8/train/images/000337_jpg.rf.9f29bd8de28cb5fe865e63ddbf40212c.jpg,water_datasets/Flow-Img.v2i.yolov8/train/images/000871_jpg.rf.59ab0fe8e4fab09af2db5bf6343c7530.jpg,000337_jpg.rf.9f29bd8de28cb5fe865e63ddbf40212c,000871_jpg.rf.59ab0fe8e4fab09af2db5bf6343c7530,train,train
near_duplicate_dhash,2,water_datasets/Flow-Img.v2i.yolov8/train/images/000337_jpg.rf.9f29bd8de28cb5fe865e63ddbf40212c.jpg,water_datasets/Flow-Img.v2i.yolov8/train/images/001164_jpg.rf.cec487a09a6792759ac1e5b8e4f3d2b4.jpg,000337_jpg.rf.9f29bd8de28cb5fe865e63ddbf40212c,001164_jpg.rf.cec487a09a6792759ac1e5b8e4f3d2b4,train,train
near_duplicate_dhash,1,water_datasets/Flow-Img.v2i.yolov8/train/images/000389_jpg.rf.cd0f5da239073dd552bebf508255aba0.jpg,water_datasets/Flow-Img.v2i.yolov8/train/images/000625_jpg.rf.e0f31dadbc71575cb749cb56119d3c6a.jpg,000389_jpg.rf.cd0f5da239073dd552bebf508255aba0,000625_jpg.rf.e0f31dadbc71575cb749cb56119d3c6a,train,train
near_duplicate_dhash,1,water_datasets/Flow-Img.v2i.yolov8/train/images/000389_jpg.rf.cd0f5da239073dd552bebf508255aba0.jpg,water_datasets/Flow-Img.v2i.yolov8/train/images/000929_jpg.rf.5471dddc33db671a68dfedacbc0e424b.jpg,000389_jpg.rf.cd0f5da239073dd552bebf508255aba0,000929_jpg.rf.5471dddc33db671a68dfedacbc0e424b,train,train
near_duplicate_dhash,2,water_datasets/Flow-Img.v2i.yolov8/train/images/000419_jpg.rf.37a638c099a93a271d1d3a95cb158cee.jpg,water_datasets/Flow-Img.v2i.yolov8/train/images/000697_jpg.rf.376083236a4263773778ece0b4741250.jpg,000419_jpg.rf.37a638c099a93a271d1d3a95cb158cee,000697_jpg.rf.376083236a4263773778ece0b4741250,train,train
near_duplicate_dhash,1,water_datasets/Flow-Img.v2i.yolov8/train/images/000433_jpg.rf.43d5fa3a18303f2616168c56286252a1.jpg,water_datasets/Flow-Img.v2i.yolov8/train/images/000464_jpg.rf.e536ff0b7aef17cd4f3046e048f34bce.jpg,000433_jpg.rf.43d5fa3a18303f2616168c56286252a1,000464_jpg.rf.e536ff0b7aef17cd4f3046e048f34bce,train,train
near_duplicate_dhash,2,water_datasets/Flow-Img.v2i.yolov8/train/images/000444_jpg.rf.5fd13c0ee64215b4006098d177b6a449.jpg,water_datasets/Flow-Img.v2i.yolov8/train/images/000554_jpg.rf.f6f3c8e0cca8727e87ab7c6d005fb1e9.jpg,000444_jpg.rf.5fd13c0ee64215b4006098d177b6a449,000554_jpg.rf.f6f3c8e0cca8727e87ab7c6d005fb1e9,train,train
near_duplicate_dhash,2,water_datasets/Flow-Img.v2i.yolov8/train/images/000450_jpg.rf.1f7d1ee347c6b1fe56b20b71b014d76a.jpg,water_datasets/Flow-Img.v2i.yolov8/train/images/000506_jpg.rf.f791f4986e1506a56f14f31460abddb2.jpg,000450_jpg.rf.1f7d1ee347c6b1fe56b20b71b014d76a,000506_jpg.rf.f791f4986e1506a56f14f31460abddb2,train,train
near_duplicate_dhash,1,water_datasets/Flow-Img.v2i.yolov8/train/images/000515_jpg.rf.7007ad17132c4131cfccfd36529dc4d5.jpg,water_datasets/Flow-Img.v2i.yolov8/train/images/001082_jpg.rf.6512382161a5bff24d0262b37e3172f6.jpg,000515_jpg.rf.7007ad17132c4131cfccfd36529dc4d5,001082_jpg.rf.6512382161a5bff24d0262b37e3172f6,train,train
near_duplicate_dhash,2,water_datasets/Flow-Img.v2i.yolov8/train/images/000529_jpg.rf.4efb4939819b7585d005971e40f909e1.jpg,water_datasets/Flow-Img.v2i.yolov8/train/images/000784_jpg.rf.a0cec766ff0ab7b58bf77f84e9615f0a.jpg,000529_jpg.rf.4efb4939819b7585d005971e40f909e1,000784_jpg.rf.a0cec766ff0ab7b58bf77f84e9615f0a,train,train
near_duplicate_dhash,2,water_datasets/Flow-Img.v2i.yolov8/train/images/000555_jpg.rf.cdad170345e0eb9f4d4aa4f2ee867b05.jpg,water_datasets/Flow-Img.v2i.yolov8/train/images/000839_jpg.rf.3aaebbcac6ac2980a5f9528fd6fc99e4.jpg,000555_jpg.rf.cdad170345e0eb9f4d4aa4f2ee867b05,000839_jpg.rf.3aaebbcac6ac2980a5f9528fd6fc99e4,train,train
near_duplicate_dhash,1,water_datasets/Flow-Img.v2i.yolov8/train/images/000555_jpg.rf.cdad170345e0eb9f4d4aa4f2ee867b05.jpg,water_datasets/Flow-Img.v2i.yolov8/train/images/001059_jpg.rf.978856b83c7de90deae1d584c1a38c8d.jpg,000555_jpg.rf.cdad170345e0eb9f4d4aa4f2ee867b05,001059_jpg.rf.978856b83c7de90deae1d584c1a38c8d,train,train
near_duplicate_dhash,1,water_datasets/Flow-Img.v2i.yolov8/train/images/000563_jpg.rf.71a9d469b57f320aac94472dab43a24b.jpg,water_datasets/Flow-Img.v2i.yolov8/train/images/001056_jpg.rf.6bd2dfca5b9536235e5395b8077eea61.jpg,000563_jpg.rf.71a9d469b57f320aac94472dab43a24b,001056_jpg.rf.6bd2dfca5b9536235e5395b8077eea61,train,train
near_duplicate_dhash,2,water_datasets/Flow-Img.v2i.yolov8/train/images/000633_jpg.rf.9401b11a2c7b7b32b1e4488c710f2787.jpg,water_datasets/Flow-Img.v2i.yolov8/train/images/001152_jpg.rf.7f3e2d9746210fbb9b650bb97fd1be60.jpg,000633_jpg.rf.9401b11a2c7b7b32b1e4488c710f2787,001152_jpg.rf.7f3e2d9746210fbb9b650bb97fd1be60,train,train
near_duplicate_dhash,1,water_datasets/Flow-Img.v2i.yolov8/train/images/000645_jpg.rf.2d3dd3261ef1846d8252f2be20c3c0ac.jpg,water_datasets/Flow-Img.v2i.yolov8/train/images/000946_jpg.rf.83bad18bf91432d469e51aa9f34ac963.jpg,000645_jpg.rf.2d3dd3261ef1846d8252f2be20c3c0ac,000946_jpg.rf.83bad18bf91432d469e51aa9f34ac963,train,train
near_duplicate_dhash,1,water_datasets/Flow-Img.v2i.yolov8/train/images/000645_jpg.rf.2d3dd3261ef1846d8252f2be20c3c0ac.jpg,water_datasets/Flow-Img.v2i.yolov8/train/images/001073_jpg.rf.236df6fa2601789ac2033eaa776269f7.jpg,000645_jpg.rf.2d3dd3261ef1846d8252f2be20c3c0ac,001073_jpg.rf.236df6fa2601789ac2033eaa776269f7,train,train
near_duplicate_dhash,2,water_datasets/Flow-Img.v2i.yolov8/train/images/000655_jpg.rf.1c68065d2e52a51490bd67c74bd02ff5.jpg,water_datasets/Flow-Img.v2i.yolov8/train/images/000663_jpg.rf.3ca1b8793a788fd7c7afea995fe7c631.jpg,000655_jpg.rf.1c68065d2e52a51490bd67c74bd02ff5,000663_jpg.rf.3ca1b8793a788fd7c7afea995fe7c631,train,train
near_duplicate_dhash,2,water_datasets/Flow-Img.v2i.yolov8/train/images/000661_jpg.rf.0547c908ada91a0ae2ea8b90c6f61a36.jpg,water_datasets/Flow-Img.v2i.yolov8/train/images/000877_jpg.rf.9a7c9f61f695f5f2b6ca5e5992eb67fa.jpg,000661_jpg.rf.0547c908ada91a0ae2ea8b90c6f61a36,000877_jpg.rf.9a7c9f61f695f5f2b6ca5e5992eb67fa,train,train
near_duplicate_dhash,1,water_datasets/Flow-Img.v2i.yolov8/train/images/000661_jpg.rf.0547c908ada91a0ae2ea8b90c6f61a36.jpg,water_datasets/Flow-Img.v2i.yolov8/train/images/000934_jpg.rf.4bdf89331e09adbb40bb6d9722353c15.jpg,000661_jpg.rf.0547c908ada91a0ae2ea8b90c6f61a36,000934_jpg.rf.4bdf89331e09adbb40bb6d9722353c15,train,train
near_duplicate_dhash,1,water_datasets/Flow-Img.v2i.yolov8/train/images/000707_jpg.rf.476d4a82f6b8ed7b371af64f42fe9f27.jpg,water_datasets/Flow-Img.v2i.yolov8/train/images/001033_jpg.rf.e2193105c6324b205acc7048855d846d.jpg,000707_jpg.rf.476d4a82f6b8ed7b371af64f42fe9f27,001033_jpg.rf.e2193105c6324b205acc7048855d846d,train,train
near_duplicate_dhash,2,water_datasets/Flow-Img.v2i.yolov8/train/images/000731_jpg.rf.5e4fcff2fbe9216b9e62d7356a456969.jpg,water_datasets/Flow-Img.v2i.yolov8/train/images/000959_jpg.rf.97d92e6fc26efd10aeeb8c590cc8a0a9.jpg,000731_jpg.rf.5e4fcff2fbe9216b9e62d7356a456969,000959_jpg.rf.97d92e6fc26efd10aeeb8c590cc8a0a9,train,train
near_duplicate_dhash,1,water_datasets/Flow-Img.v2i.yolov8/train/images/000733_jpg.rf.eb75505269bc3bb834649ed31a334e66.jpg,water_datasets/Flow-Img.v2i.yolov8/train/images/000986_jpg.rf.071a7557387f97c3f8332b4184241736.jpg,000733_jpg.rf.eb75505269bc3bb834649ed31a334e66,000986_jpg.rf.071a7557387f97c3f8332b4184241736,train,train
near_duplicate_dhash,1,water_datasets/Flow-Img.v2i.yolov8/train/images/000759_jpg.rf.c5d754c9424ddcc69e2ca54e01caf106.jpg,water_datasets/Flow-Img.v2i.yolov8/train/images/000869_jpg.rf.0c0d3031e7d210497eeef4f97e92da5d.jpg,000759_jpg.rf.c5d754c9424ddcc69e2ca54e01caf106,000869_jpg.rf.0c0d3031e7d210497eeef4f97e92da5d,train,train
near_duplicate_dhash,2,water_datasets/Flow-Img.v2i.yolov8/train/images/000771_jpg.rf.caf9d6f96d1762ee304976d244cf144b.jpg,water_datasets/Flow-Img.v2i.yolov8/train/images/001152_jpg.rf.7f3e2d9746210fbb9b650bb97fd1be60.jpg,000771_jpg.rf.caf9d6f96d1762ee304976d244cf144b,001152_jpg.rf.7f3e2d9746210fbb9b650bb97fd1be60,train,train
near_duplicate_dhash,1,water_datasets/Flow-Img.v2i.yolov8/train/images/000828_jpg.rf.05a266e7dc77f4d4a083f1b8700a83ac.jpg,water_datasets/Flow-Img.v2i.yolov8/train/images/001120_jpg.rf.bfcc8924b48d11ef574879f5f27abdf9.jpg,000828_jpg.rf.05a266e7dc77f4d4a083f1b8700a83ac,001120_jpg.rf.bfcc8924b48d11ef574879f5f27abdf9,train,train
near_duplicate_dhash,2,water_datasets/Flow-Img.v2i.yolov8/train/images/000851_jpg.rf.29596641fc65266ddc559fc9127a6acc.jpg,water_datasets/Flow-Img.v2i.yolov8/train/images/001023_jpg.rf.765af0fa0d15e73dd43ec0e30aa8ca35.jpg,000851_jpg.rf.29596641fc65266ddc559fc9127a6acc,001023_jpg.rf.765af0fa0d15e73dd43ec0e30aa8ca35,train,train
near_duplicate_dhash,1,water_datasets/Flow-Img.v2i.yolov8/train/images/000858_jpg.rf.72fe19f52015a95204f125a3cebd5860.jpg,water_datasets/Flow-Img.v2i.yolov8/train/images/000963_jpg.rf.69d6feceab461ad99c85effb408d1df9.jpg,000858_jpg.rf.72fe19f52015a95204f125a3cebd5860,000963_jpg.rf.69d6feceab461ad99c85effb408d1df9,train,train
near_duplicate_dhash,2,water_datasets/Flow-Img.v2i.yolov8/train/images/000858_jpg.rf.72fe19f52015a95204f125a3cebd5860.jpg,water_datasets/Flow-Img.v2i.yolov8/train/images/000986_jpg.rf.071a7557387f97c3f8332b4184241736.jpg,000858_jpg.rf.72fe19f52015a95204f125a3cebd5860,000986_jpg.rf.071a7557387f97c3f8332b4184241736,train,train
near_duplicate_dhash,2,water_datasets/Flow-Img.v2i.yolov8/train/images/000865_jpg.rf.dc6a20a64e19614a701e84d9926c2f2c.jpg,water_datasets/Flow-Img.v2i.yolov8/train/images/001039_jpg.rf.46f7b01b924249bcbcaa521471a67188.jpg,000865_jpg.rf.dc6a20a64e19614a701e84d9926c2f2c,001039_jpg.rf.46f7b01b924249bcbcaa521471a67188,train,train
near_duplicate_dhash,2,water_datasets/Flow-Img.v2i.yolov8/train/images/000871_jpg.rf.59ab0fe8e4fab09af2db5bf6343c7530.jpg,water_datasets/Flow-Img.v2i.yolov8/train/images/001164_jpg.rf.cec487a09a6792759ac1e5b8e4f3d2b4.jpg,000871_jpg.rf.59ab0fe8e4fab09af2db5bf6343c7530,001164_jpg.rf.cec487a09a6792759ac1e5b8e4f3d2b4,train,train
near_duplicate_dhash,1,water_datasets/Flow-Img.v2i.yolov8/train/images/000906_jpg.rf.1866a9af43dc4bea8e7b1442b67feed0.jpg,water_datasets/Flow-Img.v2i.yolov8/train/images/001089_jpg.rf.6358d7469aaeb5cfc4ea970a956d6d4e.jpg,000906_jpg.rf.1866a9af43dc4bea8e7b1442b67feed0,001089_jpg.rf.6358d7469aaeb5cfc4ea970a956d6d4e,train,train
near_duplicate_dhash,2,water_datasets/Flow-Img.v2i.yolov8/train/images/000946_jpg.rf.83bad18bf91432d469e51aa9f34ac963.jpg,water_datasets/Flow-Img.v2i.yolov8/train/images/001073_jpg.rf.236df6fa2601789ac2033eaa776269f7.jpg,000946_jpg.rf.83bad18bf91432d469e51aa9f34ac963,001073_jpg.rf.236df6fa2601789ac2033eaa776269f7,train,train
near_duplicate_dhash,2,water_datasets/Flow-Img.v2i.yolov8/train/images/000992_jpg.rf.63c0543000456d1d35343e57c01ba45d.jpg,water_datasets/Flow-Img.v2i.yolov8/train/images/001107_jpg.rf.2d8ed70850d4d8c4331077f68e2fa475.jpg,000992_jpg.rf.63c0543000456d1d35343e57c01ba45d,001107_jpg.rf.2d8ed70850d4d8c4331077f68e2fa475,train,train
near_duplicate_dhash,2,water_datasets/Flow-Img.v2i.yolov8/train/images/001039_jpg.rf.46f7b01b924249bcbcaa521471a67188.jpg,water_datasets/Flow-Img.v2i.yolov8/train/images/001072_jpg.rf.5b23fe03456f9abf9a3b30c0212aa0f7.jpg,001039_jpg.rf.46f7b01b924249bcbcaa521471a67188,001072_jpg.rf.5b23fe03456f9abf9a3b30c0212aa0f7,train,train
near_duplicate_dhash,3,water_datasets/Flow-Img.v2i.yolov8/train/images/000018_jpg.rf.c6aa22a519ca74c9052095799784d558.jpg,water_datasets/Flow-Img.v2i.yolov8/train/images/000074_jpg.rf.8cf3d1a7b149c510d5cf658036aa69e6.jpg,000018_jpg.rf.c6aa22a519ca74c9052095799784d558,000074_jpg.rf.8cf3d1a7b149c510d5cf658036aa69e6,train,train
near_duplicate_dhash,5,water_datasets/Flow-Img.v2i.yolov8/train/images/000019_jpg.rf.dc4d3d50aed7f6565241f1d7d02807c0.jpg,water_datasets/Flow-Img.v2i.yolov8/train/images/000261_jpg.rf.3d4b6a1ff52d982c9574fc469feb4fa9.jpg,000019_jpg.rf.dc4d3d50aed7f6565241f1d7d02807c0,000261_jpg.rf.3d4b6a1ff52d982c9574fc469feb4fa9,train,train
near_duplicate_dhash,5,water_datasets/Flow-Img.v2i.yolov8/train/images/000019_jpg.rf.dc4d3d50aed7f6565241f1d7d02807c0.jpg,water_datasets/Flow-Img.v2i.yolov8/train/images/000313_jpg.rf.3bc8fd2f191fc26ee40880bd8fe08fc2.jpg,000019_jpg.rf.dc4d3d50aed7f6565241f1d7d02807c0,000313_jpg.rf.3bc8fd2f191fc26ee40880bd8fe08fc2,train,train
near_duplicate_dhash,4,water_datasets/Flow-Img.v2i.yolov8/train/images/000019_jpg.rf.dc4d3d50aed7f6565241f1d7d02807c0.jpg,water_datasets/Flow-Img.v2i.yolov8/train/images/000951_jpg.rf.7bd48330798739de431f28a309e04d6e.jpg,000019_jpg.rf.dc4d3d50aed7f6565241f1d7d02807c0,000951_jpg.rf.7bd48330798739de431f28a309e04d6e,train,train
near_duplicate_dhash,3,water_datasets/Flow-Img.v2i.yolov8/train/images/000019_jpg.rf.dc4d3d50aed7f6565241f1d7d02807c0.jpg,water_datasets/Flow-Img.v2i.yolov8/train/images/000999_jpg.rf.0bf2cc3badf87d252b5bf3b641a16819.jpg,000019_jpg.rf.dc4d3d50aed7f6565241f1d7d02807c0,000999_jpg.rf.0bf2cc3badf87d252b5bf3b641a16819,train,train
near_duplicate_dhash,5,water_datasets/Flow-Img.v2i.yolov8/train/images/000020_jpg.rf.35a86bec518614eb449b8e2ec376748a.jpg,water_datasets/Flow-Img.v2i.yolov8/train/images/000155_jpg.rf.b2293bd9e2343dc0cae825f8b0858712.jpg,000020_jpg.rf.35a86bec518614eb449b8e2ec376748a,000155_jpg.rf.b2293bd9e2343dc0cae825f8b0858712,train,train
near_duplicate_dhash,4,water_datasets/Flow-Img.v2i.yolov8/train/images/000020_jpg.rf.35a86bec518614eb449b8e2ec376748a.jpg,water_datasets/Flow-Img.v2i.yolov8/train/images/000321_jpg.rf.6445a0d531191f5bbaf116d0675e6bed.jpg,000020_jpg.rf.35a86bec518614eb449b8e2ec376748a,000321_jpg.rf.6445a0d531191f5bbaf116d0675e6bed,train,train
near_duplicate_dhash,5,water_datasets/Flow-Img.v2i.yolov8/train/images/000020_jpg.rf.35a86bec518614eb449b8e2ec376748a.jpg,water_datasets/Flow-Img.v2i.yolov8/train/images/000395_jpg.rf.ca35bc2c799be9a4c4c568cfb164f38c.jpg,000020_jpg.rf.35a86bec518614eb449b8e2ec376748a,000395_jpg.rf.ca35bc2c799be9a4c4c568cfb164f38c,train,train
near_duplicate_dhash,3,water_datasets/Flow-Img.v2i.yolov8/train/images/000020_jpg.rf.35a86bec518614eb449b8e2ec376748a.jpg,water_datasets/Flow-Img.v2i.yolov8/train/images/000397_jpg.rf.4e8eaa10e22d01ded456976c40ca5df2.jpg,000020_jpg.rf.35a86bec518614eb449b8e2ec376748a,000397_jpg.rf.4e8eaa10e22d01ded456976c40ca5df2,train,train
near_duplicate_dhash,5,water_datasets/Flow-Img.v2i.yolov8/train/images/000020_jpg.rf.35a86bec518614eb449b8e2ec376748a.jpg,water_datasets/Flow-Img.v2i.yolov8/train/images/000778_jpg.rf.8839dbd5ad35bc3371f7b3826fa02b06.jpg,000020_jpg.rf.35a86bec518614eb449b8e2ec376748a,000778_jpg.rf.8839dbd5ad35bc3371f7b3826fa02b06,train,train
near_duplicate_dhash,3,water_datasets/Flow-Img.v2i.yolov8/train/images/000022_jpg.rf.f23c0d97346b383cb182b5194d5de405.jpg,water_datasets/Flow-Img.v2i.yolov8/train/images/001196_jpg.rf.e4abef9848b0ee4aff2d5d447a2f224a.jpg,000022_jpg.rf.f23c0d97346b383cb182b5194d5de405,001196_jpg.rf.e4abef9848b0ee4aff2d5d447a2f224a,train,train
near_duplicate_dhash,3,water_datasets/Flow-Img.v2i.yolov8/train/images/000024_jpg.rf.255603f3c18df5279262eb9ab6670cf0.jpg,water_datasets/Flow-Img.v2i.yolov8/train/images/000126_jpg.rf.5a60f975b38edea5bdc3ba3c673ef90c.jpg,000024_jpg.rf.255603f3c18df5279262eb9ab6670cf0,000126_jpg.rf.5a60f975b38edea5bdc3ba3c673ef90c,train,train
near_duplicate_dhash,5,water_datasets/Flow-Img.v2i.yolov8/train/images/000026_jpg.rf.e80e1b92d2d8de5a8dde6a5d437ec180.jpg,water_datasets/Flow-Img.v2i.yolov8/train/images/000570_jpg.rf.a3d02cc947c31fb7e6135060cb5eb787.jpg,000026_jpg.rf.e80e1b92d2d8de5a8dde6a5d437ec180,000570_jpg.rf.a3d02cc947c31fb7e6135060cb5eb787,train,train
near_duplicate_dhash,5,water_datasets/Flow-Img.v2i.yolov8/train/images/000026_jpg.rf.e80e1b92d2d8de5a8dde6a5d437ec180.jpg,water_datasets/Flow-Img.v2i.yolov8/train/images/000654_jpg.rf.9a5a2a9c1856b990e4114f984c20b181.jpg,000026_jpg.rf.e80e1b92d2d8de5a8dde6a5d437ec180,000654_jpg.rf.9a5a2a9c1856b990e4114f984c20b181,train,train
near_duplicate_dhash,3,water_datasets/Flow-Img.v2i.yolov8/train/images/000026_jpg.rf.e80e1b92d2d8de5a8dde6a5d437ec180.jpg,water_datasets/Flow-Img.v2i.yolov8/train/images/001120_jpg.rf.bfcc8924b48d11ef574879f5f27abdf9.jpg,000026_jpg.rf.e80e1b92d2d8de5a8dde6a5d437ec180,001120_jpg.rf.bfcc8924b48d11ef574879f5f27abdf9,train,train
near_duplicate_dhash,4,water_datasets/Flow-Img.v2i.yolov8/train/images/000028_jpg.rf.83f86d91069a540264f25cc440ab9bdf.jpg,water_datasets/Flow-Img.v2i.yolov8/train/images/000261_jpg.rf.3d4b6a1ff52d982c9574fc469feb4fa9.jpg,000028_jpg.rf.83f86d91069a540264f25cc440ab9bdf,000261_jpg.rf.3d4b6a1ff52d982c9574fc469feb4fa9,train,train
near_duplicate_dhash,5,water_datasets/Flow-Img.v2i.yolov8/train/images/000028_jpg.rf.83f86d91069a540264f25cc440ab9bdf.jpg,water_datasets/Flow-Img.v2i.yolov8/train/images/000330_jpg.rf.52edf9f37615b06c9a06aadb303abf83.jpg,000028_jpg.rf.83f86d91069a540264f25cc440ab9bdf,000330_jpg.rf.52edf9f37615b06c9a06aadb303abf83,train,train
near_duplicate_dhash,5,water_datasets/Flow-Img.v2i.yolov8/train/images/000028_jpg.rf.83f86d91069a540264f25cc440ab9bdf.jpg,water_datasets/Flow-Img.v2i.yolov8/train/images/000951_jpg.rf.7bd48330798739de431f28a309e04d6e.jpg,000028_jpg.rf.83f86d91069a540264f25cc440ab9bdf,000951_jpg.rf.7bd48330798739de431f28a309e04d6e,train,train
near_duplicate_dhash,3,water_datasets/Flow-Img.v2i.yolov8/train/images/000031_jpg.rf.bfaef74e23b33cd7c96cbef74a186588.jpg,water_datasets/Flow-Img.v2i.yolov8/train/images/000265_jpg.rf.9f09daaf603e2a317f4bc6f9fb7afd24.jpg,000031_jpg.rf.bfaef74e23b33cd7c96cbef74a186588,000265_jpg.rf.9f09daaf603e2a317f4bc6f9fb7afd24,train,train
near_duplicate_dhash,5,water_datasets/Flow-Img.v2i.yolov8/train/images/000031_jpg.rf.bfaef74e23b33cd7c96cbef74a186588.jpg,water_datasets/Flow-Img.v2i.yolov8/train/images/000376_jpg.rf.f4278a81750b4ac93455846ccad5d481.jpg,000031_jpg.rf.bfaef74e23b33cd7c96cbef74a186588,000376_jpg.rf.f4278a81750b4ac93455846ccad5d481,train,train
near_duplicate_dhash,4,water_datasets/Flow-Img.v2i.yolov8/train/images/000032_jpg.rf.54a39b81c28afb03ed773c2941d7b320.jpg,water_datasets/Flow-Img.v2i.yolov8/train/images/000515_jpg.rf.7007ad17132c4131cfccfd36529dc4d5.jpg,000032_jpg.rf.54a39b81c28afb03ed773c2941d7b320,000515_jpg.rf.7007ad17132c4131cfccfd36529dc4d5,train,train
near_duplicate_dhash,5,water_datasets/Flow-Img.v2i.yolov8/train/images/000032_jpg.rf.54a39b81c28afb03ed773c2941d7b320.jpg,water_datasets/Flow-Img.v2i.yolov8/train/images/001082_jpg.rf.6512382161a5bff24d0262b37e3172f6.jpg,000032_jpg.rf.54a39b81c28afb03ed773c2941d7b320,001082_jpg.rf.6512382161a5bff24d0262b37e3172f6,train,train
near_duplicate_dhash,5,water_datasets/Flow-Img.v2i.yolov8/train/images/000037_jpg.rf.bcb374b10d737e69e654cc2b1c007cd2.jpg,water_datasets/Flow-Img.v2i.yolov8/train/images/000094_jpg.rf.884c275b8c49cc638aae77fbbb95994f.jpg,000037_jpg.rf.bcb374b10d737e69e654cc2b1c007cd2,000094_jpg.rf.884c275b8c49cc638aae77fbbb95994f,train,train
near_duplicate_dhash,4,water_datasets/Flow-Img.v2i.yolov8/train/images/000038_jpg.rf.67a2725115ce9e9d39a2c62b1e12991f.jpg,water_datasets/Flow-Img.v2i.yolov8/train/images/000126_jpg.rf.5a60f975b38edea5bdc3ba3c673ef90c.jpg,000038_jpg.rf.67a2725115ce9e9d39a2c62b1e12991f,000126_jpg.rf.5a60f975b38edea5bdc3ba3c673ef90c,train,train
near_duplicate_dhash,5,water_datasets/Flow-Img.v2i.yolov8/train/images/000038_jpg.rf.67a2725115ce9e9d39a2c62b1e12991f.jpg,water_datasets/Flow-Img.v2i.yolov8/train/images/000660_jpg.rf.458f6ed844bca1c452445bdfaea88319.jpg,000038_jpg.rf.67a2725115ce9e9d39a2c62b1e12991f,000660_jpg.rf.458f6ed844bca1c452445bdfaea88319,train,train
near_duplicate_dhash,4,water_datasets/Flow-Img.v2i.yolov8/train/images/000038_jpg.rf.67a2725115ce9e9d39a2c62b1e12991f.jpg,water_datasets/Flow-Img.v2i.yolov8/train/images/000809_jpg.rf.aaac98838869f6fe011b0dabe980705f.jpg,000038_jpg.rf.67a2725115ce9e9d39a2c62b1e12991f,000809_jpg.rf.aaac98838869f6fe011b0dabe980705f,train,train
near_duplicate_dhash,5,water_datasets/Flow-Img.v2i.yolov8/train/images/000040_jpg.rf.a82dbd9fdd917574906bffb45059c9ba.jpg,water_datasets/Flow-Img.v2i.yolov8/train/images/000063_jpg.rf.962af82cda34565cb997974eeb414f63.jpg,000040_jpg.rf.a82dbd9fdd917574906bffb45059c9ba,000063_jpg.rf.962af82cda34565cb997974eeb414f63,train,train
near_duplicate_dhash,3,water_datasets/Flow-Img.v2i.yolov8/train/images/000046_jpg.rf.a004772ec846d3cfacfc6549cfc4f58f.jpg,water_datasets/Flow-Img.v2i.yolov8/train/images/000566_jpg.rf.777aefd066d28f580855398ad23efca3.jpg,000046_jpg.rf.a004772ec846d3cfacfc6549cfc4f58f,000566_jpg.rf.777aefd066d28f580855398ad23efca3,train,train
near_duplicate_dhash,4,water_datasets/Flow-Img.v2i.yolov8/train/images/000046_jpg.rf.a004772ec846d3cfacfc6549cfc4f58f.jpg,water_datasets/Flow-Img.v2i.yolov8/train/images/000645_jpg.rf.2d3dd3261ef1846d8252f2be20c3c0ac.jpg,000046_jpg.rf.a004772ec846d3cfacfc6549cfc4f58f,000645_jpg.rf.2d3dd3261ef1846d8252f2be20c3c0ac,train,train
near_duplicate_dhash,5,water_datasets/Flow-Img.v2i.yolov8/train/images/000046_jpg.rf.a004772ec846d3cfacfc6549cfc4f58f.jpg,water_datasets/Flow-Img.v2i.yolov8/train/images/000902_jpg.rf.fe1487725489fe93f91599d2ae9b6979.jpg,000046_jpg.rf.a004772ec846d3cfacfc6549cfc4f58f,000902_jpg.rf.fe1487725489fe93f91599d2ae9b6979,train,train
near_duplicate_dhash,5,water_datasets/Flow-Img.v2i.yolov8/train/images/000046_jpg.rf.a004772ec846d3cfacfc6549cfc4f58f.jpg,water_datasets/Flow-Img.v2i.yolov8/train/images/000946_jpg.rf.83bad18bf91432d469e51aa9f34ac963.jpg,000046_jpg.rf.a004772ec846d3cfacfc6549cfc4f58f,000946_jpg.rf.83bad18bf91432d469e51aa9f34ac963,train,train
near_duplicate_dhash,3,water_datasets/Flow-Img.v2i.yolov8/train/images/000046_jpg.rf.a004772ec846d3cfacfc6549cfc4f58f.jpg,water_datasets/Flow-Img.v2i.yolov8/train/images/001073_jpg.rf.236df6fa2601789ac2033eaa776269f7.jpg,000046_jpg.rf.a004772ec846d3cfacfc6549cfc4f58f,001073_jpg.rf.236df6fa2601789ac2033eaa776269f7,train,train
near_duplicate_dhash,3,water_datasets/Flow-Img.v2i.yolov8/train/images/000047_jpg.rf.8fd39c9c2e37bd717132cb8bfc370e3c.jpg,water_datasets/Flow-Img.v2i.yolov8/train/images/000151_jpg.rf.ba06b1386a80d0b340a18d99c41e4657.jpg,000047_jpg.rf.8fd39c9c2e37bd717132cb8bfc370e3c,000151_jpg.rf.ba06b1386a80d0b340a18d99c41e4657,train,train
near_duplicate_dhash,3,water_datasets/Flow-Img.v2i.yolov8/train/images/000047_jpg.rf.8fd39c9c2e37bd717132cb8bfc370e3c.jpg,water_datasets/Flow-Img.v2i.yolov8/train/images/000961_jpg.rf.40c4076c85e776341b1dbc8b207a7cb4.jpg,000047_jpg.rf.8fd39c9c2e37bd717132cb8bfc370e3c,000961_jpg.rf.40c4076c85e776341b1dbc8b207a7cb4,train,train
near_duplicate_dhash,5,water_datasets/Flow-Img.v2i.yolov8/train/images/000054_jpg.rf.51d5fe3af455f67d49de00cdc526953c.jpg,water_datasets/Flow-Img.v2i.yolov8/train/images/000296_jpg.rf.191f2ac263227d07d6681c0d4ff02862.jpg,000054_jpg.rf.51d5fe3af455f67d49de00cdc526953c,000296_jpg.rf.191f2ac263227d07d6681c0d4ff02862,train,train
near_duplicate_dhash,3,water_datasets/Flow-Img.v2i.yolov8/train/images/000060_jpg.rf.1cc8d0727dcb84abcc1b61b9d92c1e2b.jpg,water_datasets/Flow-Img.v2i.yolov8/train/images/000858_jpg.rf.72fe19f52015a95204f125a3cebd5860.jpg,000060_jpg.rf.1cc8d0727dcb84abcc1b61b9d92c1e2b,000858_jpg.rf.72fe19f52015a95204f125a3cebd5860,train,train
near_duplicate_dhash,4,water_datasets/Flow-Img.v2i.yolov8/train/images/000060_jpg.rf.1cc8d0727dcb84abcc1b61b9d92c1e2b.jpg,water_datasets/Flow-Img.v2i.yolov8/train/images/000963_jpg.rf.69d6feceab461ad99c85effb408d1df9.jpg,000060_jpg.rf.1cc8d0727dcb84abcc1b61b9d92c1e2b,000963_jpg.rf.69d6feceab461ad99c85effb408d1df9,train,train
near_duplicate_dhash,5,water_datasets/Flow-Img.v2i.yolov8/train/images/000063_jpg.rf.962af82cda34565cb997974eeb414f63.jpg,water_datasets/Flow-Img.v2i.yolov8/train/images/000200_jpg.rf.8beaf9186bed555a825804e7deb1b0de.jpg,000063_jpg.rf.962af82cda34565cb997974eeb414f63,000200_jpg.rf.8beaf9186bed555a825804e7deb1b0de,train,train
near_duplicate_dhash,3,water_datasets/Flow-Img.v2i.yolov8/train/images/000070_jpg.rf.c848193f2df071be1f286013bfd6e2a3.jpg,water_datasets/Flow-Img.v2i.yolov8/train/images/000241_jpg.rf.ce33b48517e1c661495f52e5ac43696b.jpg,000070_jpg.rf.c848193f2df071be1f286013bfd6e2a3,000241_jpg.rf.ce33b48517e1c661495f52e5ac43696b,train,train
near_duplicate_dhash,3,water_datasets/Flow-Img.v2i.yolov8/train/images/000074_jpg.rf.8cf3d1a7b149c510d5cf658036aa69e6.jpg,water_datasets/Flow-Img.v2i.yolov8/train/images/000244_jpg.rf.c3437915896dd601dd81ccce74848b6f.jpg,000074_jpg.rf.8cf3d1a7b149c510d5cf658036aa69e6,000244_jpg.rf.c3437915896dd601dd81ccce74848b6f,train,train
near_duplicate_dhash,3,water_datasets/Flow-Img.v2i.yolov8/train/images/000086_jpg.rf.4684180bcb0e76f0eff87175fe684666.jpg,water_datasets/Flow-Img.v2i.yolov8/train/images/000270_jpg.rf.c0dace875b85d358d62a3950486f3df4.jpg,000086_jpg.rf.4684180bcb0e76f0eff87175fe684666,000270_jpg.rf.c0dace875b85d358d62a3950486f3df4,train,train
near_duplicate_dhash,4,water_datasets/Flow-Img.v2i.yolov8/train/images/000087_jpg.rf.f138acef0e0d73a561b84a2656dff12d.jpg,water_datasets/Flow-Img.v2i.yolov8/train/images/000539_jpg.rf.d3dbc2c0e62752e77df903d64c388995.jpg,000087_jpg.rf.f138acef0e0d73a561b84a2656dff12d,000539_jpg.rf.d3dbc2c0e62752e77df903d64c388995,train,train
near_duplicate_dhash,4,water_datasets/Flow-Img.v2i.yolov8/train/images/000088_jpg.rf.7e06b05a43368348f9891d0aca3572e1.jpg,water_datasets/Flow-Img.v2i.yolov8/train/images/000858_jpg.rf.72fe19f52015a95204f125a3cebd5860.jpg,000088_jpg.rf.7e06b05a43368348f9891d0aca3572e1,000858_jpg.rf.72fe19f52015a95204f125a3cebd5860,train,train
near_duplicate_dhash,3,water_datasets/Flow-Img.v2i.yolov8/train/images/000088_jpg.rf.7e06b05a43368348f9891d0aca3572e1.jpg,water_datasets/Flow-Img.v2i.yolov8/train/images/000963_jpg.rf.69d6feceab461ad99c85effb408d1df9.jpg,000088_jpg.rf.7e06b05a43368348f9891d0aca3572e1,000963_jpg.rf.69d6feceab461ad99c85effb408d1df9,train,train
near_duplicate_dhash,5,water_datasets/Flow-Img.v2i.yolov8/train/images/000092_jpg.rf.3b3b412f67266f3310ace414b5b6490e.jpg,water_datasets/Flow-Img.v2i.yolov8/train/images/000524_jpg.rf.c8d320a84fd88aaac20773e6ed8ae356.jpg,000092_jpg.rf.3b3b412f67266f3310ace414b5b6490e,000524_jpg.rf.c8d320a84fd88aaac20773e6ed8ae356,train,train
near_duplicate_dhash,4,water_datasets/Flow-Img.v2i.yolov8/train/images/000093_jpg.rf.6b8c6a9fae9eab2a907954e6338f7d17.jpg,water_datasets/Flow-Img.v2i.yolov8/train/images/000251_jpg.rf.61b641f2b970fc32f178ba42719446d3.jpg,000093_jpg.rf.6b8c6a9fae9eab2a907954e6338f7d17,000251_jpg.rf.61b641f2b970fc32f178ba42719446d3,train,train
near_duplicate_dhash,3,water_datasets/Flow-Img.v2i.yolov8/train/images/000093_jpg.rf.6b8c6a9fae9eab2a907954e6338f7d17.jpg,water_datasets/Flow-Img.v2i.yolov8/train/images/000529_jpg.rf.4efb4939819b7585d005971e40f909e1.jpg,000093_jpg.rf.6b8c6a9fae9eab2a907954e6338f7d17,000529_jpg.rf.4efb4939819b7585d005971e40f909e1,train,train
near_duplicate_dhash,5,water_datasets/Flow-Img.v2i.yolov8/train/images/000093_jpg.rf.6b8c6a9fae9eab2a907954e6338f7d17.jpg,water_datasets/Flow-Img.v2i.yolov8/train/images/000784_jpg.rf.a0cec766ff0ab7b58bf77f84e9615f0a.jpg,000093_jpg.rf.6b8c6a9fae9eab2a907954e6338f7d17,000784_jpg.rf.a0cec766ff0ab7b58bf77f84e9615f0a,train,train
near_duplicate_dhash,4,water_datasets/Flow-Img.v2i.yolov8/train/images/000094_jpg.rf.884c275b8c49cc638aae77fbbb95994f.jpg,water_datasets/Flow-Img.v2i.yolov8/train/images/000718_jpg.rf.ede1cf7eb532573be65be5be12f56c6c.jpg,000094_jpg.rf.884c275b8c49cc638aae77fbbb95994f,000718_jpg.rf.ede1cf7eb532573be65be5be12f56c6c,train,train
near_duplicate_dhash,4,water_datasets/Flow-Img.v2i.yolov8/train/images/000098_jpg.rf.80cc4d2d7b957600429c165a9ca83e7b.jpg,water_datasets/Flow-Img.v2i.yolov8/train/images/001029_jpg.rf.8751751f28b2a3e6c6ba43ae2bbe9f4d.jpg,000098_jpg.rf.80cc4d2d7b957600429c165a9ca83e7b,001029_jpg.rf.8751751f28b2a3e6c6ba43ae2bbe9f4d,train,train
near_duplicate_dhash,5,water_datasets/Flow-Img.v2i.yolov8/train/images/000099_jpg.rf.201154417eb0629072c9fd137215a317.jpg,water_datasets/Flow-Img.v2i.yolov8/train/images/000611_jpg.rf.38f8e51c3aa3a5bf154c4e5d72dd0054.jpg,000099_jpg.rf.201154417eb0629072c9fd137215a317,000611_jpg.rf.38f8e51c3aa3a5bf154c4e5d72dd0054,train,train
near_duplicate_dhash,3,water_datasets/Flow-Img.v2i.yolov8/train/images/000101_jpg.rf.ec0427164517e826406f080be567c8b6.jpg,water_datasets/Flow-Img.v2i.yolov8/train/images/000351_jpg.rf.b8b12466c180ea79744e4d31a1ad3eb0.jpg,000101_jpg.rf.ec0427164517e826406f080be567c8b6,000351_jpg.rf.b8b12466c180ea79744e4d31a1ad3eb0,train,train
near_duplicate_dhash,3,water_datasets/Flow-Img.v2i.yolov8/train/images/000101_jpg.rf.ec0427164517e826406f080be567c8b6.jpg,water_datasets/Flow-Img.v2i.yolov8/train/images/000380_jpg.rf.acbf3327e695a968537d3115bc3d0225.jpg,000101_jpg.rf.ec0427164517e826406f080be567c8b6,000380_jpg.rf.acbf3327e695a968537d3115bc3d0225,train,train
near_duplicate_dhash,4,water_datasets/Flow-Img.v2i.yolov8/train/images/000101_jpg.rf.ec0427164517e826406f080be567c8b6.jpg,water_datasets/Flow-Img.v2i.yolov8/train/images/000502_jpg.rf.4e13a83dae402bce482b759ea6eaa464.jpg,000101_jpg.rf.ec0427164517e826406f080be567c8b6,000502_jpg.rf.4e13a83dae402bce482b759ea6eaa464,train,train
near_duplicate_dhash,3,water_datasets/Flow-Img.v2i.yolov8/train/images/000101_jpg.rf.ec0427164517e826406f080be567c8b6.jpg,water_datasets/Flow-Img.v2i.yolov8/train/images/000803_jpg.rf.6d5b620769de894f6ccbbf3fac59404c.jpg,000101_jpg.rf.ec0427164517e826406f080be567c8b6,000803_jpg.rf.6d5b620769de894f6ccbbf3fac59404c,train,train
near_duplicate_dhash,3,water_datasets/Flow-Img.v2i.yolov8/train/images/000106_jpg.rf.fa9458162a8b289c0468f863974046ac.jpg,water_datasets/Flow-Img.v2i.yolov8/train/images/001149_jpg.rf.5d938345afd4fa380dd84a050a09019b.jpg,000106_jpg.rf.fa9458162a8b289c0468f863974046ac,001149_jpg.rf.5d938345afd4fa380dd84a050a09019b,train,train
near_duplicate_dhash,5,water_datasets/Flow-Img.v2i.yolov8/train/images/000111_jpg.rf.59c12ff778e0a7ad1bf7265564a3d4df.jpg,water_datasets/Flow-Img.v2i.yolov8/train/images/000477_jpg.rf.54bbd755100792ce9a74ab9b285c9636.jpg,000111_jpg.rf.59c12ff778e0a7ad1bf7265564a3d4df,000477_jpg.rf.54bbd755100792ce9a74ab9b285c9636,train,train
near_duplicate_dhash,3,water_datasets/Flow-Img.v2i.yolov8/train/images/000113_jpg.rf.189bc16809994d10c9cabd79a1484a8a.jpg,water_datasets/Flow-Img.v2i.yolov8/train/images/000510_jpg.rf.7bfd0ed6fdc782b4cc8abdade73ccb39.jpg,000113_jpg.rf.189bc16809994d10c9cabd79a1484a8a,000510_jpg.rf.7bfd0ed6fdc782b4cc8abdade73ccb39,train,train
near_duplicate_dhash,5,water_datasets/Flow-Img.v2i.yolov8/train/images/000113_jpg.rf.189bc16809994d10c9cabd79a1484a8a.jpg,water_datasets/Flow-Img.v2i.yolov8/train/images/000563_jpg.rf.71a9d469b57f320aac94472dab43a24b.jpg,000113_jpg.rf.189bc16809994d10c9cabd79a1484a8a,000563_jpg.rf.71a9d469b57f320aac94472dab43a24b,train,train
near_duplicate_dhash,4,water_datasets/Flow-Img.v2i.yolov8/train/images/000115_jpg.rf.0ace878d244707aba2f9da2c3c288042.jpg,water_datasets/Flow-Img.v2i.yolov8/train/images/000176_jpg.rf.178ea6bb670403932418fdec4fa7422f.jpg,000115_jpg.rf.0ace878d244707aba2f9da2c3c288042,000176_jpg.rf.178ea6bb670403932418fdec4fa7422f,train,train
near_duplicate_dhash,4,water_datasets/Flow-Img.v2i.yolov8/train/images/000115_jpg.rf.0ace878d244707aba2f9da2c3c288042.jpg,water_datasets/Flow-Img.v2i.yolov8/train/images/000829_jpg.rf.0245b631b9db0568133f5cc7e8cb53e8.jpg,000115_jpg.rf.0ace878d244707aba2f9da2c3c288042,000829_jpg.rf.0245b631b9db0568133f5cc7e8cb53e8,train,train
near_duplicate_dhash,5,water_datasets/Flow-Img.v2i.yolov8/train/images/000124_jpg.rf.1e0858aae15988c3e7ec9c1cff41a88b.jpg,water_datasets/Flow-Img.v2i.yolov8/train/images/000186_jpg.rf.aa574e8ae9a119824c39221d4c77f6e2.jpg,000124_jpg.rf.1e0858aae15988c3e7ec9c1cff41a88b,000186_jpg.rf.aa574e8ae9a119824c39221d4c77f6e2,train,train
near_duplicate_dhash,3,water_datasets/Flow-Img.v2i.yolov8/train/images/000124_jpg.rf.1e0858aae15988c3e7ec9c1cff41a88b.jpg,water_datasets/Flow-Img.v2i.yolov8/train/images/001052_jpg.rf.d02ecd02727c3613aabd1b6a1140dc2e.jpg,000124_jpg.rf.1e0858aae15988c3e7ec9c1cff41a88b,001052_jpg.rf.d02ecd02727c3613aabd1b6a1140dc2e,train,train
near_duplicate_dhash,5,water_datasets/Flow-Img.v2i.yolov8/train/images/000125_jpg.rf.50b09480b2dfd5f547ce1efa30db2dd7.jpg,water_datasets/Flow-Img.v2i.yolov8/train/images/000949_jpg.rf.261b863f4706321ae2988c1455a10060.jpg,000125_jpg.rf.50b09480b2dfd5f547ce1efa30db2dd7,000949_jpg.rf.261b863f4706321ae2988c1455a10060,train,train
near_duplicate_dhash,5,water_datasets/Flow-Img.v2i.yolov8/train/images/000126_jpg.rf.5a60f975b38edea5bdc3ba3c673ef90c.jpg,water_datasets/Flow-Img.v2i.yolov8/train/images/001015_jpg.rf.1adbea646b26ed380afb6095094e00c5.jpg,000126_jpg.rf.5a60f975b38edea5bdc3ba3c673ef90c,001015_jpg.rf.1adbea646b26ed380afb6095094e00c5,train,train
near_duplicate_dhash,5,water_datasets/Flow-Img.v2i.yolov8/train/images/000131_jpg.rf.29f9b40e70e8648247c5282ce12a6b82.jpg,water_datasets/Flow-Img.v2i.yolov8/train/images/000244_jpg.rf.c3437915896dd601dd81ccce74848b6f.jpg,000131_jpg.rf.29f9b40e70e8648247c5282ce12a6b82,000244_jpg.rf.c3437915896dd601dd81ccce74848b6f,train,train
near_duplicate_dhash,5,water_datasets/Flow-Img.v2i.yolov8/train/images/000131_jpg.rf.29f9b40e70e8648247c5282ce12a6b82.jpg,water_datasets/Flow-Img.v2i.yolov8/train/images/000956_jpg.rf.7961e2d00227fd885646555f637f4335.jpg,000131_jpg.rf.29f9b40e70e8648247c5282ce12a6b82,000956_jpg.rf.7961e2d00227fd885646555f637f4335,train,train
near_duplicate_dhash,5,water_datasets/Flow-Img.v2i.yolov8/train/images/000137_jpg.rf.29a413eb70cdbc30d21518f61ba561b3.jpg,water_datasets/Flow-Img.v2i.yolov8/train/images/000208_jpg.rf.a94f6194774f78fd00bd8d2d957cb955.jpg,000137_jpg.rf.29a413eb70cdbc30d21518f61ba561b3,000208_jpg.rf.a94f6194774f78fd00bd8d2d957cb955,train,train
near_duplicate_dhash,5,water_datasets/Flow-Img.v2i.yolov8/train/images/000137_jpg.rf.29a413eb70cdbc30d21518f61ba561b3.jpg,water_datasets/Flow-Img.v2i.yolov8/train/images/000489_jpg.rf.66348274d7b1694d399a88022730b43a.jpg,000137_jpg.rf.29a413eb70cdbc30d21518f61ba561b3,000489_jpg.rf.66348274d7b1694d399a88022730b43a,train,train
near_duplicate_dhash,3,water_datasets/Flow-Img.v2i.yolov8/train/images/000137_jpg.rf.29a413eb70cdbc30d21518f61ba561b3.jpg,water_datasets/Flow-Img.v2i.yolov8/train/images/000700_jpg.rf.f07281d1199190934e54fc9edbcce4e4.jpg,000137_jpg.rf.29a413eb70cdbc30d21518f61ba561b3,000700_jpg.rf.f07281d1199190934e54fc9edbcce4e4,train,train
near_duplicate_dhash,4,water_datasets/Flow-Img.v2i.yolov8/train/images/000140_jpg.rf.36140a8c2a1f29813d6de207842e120f.jpg,water_datasets/Flow-Img.v2i.yolov8/train/images/000353_jpg.rf.235fc0fb0259fff62eafd39af563a628.jpg,000140_jpg.rf.36140a8c2a1f29813d6de207842e120f,000353_jpg.rf.235fc0fb0259fff62eafd39af563a628,train,train
near_duplicate_dhash,3,water_datasets/Flow-Img.v2i.yolov8/train/images/000140_jpg.rf.36140a8c2a1f29813d6de207842e120f.jpg,water_datasets/Flow-Img.v2i.yolov8/train/images/000935_jpg.rf.bfbec28a00173565d799e5c493c085e3.jpg,000140_jpg.rf.36140a8c2a1f29813d6de207842e120f,000935_jpg.rf.bfbec28a00173565d799e5c493c085e3,train,train
near_duplicate_dhash,4,water_datasets/Flow-Img.v2i.yolov8/train/images/000145_jpg.rf.c420ef247f3fde847214fcf9c9db6df4.jpg,water_datasets/Flow-Img.v2i.yolov8/train/images/000529_jpg.rf.4efb4939819b7585d005971e40f909e1.jpg,000145_jpg.rf.c420ef247f3fde847214fcf9c9db6df4,000529_jpg.rf.4efb4939819b7585d005971e40f909e1,train,train
near_duplicate_dhash,4,water_datasets/Flow-Img.v2i.yolov8/train/images/000145_jpg.rf.c420ef247f3fde847214fcf9c9db6df4.jpg,water_datasets/Flow-Img.v2i.yolov8/train/images/000784_jpg.rf.a0cec766ff0ab7b58bf77f84e9615f0a.jpg,000145_jpg.rf.c420ef247f3fde847214fcf9c9db6df4,000784_jpg.rf.a0cec766ff0ab7b58bf77f84e9615f0a,train,train
near_duplicate_dhash,4,water_datasets/Flow-Img.v2i.yolov8/train/images/000149_jpg.rf.2a59909ab92a3a82fb99e547c7c87221.jpg,water_datasets/Flow-Img.v2i.yolov8/train/images/000283_jpg.rf.d3a05ad9c2787a84ffe15150a1b65496.jpg,000149_jpg.rf.2a59909ab92a3a82fb99e547c7c87221,000283_jpg.rf.d3a05ad9c2787a84ffe15150a1b65496,train,train
near_duplicate_dhash,4,water_datasets/Flow-Img.v2i.yolov8/train/images/000151_jpg.rf.ba06b1386a80d0b340a18d99c41e4657.jpg,water_datasets/Flow-Img.v2i.yolov8/train/images/000961_jpg.rf.40c4076c85e776341b1dbc8b207a7cb4.jpg,000151_jpg.rf.ba06b1386a80d0b340a18d99c41e4657,000961_jpg.rf.40c4076c85e776341b1dbc8b207a7cb4,train,train
near_duplicate_dhash,5,water_datasets/Flow-Img.v2i.yolov8/train/images/000153_jpg.rf.62fd8a7dd1205740898f07c9852829fe.jpg,water_datasets/Flow-Img.v2i.yolov8/train/images/000940_jpg.rf.4143d6c0576aee0cb0b8ae3c9fccf296.jpg,000153_jpg.rf.62fd8a7dd1205740898f07c9852829fe,000940_jpg.rf.4143d6c0576aee0cb0b8ae3c9fccf296,train,train
near_duplicate_dhash,5,water_datasets/Flow-Img.v2i.yolov8/train/images/000154_jpg.rf.976da50b100fa24bc6b28e890a24279f.jpg,water_datasets/Flow-Img.v2i.yolov8/train/images/000285_jpg.rf.4451a3470333b5e9fedddb45344e2fdb.jpg,000154_jpg.rf.976da50b100fa24bc6b28e890a24279f,000285_jpg.rf.4451a3470333b5e9fedddb45344e2fdb,train,train
near_duplicate_dhash,5,water_datasets/Flow-Img.v2i.yolov8/train/images/000155_jpg.rf.b2293bd9e2343dc0cae825f8b0858712.jpg,water_datasets/Flow-Img.v2i.yolov8/train/images/000509_jpg.rf.a7f8b8542d726dc305e7209a5972b667.jpg,000155_jpg.rf.b2293bd9e2343dc0cae825f8b0858712,000509_jpg.rf.a7f8b8542d726dc305e7209a5972b667,train,train
near_duplicate_dhash,4,water_datasets/Flow-Img.v2i.yolov8/train/images/000162_jpg.rf.33594895973d6e3d5f4646fe5930630f.jpg,water_datasets/Flow-Img.v2i.yolov8/train/images/000265_jpg.rf.9f09daaf603e2a317f4bc6f9fb7afd24.jpg,000162_jpg.rf.33594895973d6e3d5f4646fe5930630f,000265_jpg.rf.9f09daaf603e2a317f4bc6f9fb7afd24,train,train
near_duplicate_dhash,3,water_datasets/Flow-Img.v2i.yolov8/train/images/000162_jpg.rf.33594895973d6e3d5f4646fe5930630f.jpg,water_datasets/Flow-Img.v2i.yolov8/train/images/001112_jpg.rf.091b571388b789cdefaf10be702016d9.jpg,000162_jpg.rf.33594895973d6e3d5f4646fe5930630f,001112_jpg.rf.091b571388b789cdefaf10be702016d9,train,train
near_duplicate_dhash,4,water_datasets/Flow-Img.v2i.yolov8/train/images/000176_jpg.rf.178ea6bb670403932418fdec4fa7422f.jpg,water_datasets/Flow-Img.v2i.yolov8/train/images/000226_jpg.rf.5279613317e097751100f29f6071eb7d.jpg,000176_jpg.rf.178ea6bb670403932418fdec4fa7422f,000226_jpg.rf.5279613317e097751100f29f6071eb7d,train,train
near_duplicate_dhash,4,water_datasets/Flow-Img.v2i.yolov8/train/images/000176_jpg.rf.178ea6bb670403932418fdec4fa7422f.jpg,water_datasets/Flow-Img.v2i.yolov8/train/images/000829_jpg.rf.0245b631b9db0568133f5cc7e8cb53e8.jpg,000176_jpg.rf.178ea6bb670403932418fdec4fa7422f,000829_jpg.rf.0245b631b9db0568133f5cc7e8cb53e8,train,train
near_duplicate_dhash,5,water_datasets/Flow-Img.v2i.yolov8/train/images/000181_jpg.rf.9e8b0bb32363e0dc0b5121a8f30ec50f.jpg,water_datasets/Flow-Img.v2i.yolov8/train/images/000630_jpg.rf.8c7e09637a91611e4ade64bf782a1b10.jpg,000181_jpg.rf.9e8b0bb32363e0dc0b5121a8f30ec50f,000630_jpg.rf.8c7e09637a91611e4ade64bf782a1b10,train,train
near_duplicate_dhash,4,water_datasets/Flow-Img.v2i.yolov8/train/images/000186_jpg.rf.aa574e8ae9a119824c39221d4c77f6e2.jpg,water_datasets/Flow-Img.v2i.yolov8/train/images/000493_jpg.rf.49ffb6fd6a692985372352ee9d9f918a.jpg,000186_jpg.rf.aa574e8ae9a119824c39221d4c77f6e2,000493_jpg.rf.49ffb6fd6a692985372352ee9d9f918a,train,train
near_duplicate_dhash,5,water_datasets/Flow-Img.v2i.yolov8/train/images/000186_jpg.rf.aa574e8ae9a119824c39221d4c77f6e2.jpg,water_datasets/Flow-Img.v2i.yolov8/train/images/000664_jpg.rf.1c022c568e83385bd40074ab3b26dee5.jpg,000186_jpg.rf.aa574e8ae9a119824c39221d4c77f6e2,000664_jpg.rf.1c022c568e83385bd40074ab3b26dee5,train,train
near_duplicate_dhash,4,water_datasets/Flow-Img.v2i.yolov8/train/images/000186_jpg.rf.aa574e8ae9a119824c39221d4c77f6e2.jpg,water_datasets/Flow-Img.v2i.yolov8/train/images/001052_jpg.rf.d02ecd02727c3613aabd1b6a1140dc2e.jpg,000186_jpg.rf.aa574e8ae9a119824c39221d4c77f6e2,001052_jpg.rf.d02ecd02727c3613aabd1b6a1140dc2e,train,train
near_duplicate_dhash,4,water_datasets/Flow-Img.v2i.yolov8/train/images/000186_jpg.rf.aa574e8ae9a119824c39221d4c77f6e2.jpg,water_datasets/Flow-Img.v2i.yolov8/train/images/001156_jpg.rf.d43598bb34ff1b13ca916ea1ac82e855.jpg,000186_jpg.rf.aa574e8ae9a119824c39221d4c77f6e2,001156_jpg.rf.d43598bb34ff1b13ca916ea1ac82e855,train,train
near_duplicate_dhash,5,water_datasets/Flow-Img.v2i.yolov8/train/images/000190_jpg.rf.3e953944fe0c119fed417b61eccc2cbc.jpg,water_datasets/Flow-Img.v2i.yolov8/train/images/000715_jpg.rf.6f5e0bed41190a2e8d50acb48d980d8a.jpg,000190_jpg.rf.3e953944fe0c119fed417b61eccc2cbc,000715_jpg.rf.6f5e0bed41190a2e8d50acb48d980d8a,train,train
near_duplicate_dhash,5,water_datasets/Flow-Img.v2i.yolov8/train/images/000190_jpg.rf.3e953944fe0c119fed417b61eccc2cbc.jpg,water_datasets/Flow-Img.v2i.yolov8/train/images/001105_jpg.rf.5dcc958e0d05f3f3b62cd1928ed71498.jpg,000190_jpg.rf.3e953944fe0c119fed417b61eccc2cbc,001105_jpg.rf.5dcc958e0d05f3f3b62cd1928ed71498,train,train
near_duplicate_dhash,4,water_datasets/Flow-Img.v2i.yolov8/train/images/000193_jpg.rf.214af9b0651e49c0a250bef1f4e6afcb.jpg,water_datasets/Flow-Img.v2i.yolov8/train/images/001019_jpg.rf.9b8aa412d34877dfe773d8bf4aa10743.jpg,000193_jpg.rf.214af9b0651e49c0a250bef1f4e6afcb,001019_jpg.rf.9b8aa412d34877dfe773d8bf4aa10743,train,train
near_duplicate_dhash,5,water_datasets/Flow-Img.v2i.yolov8/train/images/000196_jpg.rf.f8cb00c0d24d4ed2b2b1331ad4bceaae.jpg,water_datasets/Flow-Img.v2i.yolov8/train/images/000236_jpg.rf.085ba3cb3c3c9b8574f3787c751e1839.jpg,000196_jpg.rf.f8cb00c0d24d4ed2b2b1331ad4bceaae,000236_jpg.rf.085ba3cb3c3c9b8574f3787c751e1839,train,train
near_duplicate_dhash,4,water_datasets/Flow-Img.v2i.yolov8/train/images/000196_jpg.rf.f8cb00c0d24d4ed2b2b1331ad4bceaae.jpg,water_datasets/Flow-Img.v2i.yolov8/train/images/000598_jpg.rf.296be87d77bf8747aadd6248e2dd5168.jpg,000196_jpg.rf.f8cb00c0d24d4ed2b2b1331ad4bceaae,000598_jpg.rf.296be87d77bf8747aadd6248e2dd5168,train,train
near_duplicate_dhash,5,water_datasets/Flow-Img.v2i.yolov8/train/images/000200_jpg.rf.8beaf9186bed555a825804e7deb1b0de.jpg,water_datasets/Flow-Img.v2i.yolov8/train/images/000941_jpg.rf.67c121261218461c1752759548f74375.jpg,000200_jpg.rf.8beaf9186bed555a825804e7deb1b0de,000941_jpg.rf.67c121261218461c1752759548f74375,train,train
near_duplicate_dhash,4,water_datasets/Flow-Img.v2i.yolov8/train/images/000200_jpg.rf.8beaf9186bed555a825804e7deb1b0de.jpg,water_datasets/Flow-Img.v2i.yolov8/train/images/000953_jpg.rf.1bb3b5208a3558a3518b6aaf92eb67e8.jpg,000200_jpg.rf.8beaf9186bed555a825804e7deb1b0de,000953_jpg.rf.1bb3b5208a3558a3518b6aaf92eb67e8,train,train
near_duplicate_dhash,4,water_datasets/Flow-Img.v2i.yolov8/train/images/000205_jpg.rf.a593ccf25da9a24e53671414350261c6.jpg,water_datasets/Flow-Img.v2i.yolov8/train/images/000665_jpg.rf.313fe0d8511a98d77ff6452e8e3ac3e8.jpg,000205_jpg.rf.a593ccf25da9a24e53671414350261c6,000665_jpg.rf.313fe0d8511a98d77ff6452e8e3ac3e8,train,train
near_duplicate_dhash,4,water_datasets/Flow-Img.v2i.yolov8/train/images/000208_jpg.rf.a94f6194774f78fd00bd8d2d957cb955.jpg,water_datasets/Flow-Img.v2i.yolov8/train/images/000292_jpg.rf.f031b52f22173c3e33810a4ccbd815cc.jpg,000208_jpg.rf.a94f6194774f78fd00bd8d2d957cb955,000292_jpg.rf.f031b52f22173c3e33810a4ccbd815cc,train,train
near_duplicate_dhash,5,water_datasets/Flow-Img.v2i.yolov8/train/images/000208_jpg.rf.a94f6194774f78fd00bd8d2d957cb955.jpg,water_datasets/Flow-Img.v2i.yolov8/train/images/000510_jpg.rf.7bfd0ed6fdc782b4cc8abdade73ccb39.jpg,000208_jpg.rf.a94f6194774f78fd00bd8d2d957cb955,000510_jpg.rf.7bfd0ed6fdc782b4cc8abdade73ccb39,train,train
near_duplicate_dhash,5,water_datasets/Flow-Img.v2i.yolov8/train/images/000208_jpg.rf.a94f6194774f78fd00bd8d2d957cb955.jpg,water_datasets/Flow-Img.v2i.yolov8/train/images/001040_jpg.rf.10e1bd8653b501937d3e6648649f7b1b.jpg,000208_jpg.rf.a94f6194774f78fd00bd8d2d957cb955,001040_jpg.rf.10e1bd8653b501937d3e6648649f7b1b,train,train
near_duplicate_dhash,5,water_datasets/Flow-Img.v2i.yolov8/train/images/000209_jpg.rf.e1bf36b199a5127bf4ac41b2e2f0c3c7.jpg,water_datasets/Flow-Img.v2i.yolov8/train/images/000438_jpg.rf.2d32fdfbb643b9fda2e04d8ced71c305.jpg,000209_jpg.rf.e1bf36b199a5127bf4ac41b2e2f0c3c7,000438_jpg.rf.2d32fdfbb643b9fda2e04d8ced71c305,train,train
near_duplicate_dhash,5,water_datasets/Flow-Img.v2i.yolov8/train/images/000215_jpg.rf.b2f80ac16318db5d1733f87defe28e95.jpg,water_datasets/Flow-Img.v2i.yolov8/train/images/000959_jpg.rf.97d92e6fc26efd10aeeb8c590cc8a0a9.jpg,000215_jpg.rf.b2f80ac16318db5d1733f87defe28e95,000959_jpg.rf.97d92e6fc26efd10aeeb8c590cc8a0a9,train,train
near_duplicate_dhash,5,water_datasets/Flow-Img.v2i.yolov8/train/images/000217_jpg.rf.20aae9a32ef210e2da686ccbfd13a07b.jpg,water_datasets/Flow-Img.v2i.yolov8/train/images/000389_jpg.rf.cd0f5da239073dd552bebf508255aba0.jpg,000217_jpg.rf.20aae9a32ef210e2da686ccbfd13a07b,000389_jpg.rf.cd0f5da239073dd552bebf508255aba0,train,train
near_duplicate_dhash,5,water_datasets/Flow-Img.v2i.yolov8/train/images/000221_jpg.rf.f8657eb28ecda221a2ddfd74731aecc3.jpg,water_datasets/Flow-Img.v2i.yolov8/train/images/001101_jpg.rf.a7f94cd7667a97e66685bb05c538499b.jpg,000221_jpg.rf.f8657eb28ecda221a2ddfd74731aecc3,001101_jpg.rf.a7f94cd7667a97e66685bb05c538499b,train,train
near_duplicate_dhash,4,water_datasets/Flow-Img.v2i.yolov8/train/images/000224_jpg.rf.611570194ffba2e430d10907db3ee08c.jpg,water_datasets/Flow-Img.v2i.yolov8/train/images/000354_jpg.rf.3b02ab4ab6d99d840008c96713799952.jpg,000224_jpg.rf.611570194ffba2e430d10907db3ee08c,000354_jpg.rf.3b02ab4ab6d99d840008c96713799952,train,train
near_duplicate_dhash,5,water_datasets/Flow-Img.v2i.yolov8/train/images/000224_jpg.rf.611570194ffba2e430d10907db3ee08c.jpg,water_datasets/Flow-Img.v2i.yolov8/train/images/001149_jpg.rf.5d938345afd4fa380dd84a050a09019b.jpg,000224_jpg.rf.611570194ffba2e430d10907db3ee08c,001149_jpg.rf.5d938345afd4fa380dd84a050a09019b,train,train
near_duplicate_dhash,4,water_datasets/Flow-Img.v2i.yolov8/train/images/000226_jpg.rf.5279613317e097751100f29f6071eb7d.jpg,water_datasets/Flow-Img.v2i.yolov8/train/images/000829_jpg.rf.0245b631b9db0568133f5cc7e8cb53e8.jpg,000226_jpg.rf.5279613317e097751100f29f6071eb7d,000829_jpg.rf.0245b631b9db0568133f5cc7e8cb53e8,train,train
near_duplicate_dhash,3,water_datasets/Flow-Img.v2i.yolov8/train/images/000228_jpg.rf.c6af8305a6cf950077d34982435e0d5d.jpg,water_datasets/Flow-Img.v2i.yolov8/train/images/000935_jpg.rf.bfbec28a00173565d799e5c493c085e3.jpg,000228_jpg.rf.c6af8305a6cf950077d34982435e0d5d,000935_jpg.rf.bfbec28a00173565d799e5c493c085e3,train,train
near_duplicate_dhash,5,water_datasets/Flow-Img.v2i.yolov8/train/images/000229_jpg.rf.ba8beba64bc37b9f47643858c2eac35a.jpg,water_datasets/Flow-Img.v2i.yolov8/train/images/000346_jpg.rf.77865eb99934e1fae9d51712996c801d.jpg,000229_jpg.rf.ba8beba64bc37b9f47643858c2eac35a,000346_jpg.rf.77865eb99934e1fae9d51712996c801d,train,train
near_duplicate_dhash,3,water_datasets/Flow-Img.v2i.yolov8/train/images/000229_jpg.rf.ba8beba64bc37b9f47643858c2eac35a.jpg,water_datasets/Flow-Img.v2i.yolov8/train/images/000690_jpg.rf.da9613f53e58d5686674ec60bf988d84.jpg,000229_jpg.rf.ba8beba64bc37b9f47643858c2eac35a,000690_jpg.rf.da9613f53e58d5686674ec60bf988d84,train,train
near_duplicate_dhash,5,water_datasets/Flow-Img.v2i.yolov8/train/images/000229_jpg.rf.ba8beba64bc37b9f47643858c2eac35a.jpg,water_datasets/Flow-Img.v2i.yolov8/train/images/001114_jpg.rf.21f4a59f4712f2d32d2001fe73c88961.jpg,000229_jpg.rf.ba8beba64bc37b9f47643858c2eac35a,001114_jpg.rf.21f4a59f4712f2d32d2001fe73c88961,train,train
near_duplicate_dhash,5,water_datasets/Flow-Img.v2i.yolov8/train/images/000233_jpg.rf.dc716af79368c32760bd4207ed04a605.jpg,water_datasets/Flow-Img.v2i.yolov8/train/images/000793_jpg.rf.e532f427010007ec606c279dd69a9519.jpg,000233_jpg.rf.dc716af79368c32760bd4207ed04a605,000793_jpg.rf.e532f427010007ec606c279dd69a9519,train,train
near_duplicate_dhash,4,water_datasets/Flow-Img.v2i.yolov8/train/images/000235_jpg.rf.a628b384f243a88a75841cde1f35ab7f.jpg,water_datasets/Flow-Img.v2i.yolov8/train/images/000731_jpg.rf.5e4fcff2fbe9216b9e62d7356a456969.jpg,000235_jpg.rf.a628b384f243a88a75841cde1f35ab7f,000731_jpg.rf.5e4fcff2fbe9216b9e62d7356a456969,train,train
near_duplicate_dhash,3,water_datasets/Flow-Img.v2i.yolov8/train/images/000236_jpg.rf.085ba3cb3c3c9b8574f3787c751e1839.jpg,water_datasets/Flow-Img.v2i.yolov8/train/images/000598_jpg.rf.296be87d77bf8747aadd6248e2dd5168.jpg,000236_jpg.rf.085ba3cb3c3c9b8574f3787c751e1839,000598_jpg.rf.296be87d77bf8747aadd6248e2dd5168,train,train
near_duplicate_dhash,5,water_datasets/Flow-Img.v2i.yolov8/train/images/000240_jpg.rf.5ab98591c87f948715bf459ea3c1c410.jpg,water_datasets/Flow-Img.v2i.yolov8/train/images/001040_jpg.rf.10e1bd8653b501937d3e6648649f7b1b.jpg,000240_jpg.rf.5ab98591c87f948715bf459ea3c1c410,001040_jpg.rf.10e1bd8653b501937d3e6648649f7b1b,train,train
near_duplicate_dhash,3,water_datasets/Flow-Img.v2i.yolov8/train/images/000243_jpg.rf.bccf21cdc0823524c376a4c05b7f394e.jpg,water_datasets/Flow-Img.v2i.yolov8/train/images/000758_jpg.rf.a98cdf98746992baf33fc7b1fde877a4.jpg,000243_jpg.rf.bccf21cdc0823524c376a4c05b7f394e,000758_jpg.rf.a98cdf98746992baf33fc7b1fde877a4,train,train
near_duplicate_dhash,3,water_datasets/Flow-Img.v2i.yolov8/train/images/000243_jpg.rf.bccf21cdc0823524c376a4c05b7f394e.jpg,water_datasets/Flow-Img.v2i.yolov8/train/images/001153_jpg.rf.c30ec879deb7f5536c7e6246e1b1b27c.jpg,000243_jpg.rf.bccf21cdc0823524c376a4c05b7f394e,001153_jpg.rf.c30ec879deb7f5536c7e6246e1b1b27c,train,train
near_duplicate_dhash,5,water_datasets/Flow-Img.v2i.yolov8/train/images/000251_jpg.rf.61b641f2b970fc32f178ba42719446d3.jpg,water_datasets/Flow-Img.v2i.yolov8/train/images/000529_jpg.rf.4efb4939819b7585d005971e40f909e1.jpg,000251_jpg.rf.61b641f2b970fc32f178ba42719446d3,000529_jpg.rf.4efb4939819b7585d005971e40f909e1,train,train
near_duplicate_dhash,4,water_datasets/Flow-Img.v2i.yolov8/train/images/000252_jpg.rf.9519a99eca76a1732b9178630fa347da.jpg,water_datasets/Flow-Img.v2i.yolov8/train/images/000279_jpg.rf.c914ba9cf880478c574c501237f7a026.jpg,000252_jpg.rf.9519a99eca76a1732b9178630fa347da,000279_jpg.rf.c914ba9cf880478c574c501237f7a026,train,train
near_duplicate_dhash,4,water_datasets/Flow-Img.v2i.yolov8/train/images/000261_jpg.rf.3d4b6a1ff52d982c9574fc469feb4fa9.jpg,water_datasets/Flow-Img.v2i.yolov8/train/images/000930_jpg.rf.82e1928937824b6be505296f4b624180.jpg,000261_jpg.rf.3d4b6a1ff52d982c9574fc469feb4fa9,000930_jpg.rf.82e1928937824b6be505296f4b624180,train,train
near_duplicate_dhash,4,water_datasets/Flow-Img.v2i.yolov8/train/images/000261_jpg.rf.3d4b6a1ff52d982c9574fc469feb4fa9.jpg,water_datasets/Flow-Img.v2i.yolov8/train/images/000999_jpg.rf.0bf2cc3badf87d252b5bf3b641a16819.jpg,000261_jpg.rf.3d4b6a1ff52d982c9574fc469feb4fa9,000999_jpg.rf.0bf2cc3badf87d252b5bf3b641a16819,train,train
near_duplicate_dhash,5,water_datasets/Flow-Img.v2i.yolov8/train/images/000263_jpg.rf.399135eebb578bc41006a878eb79341d.jpg,water_datasets/Flow-Img.v2i.yolov8/train/images/000900_jpg.rf.3f6371ba870260ef52066082b12d1091.jpg,000263_jpg.rf.399135eebb578bc41006a878eb79341d,000900_jpg.rf.3f6371ba870260ef52066082b12d1091,train,train
near_duplicate_dhash,4,water_datasets/Flow-Img.v2i.yolov8/train/images/000265_jpg.rf.9f09daaf603e2a317f4bc6f9fb7afd24.jpg,water_datasets/Flow-Img.v2i.yolov8/train/images/000376_jpg.rf.f4278a81750b4ac93455846ccad5d481.jpg,000265_jpg.rf.9f09daaf603e2a317f4bc6f9fb7afd24,000376_jpg.rf.f4278a81750b4ac93455846ccad5d481,train,train
near_duplicate_dhash,4,water_datasets/Flow-Img.v2i.yolov8/train/images/000265_jpg.rf.9f09daaf603e2a317f4bc6f9fb7afd24.jpg,water_datasets/Flow-Img.v2i.yolov8/train/images/000906_jpg.rf.1866a9af43dc4bea8e7b1442b67feed0.jpg,000265_jpg.rf.9f09daaf603e2a317f4bc6f9fb7afd24,000906_jpg.rf.1866a9af43dc4bea8e7b1442b67feed0,train,train
near_duplicate_dhash,5,water_datasets/Flow-Img.v2i.yolov8/train/images/000265_jpg.rf.9f09daaf603e2a317f4bc6f9fb7afd24.jpg,water_datasets/Flow-Img.v2i.yolov8/train/images/001089_jpg.rf.6358d7469aaeb5cfc4ea970a956d6d4e.jpg,000265_jpg.rf.9f09daaf603e2a317f4bc6f9fb7afd24,001089_jpg.rf.6358d7469aaeb5cfc4ea970a956d6d4e,train,train
near_duplicate_dhash,5,water_datasets/Flow-Img.v2i.yolov8/train/images/000265_jpg.rf.9f09daaf603e2a317f4bc6f9fb7afd24.jpg,water_datasets/Flow-Img.v2i.yolov8/train/images/001112_jpg.rf.091b571388b789cdefaf10be702016d9.jpg,000265_jpg.rf.9f09daaf603e2a317f4bc6f9fb7afd24,001112_jpg.rf.091b571388b789cdefaf10be702016d9,train,train
near_duplicate_dhash,5,water_datasets/Flow-Img.v2i.yolov8/train/images/000266_jpg.rf.61c0ca437b6679972bdbece68505c2fd.jpg,water_datasets/Flow-Img.v2i.yolov8/train/images/000657_jpg.rf.26652c44fcbbecf5b757facea4dedb36.jpg,000266_jpg.rf.61c0ca437b6679972bdbece68505c2fd,000657_jpg.rf.26652c44fcbbecf5b757facea4dedb36,train,train
near_duplicate_dhash,5,water_datasets/Flow-Img.v2i.yolov8/train/images/000271_jpg.rf.5287713f6d21c426a4dd6861eb5d90fb.jpg,water_datasets/Flow-Img.v2i.yolov8/train/images/000357_jpg.rf.cd8b6cebf1f41f85a3e73471d085e53f.jpg,000271_jpg.rf.5287713f6d21c426a4dd6861eb5d90fb,000357_jpg.rf.cd8b6cebf1f41f85a3e73471d085e53f,train,train
near_duplicate_dhash,5,water_datasets/Flow-Img.v2i.yolov8/train/images/000273_jpg.rf.3e124d2baa370ff490fb26d600325eea.jpg,water_datasets/Flow-Img.v2i.yolov8/train/images/000904_jpg.rf.199e07ad19152e202e4fea8d4d17ce43.jpg,000273_jpg.rf.3e124d2baa370ff490fb26d600325eea,000904_jpg.rf.199e07ad19152e202e4fea8d4d17ce43,train,train
near_duplicate_dhash,3,water_datasets/Flow-Img.v2i.yolov8/train/images/000275_jpg.rf.a7187f1317c0a5d5613f0c55bdef403d.jpg,water_datasets/Flow-Img.v2i.yolov8/train/images/000763_jpg.rf.d4b67dac86e28f13a53d8fe602e0d6a9.jpg,000275_jpg.rf.a7187f1317c0a5d5613f0c55bdef403d,000763_jpg.rf.d4b67dac86e28f13a53d8fe602e0d6a9,train,train
near_duplicate_dhash,4,water_datasets/Flow-Img.v2i.yolov8/train/images/000288_jpg.rf.c47330ff59b9b8805a7a2bccf82347f8.jpg,water_datasets/Flow-Img.v2i.yolov8/train/images/000313_jpg.rf.3bc8fd2f191fc26ee40880bd8fe08fc2.jpg,000288_jpg.rf.c47330ff59b9b8805a7a2bccf82347f8,000313_jpg.rf.3bc8fd2f191fc26ee40880bd8fe08fc2,train,train
near_duplicate_dhash,5,water_datasets/Flow-Img.v2i.yolov8/train/images/000288_jpg.rf.c47330ff59b9b8805a7a2bccf82347f8.jpg,water_datasets/Flow-Img.v2i.yolov8/train/images/000912_jpg.rf.a8d5b70c190265d890f00f1c86b3a7d2.jpg,000288_jpg.rf.c47330ff59b9b8805a7a2bccf82347f8,000912_jpg.rf.a8d5b70c190265d890f00f1c86b3a7d2,train,train
near_duplicate_dhash,5,water_datasets/Flow-Img.v2i.yolov8/train/images/000288_jpg.rf.c47330ff59b9b8805a7a2bccf82347f8.jpg,water_datasets/Flow-Img.v2i.yolov8/train/images/000951_jpg.rf.7bd48330798739de431f28a309e04d6e.jpg,000288_jpg.rf.c47330ff59b9b8805a7a2bccf82347f8,000951_jpg.rf.7bd48330798739de431f28a309e04d6e,train,train
near_duplicate_dhash,4,water_datasets/Flow-Img.v2i.yolov8/train/images/000290_jpg.rf.f1856e51254037d9a1a51cbc3e164a65.jpg,water_datasets/Flow-Img.v2i.yolov8/train/images/000683_jpg.rf.24296f423339dc75f2857effd8c8c31c.jpg,000290_jpg.rf.f1856e51254037d9a1a51cbc3e164a65,000683_jpg.rf.24296f423339dc75f2857effd8c8c31c,train,train
near_duplicate_dhash,3,water_datasets/Flow-Img.v2i.yolov8/train/images/000292_jpg.rf.f031b52f22173c3e33810a4ccbd815cc.jpg,water_datasets/Flow-Img.v2i.yolov8/train/images/000510_jpg.rf.7bfd0ed6fdc782b4cc8abdade73ccb39.jpg,000292_jpg.rf.f031b52f22173c3e33810a4ccbd815cc,000510_jpg.rf.7bfd0ed6fdc782b4cc8abdade73ccb39,train,train
near_duplicate_dhash,5,water_datasets/Flow-Img.v2i.yolov8/train/images/000292_jpg.rf.f031b52f22173c3e33810a4ccbd815cc.jpg,water_datasets/Flow-Img.v2i.yolov8/train/images/000590_jpg.rf.b9e2f33b39d25c59fc9684d07f14bfc0.jpg,000292_jpg.rf.f031b52f22173c3e33810a4ccbd815cc,000590_jpg.rf.b9e2f33b39d25c59fc9684d07f14bfc0,train,train
near_duplicate_dhash,5,water_datasets/Flow-Img.v2i.yolov8/train/images/000292_jpg.rf.f031b52f22173c3e33810a4ccbd815cc.jpg,water_datasets/Flow-Img.v2i.yolov8/train/images/001040_jpg.rf.10e1bd8653b501937d3e6648649f7b1b.jpg,000292_jpg.rf.f031b52f22173c3e33810a4ccbd815cc,001040_jpg.rf.10e1bd8653b501937d3e6648649f7b1b,train,train
near_duplicate_dhash,3,water_datasets/Flow-Img.v2i.yolov8/train/images/000300_jpg.rf.c0c5c240daa5f3875ec947e3d8585ebd.jpg,water_datasets/Flow-Img.v2i.yolov8/train/images/000963_jpg.rf.69d6feceab461ad99c85effb408d1df9.jpg,000300_jpg.rf.c0c5c240daa5f3875ec947e3d8585ebd,000963_jpg.rf.69d6feceab461ad99c85effb408d1df9,train,train
near_duplicate_dhash,5,water_datasets/Flow-Img.v2i.yolov8/train/images/000306_jpg.rf.a15ab836ad6118228e5f81f46284375d.jpg,water_datasets/Flow-Img.v2i.yolov8/train/images/000848_jpg.rf.e88705509e0300ef76ab6777e0aab3e4.jpg,000306_jpg.rf.a15ab836ad6118228e5f81f46284375d,000848_jpg.rf.e88705509e0300ef76ab6777e0aab3e4,train,train
near_duplicate_dhash,5,water_datasets/Flow-Img.v2i.yolov8/train/images/000309_jpg.rf.6fd1434dd28026fa60ac56b1a305b53e.jpg,water_datasets/Flow-Img.v2i.yolov8/train/images/000933_jpg.rf.e342b0069a1b01ab66b7b51fd44e5db9.jpg,000309_jpg.rf.6fd1434dd28026fa60ac56b1a305b53e,000933_jpg.rf.e342b0069a1b01ab66b7b51fd44e5db9,train,train
near_duplicate_dhash,4,water_datasets/Flow-Img.v2i.yolov8/train/images/000309_jpg.rf.6fd1434dd28026fa60ac56b1a305b53e.jpg,water_datasets/Flow-Img.v2i.yolov8/train/images/001063_jpg.rf.f0511cbcd9bb8e9cac000558e104aabf.jpg,000309_jpg.rf.6fd1434dd28026fa60ac56b1a305b53e,001063_jpg.rf.f0511cbcd9bb8e9cac000558e104aabf,train,train
near_duplicate_dhash,3,water_datasets/Flow-Img.v2i.yolov8/train/images/000311_jpg.rf.979a1d9304862af46a9cfb3f02cc4337.jpg,water_datasets/Flow-Img.v2i.yolov8/train/images/000800_jpg.rf.253ef7e722d800a48007b2fd0ed57fec.jpg,000311_jpg.rf.979a1d9304862af46a9cfb3f02cc4337,000800_jpg.rf.253ef7e722d800a48007b2fd0ed57fec,train,train
near_duplicate_dhash,3,water_datasets/Flow-Img.v2i.yolov8/train/images/000313_jpg.rf.3bc8fd2f191fc26ee40880bd8fe08fc2.jpg,water_datasets/Flow-Img.v2i.yolov8/train/images/000912_jpg.rf.a8d5b70c190265d890f00f1c86b3a7d2.jpg,000313_jpg.rf.3bc8fd2f191fc26ee40880bd8fe08fc2,000912_jpg.rf.a8d5b70c190265d890f00f1c86b3a7d2,train,train
near_duplicate_dhash,5,water_datasets/Flow-Img.v2i.yolov8/train/images/000313_jpg.rf.3bc8fd2f191fc26ee40880bd8fe08fc2.jpg,water_datasets/Flow-Img.v2i.yolov8/train/images/000951_jpg.rf.7bd48330798739de431f28a309e04d6e.jpg,000313_jpg.rf.3bc8fd2f191fc26ee40880bd8fe08fc2,000951_jpg.rf.7bd48330798739de431f28a309e04d6e,train,train
near_duplicate_dhash,4,water_datasets/Flow-Img.v2i.yolov8/train/images/000319_jpg.rf.233d2535d229f4df6a7ac2f6b0f72497.jpg,water_datasets/Flow-Img.v2i.yolov8/train/images/000565_jpg.rf.b729ebda663f6306ac5e676060417305.jpg,000319_jpg.rf.233d2535d229f4df6a7ac2f6b0f72497,000565_jpg.rf.b729ebda663f6306ac5e676060417305,train,train
near_duplicate_dhash,5,water_datasets/Flow-Img.v2i.yolov8/train/images/000321_jpg.rf.6445a0d531191f5bbaf116d0675e6bed.jpg,water_datasets/Flow-Img.v2i.yolov8/train/images/000395_jpg.rf.ca35bc2c799be9a4c4c568cfb164f38c.jpg,000321_jpg.rf.6445a0d531191f5bbaf116d0675e6bed,000395_jpg.rf.ca35bc2c799be9a4c4c568cfb164f38c,train,train
near_duplicate_dhash,5,water_datasets/Flow-Img.v2i.yolov8/train/images/000321_jpg.rf.6445a0d531191f5bbaf116d0675e6bed.jpg,water_datasets/Flow-Img.v2i.yolov8/train/images/001040_jpg.rf.10e1bd8653b501937d3e6648649f7b1b.jpg,000321_jpg.rf.6445a0d531191f5bbaf116d0675e6bed,001040_jpg.rf.10e1bd8653b501937d3e6648649f7b1b,train,train
near_duplicate_dhash,5,water_datasets/Flow-Img.v2i.yolov8/train/images/000322_jpg.rf.67f6a680b315e1c9c21b9e946e8ac84c.jpg,water_datasets/Flow-Img.v2i.yolov8/train/images/000338_jpg.rf.3c9721bfc3d65946212fd5c3f83e411a.jpg,000322_jpg.rf.67f6a680b315e1c9c21b9e946e8ac84c,000338_jpg.rf.3c9721bfc3d65946212fd5c3f83e411a,train,train
near_duplicate_dhash,4,water_datasets/Flow-Img.v2i.yolov8/train/images/000322_jpg.rf.67f6a680b315e1c9c21b9e946e8ac84c.jpg,water_datasets/Flow-Img.v2i.yolov8/train/images/000358_jpg.rf.f0774d9a536eb1795df5c714f9e75aac.jpg,000322_jpg.rf.67f6a680b315e1c9c21b9e946e8ac84c,000358_jpg.rf.f0774d9a536eb1795df5c714f9e75aac,train,train
near_duplicate_dhash,5,water_datasets/Flow-Img.v2i.yolov8/train/images/000330_jpg.rf.52edf9f37615b06c9a06aadb303abf83.jpg,water_datasets/Flow-Img.v2i.yolov8/train/images/000989_jpg.rf.41efae86f90f4b0a1b1577ed4d547333.jpg,000330_jpg.rf.52edf9f37615b06c9a06aadb303abf83,000989_jpg.rf.41efae86f90f4b0a1b1577ed4d547333,train,train
near_duplicate_dhash,3,water_datasets/Flow-Img.v2i.yolov8/train/images/000338_jpg.rf.3c9721bfc3d65946212fd5c3f83e411a.jpg,water_datasets/Flow-Img.v2i.yolov8/train/images/000358_jpg.rf.f0774d9a536eb1795df5c714f9e75aac.jpg,000338_jpg.rf.3c9721bfc3d65946212fd5c3f83e411a,000358_jpg.rf.f0774d9a536eb1795df5c714f9e75aac,train,train
near_duplicate_dhash,3,water_datasets/Flow-Img.v2i.yolov8/train/images/000338_jpg.rf.3c9721bfc3d65946212fd5c3f83e411a.jpg,water_datasets/Flow-Img.v2i.yolov8/train/images/000502_jpg.rf.4e13a83dae402bce482b759ea6eaa464.jpg,000338_jpg.rf.3c9721bfc3d65946212fd5c3f83e411a,000502_jpg.rf.4e13a83dae402bce482b759ea6eaa464,train,train
near_duplicate_dhash,5,water_datasets/Flow-Img.v2i.yolov8/train/images/000346_jpg.rf.77865eb99934e1fae9d51712996c801d.jpg,water_datasets/Flow-Img.v2i.yolov8/train/images/000400_jpg.rf.53afda837b36810c29742223d720d061.jpg,000346_jpg.rf.77865eb99934e1fae9d51712996c801d,000400_jpg.rf.53afda837b36810c29742223d720d061,train,train
near_duplicate_dhash,5,water_datasets/Flow-Img.v2i.yolov8/train/images/000346_jpg.rf.77865eb99934e1fae9d51712996c801d.jpg,water_datasets/Flow-Img.v2i.yolov8/train/images/000838_jpg.rf.c6ceac014ea0782920f491c32c0a09ee.jpg,000346_jpg.rf.77865eb99934e1fae9d51712996c801d,000838_jpg.rf.c6ceac014ea0782920f491c32c0a09ee,train,train
near_duplicate_dhash,4,water_datasets/Flow-Img.v2i.yolov8/train/images/000346_jpg.rf.77865eb99934e1fae9d51712996c801d.jpg,water_datasets/Flow-Img.v2i.yolov8/train/images/000989_jpg.rf.41efae86f90f4b0a1b1577ed4d547333.jpg,000346_jpg.rf.77865eb99934e1fae9d51712996c801d,000989_jpg.rf.41efae86f90f4b0a1b1577ed4d547333,train,train
near_duplicate_dhash,4,water_datasets/Flow-Img.v2i.yolov8/train/images/000346_jpg.rf.77865eb99934e1fae9d51712996c801d.jpg,water_datasets/Flow-Img.v2i.yolov8/train/images/001114_jpg.rf.21f4a59f4712f2d32d2001fe73c88961.jpg,000346_jpg.rf.77865eb99934e1fae9d51712996c801d,001114_jpg.rf.21f4a59f4712f2d32d2001fe73c88961,train,train
near_duplicate_dhash,4,water_datasets/Flow-Img.v2i.yolov8/train/images/000348_jpg.rf.4ddac8c9c9ac8569af3a7ff96bccbefe.jpg,water_datasets/Flow-Img.v2i.yolov8/train/images/000401_jpg.rf.cd71f07aadb976d840b570910ef65ffd.jpg,000348_jpg.rf.4ddac8c9c9ac8569af3a7ff96bccbefe,000401_jpg.rf.cd71f07aadb976d840b570910ef65ffd,train,train
near_duplicate_dhash,3,water_datasets/Flow-Img.v2i.yolov8/train/images/000349_jpg.rf.200cd3e2a9e6d86de5b795365fbcdf68.jpg,water_datasets/Flow-Img.v2i.yolov8/train/images/001038_jpg.rf.c33df0193afbcec61dab25f7e38cfd2c.jpg,000349_jpg.rf.200cd3e2a9e6d86de5b795365fbcdf68,001038_jpg.rf.c33df0193afbcec61dab25f7e38cfd2c,train,train
near_duplicate_dhash,5,water_datasets/Flow-Img.v2i.yolov8/train/images/000350_jpg.rf.c8b147f3589c0e14469aebac770b072f.jpg,water_datasets/Flow-Img.v2i.yolov8/train/images/000395_jpg.rf.ca35bc2c799be9a4c4c568cfb164f38c.jpg,000350_jpg.rf.c8b147f3589c0e14469aebac770b072f,000395_jpg.rf.ca35bc2c799be9a4c4c568cfb164f38c,train,train
near_duplicate_dhash,4,water_datasets/Flow-Img.v2i.yolov8/train/images/000351_jpg.rf.b8b12466c180ea79744e4d31a1ad3eb0.jpg,water_datasets/Flow-Img.v2i.yolov8/train/images/000380_jpg.rf.acbf3327e695a968537d3115bc3d0225.jpg,000351_jpg.rf.b8b12466c180ea79744e4d31a1ad3eb0,000380_jpg.rf.acbf3327e695a968537d3115bc3d0225,train,train
near_duplicate_dhash,5,water_datasets/Flow-Img.v2i.yolov8/train/images/000351_jpg.rf.b8b12466c180ea79744e4d31a1ad3eb0.jpg,water_datasets/Flow-Img.v2i.yolov8/train/images/000502_jpg.rf.4e13a83dae402bce482b759ea6eaa464.jpg,000351_jpg.rf.b8b12466c180ea79744e4d31a1ad3eb0,000502_jpg.rf.4e13a83dae402bce482b759ea6eaa464,train,train
near_duplicate_dhash,5,water_datasets/Flow-Img.v2i.yolov8/train/images/000353_jpg.rf.235fc0fb0259fff62eafd39af563a628.jpg,water_datasets/Flow-Img.v2i.yolov8/train/images/000935_jpg.rf.bfbec28a00173565d799e5c493c085e3.jpg,000353_jpg.rf.235fc0fb0259fff62eafd39af563a628,000935_jpg.rf.bfbec28a00173565d799e5c493c085e3,train,train
near_duplicate_dhash,4,water_datasets/Flow-Img.v2i.yolov8/train/images/000354_jpg.rf.3b02ab4ab6d99d840008c96713799952.jpg,water_datasets/Flow-Img.v2i.yolov8/train/images/000914_jpg.rf.aa6a449cc136a0138e703732f5a79f77.jpg,000354_jpg.rf.3b02ab4ab6d99d840008c96713799952,000914_jpg.rf.aa6a449cc136a0138e703732f5a79f77,train,train
near_duplicate_dhash,3,water_datasets/Flow-Img.v2i.yolov8/train/images/000354_jpg.rf.3b02ab4ab6d99d840008c96713799952.jpg,water_datasets/Flow-Img.v2i.yolov8/train/images/001149_jpg.rf.5d938345afd4fa380dd84a050a09019b.jpg,000354_jpg.rf.3b02ab4ab6d99d840008c96713799952,001149_jpg.rf.5d938345afd4fa380dd84a050a09019b,train,train
near_duplicate_dhash,4,water_datasets/Flow-Img.v2i.yolov8/train/images/000358_jpg.rf.f0774d9a536eb1795df5c714f9e75aac.jpg,water_datasets/Flow-Img.v2i.yolov8/train/images/000502_jpg.rf.4e13a83dae402bce482b759ea6eaa464.jpg,000358_jpg.rf.f0774d9a536eb1795df5c714f9e75aac,000502_jpg.rf.4e13a83dae402bce482b759ea6eaa464,train,train
near_duplicate_dhash,4,water_datasets/Flow-Img.v2i.yolov8/train/images/000361_jpg.rf.b37a7fb227de2aae785f02b0bb45b191.jpg,water_datasets/Flow-Img.v2i.yolov8/train/images/000861_jpg.rf.303d6d6f62a6334fa38aa5f1acb8da9a.jpg,000361_jpg.rf.b37a7fb227de2aae785f02b0bb45b191,000861_jpg.rf.303d6d6f62a6334fa38aa5f1acb8da9a,train,train
near_duplicate_dhash,5,water_datasets/Flow-Img.v2i.yolov8/train/images/000362_jpg.rf.01da0ff108e042eeedafa2fff1be15e6.jpg,water_datasets/Flow-Img.v2i.yolov8/train/images/000610_jpg.rf.cc93bfc4abd4f020bc4b69e4de9d541e.jpg,000362_jpg.rf.01da0ff108e042eeedafa2fff1be15e6,000610_jpg.rf.cc93bfc4abd4f020bc4b69e4de9d541e,train,train
near_duplicate_dhash,4,water_datasets/Flow-Img.v2i.yolov8/train/images/000371_jpg.rf.7da7a334091be2eeb6b98f4ac847bc31.jpg,water_datasets/Flow-Img.v2i.yolov8/train/images/000453_jpg.rf.55088d5069ccae98b1fa103a6571e184.jpg,000371_jpg.rf.7da7a334091be2eeb6b98f4ac847bc31,000453_jpg.rf.55088d5069ccae98b1fa103a6571e184,train,train
near_duplicate_dhash,5,water_datasets/Flow-Img.v2i.yolov8/train/images/000375_jpg.rf.9a9fadbfa5af26035e5b130b200dea63.jpg,water_datasets/Flow-Img.v2i.yolov8/train/images/000425_jpg.rf.d86e1e5e557e72d5dd516c375a3b18e3.jpg,000375_jpg.rf.9a9fadbfa5af26035e5b130b200dea63,000425_jpg.rf.d86e1e5e557e72d5dd516c375a3b18e3,train,train
near_duplicate_dhash,5,water_datasets/Flow-Img.v2i.yolov8/train/images/000376_jpg.rf.f4278a81750b4ac93455846ccad5d481.jpg,water_datasets/Flow-Img.v2i.yolov8/train/images/001112_jpg.rf.091b571388b789cdefaf10be702016d9.jpg,000376_jpg.rf.f4278a81750b4ac93455846ccad5d481,001112_jpg.rf.091b571388b789cdefaf10be702016d9,train,train
near_duplicate_dhash,3,water_datasets/Flow-Img.v2i.yolov8/train/images/000380_jpg.rf.acbf3327e695a968537d3115bc3d0225.jpg,water_datasets/Flow-Img.v2i.yolov8/train/images/000502_jpg.rf.4e13a83dae402bce482b759ea6eaa464.jpg,000380_jpg.rf.acbf3327e695a968537d3115bc3d0225,000502_jpg.rf.4e13a83dae402bce482b759ea6eaa464,train,train
near_duplicate_dhash,4,water_datasets/Flow-Img.v2i.yolov8/train/images/000380_jpg.rf.acbf3327e695a968537d3115bc3d0225.jpg,water_datasets/Flow-Img.v2i.yolov8/train/images/000803_jpg.rf.6d5b620769de894f6ccbbf3fac59404c.jpg,000380_jpg.rf.acbf3327e695a968537d3115bc3d0225,000803_jpg.rf.6d5b620769de894f6ccbbf3fac59404c,train,train
near_duplicate_dhash,5,water_datasets/Flow-Img.v2i.yolov8/train/images/000381_jpg.rf.fc747b86916c1a565a47e3f1b4a403ff.jpg,water_datasets/Flow-Img.v2i.yolov8/train/images/000515_jpg.rf.7007ad17132c4131cfccfd36529dc4d5.jpg,000381_jpg.rf.fc747b86916c1a565a47e3f1b4a403ff,000515_jpg.rf.7007ad17132c4131cfccfd36529dc4d5,train,train
near_duplicate_dhash,4,water_datasets/Flow-Img.v2i.yolov8/train/images/000381_jpg.rf.fc747b86916c1a565a47e3f1b4a403ff.jpg,water_datasets/Flow-Img.v2i.yolov8/train/images/000894_jpg.rf.d5285e22c352cf08676888fc94495d09.jpg,000381_jpg.rf.fc747b86916c1a565a47e3f1b4a403ff,000894_jpg.rf.d5285e22c352cf08676888fc94495d09,train,train
near_duplicate_dhash,4,water_datasets/Flow-Img.v2i.yolov8/train/images/000381_jpg.rf.fc747b86916c1a565a47e3f1b4a403ff.jpg,water_datasets/Flow-Img.v2i.yolov8/train/images/001082_jpg.rf.6512382161a5bff24d0262b37e3172f6.jpg,000381_jpg.rf.fc747b86916c1a565a47e3f1b4a403ff,001082_jpg.rf.6512382161a5bff24d0262b37e3172f6,train,train
near_duplicate_dhash,3,water_datasets/Flow-Img.v2i.yolov8/train/images/000381_jpg.rf.fc747b86916c1a565a47e3f1b4a403ff.jpg,water_datasets/Flow-Img.v2i.yolov8/train/images/001135_jpg.rf.343817995e7c86d3e811f7e8d29649a3.jpg,000381_jpg.rf.fc747b86916c1a565a47e3f1b4a403ff,001135_jpg.rf.343817995e7c86d3e811f7e8d29649a3,train,train
near_duplicate_dhash,3,water_datasets/Flow-Img.v2i.yolov8/train/images/000387_jpg.rf.e2617971c7f84ff0cc60440292f8a2a2.jpg,water_datasets/Flow-Img.v2i.yolov8/train/images/001010_jpg.rf.8d44097313cafe3f925318e0dfebb301.jpg,000387_jpg.rf.e2617971c7f84ff0cc60440292f8a2a2,001010_jpg.rf.8d44097313cafe3f925318e0dfebb301,train,train
near_duplicate_dhash,4,water_datasets/Flow-Img.v2i.yolov8/train/images/000395_jpg.rf.ca35bc2c799be9a4c4c568cfb164f38c.jpg,water_datasets/Flow-Img.v2i.yolov8/train/images/000778_jpg.rf.8839dbd5ad35bc3371f7b3826fa02b06.jpg,000395_jpg.rf.ca35bc2c799be9a4c4c568cfb164f38c,000778_jpg.rf.8839dbd5ad35bc3371f7b3826fa02b06,train,train
near_duplicate_dhash,5,water_datasets/Flow-Img.v2i.yolov8/train/images/000397_jpg.rf.4e8eaa10e22d01ded456976c40ca5df2.jpg,water_datasets/Flow-Img.v2i.yolov8/train/images/000509_jpg.rf.a7f8b8542d726dc305e7209a5972b667.jpg,000397_jpg.rf.4e8eaa10e22d01ded456976c40ca5df2,000509_jpg.rf.a7f8b8542d726dc305e7209a5972b667,train,train
near_duplicate_dhash,5,water_datasets/Flow-Img.v2i.yolov8/train/images/000400_jpg.rf.53afda837b36810c29742223d720d061.jpg,water_datasets/Flow-Img.v2i.yolov8/train/images/000690_jpg.rf.da9613f53e58d5686674ec60bf988d84.jpg,000400_jpg.rf.53afda837b36810c29742223d720d061,000690_jpg.rf.da9613f53e58d5686674ec60bf988d84,train,train
near_duplicate_dhash,5,water_datasets/Flow-Img.v2i.yolov8/train/images/000400_jpg.rf.53afda837b36810c29742223d720d061.jpg,water_datasets/Flow-Img.v2i.yolov8/train/images/000989_jpg.rf.41efae86f90f4b0a1b1577ed4d547333.jpg,000400_jpg.rf.53afda837b36810c29742223d720d061,000989_jpg.rf.41efae86f90f4b0a1b1577ed4d547333,train,train
near_duplicate_dhash,3,water_datasets/Flow-Img.v2i.yolov8/train/images/000412_jpg.rf.4cf45ac730a2db582fcc6cf8cb6984e4.jpg,water_datasets/Flow-Img.v2i.yolov8/train/images/000600_jpg.rf.6524c21f72a8d3308c668c7021571a73.jpg,000412_jpg.rf.4cf45ac730a2db582fcc6cf8cb6984e4,000600_jpg.rf.6524c21f72a8d3308c668c7021571a73,train,train
near_duplicate_dhash,3,water_datasets/Flow-Img.v2i.yolov8/train/images/000412_jpg.rf.4cf45ac730a2db582fcc6cf8cb6984e4.jpg,water_datasets/Flow-Img.v2i.yolov8/train/images/000670_jpg.rf.724141b1d54e796fa43bfc9822775b42.jpg,000412_jpg.rf.4cf45ac730a2db582fcc6cf8cb6984e4,000670_jpg.rf.724141b1d54e796fa43bfc9822775b42,train,train
near_duplicate_dhash,3,water_datasets/Flow-Img.v2i.yolov8/train/images/000412_jpg.rf.4cf45ac730a2db582fcc6cf8cb6984e4.jpg,water_datasets/Flow-Img.v2i.yolov8/train/images/000822_jpg.rf.2edf63100a864daabeb7d6e26afa67ad.jpg,000412_jpg.rf.4cf45ac730a2db582fcc6cf8cb6984e4,000822_jpg.rf.2edf63100a864daabeb7d6e26afa67ad,train,train
near_duplicate_dhash,3,water_datasets/Flow-Img.v2i.yolov8/train/images/000419_jpg.rf.37a638c099a93a271d1d3a95cb158cee.jpg,water_datasets/Flow-Img.v2i.yolov8/train/images/000420_jpg.rf.059c11c1ac69d8aa12c664f2f4588a50.jpg,000419_jpg.rf.37a638c099a93a271d1d3a95cb158cee,000420_jpg.rf.059c11c1ac69d8aa12c664f2f4588a50,train,train
near_duplicate_dhash,5,water_datasets/Flow-Img.v2i.yolov8/train/images/000419_jpg.rf.37a638c099a93a271d1d3a95cb158cee.jpg,water_datasets/Flow-Img.v2i.yolov8/train/images/000757_jpg.rf.1e77174484e98b04f1333dfd545aa2a0.jpg,000419_jpg.rf.37a638c099a93a271d1d3a95cb158cee,000757_jpg.rf.1e77174484e98b04f1333dfd545aa2a0,train,train
near_duplicate_dhash,3,water_datasets/Flow-Img.v2i.yolov8/train/images/000419_jpg.rf.37a638c099a93a271d1d3a95cb158cee.jpg,water_datasets/Flow-Img.v2i.yolov8/train/images/001180_jpg.rf.66c9bc7f805a40b60d7989b5db66cba5.jpg,000419_jpg.rf.37a638c099a93a271d1d3a95cb158cee,001180_jpg.rf.66c9bc7f805a40b60d7989b5db66cba5,train,train
near_duplicate_dhash,5,water_datasets/Flow-Img.v2i.yolov8/train/images/000420_jpg.rf.059c11c1ac69d8aa12c664f2f4588a50.jpg,water_datasets/Flow-Img.v2i.yolov8/train/images/000697_jpg.rf.376083236a4263773778ece0b4741250.jpg,000420_jpg.rf.059c11c1ac69d8aa12c664f2f4588a50,000697_jpg.rf.376083236a4263773778ece0b4741250,train,train
near_duplicate_dhash,4,water_datasets/Flow-Img.v2i.yolov8/train/images/000420_jpg.rf.059c11c1ac69d8aa12c664f2f4588a50.jpg,water_datasets/Flow-Img.v2i.yolov8/train/images/001180_jpg.rf.66c9bc7f805a40b60d7989b5db66cba5.jpg,000420_jpg.rf.059c11c1ac69d8aa12c664f2f4588a50,001180_jpg.rf.66c9bc7f805a40b60d7989b5db66cba5,train,train
near_duplicate_dhash,5,water_datasets/Flow-Img.v2i.yolov8/train/images/000425_jpg.rf.d86e1e5e557e72d5dd516c375a3b18e3.jpg,water_datasets/Flow-Img.v2i.yolov8/train/images/000730_jpg.rf.91f7c94a399782319c151a028289846e.jpg,000425_jpg.rf.d86e1e5e557e72d5dd516c375a3b18e3,000730_jpg.rf.91f7c94a399782319c151a028289846e,train,train
near_duplicate_dhash,5,water_datasets/Flow-Img.v2i.yolov8/train/images/000431_jpg.rf.7ac1c6a3b96a49d5f5e8bd82c020c003.jpg,water_datasets/Flow-Img.v2i.yolov8/train/images/000903_jpg.rf.9c7448ee19ce6c44df0210f20641cd31.jpg,000431_jpg.rf.7ac1c6a3b96a49d5f5e8bd82c020c003,000903_jpg.rf.9c7448ee19ce6c44df0210f20641cd31,train,train
near_duplicate_dhash,5,water_datasets/Flow-Img.v2i.yolov8/train/images/000434_jpg.rf.62a43b54ca4080b89268373320adfb99.jpg,water_datasets/Flow-Img.v2i.yolov8/train/images/001060_jpg.rf.0f7ccc1bd44375b89890063700fd9c63.jpg,000434_jpg.rf.62a43b54ca4080b89268373320adfb99,001060_jpg.rf.0f7ccc1bd44375b89890063700fd9c63,train,train
near_duplicate_dhash,5,water_datasets/Flow-Img.v2i.yolov8/train/images/000438_jpg.rf.2d32fdfbb643b9fda2e04d8ced71c305.jpg,water_datasets/Flow-Img.v2i.yolov8/train/images/000525_jpg.rf.456bfba87e61e9d0f56c9015370b037e.jpg,000438_jpg.rf.2d32fdfbb643b9fda2e04d8ced71c305,000525_jpg.rf.456bfba87e61e9d0f56c9015370b037e,train,train
near_duplicate_dhash,5,water_datasets/Flow-Img.v2i.yolov8/train/images/000444_jpg.rf.5fd13c0ee64215b4006098d177b6a449.jpg,water_datasets/Flow-Img.v2i.yolov8/train/images/000639_jpg.rf.1824055153ec82d5d3c99aa204e4420b.jpg,000444_jpg.rf.5fd13c0ee64215b4006098d177b6a449,000639_jpg.rf.1824055153ec82d5d3c99aa204e4420b,train,train
near_duplicate_dhash,3,water_datasets/Flow-Img.v2i.yolov8/train/images/000444_jpg.rf.5fd13c0ee64215b4006098d177b6a449.jpg,water_datasets/Flow-Img.v2i.yolov8/train/images/000973_jpg.rf.5617f083a3dcc80b673d44b2f740f2e4.jpg,000444_jpg.rf.5fd13c0ee64215b4006098d177b6a449,000973_jpg.rf.5617f083a3dcc80b673d44b2f740f2e4,train,train
near_duplicate_dhash,4,water_datasets/Flow-Img.v2i.yolov8/train/images/000444_jpg.rf.5fd13c0ee64215b4006098d177b6a449.jpg,water_datasets/Flow-Img.v2i.yolov8/train/images/001070_jpg.rf.646654c7ae72611f834717063bc18b7d.jpg,000444_jpg.rf.5fd13c0ee64215b4006098d177b6a449,001070_jpg.rf.646654c7ae72611f834717063bc18b7d,train,train
near_duplicate_dhash,4,water_datasets/Flow-Img.v2i.yolov8/train/images/000463_jpg.rf.758ecdf9989b50045543424f5a09b436.jpg,water_datasets/Flow-Img.v2i.yolov8/train/images/000729_jpg.rf.d157d889acd73be4b7cfd02f8edcac95.jpg,000463_jpg.rf.758ecdf9989b50045543424f5a09b436,000729_jpg.rf.d157d889acd73be4b7cfd02f8edcac95,train,train
near_duplicate_dhash,5,water_datasets/Flow-Img.v2i.yolov8/train/images/000463_jpg.rf.758ecdf9989b50045543424f5a09b436.jpg,water_datasets/Flow-Img.v2i.yolov8/train/images/001182_jpg.rf.5efed696d390d14210e24bcc3b707ab1.jpg,000463_jpg.rf.758ecdf9989b50045543424f5a09b436,001182_jpg.rf.5efed696d390d14210e24bcc3b707ab1,train,train
near_duplicate_dhash,5,water_datasets/Flow-Img.v2i.yolov8/train/images/000464_jpg.rf.e536ff0b7aef17cd4f3046e048f34bce.jpg,water_datasets/Flow-Img.v2i.yolov8/train/images/000909_jpg.rf.d9696ab24fb15b000419f46b61a88767.jpg,000464_jpg.rf.e536ff0b7aef17cd4f3046e048f34bce,000909_jpg.rf.d9696ab24fb15b000419f46b61a88767,train,train
near_duplicate_dhash,3,water_datasets/Flow-Img.v2i.yolov8/train/images/000478_jpg.rf.1dbae0eb711824713c586b152ce22dc2.jpg,water_datasets/Flow-Img.v2i.yolov8/train/images/000996_jpg.rf.0ad0e0fd03b7ff10543eb9ce3d65e821.jpg,000478_jpg.rf.1dbae0eb711824713c586b152ce22dc2,000996_jpg.rf.0ad0e0fd03b7ff10543eb9ce3d65e821,train,train
near_duplicate_dhash,5,water_datasets/Flow-Img.v2i.yolov8/train/images/000502_jpg.rf.4e13a83dae402bce482b759ea6eaa464.jpg,water_datasets/Flow-Img.v2i.yolov8/train/images/000803_jpg.rf.6d5b620769de894f6ccbbf3fac59404c.jpg,000502_jpg.rf.4e13a83dae402bce482b759ea6eaa464,000803_jpg.rf.6d5b620769de894f6ccbbf3fac59404c,train,train
near_duplicate_dhash,4,water_datasets/Flow-Img.v2i.yolov8/train/images/000510_jpg.rf.7bfd0ed6fdc782b4cc8abdade73ccb39.jpg,water_datasets/Flow-Img.v2i.yolov8/train/images/000563_jpg.rf.71a9d469b57f320aac94472dab43a24b.jpg,000510_jpg.rf.7bfd0ed6fdc782b4cc8abdade73ccb39,000563_jpg.rf.71a9d469b57f320aac94472dab43a24b,train,train
near_duplicate_dhash,5,water_datasets/Flow-Img.v2i.yolov8/train/images/000510_jpg.rf.7bfd0ed6fdc782b4cc8abdade73ccb39.jpg,water_datasets/Flow-Img.v2i.yolov8/train/images/000763_jpg.rf.d4b67dac86e28f13a53d8fe602e0d6a9.jpg,000510_jpg.rf.7bfd0ed6fdc782b4cc8abdade73ccb39,000763_jpg.rf.d4b67dac86e28f13a53d8fe602e0d6a9,train,train
near_duplicate_dhash,5,water_datasets/Flow-Img.v2i.yolov8/train/images/000510_jpg.rf.7bfd0ed6fdc782b4cc8abdade73ccb39.jpg,water_datasets/Flow-Img.v2i.yolov8/train/images/001056_jpg.rf.6bd2dfca5b9536235e5395b8077eea61.jpg,000510_jpg.rf.7bfd0ed6fdc782b4cc8abdade73ccb39,001056_jpg.rf.6bd2dfca5b9536235e5395b8077eea61,train,train
near_duplicate_dhash,4,water_datasets/Flow-Img.v2i.yolov8/train/images/000512_jpg.rf.4ec01c06825702697cffcf9fc22314c3.jpg,water_datasets/Flow-Img.v2i.yolov8/train/images/000765_jpg.rf.25a86b94e78406ef3dfc81b3cd645be1.jpg,000512_jpg.rf.4ec01c06825702697cffcf9fc22314c3,000765_jpg.rf.25a86b94e78406ef3dfc81b3cd645be1,train,train
near_duplicate_dhash,4,water_datasets/Flow-Img.v2i.yolov8/train/images/000515_jpg.rf.7007ad17132c4131cfccfd36529dc4d5.jpg,water_datasets/Flow-Img.v2i.yolov8/train/images/000759_jpg.rf.c5d754c9424ddcc69e2ca54e01caf106.jpg,000515_jpg.rf.7007ad17132c4131cfccfd36529dc4d5,000759_jpg.rf.c5d754c9424ddcc69e2ca54e01caf106,train,train
near_duplicate_dhash,5,water_datasets/Flow-Img.v2i.yolov8/train/images/000515_jpg.rf.7007ad17132c4131cfccfd36529dc4d5.jpg,water_datasets/Flow-Img.v2i.yolov8/train/images/000799_jpg.rf.a5d0acee9fe158dde860f8bcf288b023.jpg,000515_jpg.rf.7007ad17132c4131cfccfd36529dc4d5,000799_jpg.rf.a5d0acee9fe158dde860f8bcf288b023,train,train
near_duplicate_dhash,5,water_datasets/Flow-Img.v2i.yolov8/train/images/000515_jpg.rf.7007ad17132c4131cfccfd36529dc4d5.jpg,water_datasets/Flow-Img.v2i.yolov8/train/images/000869_jpg.rf.0c0d3031e7d210497eeef4f97e92da5d.jpg,000515_jpg.rf.7007ad17132c4131cfccfd36529dc4d5,000869_jpg.rf.0c0d3031e7d210497eeef4f97e92da5d,train,train
near_duplicate_dhash,3,water_datasets/Flow-Img.v2i.yolov8/train/images/000516_jpg.rf.7ac9c4879fe931bee6d6bbbbdb918304.jpg,water_datasets/Flow-Img.v2i.yolov8/train/images/000795_jpg.rf.e5b9f0a8ab3aa98cf50b96b06c7586f0.jpg,000516_jpg.rf.7ac9c4879fe931bee6d6bbbbdb918304,000795_jpg.rf.e5b9f0a8ab3aa98cf50b96b06c7586f0,train,train
near_duplicate_dhash,5,water_datasets/Flow-Img.v2i.yolov8/train/images/000523_jpg.rf.71011e1e76c7644189cf806a56f04225.jpg,water_datasets/Flow-Img.v2i.yolov8/train/images/000598_jpg.rf.296be87d77bf8747aadd6248e2dd5168.jpg,000523_jpg.rf.71011e1e76c7644189cf806a56f04225,000598_jpg.rf.296be87d77bf8747aadd6248e2dd5168,train,train
near_duplicate_dhash,3,water_datasets/Flow-Img.v2i.yolov8/train/images/000530_jpg.rf.4d189507b3de117deea1c94ccf1df52e.jpg,water_datasets/Flow-Img.v2i.yolov8/train/images/000757_jpg.rf.1e77174484e98b04f1333dfd545aa2a0.jpg,000530_jpg.rf.4d189507b3de117deea1c94ccf1df52e,000757_jpg.rf.1e77174484e98b04f1333dfd545aa2a0,train,train
near_duplicate_dhash,4,water_datasets/Flow-Img.v2i.yolov8/train/images/000537_jpg.rf.81deffcd2b82af5bfe5fb2bfa92be0ac.jpg,water_datasets/Flow-Img.v2i.yolov8/train/images/000577_jpg.rf.c5e2954f6e34d33eb4d9e61abc1ef17b.jpg,000537_jpg.rf.81deffcd2b82af5bfe5fb2bfa92be0ac,000577_jpg.rf.c5e2954f6e34d33eb4d9e61abc1ef17b,train,train
near_duplicate_dhash,3,water_datasets/Flow-Img.v2i.yolov8/train/images/000545_jpg.rf.439d5916e78615a3ee05eb3519e86d15.jpg,water_datasets/Flow-Img.v2i.yolov8/train/images/000702_jpg.rf.69a5a2bf274be50dfb5997876b1a469e.jpg,000545_jpg.rf.439d5916e78615a3ee05eb3519e86d15,000702_jpg.rf.69a5a2bf274be50dfb5997876b1a469e,train,train
near_duplicate_dhash,5,water_datasets/Flow-Img.v2i.yolov8/train/images/000554_jpg.rf.f6f3c8e0cca8727e87ab7c6d005fb1e9.jpg,water_datasets/Flow-Img.v2i.yolov8/train/images/000973_jpg.rf.5617f083a3dcc80b673d44b2f740f2e4.jpg,000554_jpg.rf.f6f3c8e0cca8727e87ab7c6d005fb1e9,000973_jpg.rf.5617f083a3dcc80b673d44b2f740f2e4,train,train
near_duplicate_dhash,4,water_datasets/Flow-Img.v2i.yolov8/train/images/000554_jpg.rf.f6f3c8e0cca8727e87ab7c6d005fb1e9.jpg,water_datasets/Flow-Img.v2i.yolov8/train/images/001070_jpg.rf.646654c7ae72611f834717063bc18b7d.jpg,000554_jpg.rf.f6f3c8e0cca8727e87ab7c6d005fb1e9,001070_jpg.rf.646654c7ae72611f834717063bc18b7d,train,train
near_duplicate_dhash,3,water_datasets/Flow-Img.v2i.yolov8/train/images/000555_jpg.rf.cdad170345e0eb9f4d4aa4f2ee867b05.jpg,water_datasets/Flow-Img.v2i.yolov8/train/images/001018_jpg.rf.abb190f26ed7cd92fbeec5259755bd99.jpg,000555_jpg.rf.cdad170345e0eb9f4d4aa4f2ee867b05,001018_jpg.rf.abb190f26ed7cd92fbeec5259755bd99,train,train
near_duplicate_dhash,5,water_datasets/Flow-Img.v2i.yolov8/train/images/000563_jpg.rf.71a9d469b57f320aac94472dab43a24b.jpg,water_datasets/Flow-Img.v2i.yolov8/train/images/000763_jpg.rf.d4b67dac86e28f13a53d8fe602e0d6a9.jpg,000563_jpg.rf.71a9d469b57f320aac94472dab43a24b,000763_jpg.rf.d4b67dac86e28f13a53d8fe602e0d6a9,train,train
near_duplicate_dhash,5,water_datasets/Flow-Img.v2i.yolov8/train/images/000563_jpg.rf.71a9d469b57f320aac94472dab43a24b.jpg,water_datasets/Flow-Img.v2i.yolov8/train/images/001059_jpg.rf.978856b83c7de90deae1d584c1a38c8d.jpg,000563_jpg.rf.71a9d469b57f320aac94472dab43a24b,001059_jpg.rf.978856b83c7de90deae1d584c1a38c8d,train,train
near_duplicate_dhash,4,water_datasets/Flow-Img.v2i.yolov8/train/images/000564_jpg.rf.474cb9f48e803fc9597680c5cd9a028d.jpg,water_datasets/Flow-Img.v2i.yolov8/train/images/000829_jpg.rf.0245b631b9db0568133f5cc7e8cb53e8.jpg,000564_jpg.rf.474cb9f48e803fc9597680c5cd9a028d,000829_jpg.rf.0245b631b9db0568133f5cc7e8cb53e8,train,train
near_duplicate_dhash,5,water_datasets/Flow-Img.v2i.yolov8/train/images/000566_jpg.rf.777aefd066d28f580855398ad23efca3.jpg,water_datasets/Flow-Img.v2i.yolov8/train/images/000645_jpg.rf.2d3dd3261ef1846d8252f2be20c3c0ac.jpg,000566_jpg.rf.777aefd066d28f580855398ad23efca3,000645_jpg.rf.2d3dd3261ef1846d8252f2be20c3c0ac,train,train
near_duplicate_dhash,4,water_datasets/Flow-Img.v2i.yolov8/train/images/000566_jpg.rf.777aefd066d28f580855398ad23efca3.jpg,water_datasets/Flow-Img.v2i.yolov8/train/images/001073_jpg.rf.236df6fa2601789ac2033eaa776269f7.jpg,000566_jpg.rf.777aefd066d28f580855398ad23efca3,001073_jpg.rf.236df6fa2601789ac2033eaa776269f7,train,train
near_duplicate_dhash,5,water_datasets/Flow-Img.v2i.yolov8/train/images/000570_jpg.rf.a3d02cc947c31fb7e6135060cb5eb787.jpg,water_datasets/Flow-Img.v2i.yolov8/train/images/000828_jpg.rf.05a266e7dc77f4d4a083f1b8700a83ac.jpg,000570_jpg.rf.a3d02cc947c31fb7e6135060cb5eb787,000828_jpg.rf.05a266e7dc77f4d4a083f1b8700a83ac,train,train
near_duplicate_dhash,4,water_datasets/Flow-Img.v2i.yolov8/train/images/000570_jpg.rf.a3d02cc947c31fb7e6135060cb5eb787.jpg,water_datasets/Flow-Img.v2i.yolov8/train/images/001120_jpg.rf.bfcc8924b48d11ef574879f5f27abdf9.jpg,000570_jpg.rf.a3d02cc947c31fb7e6135060cb5eb787,001120_jpg.rf.bfcc8924b48d11ef574879f5f27abdf9,train,train
near_duplicate_dhash,4,water_datasets/Flow-Img.v2i.yolov8/train/images/000588_jpg.rf.deae24771bb55b822c71ac1ab2182eb0.jpg,water_datasets/Flow-Img.v2i.yolov8/train/images/000797_jpg.rf.fb2fc751cbe37d676d84b1c42b6094aa.jpg,000588_jpg.rf.deae24771bb55b822c71ac1ab2182eb0,000797_jpg.rf.fb2fc751cbe37d676d84b1c42b6094aa,train,train
near_duplicate_dhash,4,water_datasets/Flow-Img.v2i.yolov8/train/images/000593_jpg.rf.f447aca8cd3e94596e29f12e358d9c50.jpg,water_datasets/Flow-Img.v2i.yolov8/train/images/001130_jpg.rf.2fefdc83d3fecb99cb73fb9c74431a9a.jpg,000593_jpg.rf.f447aca8cd3e94596e29f12e358d9c50,001130_jpg.rf.2fefdc83d3fecb99cb73fb9c74431a9a,train,train
near_duplicate_dhash,5,water_datasets/Flow-Img.v2i.yolov8/train/images/000594_jpg.rf.eaf618de963eb9e6745960d876917c0e.jpg,water_datasets/Flow-Img.v2i.yolov8/train/images/000943_jpg.rf.540c9c51da2b07abb9b14b7def6c4101.jpg,000594_jpg.rf.eaf618de963eb9e6745960d876917c0e,000943_jpg.rf.540c9c51da2b07abb9b14b7def6c4101,train,train
near_duplicate_dhash,4,water_datasets/Flow-Img.v2i.yolov8/train/images/000600_jpg.rf.6524c21f72a8d3308c668c7021571a73.jpg,water_datasets/Flow-Img.v2i.yolov8/train/images/000822_jpg.rf.2edf63100a864daabeb7d6e26afa67ad.jpg,000600_jpg.rf.6524c21f72a8d3308c668c7021571a73,000822_jpg.rf.2edf63100a864daabeb7d6e26afa67ad,train,train
near_duplicate_dhash,5,water_datasets/Flow-Img.v2i.yolov8/train/images/000613_jpg.rf.61dd6cb809d3c908df034a1a9f758796.jpg,water_datasets/Flow-Img.v2i.yolov8/train/images/000769_jpg.rf.789bc8a8c14bb19772963d635aba309c.jpg,000613_jpg.rf.61dd6cb809d3c908df034a1a9f758796,000769_jpg.rf.789bc8a8c14bb19772963d635aba309c,train,train
near_duplicate_dhash,4,water_datasets/Flow-Img.v2i.yolov8/train/images/000614_jpg.rf.e9bd7eba8e83420bbaee37336cf0e41e.jpg,water_datasets/Flow-Img.v2i.yolov8/train/images/000680_jpg.rf.2a5ad81c44af8a13ff8f29a81f474086.jpg,000614_jpg.rf.e9bd7eba8e83420bbaee37336cf0e41e,000680_jpg.rf.2a5ad81c44af8a13ff8f29a81f474086,train,train
near_duplicate_dhash,4,water_datasets/Flow-Img.v2i.yolov8/train/images/000615_jpg.rf.e02e146e7e79a33737c6c7ce2f242c07.jpg,water_datasets/Flow-Img.v2i.yolov8/train/images/001003_jpg.rf.a91a2b3c8f111cb63b62faffa41a4ffe.jpg,000615_jpg.rf.e02e146e7e79a33737c6c7ce2f242c07,001003_jpg.rf.a91a2b3c8f111cb63b62faffa41a4ffe,train,train
near_duplicate_dhash,3,water_datasets/Flow-Img.v2i.yolov8/train/images/000630_jpg.rf.8c7e09637a91611e4ade64bf782a1b10.jpg,water_datasets/Flow-Img.v2i.yolov8/train/images/001197_jpg.rf.ebc4f0359916e8f9446f9773e1967bf7.jpg,000630_jpg.rf.8c7e09637a91611e4ade64bf782a1b10,001197_jpg.rf.ebc4f0359916e8f9446f9773e1967bf7,train,train
near_duplicate_dhash,4,water_datasets/Flow-Img.v2i.yolov8/train/images/000631_jpg.rf.6ee62d1772139a6c66b4a0006b66f0d4.jpg,water_datasets/Flow-Img.v2i.yolov8/train/images/000930_jpg.rf.82e1928937824b6be505296f4b624180.jpg,000631_jpg.rf.6ee62d1772139a6c66b4a0006b66f0d4,000930_jpg.rf.82e1928937824b6be505296f4b624180,train,train
near_duplicate_dhash,5,water_datasets/Flow-Img.v2i.yolov8/train/images/000631_jpg.rf.6ee62d1772139a6c66b4a0006b66f0d4.jpg,water_datasets/Flow-Img.v2i.yolov8/train/images/000947_jpg.rf.5bbcd6be253670530508ca368e68bfd4.jpg,000631_jpg.rf.6ee62d1772139a6c66b4a0006b66f0d4,000947_jpg.rf.5bbcd6be253670530508ca368e68bfd4,train,train
near_duplicate_dhash,5,water_datasets/Flow-Img.v2i.yolov8/train/images/000633_jpg.rf.9401b11a2c7b7b32b1e4488c710f2787.jpg,water_datasets/Flow-Img.v2i.yolov8/train/images/001153_jpg.rf.c30ec879deb7f5536c7e6246e1b1b27c.jpg,000633_jpg.rf.9401b11a2c7b7b32b1e4488c710f2787,001153_jpg.rf.c30ec879deb7f5536c7e6246e1b1b27c,train,train
near_duplicate_dhash,4,water_datasets/Flow-Img.v2i.yolov8/train/images/000655_jpg.rf.1c68065d2e52a51490bd67c74bd02ff5.jpg,water_datasets/Flow-Img.v2i.yolov8/train/images/000904_jpg.rf.199e07ad19152e202e4fea8d4d17ce43.jpg,000655_jpg.rf.1c68065d2e52a51490bd67c74bd02ff5,000904_jpg.rf.199e07ad19152e202e4fea8d4d17ce43,train,train
near_duplicate_dhash,4,water_datasets/Flow-Img.v2i.yolov8/train/images/000660_jpg.rf.458f6ed844bca1c452445bdfaea88319.jpg,water_datasets/Flow-Img.v2i.yolov8/train/images/000906_jpg.rf.1866a9af43dc4bea8e7b1442b67feed0.jpg,000660_jpg.rf.458f6ed844bca1c452445bdfaea88319,000906_jpg.rf.1866a9af43dc4bea8e7b1442b67feed0,train,train
near_duplicate_dhash,3,water_datasets/Flow-Img.v2i.yolov8/train/images/000660_jpg.rf.458f6ed844bca1c452445bdfaea88319.jpg,water_datasets/Flow-Img.v2i.yolov8/train/images/001089_jpg.rf.6358d7469aaeb5cfc4ea970a956d6d4e.jpg,000660_jpg.rf.458f6ed844bca1c452445bdfaea88319,001089_jpg.rf.6358d7469aaeb5cfc4ea970a956d6d4e,train,train
near_duplicate_dhash,4,water_datasets/Flow-Img.v2i.yolov8/train/images/000661_jpg.rf.0547c908ada91a0ae2ea8b90c6f61a36.jpg,water_datasets/Flow-Img.v2i.yolov8/train/images/000883_jpg.rf.80c6ec01c020f428e7fc3fe97f08f419.jpg,000661_jpg.rf.0547c908ada91a0ae2ea8b90c6f61a36,000883_jpg.rf.80c6ec01c020f428e7fc3fe97f08f419,train,train
near_duplicate_dhash,5,water_datasets/Flow-Img.v2i.yolov8/train/images/000665_jpg.rf.313fe0d8511a98d77ff6452e8e3ac3e8.jpg,water_datasets/Flow-Img.v2i.yolov8/train/images/000791_jpg.rf.c732ad9726ff591823ca640f77878811.jpg,000665_jpg.rf.313fe0d8511a98d77ff6452e8e3ac3e8,000791_jpg.rf.c732ad9726ff591823ca640f77878811,train,train
near_duplicate_dhash,4,water_datasets/Flow-Img.v2i.yolov8/train/images/000668_jpg.rf.67cf80d4125978a7675c13bb3228c55b.jpg,water_datasets/Flow-Img.v2i.yolov8/train/images/000899_jpg.rf.ceb73d7e2696656fd87844e11814bbbf.jpg,000668_jpg.rf.67cf80d4125978a7675c13bb3228c55b,000899_jpg.rf.ceb73d7e2696656fd87844e11814bbbf,train,train
near_duplicate_dhash,4,water_datasets/Flow-Img.v2i.yolov8/train/images/000669_jpg.rf.add456a898bc918826e645c4116a820e.jpg,water_datasets/Flow-Img.v2i.yolov8/train/images/001030_jpg.rf.bc0de32fbdc9151a2deb488a3ca6d91a.jpg,000669_jpg.rf.add456a898bc918826e645c4116a820e,001030_jpg.rf.bc0de32fbdc9151a2deb488a3ca6d91a,train,train
near_duplicate_dhash,5,water_datasets/Flow-Img.v2i.yolov8/train/images/000683_jpg.rf.24296f423339dc75f2857effd8c8c31c.jpg,water_datasets/Flow-Img.v2i.yolov8/train/images/000993_jpg.rf.e6a2df5d2ff0ad90f26e4b5c8e423718.jpg,000683_jpg.rf.24296f423339dc75f2857effd8c8c31c,000993_jpg.rf.e6a2df5d2ff0ad90f26e4b5c8e423718,train,train
near_duplicate_dhash,5,water_datasets/Flow-Img.v2i.yolov8/train/images/000690_jpg.rf.da9613f53e58d5686674ec60bf988d84.jpg,water_datasets/Flow-Img.v2i.yolov8/train/images/000912_jpg.rf.a8d5b70c190265d890f00f1c86b3a7d2.jpg,000690_jpg.rf.da9613f53e58d5686674ec60bf988d84,000912_jpg.rf.a8d5b70c190265d890f00f1c86b3a7d2,train,train
near_duplicate_dhash,4,water_datasets/Flow-Img.v2i.yolov8/train/images/000693_jpg.rf.cd6e01f007906c34d43de56dc6f213c5.jpg,water_datasets/Flow-Img.v2i.yolov8/train/images/000703_jpg.rf.ccf24744995155cbff6c1e7d980c1278.jpg,000693_jpg.rf.cd6e01f007906c34d43de56dc6f213c5,000703_jpg.rf.ccf24744995155cbff6c1e7d980c1278,train,train
near_duplicate_dhash,4,water_datasets/Flow-Img.v2i.yolov8/train/images/000693_jpg.rf.cd6e01f007906c34d43de56dc6f213c5.jpg,water_datasets/Flow-Img.v2i.yolov8/train/images/000902_jpg.rf.fe1487725489fe93f91599d2ae9b6979.jpg,000693_jpg.rf.cd6e01f007906c34d43de56dc6f213c5,000902_jpg.rf.fe1487725489fe93f91599d2ae9b6979,train,train
near_duplicate_dhash,3,water_datasets/Flow-Img.v2i.yolov8/train/images/000697_jpg.rf.376083236a4263773778ece0b4741250.jpg,water_datasets/Flow-Img.v2i.yolov8/train/images/001180_jpg.rf.66c9bc7f805a40b60d7989b5db66cba5.jpg,000697_jpg.rf.376083236a4263773778ece0b4741250,001180_jpg.rf.66c9bc7f805a40b60d7989b5db66cba5,train,train
near_duplicate_dhash,4,water_datasets/Flow-Img.v2i.yolov8/train/images/000706_jpg.rf.d74b2191669ca70cf83576973f663b90.jpg,water_datasets/Flow-Img.v2i.yolov8/train/images/001004_jpg.rf.f80ca82826de23b614954e1ea5df97e9.jpg,000706_jpg.rf.d74b2191669ca70cf83576973f663b90,001004_jpg.rf.f80ca82826de23b614954e1ea5df97e9,train,train
near_duplicate_dhash,4,water_datasets/Flow-Img.v2i.yolov8/train/images/000727_jpg.rf.847ef1b6c776712cf8be95ca79485ac9.jpg,water_datasets/Flow-Img.v2i.yolov8/train/images/000917_jpg.rf.2f1adf1176ab29d7fea6628b23650de1.jpg,000727_jpg.rf.847ef1b6c776712cf8be95ca79485ac9,000917_jpg.rf.2f1adf1176ab29d7fea6628b23650de1,train,train
near_duplicate_dhash,5,water_datasets/Flow-Img.v2i.yolov8/train/images/000729_jpg.rf.d157d889acd73be4b7cfd02f8edcac95.jpg,water_datasets/Flow-Img.v2i.yolov8/train/images/001182_jpg.rf.5efed696d390d14210e24bcc3b707ab1.jpg,000729_jpg.rf.d157d889acd73be4b7cfd02f8edcac95,001182_jpg.rf.5efed696d390d14210e24bcc3b707ab1,train,train
near_duplicate_dhash,3,water_datasets/Flow-Img.v2i.yolov8/train/images/000733_jpg.rf.eb75505269bc3bb834649ed31a334e66.jpg,water_datasets/Flow-Img.v2i.yolov8/train/images/000858_jpg.rf.72fe19f52015a95204f125a3cebd5860.jpg,000733_jpg.rf.eb75505269bc3bb834649ed31a334e66,000858_jpg.rf.72fe19f52015a95204f125a3cebd5860,train,train
near_duplicate_dhash,4,water_datasets/Flow-Img.v2i.yolov8/train/images/000733_jpg.rf.eb75505269bc3bb834649ed31a334e66.jpg,water_datasets/Flow-Img.v2i.yolov8/train/images/000963_jpg.rf.69d6feceab461ad99c85effb408d1df9.jpg,000733_jpg.rf.eb75505269bc3bb834649ed31a334e66,000963_jpg.rf.69d6feceab461ad99c85effb408d1df9,train,train
near_duplicate_dhash,4,water_datasets/Flow-Img.v2i.yolov8/train/images/000747_jpg.rf.716657842391c1802b5c799a5d4a7322.jpg,water_datasets/Flow-Img.v2i.yolov8/train/images/000752_jpg.rf.d28f283bc69da8e7a4e993f0a30e8282.jpg,000747_jpg.rf.716657842391c1802b5c799a5d4a7322,000752_jpg.rf.d28f283bc69da8e7a4e993f0a30e8282,train,train
near_duplicate_dhash,5,water_datasets/Flow-Img.v2i.yolov8/train/images/000753_jpg.rf.12a52d2a008ee647dcaf0470ab36d1cd.jpg,water_datasets/Flow-Img.v2i.yolov8/train/images/000999_jpg.rf.0bf2cc3badf87d252b5bf3b641a16819.jpg,000753_jpg.rf.12a52d2a008ee647dcaf0470ab36d1cd,000999_jpg.rf.0bf2cc3badf87d252b5bf3b641a16819,train,train
near_duplicate_dhash,4,water_datasets/Flow-Img.v2i.yolov8/train/images/000757_jpg.rf.1e77174484e98b04f1333dfd545aa2a0.jpg,water_datasets/Flow-Img.v2i.yolov8/train/images/001180_jpg.rf.66c9bc7f805a40b60d7989b5db66cba5.jpg,000757_jpg.rf.1e77174484e98b04f1333dfd545aa2a0,001180_jpg.rf.66c9bc7f805a40b60d7989b5db66cba5,train,train
near_duplicate_dhash,5,water_datasets/Flow-Img.v2i.yolov8/train/images/000759_jpg.rf.c5d754c9424ddcc69e2ca54e01caf106.jpg,water_datasets/Flow-Img.v2i.yolov8/train/images/001082_jpg.rf.6512382161a5bff24d0262b37e3172f6.jpg,000759_jpg.rf.c5d754c9424ddcc69e2ca54e01caf106,001082_jpg.rf.6512382161a5bff24d0262b37e3172f6,train,train
near_duplicate_dhash,5,water_datasets/Flow-Img.v2i.yolov8/train/images/000771_jpg.rf.caf9d6f96d1762ee304976d244cf144b.jpg,water_datasets/Flow-Img.v2i.yolov8/train/images/001153_jpg.rf.c30ec879deb7f5536c7e6246e1b1b27c.jpg,000771_jpg.rf.caf9d6f96d1762ee304976d244cf144b,001153_jpg.rf.c30ec879deb7f5536c7e6246e1b1b27c,train,train
near_duplicate_dhash,5,water_datasets/Flow-Img.v2i.yolov8/train/images/000773_jpg.rf.f79c32f9eb37484986f6fd2342678e75.jpg,water_datasets/Flow-Img.v2i.yolov8/train/images/001016_jpg.rf.bf7d82131d162cf0efe86dca681eaa84.jpg,000773_jpg.rf.f79c32f9eb37484986f6fd2342678e75,001016_jpg.rf.bf7d82131d162cf0efe86dca681eaa84,train,train
near_duplicate_dhash,4,water_datasets/Flow-Img.v2i.yolov8/train/images/000774_jpg.rf.2b57cc294c27b91cece0cdd509901906.jpg,water_datasets/Flow-Img.v2i.yolov8/train/images/000902_jpg.rf.fe1487725489fe93f91599d2ae9b6979.jpg,000774_jpg.rf.2b57cc294c27b91cece0cdd509901906,000902_jpg.rf.fe1487725489fe93f91599d2ae9b6979,train,train
near_duplicate_dhash,4,water_datasets/Flow-Img.v2i.yolov8/train/images/000799_jpg.rf.a5d0acee9fe158dde860f8bcf288b023.jpg,water_datasets/Flow-Img.v2i.yolov8/train/images/000894_jpg.rf.d5285e22c352cf08676888fc94495d09.jpg,000799_jpg.rf.a5d0acee9fe158dde860f8bcf288b023,000894_jpg.rf.d5285e22c352cf08676888fc94495d09,train,train
near_duplicate_dhash,4,water_datasets/Flow-Img.v2i.yolov8/train/images/000799_jpg.rf.a5d0acee9fe158dde860f8bcf288b023.jpg,water_datasets/Flow-Img.v2i.yolov8/train/images/001082_jpg.rf.6512382161a5bff24d0262b37e3172f6.jpg,000799_jpg.rf.a5d0acee9fe158dde860f8bcf288b023,001082_jpg.rf.6512382161a5bff24d0262b37e3172f6,train,train
near_duplicate_dhash,3,water_datasets/Flow-Img.v2i.yolov8/train/images/000799_jpg.rf.a5d0acee9fe158dde860f8bcf288b023.jpg,water_datasets/Flow-Img.v2i.yolov8/train/images/001135_jpg.rf.343817995e7c86d3e811f7e8d29649a3.jpg,000799_jpg.rf.a5d0acee9fe158dde860f8bcf288b023,001135_jpg.rf.343817995e7c86d3e811f7e8d29649a3,train,train
near_duplicate_dhash,5,water_datasets/Flow-Img.v2i.yolov8/train/images/000806_jpg.rf.bc340077e8c4f9d1bdf0fa5839dfee46.jpg,water_datasets/Flow-Img.v2i.yolov8/train/images/001153_jpg.rf.c30ec879deb7f5536c7e6246e1b1b27c.jpg,000806_jpg.rf.bc340077e8c4f9d1bdf0fa5839dfee46,001153_jpg.rf.c30ec879deb7f5536c7e6246e1b1b27c,train,train
near_duplicate_dhash,5,water_datasets/Flow-Img.v2i.yolov8/train/images/000826_jpg.rf.fcac5de7d5c28c693833f8685d08df23.jpg,water_datasets/Flow-Img.v2i.yolov8/train/images/000830_jpg.rf.6d34c6ce5bc45e912c629bf1643be66c.jpg,000826_jpg.rf.fcac5de7d5c28c693833f8685d08df23,000830_jpg.rf.6d34c6ce5bc45e912c629bf1643be66c,train,train
near_duplicate_dhash,5,water_datasets/Flow-Img.v2i.yolov8/train/images/000828_jpg.rf.05a266e7dc77f4d4a083f1b8700a83ac.jpg,water_datasets/Flow-Img.v2i.yolov8/train/images/001138_jpg.rf.46ed470c9df7acae892db5ceabef6ace.jpg,000828_jpg.rf.05a266e7dc77f4d4a083f1b8700a83ac,001138_jpg.rf.46ed470c9df7acae892db5ceabef6ace,train,train
near_duplicate_dhash,3,water_datasets/Flow-Img.v2i.yolov8/train/images/000830_jpg.rf.6d34c6ce5bc45e912c629bf1643be66c.jpg,water_datasets/Flow-Img.v2i.yolov8/train/images/000975_jpg.rf.2410ef57d880497c4a4db2fca604643c.jpg,000830_jpg.rf.6d34c6ce5bc45e912c629bf1643be66c,000975_jpg.rf.2410ef57d880497c4a4db2fca604643c,train,train
near_duplicate_dhash,3,water_datasets/Flow-Img.v2i.yolov8/train/images/000838_jpg.rf.c6ceac014ea0782920f491c32c0a09ee.jpg,water_datasets/Flow-Img.v2i.yolov8/train/images/001076_jpg.rf.fe8c780606cc5558dfe91b0cc4214d5b.jpg,000838_jpg.rf.c6ceac014ea0782920f491c32c0a09ee,001076_jpg.rf.fe8c780606cc5558dfe91b0cc4214d5b,train,train
near_duplicate_dhash,5,water_datasets/Flow-Img.v2i.yolov8/train/images/000838_jpg.rf.c6ceac014ea0782920f491c32c0a09ee.jpg,water_datasets/Flow-Img.v2i.yolov8/train/images/001114_jpg.rf.21f4a59f4712f2d32d2001fe73c88961.jpg,000838_jpg.rf.c6ceac014ea0782920f491c32c0a09ee,001114_jpg.rf.21f4a59f4712f2d32d2001fe73c88961,train,train
near_duplicate_dhash,5,water_datasets/Flow-Img.v2i.yolov8/train/images/000839_jpg.rf.3aaebbcac6ac2980a5f9528fd6fc99e4.jpg,water_datasets/Flow-Img.v2i.yolov8/train/images/001018_jpg.rf.abb190f26ed7cd92fbeec5259755bd99.jpg,000839_jpg.rf.3aaebbcac6ac2980a5f9528fd6fc99e4,001018_jpg.rf.abb190f26ed7cd92fbeec5259755bd99,train,train
near_duplicate_dhash,3,water_datasets/Flow-Img.v2i.yolov8/train/images/000839_jpg.rf.3aaebbcac6ac2980a5f9528fd6fc99e4.jpg,water_datasets/Flow-Img.v2i.yolov8/train/images/001059_jpg.rf.978856b83c7de90deae1d584c1a38c8d.jpg,000839_jpg.rf.3aaebbcac6ac2980a5f9528fd6fc99e4,001059_jpg.rf.978856b83c7de90deae1d584c1a38c8d,train,train
near_duplicate_dhash,5,water_datasets/Flow-Img.v2i.yolov8/train/images/000849_jpg.rf.6bd2ef98e8b88112e8a8f7e676f01213.jpg,water_datasets/Flow-Img.v2i.yolov8/train/images/001031_jpg.rf.5846bb8c94e530067d8d98544b7eb4d9.jpg,000849_jpg.rf.6bd2ef98e8b88112e8a8f7e676f01213,001031_jpg.rf.5846bb8c94e530067d8d98544b7eb4d9,train,train
near_duplicate_dhash,3,water_datasets/Flow-Img.v2i.yolov8/train/images/000851_jpg.rf.29596641fc65266ddc559fc9127a6acc.jpg,water_datasets/Flow-Img.v2i.yolov8/train/images/001018_jpg.rf.abb190f26ed7cd92fbeec5259755bd99.jpg,000851_jpg.rf.29596641fc65266ddc559fc9127a6acc,001018_jpg.rf.abb190f26ed7cd92fbeec5259755bd99,train,train
near_duplicate_dhash,5,water_datasets/Flow-Img.v2i.yolov8/train/images/000851_jpg.rf.29596641fc65266ddc559fc9127a6acc.jpg,water_datasets/Flow-Img.v2i.yolov8/train/images/001037_jpg.rf.c03a6551c0477991b4beee0a95216ff4.jpg,000851_jpg.rf.29596641fc65266ddc559fc9127a6acc,001037_jpg.rf.c03a6551c0477991b4beee0a95216ff4,train,train
near_duplicate_dhash,3,water_datasets/Flow-Img.v2i.yolov8/train/images/000860_jpg.rf.6c8038e2f5a1692708d28a7368e2f22a.jpg,water_datasets/Flow-Img.v2i.yolov8/train/images/000920_jpg.rf.b0ae3c0dc872f12da63b9816bd70f0d0.jpg,000860_jpg.rf.6c8038e2f5a1692708d28a7368e2f22a,000920_jpg.rf.b0ae3c0dc872f12da63b9816bd70f0d0,train,train
near_duplicate_dhash,4,water_datasets/Flow-Img.v2i.yolov8/train/images/000863_jpg.rf.30fe13953ea7edabe35101463b1f0770.jpg,water_datasets/Flow-Img.v2i.yolov8/train/images/000890_jpg.rf.28cde14f8217ab7c3abb4a4c7acbaacf.jpg,000863_jpg.rf.30fe13953ea7edabe35101463b1f0770,000890_jpg.rf.28cde14f8217ab7c3abb4a4c7acbaacf,train,train
near_duplicate_dhash,4,water_datasets/Flow-Img.v2i.yolov8/train/images/000865_jpg.rf.dc6a20a64e19614a701e84d9926c2f2c.jpg,water_datasets/Flow-Img.v2i.yolov8/train/images/001072_jpg.rf.5b23fe03456f9abf9a3b30c0212aa0f7.jpg,000865_jpg.rf.dc6a20a64e19614a701e84d9926c2f2c,001072_jpg.rf.5b23fe03456f9abf9a3b30c0212aa0f7,train,train
near_duplicate_dhash,4,water_datasets/Flow-Img.v2i.yolov8/train/images/000877_jpg.rf.9a7c9f61f695f5f2b6ca5e5992eb67fa.jpg,water_datasets/Flow-Img.v2i.yolov8/train/images/000883_jpg.rf.80c6ec01c020f428e7fc3fe97f08f419.jpg,000877_jpg.rf.9a7c9f61f695f5f2b6ca5e5992eb67fa,000883_jpg.rf.80c6ec01c020f428e7fc3fe97f08f419,train,train
near_duplicate_dhash,3,water_datasets/Flow-Img.v2i.yolov8/train/images/000877_jpg.rf.9a7c9f61f695f5f2b6ca5e5992eb67fa.jpg,water_datasets/Flow-Img.v2i.yolov8/train/images/000934_jpg.rf.4bdf89331e09adbb40bb6d9722353c15.jpg,000877_jpg.rf.9a7c9f61f695f5f2b6ca5e5992eb67fa,000934_jpg.rf.4bdf89331e09adbb40bb6d9722353c15,train,train
near_duplicate_dhash,5,water_datasets/Flow-Img.v2i.yolov8/train/images/000878_jpg.rf.6621158df4da5a9dc6d458187a514ef6.jpg,water_datasets/Flow-Img.v2i.yolov8/train/images/001144_jpg.rf.036f9d15b8b541e8a2c36d2908c2c1cb.jpg,000878_jpg.rf.6621158df4da5a9dc6d458187a514ef6,001144_jpg.rf.036f9d15b8b541e8a2c36d2908c2c1cb,train,train
near_duplicate_dhash,3,water_datasets/Flow-Img.v2i.yolov8/train/images/000883_jpg.rf.80c6ec01c020f428e7fc3fe97f08f419.jpg,water_datasets/Flow-Img.v2i.yolov8/train/images/000934_jpg.rf.4bdf89331e09adbb40bb6d9722353c15.jpg,000883_jpg.rf.80c6ec01c020f428e7fc3fe97f08f419,000934_jpg.rf.4bdf89331e09adbb40bb6d9722353c15,train,train
near_duplicate_dhash,5,water_datasets/Flow-Img.v2i.yolov8/train/images/000894_jpg.rf.d5285e22c352cf08676888fc94495d09.jpg,water_datasets/Flow-Img.v2i.yolov8/train/images/001135_jpg.rf.343817995e7c86d3e811f7e8d29649a3.jpg,000894_jpg.rf.d5285e22c352cf08676888fc94495d09,001135_jpg.rf.343817995e7c86d3e811f7e8d29649a3,train,train
near_duplicate_dhash,5,water_datasets/Flow-Img.v2i.yolov8/train/images/000897_jpg.rf.2fcf184f162c0e3c42bbe1c5e467788c.jpg,water_datasets/Flow-Img.v2i.yolov8/train/images/000962_jpg.rf.feb0974a48a4f3da49cba9af2cb91e55.jpg,000897_jpg.rf.2fcf184f162c0e3c42bbe1c5e467788c,000962_jpg.rf.feb0974a48a4f3da49cba9af2cb91e55,train,train
near_duplicate_dhash,5,water_datasets/Flow-Img.v2i.yolov8/train/images/000900_jpg.rf.3f6371ba870260ef52066082b12d1091.jpg,water_datasets/Flow-Img.v2i.yolov8/train/images/001001_jpg.rf.485bcd81fb41dc6b92efabe94cd4f223.jpg,000900_jpg.rf.3f6371ba870260ef52066082b12d1091,001001_jpg.rf.485bcd81fb41dc6b92efabe94cd4f223,train,train
near_duplicate_dhash,4,water_datasets/Flow-Img.v2i.yolov8/train/images/000912_jpg.rf.a8d5b70c190265d890f00f1c86b3a7d2.jpg,water_datasets/Flow-Img.v2i.yolov8/train/images/000951_jpg.rf.7bd48330798739de431f28a309e04d6e.jpg,000912_jpg.rf.a8d5b70c190265d890f00f1c86b3a7d2,000951_jpg.rf.7bd48330798739de431f28a309e04d6e,train,train
near_duplicate_dhash,5,water_datasets/Flow-Img.v2i.yolov8/train/images/000912_jpg.rf.a8d5b70c190265d890f00f1c86b3a7d2.jpg,water_datasets/Flow-Img.v2i.yolov8/train/images/001096_jpg.rf.92697693fd65bc16b476bc19ab410716.jpg,000912_jpg.rf.a8d5b70c190265d890f00f1c86b3a7d2,001096_jpg.rf.92697693fd65bc16b476bc19ab410716,train,train
near_duplicate_dhash,3,water_datasets/Flow-Img.v2i.yolov8/train/images/000918_jpg.rf.ed39c90a14e270cada56f1ad9835d67d.jpg,water_datasets/Flow-Img.v2i.yolov8/train/images/000985_jpg.rf.171290c3c734808fb8361788415aa1e4.jpg,000918_jpg.rf.ed39c90a14e270cada56f1ad9835d67d,000985_jpg.rf.171290c3c734808fb8361788415aa1e4,train,train
near_duplicate_dhash,3,water_datasets/Flow-Img.v2i.yolov8/train/images/000933_jpg.rf.e342b0069a1b01ab66b7b51fd44e5db9.jpg,water_datasets/Flow-Img.v2i.yolov8/train/images/001063_jpg.rf.f0511cbcd9bb8e9cac000558e104aabf.jpg,000933_jpg.rf.e342b0069a1b01ab66b7b51fd44e5db9,001063_jpg.rf.f0511cbcd9bb8e9cac000558e104aabf,train,train
near_duplicate_dhash,3,water_datasets/Flow-Img.v2i.yolov8/train/images/000963_jpg.rf.69d6feceab461ad99c85effb408d1df9.jpg,water_datasets/Flow-Img.v2i.yolov8/train/images/000986_jpg.rf.071a7557387f97c3f8332b4184241736.jpg,000963_jpg.rf.69d6feceab461ad99c85effb408d1df9,000986_jpg.rf.071a7557387f97c3f8332b4184241736,train,train
near_duplicate_dhash,4,water_datasets/Flow-Img.v2i.yolov8/train/images/000989_jpg.rf.41efae86f90f4b0a1b1577ed4d547333.jpg,water_datasets/Flow-Img.v2i.yolov8/train/images/001114_jpg.rf.21f4a59f4712f2d32d2001fe73c88961.jpg,000989_jpg.rf.41efae86f90f4b0a1b1577ed4d547333,001114_jpg.rf.21f4a59f4712f2d32d2001fe73c88961,train,train
near_duplicate_dhash,3,water_datasets/Flow-Img.v2i.yolov8/train/images/000993_jpg.rf.e6a2df5d2ff0ad90f26e4b5c8e423718.jpg,water_datasets/Flow-Img.v2i.yolov8/train/images/001029_jpg.rf.8751751f28b2a3e6c6ba43ae2bbe9f4d.jpg,000993_jpg.rf.e6a2df5d2ff0ad90f26e4b5c8e423718,001029_jpg.rf.8751751f28b2a3e6c6ba43ae2bbe9f4d,train,train
near_duplicate_dhash,5,water_datasets/Flow-Img.v2i.yolov8/train/images/001018_jpg.rf.abb190f26ed7cd92fbeec5259755bd99.jpg,water_datasets/Flow-Img.v2i.yolov8/train/images/001023_jpg.rf.765af0fa0d15e73dd43ec0e30aa8ca35.jpg,001018_jpg.rf.abb190f26ed7cd92fbeec5259755bd99,001023_jpg.rf.765af0fa0d15e73dd43ec0e30aa8ca35,train,train
near_duplicate_dhash,4,water_datasets/Flow-Img.v2i.yolov8/train/images/001018_jpg.rf.abb190f26ed7cd92fbeec5259755bd99.jpg,water_datasets/Flow-Img.v2i.yolov8/train/images/001059_jpg.rf.978856b83c7de90deae1d584c1a38c8d.jpg,001018_jpg.rf.abb190f26ed7cd92fbeec5259755bd99,001059_jpg.rf.978856b83c7de90deae1d584c1a38c8d,train,train
near_duplicate_dhash,5,water_datasets/Flow-Img.v2i.yolov8/train/images/001018_jpg.rf.abb190f26ed7cd92fbeec5259755bd99.jpg,water_datasets/Flow-Img.v2i.yolov8/train/images/001180_jpg.rf.66c9bc7f805a40b60d7989b5db66cba5.jpg,001018_jpg.rf.abb190f26ed7cd92fbeec5259755bd99,001180_jpg.rf.66c9bc7f805a40b60d7989b5db66cba5,train,train
near_duplicate_dhash,5,water_datasets/Flow-Img.v2i.yolov8/train/images/001038_jpg.rf.c33df0193afbcec61dab25f7e38cfd2c.jpg,water_datasets/Flow-Img.v2i.yolov8/train/images/001164_jpg.rf.cec487a09a6792759ac1e5b8e4f3d2b4.jpg,001038_jpg.rf.c33df0193afbcec61dab25f7e38cfd2c,001164_jpg.rf.cec487a09a6792759ac1e5b8e4f3d2b4,train,train
near_duplicate_dhash,4,water_datasets/Flow-Img.v2i.yolov8/train/images/001040_jpg.rf.10e1bd8653b501937d3e6648649f7b1b.jpg,water_datasets/Flow-Img.v2i.yolov8/train/images/001177_jpg.rf.aa6e255f5f9f4f8bbc6d36253d44f950.jpg,001040_jpg.rf.10e1bd8653b501937d3e6648649f7b1b,001177_jpg.rf.aa6e255f5f9f4f8bbc6d36253d44f950,train,train
near_duplicate_dhash,4,water_datasets/Flow-Img.v2i.yolov8/train/images/001076_jpg.rf.fe8c780606cc5558dfe91b0cc4214d5b.jpg,water_datasets/Flow-Img.v2i.yolov8/train/images/001114_jpg.rf.21f4a59f4712f2d32d2001fe73c88961.jpg,001076_jpg.rf.fe8c780606cc5558dfe91b0cc4214d5b,001114_jpg.rf.21f4a59f4712f2d32d2001fe73c88961,train,train
near_duplicate_dhash,3,water_datasets/Flow-Img.v2i.yolov8/train/images/001099_jpg.rf.b3ba93c61c7c2ef6eb3bc74dd3ec4af6.jpg,water_datasets/Flow-Img.v2i.yolov8/train/images/001182_jpg.rf.5efed696d390d14210e24bcc3b707ab1.jpg,001099_jpg.rf.b3ba93c61c7c2ef6eb3bc74dd3ec4af6,001182_jpg.rf.5efed696d390d14210e24bcc3b707ab1,train,train
near_duplicate_dhash,4,water_datasets/Flow-Img.v2i.yolov8/train/images/001120_jpg.rf.bfcc8924b48d11ef574879f5f27abdf9.jpg,water_datasets/Flow-Img.v2i.yolov8/train/images/001138_jpg.rf.46ed470c9df7acae892db5ceabef6ace.jpg,001120_jpg.rf.bfcc8924b48d11ef574879f5f27abdf9,001138_jpg.rf.46ed470c9df7acae892db5ceabef6ace,train,train
near_duplicate_dhash,8,water_datasets/Flow-Img.v2i.yolov8/train/images/000014_jpg.rf.fb148b6179a66ecabf2706430c9fb496.jpg,water_datasets/Flow-Img.v2i.yolov8/train/images/000717_jpg.rf.0b831c3f807b55f0fea303f3b32a30e0.jpg,000014_jpg.rf.fb148b6179a66ecabf2706430c9fb496,000717_jpg.rf.0b831c3f807b55f0fea303f3b32a30e0,train,train
near_duplicate_dhash,7,water_datasets/Flow-Img.v2i.yolov8/train/images/000018_jpg.rf.c6aa22a519ca74c9052095799784d558.jpg,water_datasets/Flow-Img.v2i.yolov8/train/images/000042_jpg.rf.8d604c7de717b7073debcc154ced86c0.jpg,000018_jpg.rf.c6aa22a519ca74c9052095799784d558,000042_jpg.rf.8d604c7de717b7073debcc154ced86c0,train,train
near_duplicate_dhash,7,water_datasets/Flow-Img.v2i.yolov8/train/images/000018_jpg.rf.c6aa22a519ca74c9052095799784d558.jpg,water_datasets/Flow-Img.v2i.yolov8/train/images/000135_jpg.rf.e363046e54ab0a16597e696f72c8a089.jpg,000018_jpg.rf.c6aa22a519ca74c9052095799784d558,000135_jpg.rf.e363046e54ab0a16597e696f72c8a089,train,train
near_duplicate_dhash,6,water_datasets/Flow-Img.v2i.yolov8/train/images/000018_jpg.rf.c6aa22a519ca74c9052095799784d558.jpg,water_datasets/Flow-Img.v2i.yolov8/train/images/000244_jpg.rf.c3437915896dd601dd81ccce74848b6f.jpg,000018_jpg.rf.c6aa22a519ca74c9052095799784d558,000244_jpg.rf.c3437915896dd601dd81ccce74848b6f,train,train
near_duplicate_dhash,8,water_datasets/Flow-Img.v2i.yolov8/train/images/000018_jpg.rf.c6aa22a519ca74c9052095799784d558.jpg,water_datasets/Flow-Img.v2i.yolov8/train/images/000708_jpg.rf.85abb275c3bae81ac30daca619f372e3.jpg,000018_jpg.rf.c6aa22a519ca74c9052095799784d558,000708_jpg.rf.85abb275c3bae81ac30daca619f372e3,train,train
near_duplicate_dhash,7,water_datasets/Flow-Img.v2i.yolov8/train/images/000019_jpg.rf.dc4d3d50aed7f6565241f1d7d02807c0.jpg,water_datasets/Flow-Img.v2i.yolov8/train/images/000288_jpg.rf.c47330ff59b9b8805a7a2bccf82347f8.jpg,000019_jpg.rf.dc4d3d50aed7f6565241f1d7d02807c0,000288_jpg.rf.c47330ff59b9b8805a7a2bccf82347f8,train,train
near_duplicate_dhash,6,water_datasets/Flow-Img.v2i.yolov8/train/images/000019_jpg.rf.dc4d3d50aed7f6565241f1d7d02807c0.jpg,water_datasets/Flow-Img.v2i.yolov8/train/images/000330_jpg.rf.52edf9f37615b06c9a06aadb303abf83.jpg,000019_jpg.rf.dc4d3d50aed7f6565241f1d7d02807c0,000330_jpg.rf.52edf9f37615b06c9a06aadb303abf83,train,train
near_duplicate_dhash,7,water_datasets/Flow-Img.v2i.yolov8/train/images/000019_jpg.rf.dc4d3d50aed7f6565241f1d7d02807c0.jpg,water_datasets/Flow-Img.v2i.yolov8/train/images/000517_jpg.rf.3b97be6d4d211732f7a9a3a53dd55790.jpg,000019_jpg.rf.dc4d3d50aed7f6565241f1d7d02807c0,000517_jpg.rf.3b97be6d4d211732f7a9a3a53dd55790,train,train
near_duplicate_dhash,7,water_datasets/Flow-Img.v2i.yolov8/train/images/000019_jpg.rf.dc4d3d50aed7f6565241f1d7d02807c0.jpg,water_datasets/Flow-Img.v2i.yolov8/train/images/000631_jpg.rf.6ee62d1772139a6c66b4a0006b66f0d4.jpg,000019_jpg.rf.dc4d3d50aed7f6565241f1d7d02807c0,000631_jpg.rf.6ee62d1772139a6c66b4a0006b66f0d4,train,train
near_duplicate_dhash,8,water_datasets/Flow-Img.v2i.yolov8/train/images/000019_jpg.rf.dc4d3d50aed7f6565241f1d7d02807c0.jpg,water_datasets/Flow-Img.v2i.yolov8/train/images/000753_jpg.rf.12a52d2a008ee647dcaf0470ab36d1cd.jpg,000019_jpg.rf.dc4d3d50aed7f6565241f1d7d02807c0,000753_jpg.rf.12a52d2a008ee647dcaf0470ab36d1cd,train,train
near_duplicate_dhash,6,water_datasets/Flow-Img.v2i.yolov8/train/images/000019_jpg.rf.dc4d3d50aed7f6565241f1d7d02807c0.jpg,water_datasets/Flow-Img.v2i.yolov8/train/images/000912_jpg.rf.a8d5b70c190265d890f00f1c86b3a7d2.jpg,000019_jpg.rf.dc4d3d50aed7f6565241f1d7d02807c0,000912_jpg.rf.a8d5b70c190265d890f00f1c86b3a7d2,train,train
near_duplicate_dhash,7,water_datasets/Flow-Img.v2i.yolov8/train/images/000019_jpg.rf.dc4d3d50aed7f6565241f1d7d02807c0.jpg,water_datasets/Flow-Img.v2i.yolov8/train/images/000930_jpg.rf.82e1928937824b6be505296f4b624180.jpg,000019_jpg.rf.dc4d3d50aed7f6565241f1d7d02807c0,000930_jpg.rf.82e1928937824b6be505296f4b624180,train,train
near_duplicate_dhash,8,water_datasets/Flow-Img.v2i.yolov8/train/images/000019_jpg.rf.dc4d3d50aed7f6565241f1d7d02807c0.jpg,water_datasets/Flow-Img.v2i.yolov8/train/images/000947_jpg.rf.5bbcd6be253670530508ca368e68bfd4.jpg,000019_jpg.rf.dc4d3d50aed7f6565241f1d7d02807c0,000947_jpg.rf.5bbcd6be253670530508ca368e68bfd4,train,train
near_duplicate_dhash,6,water_datasets/Flow-Img.v2i.yolov8/train/images/000020_jpg.rf.35a86bec518614eb449b8e2ec376748a.jpg,water_datasets/Flow-Img.v2i.yolov8/train/images/000240_jpg.rf.5ab98591c87f948715bf459ea3c1c410.jpg,000020_jpg.rf.35a86bec518614eb449b8e2ec376748a,000240_jpg.rf.5ab98591c87f948715bf459ea3c1c410,train,train
near_duplicate_dhash,8,water_datasets/Flow-Img.v2i.yolov8/train/images/000020_jpg.rf.35a86bec518614eb449b8e2ec376748a.jpg,water_datasets/Flow-Img.v2i.yolov8/train/images/000350_jpg.rf.c8b147f3589c0e14469aebac770b072f.jpg,000020_jpg.rf.35a86bec518614eb449b8e2ec376748a,000350_jpg.rf.c8b147f3589c0e14469aebac770b072f,train,train
near_duplicate_dhash,8,water_datasets/Flow-Img.v2i.yolov8/train/images/000020_jpg.rf.35a86bec518614eb449b8e2ec376748a.jpg,water_datasets/Flow-Img.v2i.yolov8/train/images/000467_jpg.rf.95869426ffbaca36dd5a872cb4f87d6c.jpg,000020_jpg.rf.35a86bec518614eb449b8e2ec376748a,000467_jpg.rf.95869426ffbaca36dd5a872cb4f87d6c,train,train
near_duplicate_dhash,8,water_datasets/Flow-Img.v2i.yolov8/train/images/000020_jpg.rf.35a86bec518614eb449b8e2ec376748a.jpg,water_datasets/Flow-Img.v2i.yolov8/train/images/000509_jpg.rf.a7f8b8542d726dc305e7209a5972b667.jpg,000020_jpg.rf.35a86bec518614eb449b8e2ec376748a,000509_jpg.rf.a7f8b8542d726dc305e7209a5972b667,train,train
near_duplicate_dhash,7,water_datasets/Flow-Img.v2i.yolov8/train/images/000024_jpg.rf.255603f3c18df5279262eb9ab6670cf0.jpg,water_datasets/Flow-Img.v2i.yolov8/train/images/000038_jpg.rf.67a2725115ce9e9d39a2c62b1e12991f.jpg,000024_jpg.rf.255603f3c18df5279262eb9ab6670cf0,000038_jpg.rf.67a2725115ce9e9d39a2c62b1e12991f,train,train
near_duplicate_dhash,8,water_datasets/Flow-Img.v2i.yolov8/train/images/000024_jpg.rf.255603f3c18df5279262eb9ab6670cf0.jpg,water_datasets/Flow-Img.v2i.yolov8/train/images/000660_jpg.rf.458f6ed844bca1c452445bdfaea88319.jpg,000024_jpg.rf.255603f3c18df5279262eb9ab6670cf0,000660_jpg.rf.458f6ed844bca1c452445bdfaea88319,train,train
near_duplicate_dhash,6,water_datasets/Flow-Img.v2i.yolov8/train/images/000024_jpg.rf.255603f3c18df5279262eb9ab6670cf0.jpg,water_datasets/Flow-Img.v2i.yolov8/train/images/001015_jpg.rf.1adbea646b26ed380afb6095094e00c5.jpg,000024_jpg.rf.255603f3c18df5279262eb9ab6670cf0,001015_jpg.rf.1adbea646b26ed380afb6095094e00c5,train,train
near_duplicate_dhash,7,water_datasets/Flow-Img.v2i.yolov8/train/images/000025_jpg.rf.b2a49bd3881a0cb666acacd828e95e3a.jpg,water_datasets/Flow-Img.v2i.yolov8/train/images/000734_jpg.rf.67ee8a46925ebd3a83975153949cee6b.jpg,000025_jpg.rf.b2a49bd3881a0cb666acacd828e95e3a,000734_jpg.rf.67ee8a46925ebd3a83975153949cee6b,train,train
near_duplicate_dhash,8,water_datasets/Flow-Img.v2i.yolov8/train/images/000026_jpg.rf.e80e1b92d2d8de5a8dde6a5d437ec180.jpg,water_datasets/Flow-Img.v2i.yolov8/train/images/000915_jpg.rf.2ea31349afa90ea2df7503ca92f9c399.jpg,000026_jpg.rf.e80e1b92d2d8de5a8dde6a5d437ec180,000915_jpg.rf.2ea31349afa90ea2df7503ca92f9c399,train,train
near_duplicate_dhash,7,water_datasets/Flow-Img.v2i.yolov8/train/images/000026_jpg.rf.e80e1b92d2d8de5a8dde6a5d437ec180.jpg,water_datasets/Flow-Img.v2i.yolov8/train/images/001138_jpg.rf.46ed470c9df7acae892db5ceabef6ace.jpg,000026_jpg.rf.e80e1b92d2d8de5a8dde6a5d437ec180,001138_jpg.rf.46ed470c9df7acae892db5ceabef6ace,train,train
near_duplicate_dhash,8,water_datasets/Flow-Img.v2i.yolov8/train/images/000028_jpg.rf.83f86d91069a540264f25cc440ab9bdf.jpg,water_datasets/Flow-Img.v2i.yolov8/train/images/000288_jpg.rf.c47330ff59b9b8805a7a2bccf82347f8.jpg,000028_jpg.rf.83f86d91069a540264f25cc440ab9bdf,000288_jpg.rf.c47330ff59b9b8805a7a2bccf82347f8,train,train
near_duplicate_dhash,6,water_datasets/Flow-Img.v2i.yolov8/train/images/000028_jpg.rf.83f86d91069a540264f25cc440ab9bdf.jpg,water_datasets/Flow-Img.v2i.yolov8/train/images/000313_jpg.rf.3bc8fd2f191fc26ee40880bd8fe08fc2.jpg,000028_jpg.rf.83f86d91069a540264f25cc440ab9bdf,000313_jpg.rf.3bc8fd2f191fc26ee40880bd8fe08fc2,train,train
near_duplicate_dhash,8,water_datasets/Flow-Img.v2i.yolov8/train/images/000028_jpg.rf.83f86d91069a540264f25cc440ab9bdf.jpg,water_datasets/Flow-Img.v2i.yolov8/train/images/000517_jpg.rf.3b97be6d4d211732f7a9a3a53dd55790.jpg,000028_jpg.rf.83f86d91069a540264f25cc440ab9bdf,000517_jpg.rf.3b97be6d4d211732f7a9a3a53dd55790,train,train
near_duplicate_dhash,8,water_datasets/Flow-Img.v2i.yolov8/train/images/000028_jpg.rf.83f86d91069a540264f25cc440ab9bdf.jpg,water_datasets/Flow-Img.v2i.yolov8/train/images/000631_jpg.rf.6ee62d1772139a6c66b4a0006b66f0d4.jpg,000028_jpg.rf.83f86d91069a540264f25cc440ab9bdf,000631_jpg.rf.6ee62d1772139a6c66b4a0006b66f0d4,train,train
near_duplicate_dhash,7,water_datasets/Flow-Img.v2i.yolov8/train/images/000028_jpg.rf.83f86d91069a540264f25cc440ab9bdf.jpg,water_datasets/Flow-Img.v2i.yolov8/train/images/000753_jpg.rf.12a52d2a008ee647dcaf0470ab36d1cd.jpg,000028_jpg.rf.83f86d91069a540264f25cc440ab9bdf,000753_jpg.rf.12a52d2a008ee647dcaf0470ab36d1cd,train,train
near_duplicate_dhash,8,water_datasets/Flow-Img.v2i.yolov8/train/images/000028_jpg.rf.83f86d91069a540264f25cc440ab9bdf.jpg,water_datasets/Flow-Img.v2i.yolov8/train/images/000802_jpg.rf.48beccb92a06724bb61f0209aab16ee5.jpg,000028_jpg.rf.83f86d91069a540264f25cc440ab9bdf,000802_jpg.rf.48beccb92a06724bb61f0209aab16ee5,train,train
near_duplicate_dhash,7,water_datasets/Flow-Img.v2i.yolov8/train/images/000028_jpg.rf.83f86d91069a540264f25cc440ab9bdf.jpg,water_datasets/Flow-Img.v2i.yolov8/train/images/000912_jpg.rf.a8d5b70c190265d890f00f1c86b3a7d2.jpg,000028_jpg.rf.83f86d91069a540264f25cc440ab9bdf,000912_jpg.rf.a8d5b70c190265d890f00f1c86b3a7d2,train,train
near_duplicate_dhash,6,water_datasets/Flow-Img.v2i.yolov8/train/images/000028_jpg.rf.83f86d91069a540264f25cc440ab9bdf.jpg,water_datasets/Flow-Img.v2i.yolov8/train/images/000930_jpg.rf.82e1928937824b6be505296f4b624180.jpg,000028_jpg.rf.83f86d91069a540264f25cc440ab9bdf,000930_jpg.rf.82e1928937824b6be505296f4b624180,train,train
near_duplicate_dhash,7,water_datasets/Flow-Img.v2i.yolov8/train/images/000028_jpg.rf.83f86d91069a540264f25cc440ab9bdf.jpg,water_datasets/Flow-Img.v2i.yolov8/train/images/000947_jpg.rf.5bbcd6be253670530508ca368e68bfd4.jpg,000028_jpg.rf.83f86d91069a540264f25cc440ab9bdf,000947_jpg.rf.5bbcd6be253670530508ca368e68bfd4,train,train
near_duplicate_dhash,8,water_datasets/Flow-Img.v2i.yolov8/train/images/000028_jpg.rf.83f86d91069a540264f25cc440ab9bdf.jpg,water_datasets/Flow-Img.v2i.yolov8/train/images/001096_jpg.rf.92697693fd65bc16b476bc19ab410716.jpg,000028_jpg.rf.83f86d91069a540264f25cc440ab9bdf,001096_jpg.rf.92697693fd65bc16b476bc19ab410716,train,train
near_duplicate_dhash,7,water_datasets/Flow-Img.v2i.yolov8/train/images/000031_jpg.rf.bfaef74e23b33cd7c96cbef74a186588.jpg,water_datasets/Flow-Img.v2i.yolov8/train/images/000906_jpg.rf.1866a9af43dc4bea8e7b1442b67feed0.jpg,000031_jpg.rf.bfaef74e23b33cd7c96cbef74a186588,000906_jpg.rf.1866a9af43dc4bea8e7b1442b67feed0,train,train
near_duplicate_dhash,8,water_datasets/Flow-Img.v2i.yolov8/train/images/000031_jpg.rf.bfaef74e23b33cd7c96cbef74a186588.jpg,water_datasets/Flow-Img.v2i.yolov8/train/images/000912_jpg.rf.a8d5b70c190265d890f00f1c86b3a7d2.jpg,000031_jpg.rf.bfaef74e23b33cd7c96cbef74a186588,000912_jpg.rf.a8d5b70c190265d890f00f1c86b3a7d2,train,train
near_duplicate_dhash,8,water_datasets/Flow-Img.v2i.yolov8/train/images/000031_jpg.rf.bfaef74e23b33cd7c96cbef74a186588.jpg,water_datasets/Flow-Img.v2i.yolov8/train/images/000951_jpg.rf.7bd48330798739de431f28a309e04d6e.jpg,000031_jpg.rf.bfaef74e23b33cd7c96cbef74a186588,000951_jpg.rf.7bd48330798739de431f28a309e04d6e,train,train
near_duplicate_dhash,8,water_datasets/Flow-Img.v2i.yolov8/train/images/000031_jpg.rf.bfaef74e23b33cd7c96cbef74a186588.jpg,water_datasets/Flow-Img.v2i.yolov8/train/images/001089_jpg.rf.6358d7469aaeb5cfc4ea970a956d6d4e.jpg,000031_jpg.rf.bfaef74e23b33cd7c96cbef74a186588,001089_jpg.rf.6358d7469aaeb5cfc4ea970a956d6d4e,train,train
near_duplicate_dhash,7,water_datasets/Flow-Img.v2i.yolov8/train/images/000032_jpg.rf.54a39b81c28afb03ed773c2941d7b320.jpg,water_datasets/Flow-Img.v2i.yolov8/train/images/001155_jpg.rf.6eed24645996a694dab214f0d32ec90c.jpg,000032_jpg.rf.54a39b81c28afb03ed773c2941d7b320,001155_jpg.rf.6eed24645996a694dab214f0d32ec90c,train,train
near_duplicate_dhash,7,water_datasets/Flow-Img.v2i.yolov8/train/images/000034_jpg.rf.eaae00df2b14d5f4e726af0e4a266da8.jpg,water_datasets/Flow-Img.v2i.yolov8/train/images/000188_jpg.rf.dba0926e8e1d8182a7a4d0a9970c564a.jpg,000034_jpg.rf.eaae00df2b14d5f4e726af0e4a266da8,000188_jpg.rf.dba0926e8e1d8182a7a4d0a9970c564a,train,train
near_duplicate_dhash,7,water_datasets/Flow-Img.v2i.yolov8/train/images/000036_jpg.rf.8daeba1550d13cb346ec1bda42bdc529.jpg,water_datasets/Flow-Img.v2i.yolov8/train/images/000155_jpg.rf.b2293bd9e2343dc0cae825f8b0858712.jpg,000036_jpg.rf.8daeba1550d13cb346ec1bda42bdc529,000155_jpg.rf.b2293bd9e2343dc0cae825f8b0858712,train,train
near_duplicate_dhash,7,water_datasets/Flow-Img.v2i.yolov8/train/images/000036_jpg.rf.8daeba1550d13cb346ec1bda42bdc529.jpg,water_datasets/Flow-Img.v2i.yolov8/train/images/000397_jpg.rf.4e8eaa10e22d01ded456976c40ca5df2.jpg,000036_jpg.rf.8daeba1550d13cb346ec1bda42bdc529,000397_jpg.rf.4e8eaa10e22d01ded456976c40ca5df2,train,train
near_duplicate_dhash,6,water_datasets/Flow-Img.v2i.yolov8/train/images/000036_jpg.rf.8daeba1550d13cb346ec1bda42bdc529.jpg,water_datasets/Flow-Img.v2i.yolov8/train/images/000509_jpg.rf.a7f8b8542d726dc305e7209a5972b667.jpg,000036_jpg.rf.8daeba1550d13cb346ec1bda42bdc529,000509_jpg.rf.a7f8b8542d726dc305e7209a5972b667,train,train
near_duplicate_dhash,8,water_datasets/Flow-Img.v2i.yolov8/train/images/000037_jpg.rf.bcb374b10d737e69e654cc2b1c007cd2.jpg,water_datasets/Flow-Img.v2i.yolov8/train/images/000208_jpg.rf.a94f6194774f78fd00bd8d2d957cb955.jpg,000037_jpg.rf.bcb374b10d737e69e654cc2b1c007cd2,000208_jpg.rf.a94f6194774f78fd00bd8d2d957cb955,train,train
near_duplicate_dhash,7,water_datasets/Flow-Img.v2i.yolov8/train/images/000037_jpg.rf.bcb374b10d737e69e654cc2b1c007cd2.jpg,water_datasets/Flow-Img.v2i.yolov8/train/images/000385_jpg.rf.b9e18f9d2f7a2bc675f185c746115778.jpg,000037_jpg.rf.bcb374b10d737e69e654cc2b1c007cd2,000385_jpg.rf.b9e18f9d2f7a2bc675f185c746115778,train,train
near_duplicate_dhash,7,water_datasets/Flow-Img.v2i.yolov8/train/images/000037_jpg.rf.bcb374b10d737e69e654cc2b1c007cd2.jpg,water_datasets/Flow-Img.v2i.yolov8/train/images/000590_jpg.rf.b9e2f33b39d25c59fc9684d07f14bfc0.jpg,000037_jpg.rf.bcb374b10d737e69e654cc2b1c007cd2,000590_jpg.rf.b9e2f33b39d25c59fc9684d07f14bfc0,train,train
near_duplicate_dhash,7,water_datasets/Flow-Img.v2i.yolov8/train/images/000037_jpg.rf.bcb374b10d737e69e654cc2b1c007cd2.jpg,water_datasets/Flow-Img.v2i.yolov8/train/images/000851_jpg.rf.29596641fc65266ddc559fc9127a6acc.jpg,000037_jpg.rf.bcb374b10d737e69e654cc2b1c007cd2,000851_jpg.rf.29596641fc65266ddc559fc9127a6acc,train,train
near_duplicate_dhash,8,water_datasets/Flow-Img.v2i.yolov8/train/images/000037_jpg.rf.bcb374b10d737e69e654cc2b1c007cd2.jpg,water_datasets/Flow-Img.v2i.yolov8/train/images/000899_jpg.rf.ceb73d7e2696656fd87844e11814bbbf.jpg,000037_jpg.rf.bcb374b10d737e69e654cc2b1c007cd2,000899_jpg.rf.ceb73d7e2696656fd87844e11814bbbf,train,train
near_duplicate_dhash,6,water_datasets/Flow-Img.v2i.yolov8/train/images/000037_jpg.rf.bcb374b10d737e69e654cc2b1c007cd2.jpg,water_datasets/Flow-Img.v2i.yolov8/train/images/001037_jpg.rf.c03a6551c0477991b4beee0a95216ff4.jpg,000037_jpg.rf.bcb374b10d737e69e654cc2b1c007cd2,001037_jpg.rf.c03a6551c0477991b4beee0a95216ff4,train,train
near_duplicate_dhash,7,water_datasets/Flow-Img.v2i.yolov8/train/images/000038_jpg.rf.67a2725115ce9e9d39a2c62b1e12991f.jpg,water_datasets/Flow-Img.v2i.yolov8/train/images/000376_jpg.rf.f4278a81750b4ac93455846ccad5d481.jpg,000038_jpg.rf.67a2725115ce9e9d39a2c62b1e12991f,000376_jpg.rf.f4278a81750b4ac93455846ccad5d481,train,train
near_duplicate_dhash,7,water_datasets/Flow-Img.v2i.yolov8/train/images/000038_jpg.rf.67a2725115ce9e9d39a2c62b1e12991f.jpg,water_datasets/Flow-Img.v2i.yolov8/train/images/001015_jpg.rf.1adbea646b26ed380afb6095094e00c5.jpg,000038_jpg.rf.67a2725115ce9e9d39a2c62b1e12991f,001015_jpg.rf.1adbea646b26ed380afb6095094e00c5,train,train
near_duplicate_dhash,8,water_datasets/Flow-Img.v2i.yolov8/train/images/000038_jpg.rf.67a2725115ce9e9d39a2c62b1e12991f.jpg,water_datasets/Flow-Img.v2i.yolov8/train/images/001089_jpg.rf.6358d7469aaeb5cfc4ea970a956d6d4e.jpg,000038_jpg.rf.67a2725115ce9e9d39a2c62b1e12991f,001089_jpg.rf.6358d7469aaeb5cfc4ea970a956d6d4e,train,train
near_duplicate_dhash,8,water_datasets/Flow-Img.v2i.yolov8/train/images/000040_jpg.rf.a82dbd9fdd917574906bffb45059c9ba.jpg,water_datasets/Flow-Img.v2i.yolov8/train/images/000200_jpg.rf.8beaf9186bed555a825804e7deb1b0de.jpg,000040_jpg.rf.a82dbd9fdd917574906bffb45059c9ba,000200_jpg.rf.8beaf9186bed555a825804e7deb1b0de,train,train
near_duplicate_dhash,8,water_datasets/Flow-Img.v2i.yolov8/train/images/000040_jpg.rf.a82dbd9fdd917574906bffb45059c9ba.jpg,water_datasets/Flow-Img.v2i.yolov8/train/images/000953_jpg.rf.1bb3b5208a3558a3518b6aaf92eb67e8.jpg,000040_jpg.rf.a82dbd9fdd917574906bffb45059c9ba,000953_jpg.rf.1bb3b5208a3558a3518b6aaf92eb67e8,train,train
near_duplicate_dhash,7,water_datasets/Flow-Img.v2i.yolov8/train/images/000046_jpg.rf.a004772ec846d3cfacfc6549cfc4f58f.jpg,water_datasets/Flow-Img.v2i.yolov8/train/images/000693_jpg.rf.cd6e01f007906c34d43de56dc6f213c5.jpg,000046_jpg.rf.a004772ec846d3cfacfc6549cfc4f58f,000693_jpg.rf.cd6e01f007906c34d43de56dc6f213c5,train,train
near_duplicate_dhash,7,water_datasets/Flow-Img.v2i.yolov8/train/images/000046_jpg.rf.a004772ec846d3cfacfc6549cfc4f58f.jpg,water_datasets/Flow-Img.v2i.yolov8/train/images/000703_jpg.rf.ccf24744995155cbff6c1e7d980c1278.jpg,000046_jpg.rf.a004772ec846d3cfacfc6549cfc4f58f,000703_jpg.rf.ccf24744995155cbff6c1e7d980c1278,train,train
near_duplicate_dhash,7,water_datasets/Flow-Img.v2i.yolov8/train/images/000046_jpg.rf.a004772ec846d3cfacfc6549cfc4f58f.jpg,water_datasets/Flow-Img.v2i.yolov8/train/images/000774_jpg.rf.2b57cc294c27b91cece0cdd509901906.jpg,000046_jpg.rf.a004772ec846d3cfacfc6549cfc4f58f,000774_jpg.rf.2b57cc294c27b91cece0cdd509901906,train,train
near_duplicate_dhash,8,water_datasets/Flow-Img.v2i.yolov8/train/images/000047_jpg.rf.8fd39c9c2e37bd717132cb8bfc370e3c.jpg,water_datasets/Flow-Img.v2i.yolov8/train/images/000233_jpg.rf.dc716af79368c32760bd4207ed04a605.jpg,000047_jpg.rf.8fd39c9c2e37bd717132cb8bfc370e3c,000233_jpg.rf.dc716af79368c32760bd4207ed04a605,train,train
near_duplicate_dhash,8,water_datasets/Flow-Img.v2i.yolov8/train/images/000047_jpg.rf.8fd39c9c2e37bd717132cb8bfc370e3c.jpg,water_datasets/Flow-Img.v2i.yolov8/train/images/000914_jpg.rf.aa6a449cc136a0138e703732f5a79f77.jpg,000047_jpg.rf.8fd39c9c2e37bd717132cb8bfc370e3c,000914_jpg.rf.aa6a449cc136a0138e703732f5a79f77,train,train
near_duplicate_dhash,8,water_datasets/Flow-Img.v2i.yolov8/train/images/000048_jpg.rf.7b73fba6d326b7a07d05264a1eca174d.jpg,water_datasets/Flow-Img.v2i.yolov8/train/images/000897_jpg.rf.2fcf184f162c0e3c42bbe1c5e467788c.jpg,000048_jpg.rf.7b73fba6d326b7a07d05264a1eca174d,000897_jpg.rf.2fcf184f162c0e3c42bbe1c5e467788c,train,train
near_duplicate_dhash,7,water_datasets/Flow-Img.v2i.yolov8/train/images/000049_jpg.rf.5e9709ca263cc9301421a7991a5119d4.jpg,water_datasets/Flow-Img.v2i.yolov8/train/images/000818_jpg.rf.60f37a6c832326fae66f9b93cca44737.jpg,000049_jpg.rf.5e9709ca263cc9301421a7991a5119d4,000818_jpg.rf.60f37a6c832326fae66f9b93cca44737,train,train
near_duplicate_dhash,8,water_datasets/Flow-Img.v2i.yolov8/train/images/000050_jpg.rf.47cd91111d475f07042b547138e4ab4c.jpg,water_datasets/Flow-Img.v2i.yolov8/train/images/000098_jpg.rf.80cc4d2d7b957600429c165a9ca83e7b.jpg,000050_jpg.rf.47cd91111d475f07042b547138e4ab4c,000098_jpg.rf.80cc4d2d7b957600429c165a9ca83e7b,train,train
near_duplicate_dhash,8,water_datasets/Flow-Img.v2i.yolov8/train/images/000050_jpg.rf.47cd91111d475f07042b547138e4ab4c.jpg,water_datasets/Flow-Img.v2i.yolov8/train/images/000949_jpg.rf.261b863f4706321ae2988c1455a10060.jpg,000050_jpg.rf.47cd91111d475f07042b547138e4ab4c,000949_jpg.rf.261b863f4706321ae2988c1455a10060,train,train
near_duplicate_dhash,8,water_datasets/Flow-Img.v2i.yolov8/train/images/000054_jpg.rf.51d5fe3af455f67d49de00cdc526953c.jpg,water_datasets/Flow-Img.v2i.yolov8/train/images/000488_jpg.rf.5a357b067d6e47d7b1de281f9a03821f.jpg,000054_jpg.rf.51d5fe3af455f67d49de00cdc526953c,000488_jpg.rf.5a357b067d6e47d7b1de281f9a03821f,train,train
near_duplicate_dhash,7,water_datasets/Flow-Img.v2i.yolov8/train/images/000057_jpg.rf.9313474807021e8ef8feab48d8c945d7.jpg,water_datasets/Flow-Img.v2i.yolov8/train/images/000719_jpg.rf.f89b0f6f850ee12498c938f33f4672d7.jpg,000057_jpg.rf.9313474807021e8ef8feab48d8c945d7,000719_jpg.rf.f89b0f6f850ee12498c938f33f4672d7,train,train
near_duplicate_dhash,8,water_datasets/Flow-Img.v2i.yolov8/train/images/000057_jpg.rf.9313474807021e8ef8feab48d8c945d7.jpg,water_datasets/Flow-Img.v2i.yolov8/train/images/000979_jpg.rf.a5dc2103f2a09efb25b9be66bd560a57.jpg,000057_jpg.rf.9313474807021e8ef8feab48d8c945d7,000979_jpg.rf.a5dc2103f2a09efb25b9be66bd560a57,train,train
near_duplicate_dhash,7,water_datasets/Flow-Img.v2i.yolov8/train/images/000060_jpg.rf.1cc8d0727dcb84abcc1b61b9d92c1e2b.jpg,water_datasets/Flow-Img.v2i.yolov8/train/images/000088_jpg.rf.7e06b05a43368348f9891d0aca3572e1.jpg,000060_jpg.rf.1cc8d0727dcb84abcc1b61b9d92c1e2b,000088_jpg.rf.7e06b05a43368348f9891d0aca3572e1,train,train
near_duplicate_dhash,6,water_datasets/Flow-Img.v2i.yolov8/train/images/000060_jpg.rf.1cc8d0727dcb84abcc1b61b9d92c1e2b.jpg,water_datasets/Flow-Img.v2i.yolov8/train/images/000150_jpg.rf.5dd0036105f513f676304a65afe358c7.jpg,000060_jpg.rf.1cc8d0727dcb84abcc1b61b9d92c1e2b,000150_jpg.rf.5dd0036105f513f676304a65afe358c7,train,train
near_duplicate_dhash,7,water_datasets/Flow-Img.v2i.yolov8/train/images/000063_jpg.rf.962af82cda34565cb997974eeb414f63.jpg,water_datasets/Flow-Img.v2i.yolov8/train/images/000953_jpg.rf.1bb3b5208a3558a3518b6aaf92eb67e8.jpg,000063_jpg.rf.962af82cda34565cb997974eeb414f63,000953_jpg.rf.1bb3b5208a3558a3518b6aaf92eb67e8,train,train
near_duplicate_dhash,7,water_datasets/Flow-Img.v2i.yolov8/train/images/000070_jpg.rf.c848193f2df071be1f286013bfd6e2a3.jpg,water_datasets/Flow-Img.v2i.yolov8/train/images/000816_jpg.rf.285e9aa99556d7134b4eade57bc0e8b3.jpg,000070_jpg.rf.c848193f2df071be1f286013bfd6e2a3,000816_jpg.rf.285e9aa99556d7134b4eade57bc0e8b3,train,train
near_duplicate_dhash,8,water_datasets/Flow-Img.v2i.yolov8/train/images/000074_jpg.rf.8cf3d1a7b149c510d5cf658036aa69e6.jpg,water_datasets/Flow-Img.v2i.yolov8/train/images/000131_jpg.rf.29f9b40e70e8648247c5282ce12a6b82.jpg,000074_jpg.rf.8cf3d1a7b149c510d5cf658036aa69e6,000131_jpg.rf.29f9b40e70e8648247c5282ce12a6b82,train,train
near_duplicate_dhash,8,water_datasets/Flow-Img.v2i.yolov8/train/images/000075_jpg.rf.6c401e67f0af5748fadc2b0108e13a8b.jpg,water_datasets/Flow-Img.v2i.yolov8/train/images/000968_jpg.rf.19d6c36c2a21979045e28da3f94cb570.jpg,000075_jpg.rf.6c401e67f0af5748fadc2b0108e13a8b,000968_jpg.rf.19d6c36c2a21979045e28da3f94cb570,train,train
near_duplicate_dhash,8,water_datasets/Flow-Img.v2i.yolov8/train/images/000083_jpg.rf.70733a43a09baeb66d2539a4c2ef7c31.jpg,water_datasets/Flow-Img.v2i.yolov8/train/images/000317_jpg.rf.24e39bc516e384fbecdac87c3b2701cb.jpg,000083_jpg.rf.70733a43a09baeb66d2539a4c2ef7c31,000317_jpg.rf.24e39bc516e384fbecdac87c3b2701cb,train,train
near_duplicate_dhash,7,water_datasets/Flow-Img.v2i.yolov8/train/images/000083_jpg.rf.70733a43a09baeb66d2539a4c2ef7c31.jpg,water_datasets/Flow-Img.v2i.yolov8/train/images/000860_jpg.rf.6c8038e2f5a1692708d28a7368e2f22a.jpg,000083_jpg.rf.70733a43a09baeb66d2539a4c2ef7c31,000860_jpg.rf.6c8038e2f5a1692708d28a7368e2f22a,train,train
near_duplicate_dhash,8,water_datasets/Flow-Img.v2i.yolov8/train/images/000083_jpg.rf.70733a43a09baeb66d2539a4c2ef7c31.jpg,water_datasets/Flow-Img.v2i.yolov8/train/images/000920_jpg.rf.b0ae3c0dc872f12da63b9816bd70f0d0.jpg,000083_jpg.rf.70733a43a09baeb66d2539a4c2ef7c31,000920_jpg.rf.b0ae3c0dc872f12da63b9816bd70f0d0,train,train
near_duplicate_dhash,6,water_datasets/Flow-Img.v2i.yolov8/train/images/000084_jpg.rf.861a4fb91e47bd1322eb9be704280f07.jpg,water_datasets/Flow-Img.v2i.yolov8/train/images/000612_jpg.rf.24140fc01ee871f869020a589f90363e.jpg,000084_jpg.rf.861a4fb91e47bd1322eb9be704280f07,000612_jpg.rf.24140fc01ee871f869020a589f90363e,train,train
near_duplicate_dhash,8,water_datasets/Flow-Img.v2i.yolov8/train/images/000086_jpg.rf.4684180bcb0e76f0eff87175fe684666.jpg,water_datasets/Flow-Img.v2i.yolov8/train/images/000536_jpg.rf.89dfe174808fcd4215095adb6f1f2490.jpg,000086_jpg.rf.4684180bcb0e76f0eff87175fe684666,000536_jpg.rf.89dfe174808fcd4215095adb6f1f2490,train,train
near_duplicate_dhash,8,water_datasets/Flow-Img.v2i.yolov8/train/images/000086_jpg.rf.4684180bcb0e76f0eff87175fe684666.jpg,water_datasets/Flow-Img.v2i.yolov8/train/images/000830_jpg.rf.6d34c6ce5bc45e912c629bf1643be66c.jpg,000086_jpg.rf.4684180bcb0e76f0eff87175fe684666,000830_jpg.rf.6d34c6ce5bc45e912c629bf1643be66c,train,train
near_duplicate_dhash,8,water_datasets/Flow-Img.v2i.yolov8/train/images/000086_jpg.rf.4684180bcb0e76f0eff87175fe684666.jpg,water_datasets/Flow-Img.v2i.yolov8/train/images/001037_jpg.rf.c03a6551c0477991b4beee0a95216ff4.jpg,000086_jpg.rf.4684180bcb0e76f0eff87175fe684666,001037_jpg.rf.c03a6551c0477991b4beee0a95216ff4,train,train
near_duplicate_dhash,6,water_datasets/Flow-Img.v2i.yolov8/train/images/000087_jpg.rf.f138acef0e0d73a561b84a2656dff12d.jpg,water_datasets/Flow-Img.v2i.yolov8/train/images/000819_jpg.rf.c381d54a16e4443ce7e989c74dced592.jpg,000087_jpg.rf.f138acef0e0d73a561b84a2656dff12d,000819_jpg.rf.c381d54a16e4443ce7e989c74dced592,train,train
near_duplicate_dhash,8,water_datasets/Flow-Img.v2i.yolov8/train/images/000087_jpg.rf.f138acef0e0d73a561b84a2656dff12d.jpg,water_datasets/Flow-Img.v2i.yolov8/train/images/001149_jpg.rf.5d938345afd4fa380dd84a050a09019b.jpg,000087_jpg.rf.f138acef0e0d73a561b84a2656dff12d,001149_jpg.rf.5d938345afd4fa380dd84a050a09019b,train,train
near_duplicate_dhash,6,water_datasets/Flow-Img.v2i.yolov8/train/images/000088_jpg.rf.7e06b05a43368348f9891d0aca3572e1.jpg,water_datasets/Flow-Img.v2i.yolov8/train/images/000296_jpg.rf.191f2ac263227d07d6681c0d4ff02862.jpg,000088_jpg.rf.7e06b05a43368348f9891d0aca3572e1,000296_jpg.rf.191f2ac263227d07d6681c0d4ff02862,train,train
near_duplicate_dhash,6,water_datasets/Flow-Img.v2i.yolov8/train/images/000088_jpg.rf.7e06b05a43368348f9891d0aca3572e1.jpg,water_datasets/Flow-Img.v2i.yolov8/train/images/000300_jpg.rf.c0c5c240daa5f3875ec947e3d8585ebd.jpg,000088_jpg.rf.7e06b05a43368348f9891d0aca3572e1,000300_jpg.rf.c0c5c240daa5f3875ec947e3d8585ebd,train,train
near_duplicate_dhash,7,water_datasets/Flow-Img.v2i.yolov8/train/images/000088_jpg.rf.7e06b05a43368348f9891d0aca3572e1.jpg,water_datasets/Flow-Img.v2i.yolov8/train/images/000733_jpg.rf.eb75505269bc3bb834649ed31a334e66.jpg,000088_jpg.rf.7e06b05a43368348f9891d0aca3572e1,000733_jpg.rf.eb75505269bc3bb834649ed31a334e66,train,train
near_duplicate_dhash,6,water_datasets/Flow-Img.v2i.yolov8/train/images/000088_jpg.rf.7e06b05a43368348f9891d0aca3572e1.jpg,water_datasets/Flow-Img.v2i.yolov8/train/images/000986_jpg.rf.071a7557387f97c3f8332b4184241736.jpg,000088_jpg.rf.7e06b05a43368348f9891d0aca3572e1,000986_jpg.rf.071a7557387f97c3f8332b4184241736,train,train
near_duplicate_dhash,6,water_datasets/Flow-Img.v2i.yolov8/train/images/000089_jpg.rf.322c001360aab8198002ff0d91b781a7.jpg,water_datasets/Flow-Img.v2i.yolov8/train/images/000594_jpg.rf.eaf618de963eb9e6745960d876917c0e.jpg,000089_jpg.rf.322c001360aab8198002ff0d91b781a7,000594_jpg.rf.eaf618de963eb9e6745960d876917c0e,train,train
near_duplicate_dhash,8,water_datasets/Flow-Img.v2i.yolov8/train/images/000092_jpg.rf.3b3b412f67266f3310ace414b5b6490e.jpg,water_datasets/Flow-Img.v2i.yolov8/train/images/000291_jpg.rf.ea5ff36473c16d95962b069cad2631a3.jpg,000092_jpg.rf.3b3b412f67266f3310ace414b5b6490e,000291_jpg.rf.ea5ff36473c16d95962b069cad2631a3,train,train
near_duplicate_dhash,7,water_datasets/Flow-Img.v2i.yolov8/train/images/000093_jpg.rf.6b8c6a9fae9eab2a907954e6338f7d17.jpg,water_datasets/Flow-Img.v2i.yolov8/train/images/000145_jpg.rf.c420ef247f3fde847214fcf9c9db6df4.jpg,000093_jpg.rf.6b8c6a9fae9eab2a907954e6338f7d17,000145_jpg.rf.c420ef247f3fde847214fcf9c9db6df4,train,train
near_duplicate_dhash,8,water_datasets/Flow-Img.v2i.yolov8/train/images/000094_jpg.rf.884c275b8c49cc638aae77fbbb95994f.jpg,water_datasets/Flow-Img.v2i.yolov8/train/images/000497_jpg.rf.d9d1e07ace341ca7a271cbad31311164.jpg,000094_jpg.rf.884c275b8c49cc638aae77fbbb95994f,000497_jpg.rf.d9d1e07ace341ca7a271cbad31311164,train,train
near_duplicate_dhash,8,water_datasets/Flow-Img.v2i.yolov8/train/images/000094_jpg.rf.884c275b8c49cc638aae77fbbb95994f.jpg,water_datasets/Flow-Img.v2i.yolov8/train/images/000510_jpg.rf.7bfd0ed6fdc782b4cc8abdade73ccb39.jpg,000094_jpg.rf.884c275b8c49cc638aae77fbbb95994f,000510_jpg.rf.7bfd0ed6fdc782b4cc8abdade73ccb39,train,train
near_duplicate_dhash,7,water_datasets/Flow-Img.v2i.yolov8/train/images/000094_jpg.rf.884c275b8c49cc638aae77fbbb95994f.jpg,water_datasets/Flow-Img.v2i.yolov8/train/images/000536_jpg.rf.89dfe174808fcd4215095adb6f1f2490.jpg,000094_jpg.rf.884c275b8c49cc638aae77fbbb95994f,000536_jpg.rf.89dfe174808fcd4215095adb6f1f2490,train,train
near_duplicate_dhash,6,water_datasets/Flow-Img.v2i.yolov8/train/images/000094_jpg.rf.884c275b8c49cc638aae77fbbb95994f.jpg,water_datasets/Flow-Img.v2i.yolov8/train/images/000555_jpg.rf.cdad170345e0eb9f4d4aa4f2ee867b05.jpg,000094_jpg.rf.884c275b8c49cc638aae77fbbb95994f,000555_jpg.rf.cdad170345e0eb9f4d4aa4f2ee867b05,train,train
near_duplicate_dhash,6,water_datasets/Flow-Img.v2i.yolov8/train/images/000094_jpg.rf.884c275b8c49cc638aae77fbbb95994f.jpg,water_datasets/Flow-Img.v2i.yolov8/train/images/000563_jpg.rf.71a9d469b57f320aac94472dab43a24b.jpg,000094_jpg.rf.884c275b8c49cc638aae77fbbb95994f,000563_jpg.rf.71a9d469b57f320aac94472dab43a24b,train,train
near_duplicate_dhash,8,water_datasets/Flow-Img.v2i.yolov8/train/images/000094_jpg.rf.884c275b8c49cc638aae77fbbb95994f.jpg,water_datasets/Flow-Img.v2i.yolov8/train/images/000590_jpg.rf.b9e2f33b39d25c59fc9684d07f14bfc0.jpg,000094_jpg.rf.884c275b8c49cc638aae77fbbb95994f,000590_jpg.rf.b9e2f33b39d25c59fc9684d07f14bfc0,train,train
near_duplicate_dhash,7,water_datasets/Flow-Img.v2i.yolov8/train/images/000094_jpg.rf.884c275b8c49cc638aae77fbbb95994f.jpg,water_datasets/Flow-Img.v2i.yolov8/train/images/000709_jpg.rf.5170cb1c4bb09701d13c6d7dce5be8bc.jpg,000094_jpg.rf.884c275b8c49cc638aae77fbbb95994f,000709_jpg.rf.5170cb1c4bb09701d13c6d7dce5be8bc,train,train
near_duplicate_dhash,7,water_datasets/Flow-Img.v2i.yolov8/train/images/000094_jpg.rf.884c275b8c49cc638aae77fbbb95994f.jpg,water_datasets/Flow-Img.v2i.yolov8/train/images/000763_jpg.rf.d4b67dac86e28f13a53d8fe602e0d6a9.jpg,000094_jpg.rf.884c275b8c49cc638aae77fbbb95994f,000763_jpg.rf.d4b67dac86e28f13a53d8fe602e0d6a9,train,train
near_duplicate_dhash,8,water_datasets/Flow-Img.v2i.yolov8/train/images/000094_jpg.rf.884c275b8c49cc638aae77fbbb95994f.jpg,water_datasets/Flow-Img.v2i.yolov8/train/images/000839_jpg.rf.3aaebbcac6ac2980a5f9528fd6fc99e4.jpg,000094_jpg.rf.884c275b8c49cc638aae77fbbb95994f,000839_jpg.rf.3aaebbcac6ac2980a5f9528fd6fc99e4,train,train
near_duplicate_dhash,6,water_datasets/Flow-Img.v2i.yolov8/train/images/000094_jpg.rf.884c275b8c49cc638aae77fbbb95994f.jpg,water_datasets/Flow-Img.v2i.yolov8/train/images/000851_jpg.rf.29596641fc65266ddc559fc9127a6acc.jpg,000094_jpg.rf.884c275b8c49cc638aae77fbbb95994f,000851_jpg.rf.29596641fc65266ddc559fc9127a6acc,train,train
near_duplicate_dhash,8,water_datasets/Flow-Img.v2i.yolov8/train/images/000094_jpg.rf.884c275b8c49cc638aae77fbbb95994f.jpg,water_datasets/Flow-Img.v2i.yolov8/train/images/001023_jpg.rf.765af0fa0d15e73dd43ec0e30aa8ca35.jpg,000094_jpg.rf.884c275b8c49cc638aae77fbbb95994f,001023_jpg.rf.765af0fa0d15e73dd43ec0e30aa8ca35,train,train
near_duplicate_dhash,7,water_datasets/Flow-Img.v2i.yolov8/train/images/000094_jpg.rf.884c275b8c49cc638aae77fbbb95994f.jpg,water_datasets/Flow-Img.v2i.yolov8/train/images/001056_jpg.rf.6bd2dfca5b9536235e5395b8077eea61.jpg,000094_jpg.rf.884c275b8c49cc638aae77fbbb95994f,001056_jpg.rf.6bd2dfca5b9536235e5395b8077eea61,train,train
near_duplicate_dhash,7,water_datasets/Flow-Img.v2i.yolov8/train/images/000094_jpg.rf.884c275b8c49cc638aae77fbbb95994f.jpg,water_datasets/Flow-Img.v2i.yolov8/train/images/001059_jpg.rf.978856b83c7de90deae1d584c1a38c8d.jpg,000094_jpg.rf.884c275b8c49cc638aae77fbbb95994f,001059_jpg.rf.978856b83c7de90deae1d584c1a38c8d,train,train
near_duplicate_dhash,6,water_datasets/Flow-Img.v2i.yolov8/train/images/000095_jpg.rf.4c71cfa5d88d0f1e712614de611d94be.jpg,water_datasets/Flow-Img.v2i.yolov8/train/images/000473_jpg.rf.39ed32bfa8f1c5f0ec51200a9932a951.jpg,000095_jpg.rf.4c71cfa5d88d0f1e712614de611d94be,000473_jpg.rf.39ed32bfa8f1c5f0ec51200a9932a951,train,train
near_duplicate_dhash,8,water_datasets/Flow-Img.v2i.yolov8/train/images/000095_jpg.rf.4c71cfa5d88d0f1e712614de611d94be.jpg,water_datasets/Flow-Img.v2i.yolov8/train/images/000648_jpg.rf.6b495281924bfd1f41828607e203d9c1.jpg,000095_jpg.rf.4c71cfa5d88d0f1e712614de611d94be,000648_jpg.rf.6b495281924bfd1f41828607e203d9c1,train,train
near_duplicate_dhash,6,water_datasets/Flow-Img.v2i.yolov8/train/images/000095_jpg.rf.4c71cfa5d88d0f1e712614de611d94be.jpg,water_datasets/Flow-Img.v2i.yolov8/train/images/000980_jpg.rf.67cf30cbc14142db693c518fb10d38eb.jpg,000095_jpg.rf.4c71cfa5d88d0f1e712614de611d94be,000980_jpg.rf.67cf30cbc14142db693c518fb10d38eb,train,train
near_duplicate_dhash,8,water_datasets/Flow-Img.v2i.yolov8/train/images/000097_jpg.rf.c4ef5d5faac42b7faf1d58625618e8b2.jpg,water_datasets/Flow-Img.v2i.yolov8/train/images/001193_jpg.rf.5020b9642d963b6993027163cda29f04.jpg,000097_jpg.rf.c4ef5d5faac42b7faf1d58625618e8b2,001193_jpg.rf.5020b9642d963b6993027163cda29f04,train,train
near_duplicate_dhash,7,water_datasets/Flow-Img.v2i.yolov8/train/images/000098_jpg.rf.80cc4d2d7b957600429c165a9ca83e7b.jpg,water_datasets/Flow-Img.v2i.yolov8/train/images/000993_jpg.rf.e6a2df5d2ff0ad90f26e4b5c8e423718.jpg,000098_jpg.rf.80cc4d2d7b957600429c165a9ca83e7b,000993_jpg.rf.e6a2df5d2ff0ad90f26e4b5c8e423718,train,train
near_duplicate_dhash,7,water_datasets/Flow-Img.v2i.yolov8/train/images/000101_jpg.rf.ec0427164517e826406f080be567c8b6.jpg,water_datasets/Flow-Img.v2i.yolov8/train/images/000338_jpg.rf.3c9721bfc3d65946212fd5c3f83e411a.jpg,000101_jpg.rf.ec0427164517e826406f080be567c8b6,000338_jpg.rf.3c9721bfc3d65946212fd5c3f83e411a,train,train
near_duplicate_dhash,8,water_datasets/Flow-Img.v2i.yolov8/train/images/000101_jpg.rf.ec0427164517e826406f080be567c8b6.jpg,water_datasets/Flow-Img.v2i.yolov8/train/images/000358_jpg.rf.f0774d9a536eb1795df5c714f9e75aac.jpg,000101_jpg.rf.ec0427164517e826406f080be567c8b6,000358_jpg.rf.f0774d9a536eb1795df5c714f9e75aac,train,train
near_duplicate_dhash,7,water_datasets/Flow-Img.v2i.yolov8/train/images/000103_jpg.rf.e986ffa93554594c77fb71b45e1aab1b.jpg,water_datasets/Flow-Img.v2i.yolov8/train/images/000114_jpg.rf.fc68818227c7b83e4670f10c5a5d8c41.jpg,000103_jpg.rf.e986ffa93554594c77fb71b45e1aab1b,000114_jpg.rf.fc68818227c7b83e4670f10c5a5d8c41,train,train
near_duplicate_dhash,8,water_datasets/Flow-Img.v2i.yolov8/train/images/000103_jpg.rf.e986ffa93554594c77fb71b45e1aab1b.jpg,water_datasets/Flow-Img.v2i.yolov8/train/images/000541_jpg.rf.39c343bb6551932b4086d21df6a30b99.jpg,000103_jpg.rf.e986ffa93554594c77fb71b45e1aab1b,000541_jpg.rf.39c343bb6551932b4086d21df6a30b99,train,train
near_duplicate_dhash,6,water_datasets/Flow-Img.v2i.yolov8/train/images/000106_jpg.rf.fa9458162a8b289c0468f863974046ac.jpg,water_datasets/Flow-Img.v2i.yolov8/train/images/000224_jpg.rf.611570194ffba2e430d10907db3ee08c.jpg,000106_jpg.rf.fa9458162a8b289c0468f863974046ac,000224_jpg.rf.611570194ffba2e430d10907db3ee08c,train,train
near_duplicate_dhash,7,water_datasets/Flow-Img.v2i.yolov8/train/images/000106_jpg.rf.fa9458162a8b289c0468f863974046ac.jpg,water_datasets/Flow-Img.v2i.yolov8/train/images/000539_jpg.rf.d3dbc2c0e62752e77df903d64c388995.jpg,000106_jpg.rf.fa9458162a8b289c0468f863974046ac,000539_jpg.rf.d3dbc2c0e62752e77df903d64c388995,train,train
near_duplicate_dhash,6,water_datasets/Flow-Img.v2i.yolov8/train/images/000106_jpg.rf.fa9458162a8b289c0468f863974046ac.jpg,water_datasets/Flow-Img.v2i.yolov8/train/images/000914_jpg.rf.aa6a449cc136a0138e703732f5a79f77.jpg,000106_jpg.rf.fa9458162a8b289c0468f863974046ac,000914_jpg.rf.aa6a449cc136a0138e703732f5a79f77,train,train
near_duplicate_dhash,8,water_datasets/Flow-Img.v2i.yolov8/train/images/000112_jpg.rf.a6c79c6080fdd3a45dd66a23ad691e99.jpg,water_datasets/Flow-Img.v2i.yolov8/train/images/000418_jpg.rf.197349fdfd91b761c3922a60c5281976.jpg,000112_jpg.rf.a6c79c6080fdd3a45dd66a23ad691e99,000418_jpg.rf.197349fdfd91b761c3922a60c5281976,train,train
near_duplicate_dhash,7,water_datasets/Flow-Img.v2i.yolov8/train/images/000112_jpg.rf.a6c79c6080fdd3a45dd66a23ad691e99.jpg,water_datasets/Flow-Img.v2i.yolov8/train/images/001193_jpg.rf.5020b9642d963b6993027163cda29f04.jpg,000112_jpg.rf.a6c79c6080fdd3a45dd66a23ad691e99,001193_jpg.rf.5020b9642d963b6993027163cda29f04,train,train
near_duplicate_dhash,8,water_datasets/Flow-Img.v2i.yolov8/train/images/000113_jpg.rf.189bc16809994d10c9cabd79a1484a8a.jpg,water_datasets/Flow-Img.v2i.yolov8/train/images/000208_jpg.rf.a94f6194774f78fd00bd8d2d957cb955.jpg,000113_jpg.rf.189bc16809994d10c9cabd79a1484a8a,000208_jpg.rf.a94f6194774f78fd00bd8d2d957cb955,train,train
near_duplicate_dhash,6,water_datasets/Flow-Img.v2i.yolov8/train/images/000113_jpg.rf.189bc16809994d10c9cabd79a1484a8a.jpg,water_datasets/Flow-Img.v2i.yolov8/train/images/000292_jpg.rf.f031b52f22173c3e33810a4ccbd815cc.jpg,000113_jpg.rf.189bc16809994d10c9cabd79a1484a8a,000292_jpg.rf.f031b52f22173c3e33810a4ccbd815cc,train,train
near_duplicate_dhash,7,water_datasets/Flow-Img.v2i.yolov8/train/images/000113_jpg.rf.189bc16809994d10c9cabd79a1484a8a.jpg,water_datasets/Flow-Img.v2i.yolov8/train/images/000315_jpg.rf.57e84c6591bc26734f2ca93f44f0e38d.jpg,000113_jpg.rf.189bc16809994d10c9cabd79a1484a8a,000315_jpg.rf.57e84c6591bc26734f2ca93f44f0e38d,train,train
near_duplicate_dhash,7,water_datasets/Flow-Img.v2i.yolov8/train/images/000113_jpg.rf.189bc16809994d10c9cabd79a1484a8a.jpg,water_datasets/Flow-Img.v2i.yolov8/train/images/000590_jpg.rf.b9e2f33b39d25c59fc9684d07f14bfc0.jpg,000113_jpg.rf.189bc16809994d10c9cabd79a1484a8a,000590_jpg.rf.b9e2f33b39d25c59fc9684d07f14bfc0,train,train
near_duplicate_dhash,8,water_datasets/Flow-Img.v2i.yolov8/train/images/000113_jpg.rf.189bc16809994d10c9cabd79a1484a8a.jpg,water_datasets/Flow-Img.v2i.yolov8/train/images/000709_jpg.rf.5170cb1c4bb09701d13c6d7dce5be8bc.jpg,000113_jpg.rf.189bc16809994d10c9cabd79a1484a8a,000709_jpg.rf.5170cb1c4bb09701d13c6d7dce5be8bc,train,train
near_duplicate_dhash,8,water_datasets/Flow-Img.v2i.yolov8/train/images/000113_jpg.rf.189bc16809994d10c9cabd79a1484a8a.jpg,water_datasets/Flow-Img.v2i.yolov8/train/images/000763_jpg.rf.d4b67dac86e28f13a53d8fe602e0d6a9.jpg,000113_jpg.rf.189bc16809994d10c9cabd79a1484a8a,000763_jpg.rf.d4b67dac86e28f13a53d8fe602e0d6a9,train,train
near_duplicate_dhash,7,water_datasets/Flow-Img.v2i.yolov8/train/images/000113_jpg.rf.189bc16809994d10c9cabd79a1484a8a.jpg,water_datasets/Flow-Img.v2i.yolov8/train/images/001040_jpg.rf.10e1bd8653b501937d3e6648649f7b1b.jpg,000113_jpg.rf.189bc16809994d10c9cabd79a1484a8a,001040_jpg.rf.10e1bd8653b501937d3e6648649f7b1b,train,train
near_duplicate_dhash,6,water_datasets/Flow-Img.v2i.yolov8/train/images/000113_jpg.rf.189bc16809994d10c9cabd79a1484a8a.jpg,water_datasets/Flow-Img.v2i.yolov8/train/images/001056_jpg.rf.6bd2dfca5b9536235e5395b8077eea61.jpg,000113_jpg.rf.189bc16809994d10c9cabd79a1484a8a,001056_jpg.rf.6bd2dfca5b9536235e5395b8077eea61,train,train
near_duplicate_dhash,7,water_datasets/Flow-Img.v2i.yolov8/train/images/000113_jpg.rf.189bc16809994d10c9cabd79a1484a8a.jpg,water_datasets/Flow-Img.v2i.yolov8/train/images/001077_jpg.rf.1c5a43021cfbad4c03b6f071ff01f570.jpg,000113_jpg.rf.189bc16809994d10c9cabd79a1484a8a,001077_jpg.rf.1c5a43021cfbad4c03b6f071ff01f570,train,train
near_duplicate_dhash,7,water_datasets/Flow-Img.v2i.yolov8/train/images/000114_jpg.rf.fc68818227c7b83e4670f10c5a5d8c41.jpg,water_datasets/Flow-Img.v2i.yolov8/train/images/000541_jpg.rf.39c343bb6551932b4086d21df6a30b99.jpg,000114_jpg.rf.fc68818227c7b83e4670f10c5a5d8c41,000541_jpg.rf.39c343bb6551932b4086d21df6a30b99,train,train
near_duplicate_dhash,8,water_datasets/Flow-Img.v2i.yolov8/train/images/000115_jpg.rf.0ace878d244707aba2f9da2c3c288042.jpg,water_datasets/Flow-Img.v2i.yolov8/train/images/000132_jpg.rf.783a6f8a757495f0a564f4a42201ea6a.jpg,000115_jpg.rf.0ace878d244707aba2f9da2c3c288042,000132_jpg.rf.783a6f8a757495f0a564f4a42201ea6a,train,train
near_duplicate_dhash,6,water_datasets/Flow-Img.v2i.yolov8/train/images/000115_jpg.rf.0ace878d244707aba2f9da2c3c288042.jpg,water_datasets/Flow-Img.v2i.yolov8/train/images/000226_jpg.rf.5279613317e097751100f29f6071eb7d.jpg,000115_jpg.rf.0ace878d244707aba2f9da2c3c288042,000226_jpg.rf.5279613317e097751100f29f6071eb7d,train,train
near_duplicate_dhash,6,water_datasets/Flow-Img.v2i.yolov8/train/images/000116_jpg.rf.4e7ff34a862f24d5843140cfb51e7f69.jpg,water_datasets/Flow-Img.v2i.yolov8/train/images/000686_jpg.rf.70515dd061fe0c9fcc45621b984423b2.jpg,000116_jpg.rf.4e7ff34a862f24d5843140cfb51e7f69,000686_jpg.rf.70515dd061fe0c9fcc45621b984423b2,train,train
near_duplicate_dhash,8,water_datasets/Flow-Img.v2i.yolov8/train/images/000116_jpg.rf.4e7ff34a862f24d5843140cfb51e7f69.jpg,water_datasets/Flow-Img.v2i.yolov8/train/images/000854_jpg.rf.e67e5760bd0dbf67009e3bf7eaa24631.jpg,000116_jpg.rf.4e7ff34a862f24d5843140cfb51e7f69,000854_jpg.rf.e67e5760bd0dbf67009e3bf7eaa24631,train,train
near_duplicate_dhash,7,water_datasets/Flow-Img.v2i.yolov8/train/images/000124_jpg.rf.1e0858aae15988c3e7ec9c1cff41a88b.jpg,water_datasets/Flow-Img.v2i.yolov8/train/images/000493_jpg.rf.49ffb6fd6a692985372352ee9d9f918a.jpg,000124_jpg.rf.1e0858aae15988c3e7ec9c1cff41a88b,000493_jpg.rf.49ffb6fd6a692985372352ee9d9f918a,train,train
near_duplicate_dhash,6,water_datasets/Flow-Img.v2i.yolov8/train/images/000124_jpg.rf.1e0858aae15988c3e7ec9c1cff41a88b.jpg,water_datasets/Flow-Img.v2i.yolov8/train/images/000664_jpg.rf.1c022c568e83385bd40074ab3b26dee5.jpg,000124_jpg.rf.1e0858aae15988c3e7ec9c1cff41a88b,000664_jpg.rf.1c022c568e83385bd40074ab3b26dee5,train,train
near_duplicate_dhash,7,water_datasets/Flow-Img.v2i.yolov8/train/images/000126_jpg.rf.5a60f975b38edea5bdc3ba3c673ef90c.jpg,water_datasets/Flow-Img.v2i.yolov8/train/images/000660_jpg.rf.458f6ed844bca1c452445bdfaea88319.jpg,000126_jpg.rf.5a60f975b38edea5bdc3ba3c673ef90c,000660_jpg.rf.458f6ed844bca1c452445bdfaea88319,train,train
near_duplicate_dhash,8,water_datasets/Flow-Img.v2i.yolov8/train/images/000126_jpg.rf.5a60f975b38edea5bdc3ba3c673ef90c.jpg,water_datasets/Flow-Img.v2i.yolov8/train/images/000809_jpg.rf.aaac98838869f6fe011b0dabe980705f.jpg,000126_jpg.rf.5a60f975b38edea5bdc3ba3c673ef90c,000809_jpg.rf.aaac98838869f6fe011b0dabe980705f,train,train
near_duplicate_dhash,6,water_datasets/Flow-Img.v2i.yolov8/train/images/000127_jpg.rf.599b90845d24efde4397ad9aca7a4111.jpg,water_datasets/Flow-Img.v2i.yolov8/train/images/001160_jpg.rf.049bcf14b2abf0e8c076d78f45f0af05.jpg,000127_jpg.rf.599b90845d24efde4397ad9aca7a4111,001160_jpg.rf.049bcf14b2abf0e8c076d78f45f0af05,train,train
near_duplicate_dhash,8,water_datasets/Flow-Img.v2i.yolov8/train/images/000130_jpg.rf.d16cba0d85fbb11f3bb188ed3dfe68c3.jpg,water_datasets/Flow-Img.v2i.yolov8/train/images/000995_jpg.rf.1ba3a6fc3f1d3fd9cd9b8eac57d80279.jpg,000130_jpg.rf.d16cba0d85fbb11f3bb188ed3dfe68c3,000995_jpg.rf.1ba3a6fc3f1d3fd9cd9b8eac57d80279,train,train
near_duplicate_dhash,7,water_datasets/Flow-Img.v2i.yolov8/train/images/000131_jpg.rf.29f9b40e70e8648247c5282ce12a6b82.jpg,water_datasets/Flow-Img.v2i.yolov8/train/images/000708_jpg.rf.85abb275c3bae81ac30daca619f372e3.jpg,000131_jpg.rf.29f9b40e70e8648247c5282ce12a6b82,000708_jpg.rf.85abb275c3bae81ac30daca619f372e3,train,train
near_duplicate_dhash,6,water_datasets/Flow-Img.v2i.yolov8/train/images/000132_jpg.rf.783a6f8a757495f0a564f4a42201ea6a.jpg,water_datasets/Flow-Img.v2i.yolov8/train/images/000564_jpg.rf.474cb9f48e803fc9597680c5cd9a028d.jpg,000132_jpg.rf.783a6f8a757495f0a564f4a42201ea6a,000564_jpg.rf.474cb9f48e803fc9597680c5cd9a028d,train,train
near_duplicate_dhash,6,water_datasets/Flow-Img.v2i.yolov8/train/images/000135_jpg.rf.e363046e54ab0a16597e696f72c8a089.jpg,water_datasets/Flow-Img.v2i.yolov8/train/images/000210_jpg.rf.cf625c813b9b1e56c7c84aaf15c289ce.jpg,000135_jpg.rf.e363046e54ab0a16597e696f72c8a089,000210_jpg.rf.cf625c813b9b1e56c7c84aaf15c289ce,train,train
near_duplicate_dhash,8,water_datasets/Flow-Img.v2i.yolov8/train/images/000135_jpg.rf.e363046e54ab0a16597e696f72c8a089.jpg,water_datasets/Flow-Img.v2i.yolov8/train/images/000500_jpg.rf.3aa611cd7b6986e7120ce10b7ff5cc60.jpg,000135_jpg.rf.e363046e54ab0a16597e696f72c8a089,000500_jpg.rf.3aa611cd7b6986e7120ce10b7ff5cc60,train,train
near_duplicate_dhash,8,water_datasets/Flow-Img.v2i.yolov8/train/images/000135_jpg.rf.e363046e54ab0a16597e696f72c8a089.jpg,water_datasets/Flow-Img.v2i.yolov8/train/images/000720_jpg.rf.cdecab7110e6e49e83f11233d23e72fa.jpg,000135_jpg.rf.e363046e54ab0a16597e696f72c8a089,000720_jpg.rf.cdecab7110e6e49e83f11233d23e72fa,train,train
near_duplicate_dhash,6,water_datasets/Flow-Img.v2i.yolov8/train/images/000135_jpg.rf.e363046e54ab0a16597e696f72c8a089.jpg,water_datasets/Flow-Img.v2i.yolov8/train/images/000936_jpg.rf.e41551b87b87f3d93e92b3009d57c39b.jpg,000135_jpg.rf.e363046e54ab0a16597e696f72c8a089,000936_jpg.rf.e41551b87b87f3d93e92b3009d57c39b,train,train
near_duplicate_dhash,7,water_datasets/Flow-Img.v2i.yolov8/train/images/000136_jpg.rf.4a7a48e6a02829d6042393460516d618.jpg,water_datasets/Flow-Img.v2i.yolov8/train/images/001196_jpg.rf.e4abef9848b0ee4aff2d5d447a2f224a.jpg,000136_jpg.rf.4a7a48e6a02829d6042393460516d618,001196_jpg.rf.e4abef9848b0ee4aff2d5d447a2f224a,train,train
near_duplicate_dhash,7,water_datasets/Flow-Img.v2i.yolov8/train/images/000137_jpg.rf.29a413eb70cdbc30d21518f61ba561b3.jpg,water_datasets/Flow-Img.v2i.yolov8/train/images/000292_jpg.rf.f031b52f22173c3e33810a4ccbd815cc.jpg,000137_jpg.rf.29a413eb70cdbc30d21518f61ba561b3,000292_jpg.rf.f031b52f22173c3e33810a4ccbd815cc,train,train
near_duplicate_dhash,7,water_datasets/Flow-Img.v2i.yolov8/train/images/000137_jpg.rf.29a413eb70cdbc30d21518f61ba561b3.jpg,water_datasets/Flow-Img.v2i.yolov8/train/images/000321_jpg.rf.6445a0d531191f5bbaf116d0675e6bed.jpg,000137_jpg.rf.29a413eb70cdbc30d21518f61ba561b3,000321_jpg.rf.6445a0d531191f5bbaf116d0675e6bed,train,train
near_duplicate_dhash,8,water_datasets/Flow-Img.v2i.yolov8/train/images/000137_jpg.rf.29a413eb70cdbc30d21518f61ba561b3.jpg,water_datasets/Flow-Img.v2i.yolov8/train/images/000510_jpg.rf.7bfd0ed6fdc782b4cc8abdade73ccb39.jpg,000137_jpg.rf.29a413eb70cdbc30d21518f61ba561b3,000510_jpg.rf.7bfd0ed6fdc782b4cc8abdade73ccb39,train,train
near_duplicate_dhash,6,water_datasets/Flow-Img.v2i.yolov8/train/images/000137_jpg.rf.29a413eb70cdbc30d21518f61ba561b3.jpg,water_datasets/Flow-Img.v2i.yolov8/train/images/000590_jpg.rf.b9e2f33b39d25c59fc9684d07f14bfc0.jpg,000137_jpg.rf.29a413eb70cdbc30d21518f61ba561b3,000590_jpg.rf.b9e2f33b39d25c59fc9684d07f14bfc0,train,train
near_duplicate_dhash,8,water_datasets/Flow-Img.v2i.yolov8/train/images/000137_jpg.rf.29a413eb70cdbc30d21518f61ba561b3.jpg,water_datasets/Flow-Img.v2i.yolov8/train/images/001040_jpg.rf.10e1bd8653b501937d3e6648649f7b1b.jpg,000137_jpg.rf.29a413eb70cdbc30d21518f61ba561b3,001040_jpg.rf.10e1bd8653b501937d3e6648649f7b1b,train,train
near_duplicate_dhash,8,water_datasets/Flow-Img.v2i.yolov8/train/images/000138_jpg.rf.2e393309e5729c42d1d491d1c7b4b924.jpg,water_datasets/Flow-Img.v2i.yolov8/train/images/000543_jpg.rf.fc8ad1456c7a73f91e5e8eb10a91083b.jpg,000138_jpg.rf.2e393309e5729c42d1d491d1c7b4b924,000543_jpg.rf.fc8ad1456c7a73f91e5e8eb10a91083b,train,train
near_duplicate_dhash,7,water_datasets/Flow-Img.v2i.yolov8/train/images/000145_jpg.rf.c420ef247f3fde847214fcf9c9db6df4.jpg,water_datasets/Flow-Img.v2i.yolov8/train/images/000251_jpg.rf.61b641f2b970fc32f178ba42719446d3.jpg,000145_jpg.rf.c420ef247f3fde847214fcf9c9db6df4,000251_jpg.rf.61b641f2b970fc32f178ba42719446d3,train,train
near_duplicate_dhash,6,water_datasets/Flow-Img.v2i.yolov8/train/images/000146_jpg.rf.ae6262c7c823ccf98137ae2a9e6748bf.jpg,water_datasets/Flow-Img.v2i.yolov8/train/images/000764_jpg.rf.646ec7ca09d51caf69059d912ce2ddb4.jpg,000146_jpg.rf.ae6262c7c823ccf98137ae2a9e6748bf,000764_jpg.rf.646ec7ca09d51caf69059d912ce2ddb4,train,train
near_duplicate_dhash,8,water_datasets/Flow-Img.v2i.yolov8/train/images/000148_jpg.rf.01fda369427a039f8954b4525e0721a6.jpg,water_datasets/Flow-Img.v2i.yolov8/train/images/000236_jpg.rf.085ba3cb3c3c9b8574f3787c751e1839.jpg,000148_jpg.rf.01fda369427a039f8954b4525e0721a6,000236_jpg.rf.085ba3cb3c3c9b8574f3787c751e1839,train,train
near_duplicate_dhash,7,water_datasets/Flow-Img.v2i.yolov8/train/images/000148_jpg.rf.01fda369427a039f8954b4525e0721a6.jpg,water_datasets/Flow-Img.v2i.yolov8/train/images/000598_jpg.rf.296be87d77bf8747aadd6248e2dd5168.jpg,000148_jpg.rf.01fda369427a039f8954b4525e0721a6,000598_jpg.rf.296be87d77bf8747aadd6248e2dd5168,train,train
near_duplicate_dhash,8,water_datasets/Flow-Img.v2i.yolov8/train/images/000149_jpg.rf.2a59909ab92a3a82fb99e547c7c87221.jpg,water_datasets/Flow-Img.v2i.yolov8/train/images/000988_jpg.rf.1da529312aff7ef52113e641a14858cc.jpg,000149_jpg.rf.2a59909ab92a3a82fb99e547c7c87221,000988_jpg.rf.1da529312aff7ef52113e641a14858cc,train,train
near_duplicate_dhash,8,water_datasets/Flow-Img.v2i.yolov8/train/images/000150_jpg.rf.5dd0036105f513f676304a65afe358c7.jpg,water_datasets/Flow-Img.v2i.yolov8/train/images/000200_jpg.rf.8beaf9186bed555a825804e7deb1b0de.jpg,000150_jpg.rf.5dd0036105f513f676304a65afe358c7,000200_jpg.rf.8beaf9186bed555a825804e7deb1b0de,train,train
near_duplicate_dhash,7,water_datasets/Flow-Img.v2i.yolov8/train/images/000150_jpg.rf.5dd0036105f513f676304a65afe358c7.jpg,water_datasets/Flow-Img.v2i.yolov8/train/images/000300_jpg.rf.c0c5c240daa5f3875ec947e3d8585ebd.jpg,000150_jpg.rf.5dd0036105f513f676304a65afe358c7,000300_jpg.rf.c0c5c240daa5f3875ec947e3d8585ebd,train,train
near_duplicate_dhash,7,water_datasets/Flow-Img.v2i.yolov8/train/images/000150_jpg.rf.5dd0036105f513f676304a65afe358c7.jpg,water_datasets/Flow-Img.v2i.yolov8/train/images/000619_jpg.rf.b37f9eb9754506fdbfce807e8b32bd2c.jpg,000150_jpg.rf.5dd0036105f513f676304a65afe358c7,000619_jpg.rf.b37f9eb9754506fdbfce807e8b32bd2c,train,train
near_duplicate_dhash,8,water_datasets/Flow-Img.v2i.yolov8/train/images/000150_jpg.rf.5dd0036105f513f676304a65afe358c7.jpg,water_datasets/Flow-Img.v2i.yolov8/train/images/000733_jpg.rf.eb75505269bc3bb834649ed31a334e66.jpg,000150_jpg.rf.5dd0036105f513f676304a65afe358c7,000733_jpg.rf.eb75505269bc3bb834649ed31a334e66,train,train
near_duplicate_dhash,6,water_datasets/Flow-Img.v2i.yolov8/train/images/000150_jpg.rf.5dd0036105f513f676304a65afe358c7.jpg,water_datasets/Flow-Img.v2i.yolov8/train/images/000953_jpg.rf.1bb3b5208a3558a3518b6aaf92eb67e8.jpg,000150_jpg.rf.5dd0036105f513f676304a65afe358c7,000953_jpg.rf.1bb3b5208a3558a3518b6aaf92eb67e8,train,train
near_duplicate_dhash,7,water_datasets/Flow-Img.v2i.yolov8/train/images/000150_jpg.rf.5dd0036105f513f676304a65afe358c7.jpg,water_datasets/Flow-Img.v2i.yolov8/train/images/000986_jpg.rf.071a7557387f97c3f8332b4184241736.jpg,000150_jpg.rf.5dd0036105f513f676304a65afe358c7,000986_jpg.rf.071a7557387f97c3f8332b4184241736,train,train
near_duplicate_dhash,7,water_datasets/Flow-Img.v2i.yolov8/train/images/000151_jpg.rf.ba06b1386a80d0b340a18d99c41e4657.jpg,water_datasets/Flow-Img.v2i.yolov8/train/images/000233_jpg.rf.dc716af79368c32760bd4207ed04a605.jpg,000151_jpg.rf.ba06b1386a80d0b340a18d99c41e4657,000233_jpg.rf.dc716af79368c32760bd4207ed04a605,train,train
near_duplicate_dhash,6,water_datasets/Flow-Img.v2i.yolov8/train/images/000151_jpg.rf.ba06b1386a80d0b340a18d99c41e4657.jpg,water_datasets/Flow-Img.v2i.yolov8/train/images/001144_jpg.rf.036f9d15b8b541e8a2c36d2908c2c1cb.jpg,000151_jpg.rf.ba06b1386a80d0b340a18d99c41e4657,001144_jpg.rf.036f9d15b8b541e8a2c36d2908c2c1cb,train,train
near_duplicate_dhash,8,water_datasets/Flow-Img.v2i.yolov8/train/images/000154_jpg.rf.976da50b100fa24bc6b28e890a24279f.jpg,water_datasets/Flow-Img.v2i.yolov8/train/images/000665_jpg.rf.313fe0d8511a98d77ff6452e8e3ac3e8.jpg,000154_jpg.rf.976da50b100fa24bc6b28e890a24279f,000665_jpg.rf.313fe0d8511a98d77ff6452e8e3ac3e8,train,train
near_duplicate_dhash,7,water_datasets/Flow-Img.v2i.yolov8/train/images/000155_jpg.rf.b2293bd9e2343dc0cae825f8b0858712.jpg,water_datasets/Flow-Img.v2i.yolov8/train/images/000537_jpg.rf.81deffcd2b82af5bfe5fb2bfa92be0ac.jpg,000155_jpg.rf.b2293bd9e2343dc0cae825f8b0858712,000537_jpg.rf.81deffcd2b82af5bfe5fb2bfa92be0ac,train,train
near_duplicate_dhash,8,water_datasets/Flow-Img.v2i.yolov8/train/images/000155_jpg.rf.b2293bd9e2343dc0cae825f8b0858712.jpg,water_datasets/Flow-Img.v2i.yolov8/train/images/000688_jpg.rf.5d476077842606c8e7575592e5e9dd86.jpg,000155_jpg.rf.b2293bd9e2343dc0cae825f8b0858712,000688_jpg.rf.5d476077842606c8e7575592e5e9dd86,train,train
near_duplicate_dhash,8,water_datasets/Flow-Img.v2i.yolov8/train/images/000155_jpg.rf.b2293bd9e2343dc0cae825f8b0858712.jpg,water_datasets/Flow-Img.v2i.yolov8/train/images/000778_jpg.rf.8839dbd5ad35bc3371f7b3826fa02b06.jpg,000155_jpg.rf.b2293bd9e2343dc0cae825f8b0858712,000778_jpg.rf.8839dbd5ad35bc3371f7b3826fa02b06,train,train
near_duplicate_dhash,6,water_datasets/Flow-Img.v2i.yolov8/train/images/000157_jpg.rf.8501957e923e41c704cee9a54f63f3e8.jpg,water_datasets/Flow-Img.v2i.yolov8/train/images/000398_jpg.rf.f47250b9dcc8e55104aaecc3ebf36e1f.jpg,000157_jpg.rf.8501957e923e41c704cee9a54f63f3e8,000398_jpg.rf.f47250b9dcc8e55104aaecc3ebf36e1f,train,train
near_duplicate_dhash,7,water_datasets/Flow-Img.v2i.yolov8/train/images/000158_jpg.rf.56567942b1bea68c6e348eb0f6ac6d5e.jpg,water_datasets/Flow-Img.v2i.yolov8/train/images/001046_jpg.rf.b8b8bd768dcf75860facb614465a2593.jpg,000158_jpg.rf.56567942b1bea68c6e348eb0f6ac6d5e,001046_jpg.rf.b8b8bd768dcf75860facb614465a2593,train,train
near_duplicate_dhash,6,water_datasets/Flow-Img.v2i.yolov8/train/images/000162_jpg.rf.33594895973d6e3d5f4646fe5930630f.jpg,water_datasets/Flow-Img.v2i.yolov8/train/images/000376_jpg.rf.f4278a81750b4ac93455846ccad5d481.jpg,000162_jpg.rf.33594895973d6e3d5f4646fe5930630f,000376_jpg.rf.f4278a81750b4ac93455846ccad5d481,train,train
near_duplicate_dhash,6,water_datasets/Flow-Img.v2i.yolov8/train/images/000162_jpg.rf.33594895973d6e3d5f4646fe5930630f.jpg,water_datasets/Flow-Img.v2i.yolov8/train/images/000906_jpg.rf.1866a9af43dc4bea8e7b1442b67feed0.jpg,000162_jpg.rf.33594895973d6e3d5f4646fe5930630f,000906_jpg.rf.1866a9af43dc4bea8e7b1442b67feed0,train,train
near_duplicate_dhash,7,water_datasets/Flow-Img.v2i.yolov8/train/images/000162_jpg.rf.33594895973d6e3d5f4646fe5930630f.jpg,water_datasets/Flow-Img.v2i.yolov8/train/images/001089_jpg.rf.6358d7469aaeb5cfc4ea970a956d6d4e.jpg,000162_jpg.rf.33594895973d6e3d5f4646fe5930630f,001089_jpg.rf.6358d7469aaeb5cfc4ea970a956d6d4e,train,train
near_duplicate_dhash,6,water_datasets/Flow-Img.v2i.yolov8/train/images/000163_jpg.rf.8a9664469595ead8dc320e1d79e15d8c.jpg,water_datasets/Flow-Img.v2i.yolov8/train/images/000559_jpg.rf.6dd64b527e3f853a0d5976864229b251.jpg,000163_jpg.rf.8a9664469595ead8dc320e1d79e15d8c,000559_jpg.rf.6dd64b527e3f853a0d5976864229b251,train,train
near_duplicate_dhash,7,water_datasets/Flow-Img.v2i.yolov8/train/images/000166_jpg.rf.71969b224ab71698e0dc59abe5527073.jpg,water_datasets/Flow-Img.v2i.yolov8/train/images/000924_jpg.rf.b4904a55442ad97e293b6f4f8f6d8d9b.jpg,000166_jpg.rf.71969b224ab71698e0dc59abe5527073,000924_jpg.rf.b4904a55442ad97e293b6f4f8f6d8d9b,train,train
near_duplicate_dhash,8,water_datasets/Flow-Img.v2i.yolov8/train/images/000172_jpg.rf.030bf82329552ee0136e48d7f0b977ef.jpg,water_datasets/Flow-Img.v2i.yolov8/train/images/000921_jpg.rf.e5762f29dbbfb9720ec14d344c970daf.jpg,000172_jpg.rf.030bf82329552ee0136e48d7f0b977ef,000921_jpg.rf.e5762f29dbbfb9720ec14d344c970daf,train,train
near_duplicate_dhash,6,water_datasets/Flow-Img.v2i.yolov8/train/images/000176_jpg.rf.178ea6bb670403932418fdec4fa7422f.jpg,water_datasets/Flow-Img.v2i.yolov8/train/images/000564_jpg.rf.474cb9f48e803fc9597680c5cd9a028d.jpg,000176_jpg.rf.178ea6bb670403932418fdec4fa7422f,000564_jpg.rf.474cb9f48e803fc9597680c5cd9a028d,train,train
near_duplicate_dhash,7,water_datasets/Flow-Img.v2i.yolov8/train/images/000179_jpg.rf.ce74eb7948a16b6fd2b596bc824d3cc3.jpg,water_datasets/Flow-Img.v2i.yolov8/train/images/000327_jpg.rf.eb88f033ed0788b441d5ab70b796e6dc.jpg,000179_jpg.rf.ce74eb7948a16b6fd2b596bc824d3cc3,000327_jpg.rf.eb88f033ed0788b441d5ab70b796e6dc,train,train
near_duplicate_dhash,8,water_datasets/Flow-Img.v2i.yolov8/train/images/000179_jpg.rf.ce74eb7948a16b6fd2b596bc824d3cc3.jpg,water_datasets/Flow-Img.v2i.yolov8/train/images/000591_jpg.rf.d4c8c65947b8863691638c1151861f7d.jpg,000179_jpg.rf.ce74eb7948a16b6fd2b596bc824d3cc3,000591_jpg.rf.d4c8c65947b8863691638c1151861f7d,train,train
near_duplicate_dhash,8,water_datasets/Flow-Img.v2i.yolov8/train/images/000179_jpg.rf.ce74eb7948a16b6fd2b596bc824d3cc3.jpg,water_datasets/Flow-Img.v2i.yolov8/train/images/000992_jpg.rf.63c0543000456d1d35343e57c01ba45d.jpg,000179_jpg.rf.ce74eb7948a16b6fd2b596bc824d3cc3,000992_jpg.rf.63c0543000456d1d35343e57c01ba45d,train,train
near_duplicate_dhash,8,water_datasets/Flow-Img.v2i.yolov8/train/images/000179_jpg.rf.ce74eb7948a16b6fd2b596bc824d3cc3.jpg,water_datasets/Flow-Img.v2i.yolov8/train/images/001107_jpg.rf.2d8ed70850d4d8c4331077f68e2fa475.jpg,000179_jpg.rf.ce74eb7948a16b6fd2b596bc824d3cc3,001107_jpg.rf.2d8ed70850d4d8c4331077f68e2fa475,train,train
near_duplicate_dhash,8,water_datasets/Flow-Img.v2i.yolov8/train/images/000179_jpg.rf.ce74eb7948a16b6fd2b596bc824d3cc3.jpg,water_datasets/Flow-Img.v2i.yolov8/train/images/001145_jpg.rf.8a1eb9d19cf228c73453e49082107aca.jpg,000179_jpg.rf.ce74eb7948a16b6fd2b596bc824d3cc3,001145_jpg.rf.8a1eb9d19cf228c73453e49082107aca,train,train
near_duplicate_dhash,8,water_datasets/Flow-Img.v2i.yolov8/train/images/000181_jpg.rf.9e8b0bb32363e0dc0b5121a8f30ec50f.jpg,water_datasets/Flow-Img.v2i.yolov8/train/images/001197_jpg.rf.ebc4f0359916e8f9446f9773e1967bf7.jpg,000181_jpg.rf.9e8b0bb32363e0dc0b5121a8f30ec50f,001197_jpg.rf.ebc4f0359916e8f9446f9773e1967bf7,train,train
near_duplicate_dhash,6,water_datasets/Flow-Img.v2i.yolov8/train/images/000183_jpg.rf.f1514c69e28acedc370c4d36b6e37b65.jpg,water_datasets/Flow-Img.v2i.yolov8/train/images/000383_jpg.rf.9aa5e2f2a49edf1f382dabeb5d8a8e50.jpg,000183_jpg.rf.f1514c69e28acedc370c4d36b6e37b65,000383_jpg.rf.9aa5e2f2a49edf1f382dabeb5d8a8e50,train,train
near_duplicate_dhash,6,water_datasets/Flow-Img.v2i.yolov8/train/images/000186_jpg.rf.aa574e8ae9a119824c39221d4c77f6e2.jpg,water_datasets/Flow-Img.v2i.yolov8/train/images/000295_jpg.rf.807a22bd711be9fe74c5f3ed0a5b49c0.jpg,000186_jpg.rf.aa574e8ae9a119824c39221d4c77f6e2,000295_jpg.rf.807a22bd711be9fe74c5f3ed0a5b49c0,train,train
near_duplicate_dhash,7,water_datasets/Flow-Img.v2i.yolov8/train/images/000187_jpg.rf.4918b1b0eb387fce8061645edbb07692.jpg,water_datasets/Flow-Img.v2i.yolov8/train/images/000252_jpg.rf.9519a99eca76a1732b9178630fa347da.jpg,000187_jpg.rf.4918b1b0eb387fce8061645edbb07692,000252_jpg.rf.9519a99eca76a1732b9178630fa347da,train,train
near_duplicate_dhash,7,water_datasets/Flow-Img.v2i.yolov8/train/images/000187_jpg.rf.4918b1b0eb387fce8061645edbb07692.jpg,water_datasets/Flow-Img.v2i.yolov8/train/images/000279_jpg.rf.c914ba9cf880478c574c501237f7a026.jpg,000187_jpg.rf.4918b1b0eb387fce8061645edbb07692,000279_jpg.rf.c914ba9cf880478c574c501237f7a026,train,train
near_duplicate_dhash,7,water_datasets/Flow-Img.v2i.yolov8/train/images/000187_jpg.rf.4918b1b0eb387fce8061645edbb07692.jpg,water_datasets/Flow-Img.v2i.yolov8/train/images/000851_jpg.rf.29596641fc65266ddc559fc9127a6acc.jpg,000187_jpg.rf.4918b1b0eb387fce8061645edbb07692,000851_jpg.rf.29596641fc65266ddc559fc9127a6acc,train,train
near_duplicate_dhash,6,water_datasets/Flow-Img.v2i.yolov8/train/images/000187_jpg.rf.4918b1b0eb387fce8061645edbb07692.jpg,water_datasets/Flow-Img.v2i.yolov8/train/images/000891_jpg.rf.d179f58aa02ec4f8691243c696835d78.jpg,000187_jpg.rf.4918b1b0eb387fce8061645edbb07692,000891_jpg.rf.d179f58aa02ec4f8691243c696835d78,train,train
near_duplicate_dhash,8,water_datasets/Flow-Img.v2i.yolov8/train/images/000187_jpg.rf.4918b1b0eb387fce8061645edbb07692.jpg,water_datasets/Flow-Img.v2i.yolov8/train/images/000899_jpg.rf.ceb73d7e2696656fd87844e11814bbbf.jpg,000187_jpg.rf.4918b1b0eb387fce8061645edbb07692,000899_jpg.rf.ceb73d7e2696656fd87844e11814bbbf,train,train
near_duplicate_dhash,8,water_datasets/Flow-Img.v2i.yolov8/train/images/000187_jpg.rf.4918b1b0eb387fce8061645edbb07692.jpg,water_datasets/Flow-Img.v2i.yolov8/train/images/001018_jpg.rf.abb190f26ed7cd92fbeec5259755bd99.jpg,000187_jpg.rf.4918b1b0eb387fce8061645edbb07692,001018_jpg.rf.abb190f26ed7cd92fbeec5259755bd99,train,train
near_duplicate_dhash,6,water_datasets/Flow-Img.v2i.yolov8/train/images/000187_jpg.rf.4918b1b0eb387fce8061645edbb07692.jpg,water_datasets/Flow-Img.v2i.yolov8/train/images/001037_jpg.rf.c03a6551c0477991b4beee0a95216ff4.jpg,000187_jpg.rf.4918b1b0eb387fce8061645edbb07692,001037_jpg.rf.c03a6551c0477991b4beee0a95216ff4,train,train
near_duplicate_dhash,7,water_datasets/Flow-Img.v2i.yolov8/train/images/000188_jpg.rf.dba0926e8e1d8182a7a4d0a9970c564a.jpg,water_datasets/Flow-Img.v2i.yolov8/train/images/000208_jpg.rf.a94f6194774f78fd00bd8d2d957cb955.jpg,000188_jpg.rf.dba0926e8e1d8182a7a4d0a9970c564a,000208_jpg.rf.a94f6194774f78fd00bd8d2d957cb955,train,train
near_duplicate_dhash,7,water_datasets/Flow-Img.v2i.yolov8/train/images/000188_jpg.rf.dba0926e8e1d8182a7a4d0a9970c564a.jpg,water_datasets/Flow-Img.v2i.yolov8/train/images/000292_jpg.rf.f031b52f22173c3e33810a4ccbd815cc.jpg,000188_jpg.rf.dba0926e8e1d8182a7a4d0a9970c564a,000292_jpg.rf.f031b52f22173c3e33810a4ccbd815cc,train,train
near_duplicate_dhash,8,water_datasets/Flow-Img.v2i.yolov8/train/images/000188_jpg.rf.dba0926e8e1d8182a7a4d0a9970c564a.jpg,water_datasets/Flow-Img.v2i.yolov8/train/images/000510_jpg.rf.7bfd0ed6fdc782b4cc8abdade73ccb39.jpg,000188_jpg.rf.dba0926e8e1d8182a7a4d0a9970c564a,000510_jpg.rf.7bfd0ed6fdc782b4cc8abdade73ccb39,train,train
near_duplicate_dhash,6,water_datasets/Flow-Img.v2i.yolov8/train/images/000188_jpg.rf.dba0926e8e1d8182a7a4d0a9970c564a.jpg,water_datasets/Flow-Img.v2i.yolov8/train/images/000590_jpg.rf.b9e2f33b39d25c59fc9684d07f14bfc0.jpg,000188_jpg.rf.dba0926e8e1d8182a7a4d0a9970c564a,000590_jpg.rf.b9e2f33b39d25c59fc9684d07f14bfc0,train,train
near_duplicate_dhash,6,water_datasets/Flow-Img.v2i.yolov8/train/images/000192_jpg.rf.ac21873b4390ae115817102a5a66207d.jpg,water_datasets/Flow-Img.v2i.yolov8/train/images/000404_jpg.rf.e86da7e87014e795d2284e2c44c039b3.jpg,000192_jpg.rf.ac21873b4390ae115817102a5a66207d,000404_jpg.rf.e86da7e87014e795d2284e2c44c039b3,train,train
near_duplicate_dhash,6,water_datasets/Flow-Img.v2i.yolov8/train/images/000193_jpg.rf.214af9b0651e49c0a250bef1f4e6afcb.jpg,water_datasets/Flow-Img.v2i.yolov8/train/images/001174_jpg.rf.32711531a413787f48b092035a45b8ef.jpg,000193_jpg.rf.214af9b0651e49c0a250bef1f4e6afcb,001174_jpg.rf.32711531a413787f48b092035a45b8ef,train,train
near_duplicate_dhash,7,water_datasets/Flow-Img.v2i.yolov8/train/images/000196_jpg.rf.f8cb00c0d24d4ed2b2b1331ad4bceaae.jpg,water_datasets/Flow-Img.v2i.yolov8/train/images/000523_jpg.rf.71011e1e76c7644189cf806a56f04225.jpg,000196_jpg.rf.f8cb00c0d24d4ed2b2b1331ad4bceaae,000523_jpg.rf.71011e1e76c7644189cf806a56f04225,train,train
near_duplicate_dhash,8,water_datasets/Flow-Img.v2i.yolov8/train/images/000198_jpg.rf.44980f5571d5ab1593f09fa01ec525ce.jpg,water_datasets/Flow-Img.v2i.yolov8/train/images/000467_jpg.rf.95869426ffbaca36dd5a872cb4f87d6c.jpg,000198_jpg.rf.44980f5571d5ab1593f09fa01ec525ce,000467_jpg.rf.95869426ffbaca36dd5a872cb4f87d6c,train,train
near_duplicate_dhash,6,water_datasets/Flow-Img.v2i.yolov8/train/images/000198_jpg.rf.44980f5571d5ab1593f09fa01ec525ce.jpg,water_datasets/Flow-Img.v2i.yolov8/train/images/000980_jpg.rf.67cf30cbc14142db693c518fb10d38eb.jpg,000198_jpg.rf.44980f5571d5ab1593f09fa01ec525ce,000980_jpg.rf.67cf30cbc14142db693c518fb10d38eb,train,train
near_duplicate_dhash,8,water_datasets/Flow-Img.v2i.yolov8/train/images/000200_jpg.rf.8beaf9186bed555a825804e7deb1b0de.jpg,water_datasets/Flow-Img.v2i.yolov8/train/images/000951_jpg.rf.7bd48330798739de431f28a309e04d6e.jpg,000200_jpg.rf.8beaf9186bed555a825804e7deb1b0de,000951_jpg.rf.7bd48330798739de431f28a309e04d6e,train,train
near_duplicate_dhash,7,water_datasets/Flow-Img.v2i.yolov8/train/images/000203_jpg.rf.a35f24e80aca933f924109ca2cd0d5c6.jpg,water_datasets/Flow-Img.v2i.yolov8/train/images/000238_jpg.rf.ee98acfabe6e044df27a98fa474324bb.jpg,000203_jpg.rf.a35f24e80aca933f924109ca2cd0d5c6,000238_jpg.rf.ee98acfabe6e044df27a98fa474324bb,train,train
near_duplicate_dhash,8,water_datasets/Flow-Img.v2i.yolov8/train/images/000203_jpg.rf.a35f24e80aca933f924109ca2cd0d5c6.jpg,water_datasets/Flow-Img.v2i.yolov8/train/images/001024_jpg.rf.a248929860bce4b44008c58d8a7d431b.jpg,000203_jpg.rf.a35f24e80aca933f924109ca2cd0d5c6,001024_jpg.rf.a248929860bce4b44008c58d8a7d431b,train,train
near_duplicate_dhash,8,water_datasets/Flow-Img.v2i.yolov8/train/images/000205_jpg.rf.a593ccf25da9a24e53671414350261c6.jpg,water_datasets/Flow-Img.v2i.yolov8/train/images/000383_jpg.rf.9aa5e2f2a49edf1f382dabeb5d8a8e50.jpg,000205_jpg.rf.a593ccf25da9a24e53671414350261c6,000383_jpg.rf.9aa5e2f2a49edf1f382dabeb5d8a8e50,train,train
near_duplicate_dhash,7,water_datasets/Flow-Img.v2i.yolov8/train/images/000205_jpg.rf.a593ccf25da9a24e53671414350261c6.jpg,water_datasets/Flow-Img.v2i.yolov8/train/images/001069_jpg.rf.56b38ce1d39d19a1a4e501d95e4c8597.jpg,000205_jpg.rf.a593ccf25da9a24e53671414350261c6,001069_jpg.rf.56b38ce1d39d19a1a4e501d95e4c8597,train,train
near_duplicate_dhash,8,water_datasets/Flow-Img.v2i.yolov8/train/images/000207_jpg.rf.ba3d21feae9e6b854704f71e38cd64c4.jpg,water_datasets/Flow-Img.v2i.yolov8/train/images/000348_jpg.rf.4ddac8c9c9ac8569af3a7ff96bccbefe.jpg,000207_jpg.rf.ba3d21feae9e6b854704f71e38cd64c4,000348_jpg.rf.4ddac8c9c9ac8569af3a7ff96bccbefe,train,train
near_duplicate_dhash,8,water_datasets/Flow-Img.v2i.yolov8/train/images/000207_jpg.rf.ba3d21feae9e6b854704f71e38cd64c4.jpg,water_datasets/Flow-Img.v2i.yolov8/train/images/000401_jpg.rf.cd71f07aadb976d840b570910ef65ffd.jpg,000207_jpg.rf.ba3d21feae9e6b854704f71e38cd64c4,000401_jpg.rf.cd71f07aadb976d840b570910ef65ffd,train,train
near_duplicate_dhash,7,water_datasets/Flow-Img.v2i.yolov8/train/images/000207_jpg.rf.ba3d21feae9e6b854704f71e38cd64c4.jpg,water_datasets/Flow-Img.v2i.yolov8/train/images/000486_jpg.rf.719f00aa1629b48964e5cd466a1a490d.jpg,000207_jpg.rf.ba3d21feae9e6b854704f71e38cd64c4,000486_jpg.rf.719f00aa1629b48964e5cd466a1a490d,train,train
near_duplicate_dhash,8,water_datasets/Flow-Img.v2i.yolov8/train/images/000208_jpg.rf.a94f6194774f78fd00bd8d2d957cb955.jpg,water_datasets/Flow-Img.v2i.yolov8/train/images/000240_jpg.rf.5ab98591c87f948715bf459ea3c1c410.jpg,000208_jpg.rf.a94f6194774f78fd00bd8d2d957cb955,000240_jpg.rf.5ab98591c87f948715bf459ea3c1c410,train,train
near_duplicate_dhash,8,water_datasets/Flow-Img.v2i.yolov8/train/images/000208_jpg.rf.a94f6194774f78fd00bd8d2d957cb955.jpg,water_datasets/Flow-Img.v2i.yolov8/train/images/000321_jpg.rf.6445a0d531191f5bbaf116d0675e6bed.jpg,000208_jpg.rf.a94f6194774f78fd00bd8d2d957cb955,000321_jpg.rf.6445a0d531191f5bbaf116d0675e6bed,train,train
near_duplicate_dhash,7,water_datasets/Flow-Img.v2i.yolov8/train/images/000208_jpg.rf.a94f6194774f78fd00bd8d2d957cb955.jpg,water_datasets/Flow-Img.v2i.yolov8/train/images/000337_jpg.rf.9f29bd8de28cb5fe865e63ddbf40212c.jpg,000208_jpg.rf.a94f6194774f78fd00bd8d2d957cb955,000337_jpg.rf.9f29bd8de28cb5fe865e63ddbf40212c,train,train
near_duplicate_dhash,6,water_datasets/Flow-Img.v2i.yolov8/train/images/000208_jpg.rf.a94f6194774f78fd00bd8d2d957cb955.jpg,water_datasets/Flow-Img.v2i.yolov8/train/images/000489_jpg.rf.66348274d7b1694d399a88022730b43a.jpg,000208_jpg.rf.a94f6194774f78fd00bd8d2d957cb955,000489_jpg.rf.66348274d7b1694d399a88022730b43a,train,train
near_duplicate_dhash,8,water_datasets/Flow-Img.v2i.yolov8/train/images/000208_jpg.rf.a94f6194774f78fd00bd8d2d957cb955.jpg,water_datasets/Flow-Img.v2i.yolov8/train/images/000700_jpg.rf.f07281d1199190934e54fc9edbcce4e4.jpg,000208_jpg.rf.a94f6194774f78fd00bd8d2d957cb955,000700_jpg.rf.f07281d1199190934e54fc9edbcce4e4,train,train
near_duplicate_dhash,8,water_datasets/Flow-Img.v2i.yolov8/train/images/000208_jpg.rf.a94f6194774f78fd00bd8d2d957cb955.jpg,water_datasets/Flow-Img.v2i.yolov8/train/images/000714_jpg.rf.2ed7462a10280ad7eaa6266b889499dc.jpg,000208_jpg.rf.a94f6194774f78fd00bd8d2d957cb955,000714_jpg.rf.2ed7462a10280ad7eaa6266b889499dc,train,train
near_duplicate_dhash,8,water_datasets/Flow-Img.v2i.yolov8/train/images/000208_jpg.rf.a94f6194774f78fd00bd8d2d957cb955.jpg,water_datasets/Flow-Img.v2i.yolov8/train/images/000763_jpg.rf.d4b67dac86e28f13a53d8fe602e0d6a9.jpg,000208_jpg.rf.a94f6194774f78fd00bd8d2d957cb955,000763_jpg.rf.d4b67dac86e28f13a53d8fe602e0d6a9,train,train
near_duplicate_dhash,7,water_datasets/Flow-Img.v2i.yolov8/train/images/000208_jpg.rf.a94f6194774f78fd00bd8d2d957cb955.jpg,water_datasets/Flow-Img.v2i.yolov8/train/images/000871_jpg.rf.59ab0fe8e4fab09af2db5bf6343c7530.jpg,000208_jpg.rf.a94f6194774f78fd00bd8d2d957cb955,000871_jpg.rf.59ab0fe8e4fab09af2db5bf6343c7530,train,train
near_duplicate_dhash,8,water_datasets/Flow-Img.v2i.yolov8/train/images/000208_jpg.rf.a94f6194774f78fd00bd8d2d957cb955.jpg,water_datasets/Flow-Img.v2i.yolov8/train/images/000883_jpg.rf.80c6ec01c020f428e7fc3fe97f08f419.jpg,000208_jpg.rf.a94f6194774f78fd00bd8d2d957cb955,000883_jpg.rf.80c6ec01c020f428e7fc3fe97f08f419,train,train
near_duplicate_dhash,8,water_datasets/Flow-Img.v2i.yolov8/train/images/000208_jpg.rf.a94f6194774f78fd00bd8d2d957cb955.jpg,water_datasets/Flow-Img.v2i.yolov8/train/images/001038_jpg.rf.c33df0193afbcec61dab25f7e38cfd2c.jpg,000208_jpg.rf.a94f6194774f78fd00bd8d2d957cb955,001038_jpg.rf.c33df0193afbcec61dab25f7e38cfd2c,train,train
near_duplicate_dhash,7,water_datasets/Flow-Img.v2i.yolov8/train/images/000208_jpg.rf.a94f6194774f78fd00bd8d2d957cb955.jpg,water_datasets/Flow-Img.v2i.yolov8/train/images/001077_jpg.rf.1c5a43021cfbad4c03b6f071ff01f570.jpg,000208_jpg.rf.a94f6194774f78fd00bd8d2d957cb955,001077_jpg.rf.1c5a43021cfbad4c03b6f071ff01f570,train,train
near_duplicate_dhash,7,water_datasets/Flow-Img.v2i.yolov8/train/images/000208_jpg.rf.a94f6194774f78fd00bd8d2d957cb955.jpg,water_datasets/Flow-Img.v2i.yolov8/train/images/001164_jpg.rf.cec487a09a6792759ac1e5b8e4f3d2b4.jpg,000208_jpg.rf.a94f6194774f78fd00bd8d2d957cb955,001164_jpg.rf.cec487a09a6792759ac1e5b8e4f3d2b4,train,train
near_duplicate_dhash,7,water_datasets/Flow-Img.v2i.yolov8/train/images/000208_jpg.rf.a94f6194774f78fd00bd8d2d957cb955.jpg,water_datasets/Flow-Img.v2i.yolov8/train/images/001177_jpg.rf.aa6e255f5f9f4f8bbc6d36253d44f950.jpg,000208_jpg.rf.a94f6194774f78fd00bd8d2d957cb955,001177_jpg.rf.aa6e255f5f9f4f8bbc6d36253d44f950,train,train
near_duplicate_dhash,8,water_datasets/Flow-Img.v2i.yolov8/train/images/000208_jpg.rf.a94f6194774f78fd00bd8d2d957cb955.jpg,water_datasets/Flow-Img.v2i.yolov8/train/images/001181_jpg.rf.24d8e48cdfd9f04499db38869bbaccab.jpg,000208_jpg.rf.a94f6194774f78fd00bd8d2d957cb955,001181_jpg.rf.24d8e48cdfd9f04499db38869bbaccab,train,train
near_duplicate_dhash,7,water_datasets/Flow-Img.v2i.yolov8/train/images/000209_jpg.rf.e1bf36b199a5127bf4ac41b2e2f0c3c7.jpg,water_datasets/Flow-Img.v2i.yolov8/train/images/000596_jpg.rf.d54723c02d7bb9db020cd11cbdad87e2.jpg,000209_jpg.rf.e1bf36b199a5127bf4ac41b2e2f0c3c7,000596_jpg.rf.d54723c02d7bb9db020cd11cbdad87e2,train,train
near_duplicate_dhash,6,water_datasets/Flow-Img.v2i.yolov8/train/images/000210_jpg.rf.cf625c813b9b1e56c7c84aaf15c289ce.jpg,water_datasets/Flow-Img.v2i.yolov8/train/images/000936_jpg.rf.e41551b87b87f3d93e92b3009d57c39b.jpg,000210_jpg.rf.cf625c813b9b1e56c7c84aaf15c289ce,000936_jpg.rf.e41551b87b87f3d93e92b3009d57c39b,train,train
near_duplicate_dhash,7,water_datasets/Flow-Img.v2i.yolov8/train/images/000215_jpg.rf.b2f80ac16318db5d1733f87defe28e95.jpg,water_datasets/Flow-Img.v2i.yolov8/train/images/000731_jpg.rf.5e4fcff2fbe9216b9e62d7356a456969.jpg,000215_jpg.rf.b2f80ac16318db5d1733f87defe28e95,000731_jpg.rf.5e4fcff2fbe9216b9e62d7356a456969,train,train
near_duplicate_dhash,6,water_datasets/Flow-Img.v2i.yolov8/train/images/000217_jpg.rf.20aae9a32ef210e2da686ccbfd13a07b.jpg,water_datasets/Flow-Img.v2i.yolov8/train/images/000625_jpg.rf.e0f31dadbc71575cb749cb56119d3c6a.jpg,000217_jpg.rf.20aae9a32ef210e2da686ccbfd13a07b,000625_jpg.rf.e0f31dadbc71575cb749cb56119d3c6a,train,train
near_duplicate_dhash,6,water_datasets/Flow-Img.v2i.yolov8/train/images/000217_jpg.rf.20aae9a32ef210e2da686ccbfd13a07b.jpg,water_datasets/Flow-Img.v2i.yolov8/train/images/000929_jpg.rf.5471dddc33db671a68dfedacbc0e424b.jpg,000217_jpg.rf.20aae9a32ef210e2da686ccbfd13a07b,000929_jpg.rf.5471dddc33db671a68dfedacbc0e424b,train,train
near_duplicate_dhash,7,water_datasets/Flow-Img.v2i.yolov8/train/images/000219_jpg.rf.ef929de333abb76254f370aa24cb6ce6.jpg,water_datasets/Flow-Img.v2i.yolov8/train/images/000438_jpg.rf.2d32fdfbb643b9fda2e04d8ced71c305.jpg,000219_jpg.rf.ef929de333abb76254f370aa24cb6ce6,000438_jpg.rf.2d32fdfbb643b9fda2e04d8ced71c305,train,train
near_duplicate_dhash,7,water_datasets/Flow-Img.v2i.yolov8/train/images/000219_jpg.rf.ef929de333abb76254f370aa24cb6ce6.jpg,water_datasets/Flow-Img.v2i.yolov8/train/images/000596_jpg.rf.d54723c02d7bb9db020cd11cbdad87e2.jpg,000219_jpg.rf.ef929de333abb76254f370aa24cb6ce6,000596_jpg.rf.d54723c02d7bb9db020cd11cbdad87e2,train,train
near_duplicate_dhash,7,water_datasets/Flow-Img.v2i.yolov8/train/images/000223_jpg.rf.90adc705bdbd8ac824ceb7b8ae9f20a0.jpg,water_datasets/Flow-Img.v2i.yolov8/train/images/000789_jpg.rf.5c901d64917b4a7d63063d86092b1347.jpg,000223_jpg.rf.90adc705bdbd8ac824ceb7b8ae9f20a0,000789_jpg.rf.5c901d64917b4a7d63063d86092b1347,train,train
near_duplicate_dhash,8,water_datasets/Flow-Img.v2i.yolov8/train/images/000226_jpg.rf.5279613317e097751100f29f6071eb7d.jpg,water_datasets/Flow-Img.v2i.yolov8/train/images/000564_jpg.rf.474cb9f48e803fc9597680c5cd9a028d.jpg,000226_jpg.rf.5279613317e097751100f29f6071eb7d,000564_jpg.rf.474cb9f48e803fc9597680c5cd9a028d,train,train
near_duplicate_dhash,8,water_datasets/Flow-Img.v2i.yolov8/train/images/000229_jpg.rf.ba8beba64bc37b9f47643858c2eac35a.jpg,water_datasets/Flow-Img.v2i.yolov8/train/images/000330_jpg.rf.52edf9f37615b06c9a06aadb303abf83.jpg,000229_jpg.rf.ba8beba64bc37b9f47643858c2eac35a,000330_jpg.rf.52edf9f37615b06c9a06aadb303abf83,train,train
near_duplicate_dhash,6,water_datasets/Flow-Img.v2i.yolov8/train/images/000229_jpg.rf.ba8beba64bc37b9f47643858c2eac35a.jpg,water_datasets/Flow-Img.v2i.yolov8/train/images/000400_jpg.rf.53afda837b36810c29742223d720d061.jpg,000229_jpg.rf.ba8beba64bc37b9f47643858c2eac35a,000400_jpg.rf.53afda837b36810c29742223d720d061,train,train
near_duplicate_dhash,8,water_datasets/Flow-Img.v2i.yolov8/train/images/000229_jpg.rf.ba8beba64bc37b9f47643858c2eac35a.jpg,water_datasets/Flow-Img.v2i.yolov8/train/images/000838_jpg.rf.c6ceac014ea0782920f491c32c0a09ee.jpg,000229_jpg.rf.ba8beba64bc37b9f47643858c2eac35a,000838_jpg.rf.c6ceac014ea0782920f491c32c0a09ee,train,train
near_duplicate_dhash,8,water_datasets/Flow-Img.v2i.yolov8/train/images/000229_jpg.rf.ba8beba64bc37b9f47643858c2eac35a.jpg,water_datasets/Flow-Img.v2i.yolov8/train/images/000912_jpg.rf.a8d5b70c190265d890f00f1c86b3a7d2.jpg,000229_jpg.rf.ba8beba64bc37b9f47643858c2eac35a,000912_jpg.rf.a8d5b70c190265d890f00f1c86b3a7d2,train,train
near_duplicate_dhash,7,water_datasets/Flow-Img.v2i.yolov8/train/images/000229_jpg.rf.ba8beba64bc37b9f47643858c2eac35a.jpg,water_datasets/Flow-Img.v2i.yolov8/train/images/000989_jpg.rf.41efae86f90f4b0a1b1577ed4d547333.jpg,000229_jpg.rf.ba8beba64bc37b9f47643858c2eac35a,000989_jpg.rf.41efae86f90f4b0a1b1577ed4d547333,train,train
near_duplicate_dhash,7,water_datasets/Flow-Img.v2i.yolov8/train/images/000229_jpg.rf.ba8beba64bc37b9f47643858c2eac35a.jpg,water_datasets/Flow-Img.v2i.yolov8/train/images/001076_jpg.rf.fe8c780606cc5558dfe91b0cc4214d5b.jpg,000229_jpg.rf.ba8beba64bc37b9f47643858c2eac35a,001076_jpg.rf.fe8c780606cc5558dfe91b0cc4214d5b,train,train
near_duplicate_dhash,7,water_datasets/Flow-Img.v2i.yolov8/train/images/000229_jpg.rf.ba8beba64bc37b9f47643858c2eac35a.jpg,water_datasets/Flow-Img.v2i.yolov8/train/images/001096_jpg.rf.92697693fd65bc16b476bc19ab410716.jpg,000229_jpg.rf.ba8beba64bc37b9f47643858c2eac35a,001096_jpg.rf.92697693fd65bc16b476bc19ab410716,train,train
near_duplicate_dhash,7,water_datasets/Flow-Img.v2i.yolov8/train/images/000233_jpg.rf.dc716af79368c32760bd4207ed04a605.jpg,water_datasets/Flow-Img.v2i.yolov8/train/images/000961_jpg.rf.40c4076c85e776341b1dbc8b207a7cb4.jpg,000233_jpg.rf.dc716af79368c32760bd4207ed04a605,000961_jpg.rf.40c4076c85e776341b1dbc8b207a7cb4,train,train
near_duplicate_dhash,7,water_datasets/Flow-Img.v2i.yolov8/train/images/000233_jpg.rf.dc716af79368c32760bd4207ed04a605.jpg,water_datasets/Flow-Img.v2i.yolov8/train/images/001144_jpg.rf.036f9d15b8b541e8a2c36d2908c2c1cb.jpg,000233_jpg.rf.dc716af79368c32760bd4207ed04a605,001144_jpg.rf.036f9d15b8b541e8a2c36d2908c2c1cb,train,train
near_duplicate_dhash,7,water_datasets/Flow-Img.v2i.yolov8/train/images/000234_jpg.rf.74fee7b4724630adeae99a66cf621c28.jpg,water_datasets/Flow-Img.v2i.yolov8/train/images/000425_jpg.rf.d86e1e5e557e72d5dd516c375a3b18e3.jpg,000234_jpg.rf.74fee7b4724630adeae99a66cf621c28,000425_jpg.rf.d86e1e5e557e72d5dd516c375a3b18e3,train,train
near_duplicate_dhash,6,water_datasets/Flow-Img.v2i.yolov8/train/images/000234_jpg.rf.74fee7b4724630adeae99a66cf621c28.jpg,water_datasets/Flow-Img.v2i.yolov8/train/images/000988_jpg.rf.1da529312aff7ef52113e641a14858cc.jpg,000234_jpg.rf.74fee7b4724630adeae99a66cf621c28,000988_jpg.rf.1da529312aff7ef52113e641a14858cc,train,train
near_duplicate_dhash,6,water_datasets/Flow-Img.v2i.yolov8/train/images/000235_jpg.rf.a628b384f243a88a75841cde1f35ab7f.jpg,water_datasets/Flow-Img.v2i.yolov8/train/images/000939_jpg.rf.91af8e1bacf90f78a96944dc6494f48b.jpg,000235_jpg.rf.a628b384f243a88a75841cde1f35ab7f,000939_jpg.rf.91af8e1bacf90f78a96944dc6494f48b,train,train
near_duplicate_dhash,6,water_datasets/Flow-Img.v2i.yolov8/train/images/000235_jpg.rf.a628b384f243a88a75841cde1f35ab7f.jpg,water_datasets/Flow-Img.v2i.yolov8/train/images/000959_jpg.rf.97d92e6fc26efd10aeeb8c590cc8a0a9.jpg,000235_jpg.rf.a628b384f243a88a75841cde1f35ab7f,000959_jpg.rf.97d92e6fc26efd10aeeb8c590cc8a0a9,train,train
near_duplicate_dhash,8,water_datasets/Flow-Img.v2i.yolov8/train/images/000236_jpg.rf.085ba3cb3c3c9b8574f3787c751e1839.jpg,water_datasets/Flow-Img.v2i.yolov8/train/images/000670_jpg.rf.724141b1d54e796fa43bfc9822775b42.jpg,000236_jpg.rf.085ba3cb3c3c9b8574f3787c751e1839,000670_jpg.rf.724141b1d54e796fa43bfc9822775b42,train,train
near_duplicate_dhash,8,water_datasets/Flow-Img.v2i.yolov8/train/images/000238_jpg.rf.ee98acfabe6e044df27a98fa474324bb.jpg,water_datasets/Flow-Img.v2i.yolov8/train/images/000462_jpg.rf.a26a5cb1f854463f25b1cbc22a37c5d9.jpg,000238_jpg.rf.ee98acfabe6e044df27a98fa474324bb,000462_jpg.rf.a26a5cb1f854463f25b1cbc22a37c5d9,train,train
near_duplicate_dhash,8,water_datasets/Flow-Img.v2i.yolov8/train/images/000240_jpg.rf.5ab98591c87f948715bf459ea3c1c410.jpg,water_datasets/Flow-Img.v2i.yolov8/train/images/000292_jpg.rf.f031b52f22173c3e33810a4ccbd815cc.jpg,000240_jpg.rf.5ab98591c87f948715bf459ea3c1c410,000292_jpg.rf.f031b52f22173c3e33810a4ccbd815cc,train,train
near_duplicate_dhash,7,water_datasets/Flow-Img.v2i.yolov8/train/images/000240_jpg.rf.5ab98591c87f948715bf459ea3c1c410.jpg,water_datasets/Flow-Img.v2i.yolov8/train/images/000395_jpg.rf.ca35bc2c799be9a4c4c568cfb164f38c.jpg,000240_jpg.rf.5ab98591c87f948715bf459ea3c1c410,000395_jpg.rf.ca35bc2c799be9a4c4c568cfb164f38c,train,train
near_duplicate_dhash,7,water_datasets/Flow-Img.v2i.yolov8/train/images/000240_jpg.rf.5ab98591c87f948715bf459ea3c1c410.jpg,water_datasets/Flow-Img.v2i.yolov8/train/images/000397_jpg.rf.4e8eaa10e22d01ded456976c40ca5df2.jpg,000240_jpg.rf.5ab98591c87f948715bf459ea3c1c410,000397_jpg.rf.4e8eaa10e22d01ded456976c40ca5df2,train,train
near_duplicate_dhash,6,water_datasets/Flow-Img.v2i.yolov8/train/images/000240_jpg.rf.5ab98591c87f948715bf459ea3c1c410.jpg,water_datasets/Flow-Img.v2i.yolov8/train/images/000467_jpg.rf.95869426ffbaca36dd5a872cb4f87d6c.jpg,000240_jpg.rf.5ab98591c87f948715bf459ea3c1c410,000467_jpg.rf.95869426ffbaca36dd5a872cb4f87d6c,train,train
near_duplicate_dhash,8,water_datasets/Flow-Img.v2i.yolov8/train/images/000240_jpg.rf.5ab98591c87f948715bf459ea3c1c410.jpg,water_datasets/Flow-Img.v2i.yolov8/train/images/000489_jpg.rf.66348274d7b1694d399a88022730b43a.jpg,000240_jpg.rf.5ab98591c87f948715bf459ea3c1c410,000489_jpg.rf.66348274d7b1694d399a88022730b43a,train,train
near_duplicate_dhash,7,water_datasets/Flow-Img.v2i.yolov8/train/images/000240_jpg.rf.5ab98591c87f948715bf459ea3c1c410.jpg,water_datasets/Flow-Img.v2i.yolov8/train/images/000756_jpg.rf.464044da71ef66f6aaa128b279ef83bf.jpg,000240_jpg.rf.5ab98591c87f948715bf459ea3c1c410,000756_jpg.rf.464044da71ef66f6aaa128b279ef83bf,train,train
near_duplicate_dhash,7,water_datasets/Flow-Img.v2i.yolov8/train/images/000240_jpg.rf.5ab98591c87f948715bf459ea3c1c410.jpg,water_datasets/Flow-Img.v2i.yolov8/train/images/001177_jpg.rf.aa6e255f5f9f4f8bbc6d36253d44f950.jpg,000240_jpg.rf.5ab98591c87f948715bf459ea3c1c410,001177_jpg.rf.aa6e255f5f9f4f8bbc6d36253d44f950,train,train
near_duplicate_dhash,6,water_datasets/Flow-Img.v2i.yolov8/train/images/000241_jpg.rf.ce33b48517e1c661495f52e5ac43696b.jpg,water_datasets/Flow-Img.v2i.yolov8/train/images/000816_jpg.rf.285e9aa99556d7134b4eade57bc0e8b3.jpg,000241_jpg.rf.ce33b48517e1c661495f52e5ac43696b,000816_jpg.rf.285e9aa99556d7134b4eade57bc0e8b3,train,train
near_duplicate_dhash,8,water_datasets/Flow-Img.v2i.yolov8/train/images/000243_jpg.rf.bccf21cdc0823524c376a4c05b7f394e.jpg,water_datasets/Flow-Img.v2i.yolov8/train/images/000633_jpg.rf.9401b11a2c7b7b32b1e4488c710f2787.jpg,000243_jpg.rf.bccf21cdc0823524c376a4c05b7f394e,000633_jpg.rf.9401b11a2c7b7b32b1e4488c710f2787,train,train
near_duplicate_dhash,8,water_datasets/Flow-Img.v2i.yolov8/train/images/000243_jpg.rf.bccf21cdc0823524c376a4c05b7f394e.jpg,water_datasets/Flow-Img.v2i.yolov8/train/images/000771_jpg.rf.caf9d6f96d1762ee304976d244cf144b.jpg,000243_jpg.rf.bccf21cdc0823524c376a4c05b7f394e,000771_jpg.rf.caf9d6f96d1762ee304976d244cf144b,train,train
near_duplicate_dhash,8,water_datasets/Flow-Img.v2i.yolov8/train/images/000243_jpg.rf.bccf21cdc0823524c376a4c05b7f394e.jpg,water_datasets/Flow-Img.v2i.yolov8/train/images/000806_jpg.rf.bc340077e8c4f9d1bdf0fa5839dfee46.jpg,000243_jpg.rf.bccf21cdc0823524c376a4c05b7f394e,000806_jpg.rf.bc340077e8c4f9d1bdf0fa5839dfee46,train,train
near_duplicate_dhash,8,water_datasets/Flow-Img.v2i.yolov8/train/images/000244_jpg.rf.c3437915896dd601dd81ccce74848b6f.jpg,water_datasets/Flow-Img.v2i.yolov8/train/images/000708_jpg.rf.85abb275c3bae81ac30daca619f372e3.jpg,000244_jpg.rf.c3437915896dd601dd81ccce74848b6f,000708_jpg.rf.85abb275c3bae81ac30daca619f372e3,train,train
near_duplicate_dhash,8,water_datasets/Flow-Img.v2i.yolov8/train/images/000247_jpg.rf.eb0ba4c1efb8b5936585d1d6efa0f2e6.jpg,water_datasets/Flow-Img.v2i.yolov8/train/images/000259_jpg.rf.bbdccfdb5fa7aa090520401139dede2d.jpg,000247_jpg.rf.eb0ba4c1efb8b5936585d1d6efa0f2e6,000259_jpg.rf.bbdccfdb5fa7aa090520401139dede2d,train,train
near_duplicate_dhash,8,water_datasets/Flow-Img.v2i.yolov8/train/images/000247_jpg.rf.eb0ba4c1efb8b5936585d1d6efa0f2e6.jpg,water_datasets/Flow-Img.v2i.yolov8/train/images/000980_jpg.rf.67cf30cbc14142db693c518fb10d38eb.jpg,000247_jpg.rf.eb0ba4c1efb8b5936585d1d6efa0f2e6,000980_jpg.rf.67cf30cbc14142db693c518fb10d38eb,train,train
near_duplicate_dhash,8,water_datasets/Flow-Img.v2i.yolov8/train/images/000250_jpg.rf.724cda7e90d7c199654386c5cefb5145.jpg,water_datasets/Flow-Img.v2i.yolov8/train/images/000570_jpg.rf.a3d02cc947c31fb7e6135060cb5eb787.jpg,000250_jpg.rf.724cda7e90d7c199654386c5cefb5145,000570_jpg.rf.a3d02cc947c31fb7e6135060cb5eb787,train,train
near_duplicate_dhash,7,water_datasets/Flow-Img.v2i.yolov8/train/images/000251_jpg.rf.61b641f2b970fc32f178ba42719446d3.jpg,water_datasets/Flow-Img.v2i.yolov8/train/images/000784_jpg.rf.a0cec766ff0ab7b58bf77f84e9615f0a.jpg,000251_jpg.rf.61b641f2b970fc32f178ba42719446d3,000784_jpg.rf.a0cec766ff0ab7b58bf77f84e9615f0a,train,train
near_duplicate_dhash,8,water_datasets/Flow-Img.v2i.yolov8/train/images/000260_jpg.rf.7f3a6a85a2080c5026214c5748d0e422.jpg,water_datasets/Flow-Img.v2i.yolov8/train/images/000424_jpg.rf.08bb4522be1183cb2a8a69fd7962e2fa.jpg,000260_jpg.rf.7f3a6a85a2080c5026214c5748d0e422,000424_jpg.rf.08bb4522be1183cb2a8a69fd7962e2fa,train,train
near_duplicate_dhash,8,water_datasets/Flow-Img.v2i.yolov8/train/images/000260_jpg.rf.7f3a6a85a2080c5026214c5748d0e422.jpg,water_datasets/Flow-Img.v2i.yolov8/train/images/000599_jpg.rf.8c18843659d8945a057daeebc13b328f.jpg,000260_jpg.rf.7f3a6a85a2080c5026214c5748d0e422,000599_jpg.rf.8c18843659d8945a057daeebc13b328f,train,train
near_duplicate_dhash,6,water_datasets/Flow-Img.v2i.yolov8/train/images/000261_jpg.rf.3d4b6a1ff52d982c9574fc469feb4fa9.jpg,water_datasets/Flow-Img.v2i.yolov8/train/images/000288_jpg.rf.c47330ff59b9b8805a7a2bccf82347f8.jpg,000261_jpg.rf.3d4b6a1ff52d982c9574fc469feb4fa9,000288_jpg.rf.c47330ff59b9b8805a7a2bccf82347f8,train,train
near_duplicate_dhash,6,water_datasets/Flow-Img.v2i.yolov8/train/images/000261_jpg.rf.3d4b6a1ff52d982c9574fc469feb4fa9.jpg,water_datasets/Flow-Img.v2i.yolov8/train/images/000313_jpg.rf.3bc8fd2f191fc26ee40880bd8fe08fc2.jpg,000261_jpg.rf.3d4b6a1ff52d982c9574fc469feb4fa9,000313_jpg.rf.3bc8fd2f191fc26ee40880bd8fe08fc2,train,train
near_duplicate_dhash,7,water_datasets/Flow-Img.v2i.yolov8/train/images/000261_jpg.rf.3d4b6a1ff52d982c9574fc469feb4fa9.jpg,water_datasets/Flow-Img.v2i.yolov8/train/images/000330_jpg.rf.52edf9f37615b06c9a06aadb303abf83.jpg,000261_jpg.rf.3d4b6a1ff52d982c9574fc469feb4fa9,000330_jpg.rf.52edf9f37615b06c9a06aadb303abf83,train,train
near_duplicate_dhash,8,water_datasets/Flow-Img.v2i.yolov8/train/images/000261_jpg.rf.3d4b6a1ff52d982c9574fc469feb4fa9.jpg,water_datasets/Flow-Img.v2i.yolov8/train/images/000517_jpg.rf.3b97be6d4d211732f7a9a3a53dd55790.jpg,000261_jpg.rf.3d4b6a1ff52d982c9574fc469feb4fa9,000517_jpg.rf.3b97be6d4d211732f7a9a3a53dd55790,train,train
near_duplicate_dhash,6,water_datasets/Flow-Img.v2i.yolov8/train/images/000261_jpg.rf.3d4b6a1ff52d982c9574fc469feb4fa9.jpg,water_datasets/Flow-Img.v2i.yolov8/train/images/000631_jpg.rf.6ee62d1772139a6c66b4a0006b66f0d4.jpg,000261_jpg.rf.3d4b6a1ff52d982c9574fc469feb4fa9,000631_jpg.rf.6ee62d1772139a6c66b4a0006b66f0d4,train,train
near_duplicate_dhash,7,water_datasets/Flow-Img.v2i.yolov8/train/images/000261_jpg.rf.3d4b6a1ff52d982c9574fc469feb4fa9.jpg,water_datasets/Flow-Img.v2i.yolov8/train/images/000753_jpg.rf.12a52d2a008ee647dcaf0470ab36d1cd.jpg,000261_jpg.rf.3d4b6a1ff52d982c9574fc469feb4fa9,000753_jpg.rf.12a52d2a008ee647dcaf0470ab36d1cd,train,train
near_duplicate_dhash,8,water_datasets/Flow-Img.v2i.yolov8/train/images/000261_jpg.rf.3d4b6a1ff52d982c9574fc469feb4fa9.jpg,water_datasets/Flow-Img.v2i.yolov8/train/images/000802_jpg.rf.48beccb92a06724bb61f0209aab16ee5.jpg,000261_jpg.rf.3d4b6a1ff52d982c9574fc469feb4fa9,000802_jpg.rf.48beccb92a06724bb61f0209aab16ee5,train,train
near_duplicate_dhash,8,water_datasets/Flow-Img.v2i.yolov8/train/images/000261_jpg.rf.3d4b6a1ff52d982c9574fc469feb4fa9.jpg,water_datasets/Flow-Img.v2i.yolov8/train/images/000863_jpg.rf.30fe13953ea7edabe35101463b1f0770.jpg,000261_jpg.rf.3d4b6a1ff52d982c9574fc469feb4fa9,000863_jpg.rf.30fe13953ea7edabe35101463b1f0770,train,train
near_duplicate_dhash,7,water_datasets/Flow-Img.v2i.yolov8/train/images/000261_jpg.rf.3d4b6a1ff52d982c9574fc469feb4fa9.jpg,water_datasets/Flow-Img.v2i.yolov8/train/images/000947_jpg.rf.5bbcd6be253670530508ca368e68bfd4.jpg,000261_jpg.rf.3d4b6a1ff52d982c9574fc469feb4fa9,000947_jpg.rf.5bbcd6be253670530508ca368e68bfd4,train,train
near_duplicate_dhash,7,water_datasets/Flow-Img.v2i.yolov8/train/images/000261_jpg.rf.3d4b6a1ff52d982c9574fc469feb4fa9.jpg,water_datasets/Flow-Img.v2i.yolov8/train/images/000951_jpg.rf.7bd48330798739de431f28a309e04d6e.jpg,000261_jpg.rf.3d4b6a1ff52d982c9574fc469feb4fa9,000951_jpg.rf.7bd48330798739de431f28a309e04d6e,train,train
near_duplicate_dhash,8,water_datasets/Flow-Img.v2i.yolov8/train/images/000261_jpg.rf.3d4b6a1ff52d982c9574fc469feb4fa9.jpg,water_datasets/Flow-Img.v2i.yolov8/train/images/001096_jpg.rf.92697693fd65bc16b476bc19ab410716.jpg,000261_jpg.rf.3d4b6a1ff52d982c9574fc469feb4fa9,001096_jpg.rf.92697693fd65bc16b476bc19ab410716,train,train
near_duplicate_dhash,8,water_datasets/Flow-Img.v2i.yolov8/train/images/000262_jpg.rf.0bad98f7b302a2db514f1be62ede91e7.jpg,water_datasets/Flow-Img.v2i.yolov8/train/images/000940_jpg.rf.4143d6c0576aee0cb0b8ae3c9fccf296.jpg,000262_jpg.rf.0bad98f7b302a2db514f1be62ede91e7,000940_jpg.rf.4143d6c0576aee0cb0b8ae3c9fccf296,train,train
near_duplicate_dhash,8,water_datasets/Flow-Img.v2i.yolov8/train/images/000262_jpg.rf.0bad98f7b302a2db514f1be62ede91e7.jpg,water_datasets/Flow-Img.v2i.yolov8/train/images/001004_jpg.rf.f80ca82826de23b614954e1ea5df97e9.jpg,000262_jpg.rf.0bad98f7b302a2db514f1be62ede91e7,001004_jpg.rf.f80ca82826de23b614954e1ea5df97e9,train,train
near_duplicate_dhash,6,water_datasets/Flow-Img.v2i.yolov8/train/images/000263_jpg.rf.399135eebb578bc41006a878eb79341d.jpg,water_datasets/Flow-Img.v2i.yolov8/train/images/001001_jpg.rf.485bcd81fb41dc6b92efabe94cd4f223.jpg,000263_jpg.rf.399135eebb578bc41006a878eb79341d,001001_jpg.rf.485bcd81fb41dc6b92efabe94cd4f223,train,train
near_duplicate_dhash,8,water_datasets/Flow-Img.v2i.yolov8/train/images/000265_jpg.rf.9f09daaf603e2a317f4bc6f9fb7afd24.jpg,water_datasets/Flow-Img.v2i.yolov8/train/images/000313_jpg.rf.3bc8fd2f191fc26ee40880bd8fe08fc2.jpg,000265_jpg.rf.9f09daaf603e2a317f4bc6f9fb7afd24,000313_jpg.rf.3bc8fd2f191fc26ee40880bd8fe08fc2,train,train
near_duplicate_dhash,8,water_datasets/Flow-Img.v2i.yolov8/train/images/000265_jpg.rf.9f09daaf603e2a317f4bc6f9fb7afd24.jpg,water_datasets/Flow-Img.v2i.yolov8/train/images/000660_jpg.rf.458f6ed844bca1c452445bdfaea88319.jpg,000265_jpg.rf.9f09daaf603e2a317f4bc6f9fb7afd24,000660_jpg.rf.458f6ed844bca1c452445bdfaea88319,train,train
near_duplicate_dhash,7,water_datasets/Flow-Img.v2i.yolov8/train/images/000265_jpg.rf.9f09daaf603e2a317f4bc6f9fb7afd24.jpg,water_datasets/Flow-Img.v2i.yolov8/train/images/000912_jpg.rf.a8d5b70c190265d890f00f1c86b3a7d2.jpg,000265_jpg.rf.9f09daaf603e2a317f4bc6f9fb7afd24,000912_jpg.rf.a8d5b70c190265d890f00f1c86b3a7d2,train,train
near_duplicate_dhash,8,water_datasets/Flow-Img.v2i.yolov8/train/images/000267_jpg.rf.a4d7d867c4296bec0bbf6397f14696e0.jpg,water_datasets/Flow-Img.v2i.yolov8/train/images/000826_jpg.rf.fcac5de7d5c28c693833f8685d08df23.jpg,000267_jpg.rf.a4d7d867c4296bec0bbf6397f14696e0,000826_jpg.rf.fcac5de7d5c28c693833f8685d08df23,train,train
near_duplicate_dhash,8,water_datasets/Flow-Img.v2i.yolov8/train/images/000270_jpg.rf.c0dace875b85d358d62a3950486f3df4.jpg,water_datasets/Flow-Img.v2i.yolov8/train/images/000315_jpg.rf.57e84c6591bc26734f2ca93f44f0e38d.jpg,000270_jpg.rf.c0dace875b85d358d62a3950486f3df4,000315_jpg.rf.57e84c6591bc26734f2ca93f44f0e38d,train,train
near_duplicate_dhash,6,water_datasets/Flow-Img.v2i.yolov8/train/images/000270_jpg.rf.c0dace875b85d358d62a3950486f3df4.jpg,water_datasets/Flow-Img.v2i.yolov8/train/images/000555_jpg.rf.cdad170345e0eb9f4d4aa4f2ee867b05.jpg,000270_jpg.rf.c0dace875b85d358d62a3950486f3df4,000555_jpg.rf.cdad170345e0eb9f4d4aa4f2ee867b05,train,train
near_duplicate_dhash,8,water_datasets/Flow-Img.v2i.yolov8/train/images/000270_jpg.rf.c0dace875b85d358d62a3950486f3df4.jpg,water_datasets/Flow-Img.v2i.yolov8/train/images/000563_jpg.rf.71a9d469b57f320aac94472dab43a24b.jpg,000270_jpg.rf.c0dace875b85d358d62a3950486f3df4,000563_jpg.rf.71a9d469b57f320aac94472dab43a24b,train,train
near_duplicate_dhash,7,water_datasets/Flow-Img.v2i.yolov8/train/images/000270_jpg.rf.c0dace875b85d358d62a3950486f3df4.jpg,water_datasets/Flow-Img.v2i.yolov8/train/images/000697_jpg.rf.376083236a4263773778ece0b4741250.jpg,000270_jpg.rf.c0dace875b85d358d62a3950486f3df4,000697_jpg.rf.376083236a4263773778ece0b4741250,train,train
near_duplicate_dhash,6,water_datasets/Flow-Img.v2i.yolov8/train/images/000270_jpg.rf.c0dace875b85d358d62a3950486f3df4.jpg,water_datasets/Flow-Img.v2i.yolov8/train/images/000839_jpg.rf.3aaebbcac6ac2980a5f9528fd6fc99e4.jpg,000270_jpg.rf.c0dace875b85d358d62a3950486f3df4,000839_jpg.rf.3aaebbcac6ac2980a5f9528fd6fc99e4,train,train
near_duplicate_dhash,8,water_datasets/Flow-Img.v2i.yolov8/train/images/000270_jpg.rf.c0dace875b85d358d62a3950486f3df4.jpg,water_datasets/Flow-Img.v2i.yolov8/train/images/000851_jpg.rf.29596641fc65266ddc559fc9127a6acc.jpg,000270_jpg.rf.c0dace875b85d358d62a3950486f3df4,000851_jpg.rf.29596641fc65266ddc559fc9127a6acc,train,train
near_duplicate_dhash,7,water_datasets/Flow-Img.v2i.yolov8/train/images/000270_jpg.rf.c0dace875b85d358d62a3950486f3df4.jpg,water_datasets/Flow-Img.v2i.yolov8/train/images/001018_jpg.rf.abb190f26ed7cd92fbeec5259755bd99.jpg,000270_jpg.rf.c0dace875b85d358d62a3950486f3df4,001018_jpg.rf.abb190f26ed7cd92fbeec5259755bd99,train,train
near_duplicate_dhash,8,water_datasets/Flow-Img.v2i.yolov8/train/images/000270_jpg.rf.c0dace875b85d358d62a3950486f3df4.jpg,water_datasets/Flow-Img.v2i.yolov8/train/images/001023_jpg.rf.765af0fa0d15e73dd43ec0e30aa8ca35.jpg,000270_jpg.rf.c0dace875b85d358d62a3950486f3df4,001023_jpg.rf.765af0fa0d15e73dd43ec0e30aa8ca35,train,train
near_duplicate_dhash,7,water_datasets/Flow-Img.v2i.yolov8/train/images/000270_jpg.rf.c0dace875b85d358d62a3950486f3df4.jpg,water_datasets/Flow-Img.v2i.yolov8/train/images/001056_jpg.rf.6bd2dfca5b9536235e5395b8077eea61.jpg,000270_jpg.rf.c0dace875b85d358d62a3950486f3df4,001056_jpg.rf.6bd2dfca5b9536235e5395b8077eea61,train,train
near_duplicate_dhash,7,water_datasets/Flow-Img.v2i.yolov8/train/images/000270_jpg.rf.c0dace875b85d358d62a3950486f3df4.jpg,water_datasets/Flow-Img.v2i.yolov8/train/images/001059_jpg.rf.978856b83c7de90deae1d584c1a38c8d.jpg,000270_jpg.rf.c0dace875b85d358d62a3950486f3df4,001059_jpg.rf.978856b83c7de90deae1d584c1a38c8d,train,train
near_duplicate_dhash,7,water_datasets/Flow-Img.v2i.yolov8/train/images/000271_jpg.rf.5287713f6d21c426a4dd6861eb5d90fb.jpg,water_datasets/Flow-Img.v2i.yolov8/train/images/000501_jpg.rf.08fe490437f7aa9a476ab3bd7922e7e8.jpg,000271_jpg.rf.5287713f6d21c426a4dd6861eb5d90fb,000501_jpg.rf.08fe490437f7aa9a476ab3bd7922e7e8,train,train
near_duplicate_dhash,7,water_datasets/Flow-Img.v2i.yolov8/train/images/000275_jpg.rf.a7187f1317c0a5d5613f0c55bdef403d.jpg,water_datasets/Flow-Img.v2i.yolov8/train/images/000292_jpg.rf.f031b52f22173c3e33810a4ccbd815cc.jpg,000275_jpg.rf.a7187f1317c0a5d5613f0c55bdef403d,000292_jpg.rf.f031b52f22173c3e33810a4ccbd815cc,train,train
near_duplicate_dhash,8,water_datasets/Flow-Img.v2i.yolov8/train/images/000275_jpg.rf.a7187f1317c0a5d5613f0c55bdef403d.jpg,water_datasets/Flow-Img.v2i.yolov8/train/images/000510_jpg.rf.7bfd0ed6fdc782b4cc8abdade73ccb39.jpg,000275_jpg.rf.a7187f1317c0a5d5613f0c55bdef403d,000510_jpg.rf.7bfd0ed6fdc782b4cc8abdade73ccb39,train,train
near_duplicate_dhash,8,water_datasets/Flow-Img.v2i.yolov8/train/images/000275_jpg.rf.a7187f1317c0a5d5613f0c55bdef403d.jpg,water_datasets/Flow-Img.v2i.yolov8/train/images/000563_jpg.rf.71a9d469b57f320aac94472dab43a24b.jpg,000275_jpg.rf.a7187f1317c0a5d5613f0c55bdef403d,000563_jpg.rf.71a9d469b57f320aac94472dab43a24b,train,train
near_duplicate_dhash,8,water_datasets/Flow-Img.v2i.yolov8/train/images/000276_jpg.rf.35906cd83195d8f2642324ba9a089715.jpg,water_datasets/Flow-Img.v2i.yolov8/train/images/000934_jpg.rf.4bdf89331e09adbb40bb6d9722353c15.jpg,000276_jpg.rf.35906cd83195d8f2642324ba9a089715,000934_jpg.rf.4bdf89331e09adbb40bb6d9722353c15,train,train
near_duplicate_dhash,6,water_datasets/Flow-Img.v2i.yolov8/train/images/000278_jpg.rf.878eadf9d6d855dbc5cdda2bb6e5f9e8.jpg,water_datasets/Flow-Img.v2i.yolov8/train/images/000842_jpg.rf.ae606caaf6e5b6b406e8a37c778a91f4.jpg,000278_jpg.rf.878eadf9d6d855dbc5cdda2bb6e5f9e8,000842_jpg.rf.ae606caaf6e5b6b406e8a37c778a91f4,train,train
near_duplicate_dhash,6,water_datasets/Flow-Img.v2i.yolov8/train/images/000283_jpg.rf.d3a05ad9c2787a84ffe15150a1b65496.jpg,water_datasets/Flow-Img.v2i.yolov8/train/images/001034_jpg.rf.a8c8fe4734226c245b57fba6a1075ffe.jpg,000283_jpg.rf.d3a05ad9c2787a84ffe15150a1b65496,001034_jpg.rf.a8c8fe4734226c245b57fba6a1075ffe,train,train
near_duplicate_dhash,6,water_datasets/Flow-Img.v2i.yolov8/train/images/000288_jpg.rf.c47330ff59b9b8805a7a2bccf82347f8.jpg,water_datasets/Flow-Img.v2i.yolov8/train/images/000631_jpg.rf.6ee62d1772139a6c66b4a0006b66f0d4.jpg,000288_jpg.rf.c47330ff59b9b8805a7a2bccf82347f8,000631_jpg.rf.6ee62d1772139a6c66b4a0006b66f0d4,train,train
near_duplicate_dhash,8,water_datasets/Flow-Img.v2i.yolov8/train/images/000288_jpg.rf.c47330ff59b9b8805a7a2bccf82347f8.jpg,water_datasets/Flow-Img.v2i.yolov8/train/images/000690_jpg.rf.da9613f53e58d5686674ec60bf988d84.jpg,000288_jpg.rf.c47330ff59b9b8805a7a2bccf82347f8,000690_jpg.rf.da9613f53e58d5686674ec60bf988d84,train,train
near_duplicate_dhash,8,water_datasets/Flow-Img.v2i.yolov8/train/images/000288_jpg.rf.c47330ff59b9b8805a7a2bccf82347f8.jpg,water_datasets/Flow-Img.v2i.yolov8/train/images/000930_jpg.rf.82e1928937824b6be505296f4b624180.jpg,000288_jpg.rf.c47330ff59b9b8805a7a2bccf82347f8,000930_jpg.rf.82e1928937824b6be505296f4b624180,train,train
near_duplicate_dhash,7,water_datasets/Flow-Img.v2i.yolov8/train/images/000288_jpg.rf.c47330ff59b9b8805a7a2bccf82347f8.jpg,water_datasets/Flow-Img.v2i.yolov8/train/images/000947_jpg.rf.5bbcd6be253670530508ca368e68bfd4.jpg,000288_jpg.rf.c47330ff59b9b8805a7a2bccf82347f8,000947_jpg.rf.5bbcd6be253670530508ca368e68bfd4,train,train
near_duplicate_dhash,6,water_datasets/Flow-Img.v2i.yolov8/train/images/000288_jpg.rf.c47330ff59b9b8805a7a2bccf82347f8.jpg,water_datasets/Flow-Img.v2i.yolov8/train/images/001096_jpg.rf.92697693fd65bc16b476bc19ab410716.jpg,000288_jpg.rf.c47330ff59b9b8805a7a2bccf82347f8,001096_jpg.rf.92697693fd65bc16b476bc19ab410716,train,train
near_duplicate_dhash,8,water_datasets/Flow-Img.v2i.yolov8/train/images/000290_jpg.rf.f1856e51254037d9a1a51cbc3e164a65.jpg,water_datasets/Flow-Img.v2i.yolov8/train/images/001029_jpg.rf.8751751f28b2a3e6c6ba43ae2bbe9f4d.jpg,000290_jpg.rf.f1856e51254037d9a1a51cbc3e164a65,001029_jpg.rf.8751751f28b2a3e6c6ba43ae2bbe9f4d,train,train
near_duplicate_dhash,8,water_datasets/Flow-Img.v2i.yolov8/train/images/000292_jpg.rf.f031b52f22173c3e33810a4ccbd815cc.jpg,water_datasets/Flow-Img.v2i.yolov8/train/images/000321_jpg.rf.6445a0d531191f5bbaf116d0675e6bed.jpg,000292_jpg.rf.f031b52f22173c3e33810a4ccbd815cc,000321_jpg.rf.6445a0d531191f5bbaf116d0675e6bed,train,train
near_duplicate_dhash,8,water_datasets/Flow-Img.v2i.yolov8/train/images/000292_jpg.rf.f031b52f22173c3e33810a4ccbd815cc.jpg,water_datasets/Flow-Img.v2i.yolov8/train/images/000489_jpg.rf.66348274d7b1694d399a88022730b43a.jpg,000292_jpg.rf.f031b52f22173c3e33810a4ccbd815cc,000489_jpg.rf.66348274d7b1694d399a88022730b43a,train,train
near_duplicate_dhash,7,water_datasets/Flow-Img.v2i.yolov8/train/images/000292_jpg.rf.f031b52f22173c3e33810a4ccbd815cc.jpg,water_datasets/Flow-Img.v2i.yolov8/train/images/000563_jpg.rf.71a9d469b57f320aac94472dab43a24b.jpg,000292_jpg.rf.f031b52f22173c3e33810a4ccbd815cc,000563_jpg.rf.71a9d469b57f320aac94472dab43a24b,train,train
near_duplicate_dhash,6,water_datasets/Flow-Img.v2i.yolov8/train/images/000292_jpg.rf.f031b52f22173c3e33810a4ccbd815cc.jpg,water_datasets/Flow-Img.v2i.yolov8/train/images/000763_jpg.rf.d4b67dac86e28f13a53d8fe602e0d6a9.jpg,000292_jpg.rf.f031b52f22173c3e33810a4ccbd815cc,000763_jpg.rf.d4b67dac86e28f13a53d8fe602e0d6a9,train,train
near_duplicate_dhash,8,water_datasets/Flow-Img.v2i.yolov8/train/images/000292_jpg.rf.f031b52f22173c3e33810a4ccbd815cc.jpg,water_datasets/Flow-Img.v2i.yolov8/train/images/001056_jpg.rf.6bd2dfca5b9536235e5395b8077eea61.jpg,000292_jpg.rf.f031b52f22173c3e33810a4ccbd815cc,001056_jpg.rf.6bd2dfca5b9536235e5395b8077eea61,train,train
near_duplicate_dhash,7,water_datasets/Flow-Img.v2i.yolov8/train/images/000292_jpg.rf.f031b52f22173c3e33810a4ccbd815cc.jpg,water_datasets/Flow-Img.v2i.yolov8/train/images/001077_jpg.rf.1c5a43021cfbad4c03b6f071ff01f570.jpg,000292_jpg.rf.f031b52f22173c3e33810a4ccbd815cc,001077_jpg.rf.1c5a43021cfbad4c03b6f071ff01f570,train,train
near_duplicate_dhash,7,water_datasets/Flow-Img.v2i.yolov8/train/images/000292_jpg.rf.f031b52f22173c3e33810a4ccbd815cc.jpg,water_datasets/Flow-Img.v2i.yolov8/train/images/001177_jpg.rf.aa6e255f5f9f4f8bbc6d36253d44f950.jpg,000292_jpg.rf.f031b52f22173c3e33810a4ccbd815cc,001177_jpg.rf.aa6e255f5f9f4f8bbc6d36253d44f950,train,train
near_duplicate_dhash,6,water_datasets/Flow-Img.v2i.yolov8/train/images/000295_jpg.rf.807a22bd711be9fe74c5f3ed0a5b49c0.jpg,water_datasets/Flow-Img.v2i.yolov8/train/images/000493_jpg.rf.49ffb6fd6a692985372352ee9d9f918a.jpg,000295_jpg.rf.807a22bd711be9fe74c5f3ed0a5b49c0,000493_jpg.rf.49ffb6fd6a692985372352ee9d9f918a,train,train
near_duplicate_dhash,7,water_datasets/Flow-Img.v2i.yolov8/train/images/000295_jpg.rf.807a22bd711be9fe74c5f3ed0a5b49c0.jpg,water_datasets/Flow-Img.v2i.yolov8/train/images/000664_jpg.rf.1c022c568e83385bd40074ab3b26dee5.jpg,000295_jpg.rf.807a22bd711be9fe74c5f3ed0a5b49c0,000664_jpg.rf.1c022c568e83385bd40074ab3b26dee5,train,train
near_duplicate_dhash,8,water_datasets/Flow-Img.v2i.yolov8/train/images/000297_jpg.rf.2c960c2ef261d2d8522d8f3151403974.jpg,water_datasets/Flow-Img.v2i.yolov8/train/images/000791_jpg.rf.c732ad9726ff591823ca640f77878811.jpg,000297_jpg.rf.2c960c2ef261d2d8522d8f3151403974,000791_jpg.rf.c732ad9726ff591823ca640f77878811,train,train
near_duplicate_dhash,7,water_datasets/Flow-Img.v2i.yolov8/train/images/000302_jpg.rf.e8adc2def4601c8f0545e3f4ef7360a5.jpg,water_datasets/Flow-Img.v2i.yolov8/train/images/000487_jpg.rf.59a64fe03c9b1cc52692c1cc421cb65c.jpg,000302_jpg.rf.e8adc2def4601c8f0545e3f4ef7360a5,000487_jpg.rf.59a64fe03c9b1cc52692c1cc421cb65c,train,train
near_duplicate_dhash,7,water_datasets/Flow-Img.v2i.yolov8/train/images/000303_jpg.rf.6b22242e521a799f4ddeb2d40125e016.jpg,water_datasets/Flow-Img.v2i.yolov8/train/images/000490_jpg.rf.39933fda469efba50002c819073a0d03.jpg,000303_jpg.rf.6b22242e521a799f4ddeb2d40125e016,000490_jpg.rf.39933fda469efba50002c819073a0d03,train,train
near_duplicate_dhash,7,water_datasets/Flow-Img.v2i.yolov8/train/images/000305_jpg.rf.87161a2144a093814ca6088d359ab7e7.jpg,water_datasets/Flow-Img.v2i.yolov8/train/images/000468_jpg.rf.e35d405f6e25aa8dade7673dc02d7a14.jpg,000305_jpg.rf.87161a2144a093814ca6088d359ab7e7,000468_jpg.rf.e35d405f6e25aa8dade7673dc02d7a14,train,train
near_duplicate_dhash,8,water_datasets/Flow-Img.v2i.yolov8/train/images/000306_jpg.rf.a15ab836ad6118228e5f81f46284375d.jpg,water_datasets/Flow-Img.v2i.yolov8/train/images/000633_jpg.rf.9401b11a2c7b7b32b1e4488c710f2787.jpg,000306_jpg.rf.a15ab836ad6118228e5f81f46284375d,000633_jpg.rf.9401b11a2c7b7b32b1e4488c710f2787,train,train
near_duplicate_dhash,8,water_datasets/Flow-Img.v2i.yolov8/train/images/000306_jpg.rf.a15ab836ad6118228e5f81f46284375d.jpg,water_datasets/Flow-Img.v2i.yolov8/train/images/000771_jpg.rf.caf9d6f96d1762ee304976d244cf144b.jpg,000306_jpg.rf.a15ab836ad6118228e5f81f46284375d,000771_jpg.rf.caf9d6f96d1762ee304976d244cf144b,train,train
near_duplicate_dhash,8,water_datasets/Flow-Img.v2i.yolov8/train/images/000306_jpg.rf.a15ab836ad6118228e5f81f46284375d.jpg,water_datasets/Flow-Img.v2i.yolov8/train/images/001152_jpg.rf.7f3e2d9746210fbb9b650bb97fd1be60.jpg,000306_jpg.rf.a15ab836ad6118228e5f81f46284375d,001152_jpg.rf.7f3e2d9746210fbb9b650bb97fd1be60,train,train
near_duplicate_dhash,8,water_datasets/Flow-Img.v2i.yolov8/train/images/000309_jpg.rf.6fd1434dd28026fa60ac56b1a305b53e.jpg,water_datasets/Flow-Img.v2i.yolov8/train/images/000444_jpg.rf.5fd13c0ee64215b4006098d177b6a449.jpg,000309_jpg.rf.6fd1434dd28026fa60ac56b1a305b53e,000444_jpg.rf.5fd13c0ee64215b4006098d177b6a449,train,train
near_duplicate_dhash,8,water_datasets/Flow-Img.v2i.yolov8/train/images/000309_jpg.rf.6fd1434dd28026fa60ac56b1a305b53e.jpg,water_datasets/Flow-Img.v2i.yolov8/train/images/000554_jpg.rf.f6f3c8e0cca8727e87ab7c6d005fb1e9.jpg,000309_jpg.rf.6fd1434dd28026fa60ac56b1a305b53e,000554_jpg.rf.f6f3c8e0cca8727e87ab7c6d005fb1e9,train,train
near_duplicate_dhash,7,water_datasets/Flow-Img.v2i.yolov8/train/images/000309_jpg.rf.6fd1434dd28026fa60ac56b1a305b53e.jpg,water_datasets/Flow-Img.v2i.yolov8/train/images/000617_jpg.rf.e2535258736a7c796a12f397c3a2ea0f.jpg,000309_jpg.rf.6fd1434dd28026fa60ac56b1a305b53e,000617_jpg.rf.e2535258736a7c796a12f397c3a2ea0f,train,train
near_duplicate_dhash,8,water_datasets/Flow-Img.v2i.yolov8/train/images/000309_jpg.rf.6fd1434dd28026fa60ac56b1a305b53e.jpg,water_datasets/Flow-Img.v2i.yolov8/train/images/000909_jpg.rf.d9696ab24fb15b000419f46b61a88767.jpg,000309_jpg.rf.6fd1434dd28026fa60ac56b1a305b53e,000909_jpg.rf.d9696ab24fb15b000419f46b61a88767,train,train
near_duplicate_dhash,8,water_datasets/Flow-Img.v2i.yolov8/train/images/000309_jpg.rf.6fd1434dd28026fa60ac56b1a305b53e.jpg,water_datasets/Flow-Img.v2i.yolov8/train/images/000975_jpg.rf.2410ef57d880497c4a4db2fca604643c.jpg,000309_jpg.rf.6fd1434dd28026fa60ac56b1a305b53e,000975_jpg.rf.2410ef57d880497c4a4db2fca604643c,train,train
near_duplicate_dhash,6,water_datasets/Flow-Img.v2i.yolov8/train/images/000309_jpg.rf.6fd1434dd28026fa60ac56b1a305b53e.jpg,water_datasets/Flow-Img.v2i.yolov8/train/images/001126_jpg.rf.8867fb78a91b492dcb7d840d27f3ce79.jpg,000309_jpg.rf.6fd1434dd28026fa60ac56b1a305b53e,001126_jpg.rf.8867fb78a91b492dcb7d840d27f3ce79,train,train
near_duplicate_dhash,7,water_datasets/Flow-Img.v2i.yolov8/train/images/000313_jpg.rf.3bc8fd2f191fc26ee40880bd8fe08fc2.jpg,water_datasets/Flow-Img.v2i.yolov8/train/images/000330_jpg.rf.52edf9f37615b06c9a06aadb303abf83.jpg,000313_jpg.rf.3bc8fd2f191fc26ee40880bd8fe08fc2,000330_jpg.rf.52edf9f37615b06c9a06aadb303abf83,train,train
near_duplicate_dhash,8,water_datasets/Flow-Img.v2i.yolov8/train/images/000313_jpg.rf.3bc8fd2f191fc26ee40880bd8fe08fc2.jpg,water_datasets/Flow-Img.v2i.yolov8/train/images/000517_jpg.rf.3b97be6d4d211732f7a9a3a53dd55790.jpg,000313_jpg.rf.3bc8fd2f191fc26ee40880bd8fe08fc2,000517_jpg.rf.3b97be6d4d211732f7a9a3a53dd55790,train,train
near_duplicate_dhash,8,water_datasets/Flow-Img.v2i.yolov8/train/images/000313_jpg.rf.3bc8fd2f191fc26ee40880bd8fe08fc2.jpg,water_datasets/Flow-Img.v2i.yolov8/train/images/000631_jpg.rf.6ee62d1772139a6c66b4a0006b66f0d4.jpg,000313_jpg.rf.3bc8fd2f191fc26ee40880bd8fe08fc2,000631_jpg.rf.6ee62d1772139a6c66b4a0006b66f0d4,train,train
near_duplicate_dhash,8,water_datasets/Flow-Img.v2i.yolov8/train/images/000313_jpg.rf.3bc8fd2f191fc26ee40880bd8fe08fc2.jpg,water_datasets/Flow-Img.v2i.yolov8/train/images/000690_jpg.rf.da9613f53e58d5686674ec60bf988d84.jpg,000313_jpg.rf.3bc8fd2f191fc26ee40880bd8fe08fc2,000690_jpg.rf.da9613f53e58d5686674ec60bf988d84,train,train
near_duplicate_dhash,8,water_datasets/Flow-Img.v2i.yolov8/train/images/000313_jpg.rf.3bc8fd2f191fc26ee40880bd8fe08fc2.jpg,water_datasets/Flow-Img.v2i.yolov8/train/images/000989_jpg.rf.41efae86f90f4b0a1b1577ed4d547333.jpg,000313_jpg.rf.3bc8fd2f191fc26ee40880bd8fe08fc2,000989_jpg.rf.41efae86f90f4b0a1b1577ed4d547333,train,train
near_duplicate_dhash,8,water_datasets/Flow-Img.v2i.yolov8/train/images/000313_jpg.rf.3bc8fd2f191fc26ee40880bd8fe08fc2.jpg,water_datasets/Flow-Img.v2i.yolov8/train/images/000999_jpg.rf.0bf2cc3badf87d252b5bf3b641a16819.jpg,000313_jpg.rf.3bc8fd2f191fc26ee40880bd8fe08fc2,000999_jpg.rf.0bf2cc3badf87d252b5bf3b641a16819,train,train
near_duplicate_dhash,8,water_datasets/Flow-Img.v2i.yolov8/train/images/000313_jpg.rf.3bc8fd2f191fc26ee40880bd8fe08fc2.jpg,water_datasets/Flow-Img.v2i.yolov8/train/images/001096_jpg.rf.92697693fd65bc16b476bc19ab410716.jpg,000313_jpg.rf.3bc8fd2f191fc26ee40880bd8fe08fc2,001096_jpg.rf.92697693fd65bc16b476bc19ab410716,train,train
near_duplicate_dhash,8,water_datasets/Flow-Img.v2i.yolov8/train/images/000315_jpg.rf.57e84c6591bc26734f2ca93f44f0e38d.jpg,water_datasets/Flow-Img.v2i.yolov8/train/images/000510_jpg.rf.7bfd0ed6fdc782b4cc8abdade73ccb39.jpg,000315_jpg.rf.57e84c6591bc26734f2ca93f44f0e38d,000510_jpg.rf.7bfd0ed6fdc782b4cc8abdade73ccb39,train,train
near_duplicate_dhash,6,water_datasets/Flow-Img.v2i.yolov8/train/images/000315_jpg.rf.57e84c6591bc26734f2ca93f44f0e38d.jpg,water_datasets/Flow-Img.v2i.yolov8/train/images/000563_jpg.rf.71a9d469b57f320aac94472dab43a24b.jpg,000315_jpg.rf.57e84c6591bc26734f2ca93f44f0e38d,000563_jpg.rf.71a9d469b57f320aac94472dab43a24b,train,train
near_duplicate_dhash,7,water_datasets/Flow-Img.v2i.yolov8/train/images/000315_jpg.rf.57e84c6591bc26734f2ca93f44f0e38d.jpg,water_datasets/Flow-Img.v2i.yolov8/train/images/000763_jpg.rf.d4b67dac86e28f13a53d8fe602e0d6a9.jpg,000315_jpg.rf.57e84c6591bc26734f2ca93f44f0e38d,000763_jpg.rf.d4b67dac86e28f13a53d8fe602e0d6a9,train,train
near_duplicate_dhash,7,water_datasets/Flow-Img.v2i.yolov8/train/images/000315_jpg.rf.57e84c6591bc26734f2ca93f44f0e38d.jpg,water_datasets/Flow-Img.v2i.yolov8/train/images/001056_jpg.rf.6bd2dfca5b9536235e5395b8077eea61.jpg,000315_jpg.rf.57e84c6591bc26734f2ca93f44f0e38d,001056_jpg.rf.6bd2dfca5b9536235e5395b8077eea61,train,train
near_duplicate_dhash,7,water_datasets/Flow-Img.v2i.yolov8/train/images/000321_jpg.rf.6445a0d531191f5bbaf116d0675e6bed.jpg,water_datasets/Flow-Img.v2i.yolov8/train/images/000397_jpg.rf.4e8eaa10e22d01ded456976c40ca5df2.jpg,000321_jpg.rf.6445a0d531191f5bbaf116d0675e6bed,000397_jpg.rf.4e8eaa10e22d01ded456976c40ca5df2,train,train
near_duplicate_dhash,8,water_datasets/Flow-Img.v2i.yolov8/train/images/000321_jpg.rf.6445a0d531191f5bbaf116d0675e6bed.jpg,water_datasets/Flow-Img.v2i.yolov8/train/images/000467_jpg.rf.95869426ffbaca36dd5a872cb4f87d6c.jpg,000321_jpg.rf.6445a0d531191f5bbaf116d0675e6bed,000467_jpg.rf.95869426ffbaca36dd5a872cb4f87d6c,train,train
near_duplicate_dhash,8,water_datasets/Flow-Img.v2i.yolov8/train/images/000321_jpg.rf.6445a0d531191f5bbaf116d0675e6bed.jpg,water_datasets/Flow-Img.v2i.yolov8/train/images/000489_jpg.rf.66348274d7b1694d399a88022730b43a.jpg,000321_jpg.rf.6445a0d531191f5bbaf116d0675e6bed,000489_jpg.rf.66348274d7b1694d399a88022730b43a,train,train
near_duplicate_dhash,8,water_datasets/Flow-Img.v2i.yolov8/train/images/000321_jpg.rf.6445a0d531191f5bbaf116d0675e6bed.jpg,water_datasets/Flow-Img.v2i.yolov8/train/images/000700_jpg.rf.f07281d1199190934e54fc9edbcce4e4.jpg,000321_jpg.rf.6445a0d531191f5bbaf116d0675e6bed,000700_jpg.rf.f07281d1199190934e54fc9edbcce4e4,train,train
near_duplicate_dhash,7,water_datasets/Flow-Img.v2i.yolov8/train/images/000321_jpg.rf.6445a0d531191f5bbaf116d0675e6bed.jpg,water_datasets/Flow-Img.v2i.yolov8/train/images/000756_jpg.rf.464044da71ef66f6aaa128b279ef83bf.jpg,000321_jpg.rf.6445a0d531191f5bbaf116d0675e6bed,000756_jpg.rf.464044da71ef66f6aaa128b279ef83bf,train,train
near_duplicate_dhash,7,water_datasets/Flow-Img.v2i.yolov8/train/images/000321_jpg.rf.6445a0d531191f5bbaf116d0675e6bed.jpg,water_datasets/Flow-Img.v2i.yolov8/train/images/000778_jpg.rf.8839dbd5ad35bc3371f7b3826fa02b06.jpg,000321_jpg.rf.6445a0d531191f5bbaf116d0675e6bed,000778_jpg.rf.8839dbd5ad35bc3371f7b3826fa02b06,train,train
near_duplicate_dhash,7,water_datasets/Flow-Img.v2i.yolov8/train/images/000321_jpg.rf.6445a0d531191f5bbaf116d0675e6bed.jpg,water_datasets/Flow-Img.v2i.yolov8/train/images/001177_jpg.rf.aa6e255f5f9f4f8bbc6d36253d44f950.jpg,000321_jpg.rf.6445a0d531191f5bbaf116d0675e6bed,001177_jpg.rf.aa6e255f5f9f4f8bbc6d36253d44f950,train,train
near_duplicate_dhash,6,water_datasets/Flow-Img.v2i.yolov8/train/images/000322_jpg.rf.67f6a680b315e1c9c21b9e946e8ac84c.jpg,water_datasets/Flow-Img.v2i.yolov8/train/images/000502_jpg.rf.4e13a83dae402bce482b759ea6eaa464.jpg,000322_jpg.rf.67f6a680b315e1c9c21b9e946e8ac84c,000502_jpg.rf.4e13a83dae402bce482b759ea6eaa464,train,train
near_duplicate_dhash,8,water_datasets/Flow-Img.v2i.yolov8/train/images/000322_jpg.rf.67f6a680b315e1c9c21b9e946e8ac84c.jpg,water_datasets/Flow-Img.v2i.yolov8/train/images/001197_jpg.rf.ebc4f0359916e8f9446f9773e1967bf7.jpg,000322_jpg.rf.67f6a680b315e1c9c21b9e946e8ac84c,001197_jpg.rf.ebc4f0359916e8f9446f9773e1967bf7,train,train
near_duplicate_dhash,8,water_datasets/Flow-Img.v2i.yolov8/train/images/000327_jpg.rf.eb88f033ed0788b441d5ab70b796e6dc.jpg,water_datasets/Flow-Img.v2i.yolov8/train/images/000524_jpg.rf.c8d320a84fd88aaac20773e6ed8ae356.jpg,000327_jpg.rf.eb88f033ed0788b441d5ab70b796e6dc,000524_jpg.rf.c8d320a84fd88aaac20773e6ed8ae356,train,train
near_duplicate_dhash,7,water_datasets/Flow-Img.v2i.yolov8/train/images/000330_jpg.rf.52edf9f37615b06c9a06aadb303abf83.jpg,water_datasets/Flow-Img.v2i.yolov8/train/images/000346_jpg.rf.77865eb99934e1fae9d51712996c801d.jpg,000330_jpg.rf.52edf9f37615b06c9a06aadb303abf83,000346_jpg.rf.77865eb99934e1fae9d51712996c801d,train,train
near_duplicate_dhash,8,water_datasets/Flow-Img.v2i.yolov8/train/images/000330_jpg.rf.52edf9f37615b06c9a06aadb303abf83.jpg,water_datasets/Flow-Img.v2i.yolov8/train/images/000400_jpg.rf.53afda837b36810c29742223d720d061.jpg,000330_jpg.rf.52edf9f37615b06c9a06aadb303abf83,000400_jpg.rf.53afda837b36810c29742223d720d061,train,train
near_duplicate_dhash,7,water_datasets/Flow-Img.v2i.yolov8/train/images/000330_jpg.rf.52edf9f37615b06c9a06aadb303abf83.jpg,water_datasets/Flow-Img.v2i.yolov8/train/images/000517_jpg.rf.3b97be6d4d211732f7a9a3a53dd55790.jpg,000330_jpg.rf.52edf9f37615b06c9a06aadb303abf83,000517_jpg.rf.3b97be6d4d211732f7a9a3a53dd55790,train,train
near_duplicate_dhash,8,water_datasets/Flow-Img.v2i.yolov8/train/images/000330_jpg.rf.52edf9f37615b06c9a06aadb303abf83.jpg,water_datasets/Flow-Img.v2i.yolov8/train/images/000838_jpg.rf.c6ceac014ea0782920f491c32c0a09ee.jpg,000330_jpg.rf.52edf9f37615b06c9a06aadb303abf83,000838_jpg.rf.c6ceac014ea0782920f491c32c0a09ee,train,train
near_duplicate_dhash,8,water_datasets/Flow-Img.v2i.yolov8/train/images/000330_jpg.rf.52edf9f37615b06c9a06aadb303abf83.jpg,water_datasets/Flow-Img.v2i.yolov8/train/images/000912_jpg.rf.a8d5b70c190265d890f00f1c86b3a7d2.jpg,000330_jpg.rf.52edf9f37615b06c9a06aadb303abf83,000912_jpg.rf.a8d5b70c190265d890f00f1c86b3a7d2,train,train
near_duplicate_dhash,8,water_datasets/Flow-Img.v2i.yolov8/train/images/000330_jpg.rf.52edf9f37615b06c9a06aadb303abf83.jpg,water_datasets/Flow-Img.v2i.yolov8/train/images/000951_jpg.rf.7bd48330798739de431f28a309e04d6e.jpg,000330_jpg.rf.52edf9f37615b06c9a06aadb303abf83,000951_jpg.rf.7bd48330798739de431f28a309e04d6e,train,train
near_duplicate_dhash,7,water_datasets/Flow-Img.v2i.yolov8/train/images/000330_jpg.rf.52edf9f37615b06c9a06aadb303abf83.jpg,water_datasets/Flow-Img.v2i.yolov8/train/images/000999_jpg.rf.0bf2cc3badf87d252b5bf3b641a16819.jpg,000330_jpg.rf.52edf9f37615b06c9a06aadb303abf83,000999_jpg.rf.0bf2cc3badf87d252b5bf3b641a16819,train,train
near_duplicate_dhash,7,water_datasets/Flow-Img.v2i.yolov8/train/images/000330_jpg.rf.52edf9f37615b06c9a06aadb303abf83.jpg,water_datasets/Flow-Img.v2i.yolov8/train/images/001114_jpg.rf.21f4a59f4712f2d32d2001fe73c88961.jpg,000330_jpg.rf.52edf9f37615b06c9a06aadb303abf83,001114_jpg.rf.21f4a59f4712f2d32d2001fe73c88961,train,train
near_duplicate_dhash,8,water_datasets/Flow-Img.v2i.yolov8/train/images/000337_jpg.rf.9f29bd8de28cb5fe865e63ddbf40212c.jpg,water_datasets/Flow-Img.v2i.yolov8/train/images/000510_jpg.rf.7bfd0ed6fdc782b4cc8abdade73ccb39.jpg,000337_jpg.rf.9f29bd8de28cb5fe865e63ddbf40212c,000510_jpg.rf.7bfd0ed6fdc782b4cc8abdade73ccb39,train,train
near_duplicate_dhash,6,water_datasets/Flow-Img.v2i.yolov8/train/images/000337_jpg.rf.9f29bd8de28cb5fe865e63ddbf40212c.jpg,water_datasets/Flow-Img.v2i.yolov8/train/images/000563_jpg.rf.71a9d469b57f320aac94472dab43a24b.jpg,000337_jpg.rf.9f29bd8de28cb5fe865e63ddbf40212c,000563_jpg.rf.71a9d469b57f320aac94472dab43a24b,train,train
near_duplicate_dhash,8,water_datasets/Flow-Img.v2i.yolov8/train/images/000337_jpg.rf.9f29bd8de28cb5fe865e63ddbf40212c.jpg,water_datasets/Flow-Img.v2i.yolov8/train/images/000590_jpg.rf.b9e2f33b39d25c59fc9684d07f14bfc0.jpg,000337_jpg.rf.9f29bd8de28cb5fe865e63ddbf40212c,000590_jpg.rf.b9e2f33b39d25c59fc9684d07f14bfc0,train,train
near_duplicate_dhash,7,water_datasets/Flow-Img.v2i.yolov8/train/images/000337_jpg.rf.9f29bd8de28cb5fe865e63ddbf40212c.jpg,water_datasets/Flow-Img.v2i.yolov8/train/images/001038_jpg.rf.c33df0193afbcec61dab25f7e38cfd2c.jpg,000337_jpg.rf.9f29bd8de28cb5fe865e63ddbf40212c,001038_jpg.rf.c33df0193afbcec61dab25f7e38cfd2c,train,train
near_duplicate_dhash,8,water_datasets/Flow-Img.v2i.yolov8/train/images/000337_jpg.rf.9f29bd8de28cb5fe865e63ddbf40212c.jpg,water_datasets/Flow-Img.v2i.yolov8/train/images/001040_jpg.rf.10e1bd8653b501937d3e6648649f7b1b.jpg,000337_jpg.rf.9f29bd8de28cb5fe865e63ddbf40212c,001040_jpg.rf.10e1bd8653b501937d3e6648649f7b1b,train,train
near_duplicate_dhash,7,water_datasets/Flow-Img.v2i.yolov8/train/images/000337_jpg.rf.9f29bd8de28cb5fe865e63ddbf40212c.jpg,water_datasets/Flow-Img.v2i.yolov8/train/images/001056_jpg.rf.6bd2dfca5b9536235e5395b8077eea61.jpg,000337_jpg.rf.9f29bd8de28cb5fe865e63ddbf40212c,001056_jpg.rf.6bd2dfca5b9536235e5395b8077eea61,train,train
near_duplicate_dhash,8,water_datasets/Flow-Img.v2i.yolov8/train/images/000337_jpg.rf.9f29bd8de28cb5fe865e63ddbf40212c.jpg,water_datasets/Flow-Img.v2i.yolov8/train/images/001177_jpg.rf.aa6e255f5f9f4f8bbc6d36253d44f950.jpg,000337_jpg.rf.9f29bd8de28cb5fe865e63ddbf40212c,001177_jpg.rf.aa6e255f5f9f4f8bbc6d36253d44f950,train,train
near_duplicate_dhash,6,water_datasets/Flow-Img.v2i.yolov8/train/images/000338_jpg.rf.3c9721bfc3d65946212fd5c3f83e411a.jpg,water_datasets/Flow-Img.v2i.yolov8/train/images/000351_jpg.rf.b8b12466c180ea79744e4d31a1ad3eb0.jpg,000338_jpg.rf.3c9721bfc3d65946212fd5c3f83e411a,000351_jpg.rf.b8b12466c180ea79744e4d31a1ad3eb0,train,train
near_duplicate_dhash,6,water_datasets/Flow-Img.v2i.yolov8/train/images/000338_jpg.rf.3c9721bfc3d65946212fd5c3f83e411a.jpg,water_datasets/Flow-Img.v2i.yolov8/train/images/000380_jpg.rf.acbf3327e695a968537d3115bc3d0225.jpg,000338_jpg.rf.3c9721bfc3d65946212fd5c3f83e411a,000380_jpg.rf.acbf3327e695a968537d3115bc3d0225,train,train
near_duplicate_dhash,6,water_datasets/Flow-Img.v2i.yolov8/train/images/000338_jpg.rf.3c9721bfc3d65946212fd5c3f83e411a.jpg,water_datasets/Flow-Img.v2i.yolov8/train/images/000803_jpg.rf.6d5b620769de894f6ccbbf3fac59404c.jpg,000338_jpg.rf.3c9721bfc3d65946212fd5c3f83e411a,000803_jpg.rf.6d5b620769de894f6ccbbf3fac59404c,train,train
near_duplicate_dhash,7,water_datasets/Flow-Img.v2i.yolov8/train/images/000343_jpg.rf.c54284e33633593409581e26ca4ba868.jpg,water_datasets/Flow-Img.v2i.yolov8/train/images/000665_jpg.rf.313fe0d8511a98d77ff6452e8e3ac3e8.jpg,000343_jpg.rf.c54284e33633593409581e26ca4ba868,000665_jpg.rf.313fe0d8511a98d77ff6452e8e3ac3e8,train,train
near_duplicate_dhash,7,water_datasets/Flow-Img.v2i.yolov8/train/images/000343_jpg.rf.c54284e33633593409581e26ca4ba868.jpg,water_datasets/Flow-Img.v2i.yolov8/train/images/000695_jpg.rf.474962c5f7ed175a8d89e515a3fd8b8c.jpg,000343_jpg.rf.c54284e33633593409581e26ca4ba868,000695_jpg.rf.474962c5f7ed175a8d89e515a3fd8b8c,train,train
near_duplicate_dhash,6,water_datasets/Flow-Img.v2i.yolov8/train/images/000343_jpg.rf.c54284e33633593409581e26ca4ba868.jpg,water_datasets/Flow-Img.v2i.yolov8/train/images/000791_jpg.rf.c732ad9726ff591823ca640f77878811.jpg,000343_jpg.rf.c54284e33633593409581e26ca4ba868,000791_jpg.rf.c732ad9726ff591823ca640f77878811,train,train
near_duplicate_dhash,6,water_datasets/Flow-Img.v2i.yolov8/train/images/000343_jpg.rf.c54284e33633593409581e26ca4ba868.jpg,water_datasets/Flow-Img.v2i.yolov8/train/images/001069_jpg.rf.56b38ce1d39d19a1a4e501d95e4c8597.jpg,000343_jpg.rf.c54284e33633593409581e26ca4ba868,001069_jpg.rf.56b38ce1d39d19a1a4e501d95e4c8597,train,train
near_duplicate_dhash,6,water_datasets/Flow-Img.v2i.yolov8/train/images/000346_jpg.rf.77865eb99934e1fae9d51712996c801d.jpg,water_datasets/Flow-Img.v2i.yolov8/train/images/000690_jpg.rf.da9613f53e58d5686674ec60bf988d84.jpg,000346_jpg.rf.77865eb99934e1fae9d51712996c801d,000690_jpg.rf.da9613f53e58d5686674ec60bf988d84,train,train
near_duplicate_dhash,7,water_datasets/Flow-Img.v2i.yolov8/train/images/000346_jpg.rf.77865eb99934e1fae9d51712996c801d.jpg,water_datasets/Flow-Img.v2i.yolov8/train/images/000912_jpg.rf.a8d5b70c190265d890f00f1c86b3a7d2.jpg,000346_jpg.rf.77865eb99934e1fae9d51712996c801d,000912_jpg.rf.a8d5b70c190265d890f00f1c86b3a7d2,train,train
near_duplicate_dhash,6,water_datasets/Flow-Img.v2i.yolov8/train/images/000346_jpg.rf.77865eb99934e1fae9d51712996c801d.jpg,water_datasets/Flow-Img.v2i.yolov8/train/images/001076_jpg.rf.fe8c780606cc5558dfe91b0cc4214d5b.jpg,000346_jpg.rf.77865eb99934e1fae9d51712996c801d,001076_jpg.rf.fe8c780606cc5558dfe91b0cc4214d5b,train,train
near_duplicate_dhash,8,water_datasets/Flow-Img.v2i.yolov8/train/images/000346_jpg.rf.77865eb99934e1fae9d51712996c801d.jpg,water_datasets/Flow-Img.v2i.yolov8/train/images/001096_jpg.rf.92697693fd65bc16b476bc19ab410716.jpg,000346_jpg.rf.77865eb99934e1fae9d51712996c801d,001096_jpg.rf.92697693fd65bc16b476bc19ab410716,train,train
near_duplicate_dhash,8,water_datasets/Flow-Img.v2i.yolov8/train/images/000349_jpg.rf.200cd3e2a9e6d86de5b795365fbcdf68.jpg,water_datasets/Flow-Img.v2i.yolov8/train/images/001164_jpg.rf.cec487a09a6792759ac1e5b8e4f3d2b4.jpg,000349_jpg.rf.200cd3e2a9e6d86de5b795365fbcdf68,001164_jpg.rf.cec487a09a6792759ac1e5b8e4f3d2b4,train,train
near_duplicate_dhash,7,water_datasets/Flow-Img.v2i.yolov8/train/images/000350_jpg.rf.c8b147f3589c0e14469aebac770b072f.jpg,water_datasets/Flow-Img.v2i.yolov8/train/images/000778_jpg.rf.8839dbd5ad35bc3371f7b3826fa02b06.jpg,000350_jpg.rf.c8b147f3589c0e14469aebac770b072f,000778_jpg.rf.8839dbd5ad35bc3371f7b3826fa02b06,train,train
near_duplicate_dhash,6,water_datasets/Flow-Img.v2i.yolov8/train/images/000352_jpg.rf.e4484affda8460d03088c7799c2bb6c0.jpg,water_datasets/Flow-Img.v2i.yolov8/train/images/000362_jpg.rf.01da0ff108e042eeedafa2fff1be15e6.jpg,000352_jpg.rf.e4484affda8460d03088c7799c2bb6c0,000362_jpg.rf.01da0ff108e042eeedafa2fff1be15e6,train,train
near_duplicate_dhash,7,water_datasets/Flow-Img.v2i.yolov8/train/images/000352_jpg.rf.e4484affda8460d03088c7799c2bb6c0.jpg,water_datasets/Flow-Img.v2i.yolov8/train/images/000610_jpg.rf.cc93bfc4abd4f020bc4b69e4de9d541e.jpg,000352_jpg.rf.e4484affda8460d03088c7799c2bb6c0,000610_jpg.rf.cc93bfc4abd4f020bc4b69e4de9d541e,train,train
near_duplicate_dhash,8,water_datasets/Flow-Img.v2i.yolov8/train/images/000355_jpg.rf.6e34c533ab87454133dfd9de83f010c4.jpg,water_datasets/Flow-Img.v2i.yolov8/train/images/000426_jpg.rf.b0cce5f01d3b9d808910dac695b67e5d.jpg,000355_jpg.rf.6e34c533ab87454133dfd9de83f010c4,000426_jpg.rf.b0cce5f01d3b9d808910dac695b67e5d,train,train
near_duplicate_dhash,8,water_datasets/Flow-Img.v2i.yolov8/train/images/000355_jpg.rf.6e34c533ab87454133dfd9de83f010c4.jpg,water_datasets/Flow-Img.v2i.yolov8/train/images/000791_jpg.rf.c732ad9726ff591823ca640f77878811.jpg,000355_jpg.rf.6e34c533ab87454133dfd9de83f010c4,000791_jpg.rf.c732ad9726ff591823ca640f77878811,train,train
near_duplicate_dhash,7,water_datasets/Flow-Img.v2i.yolov8/train/images/000357_jpg.rf.cd8b6cebf1f41f85a3e73471d085e53f.jpg,water_datasets/Flow-Img.v2i.yolov8/train/images/000611_jpg.rf.38f8e51c3aa3a5bf154c4e5d72dd0054.jpg,000357_jpg.rf.cd8b6cebf1f41f85a3e73471d085e53f,000611_jpg.rf.38f8e51c3aa3a5bf154c4e5d72dd0054,train,train
near_duplicate_dhash,7,water_datasets/Flow-Img.v2i.yolov8/train/images/000358_jpg.rf.f0774d9a536eb1795df5c714f9e75aac.jpg,water_datasets/Flow-Img.v2i.yolov8/train/images/000380_jpg.rf.acbf3327e695a968537d3115bc3d0225.jpg,000358_jpg.rf.f0774d9a536eb1795df5c714f9e75aac,000380_jpg.rf.acbf3327e695a968537d3115bc3d0225,train,train
near_duplicate_dhash,8,water_datasets/Flow-Img.v2i.yolov8/train/images/000358_jpg.rf.f0774d9a536eb1795df5c714f9e75aac.jpg,water_datasets/Flow-Img.v2i.yolov8/train/images/001197_jpg.rf.ebc4f0359916e8f9446f9773e1967bf7.jpg,000358_jpg.rf.f0774d9a536eb1795df5c714f9e75aac,001197_jpg.rf.ebc4f0359916e8f9446f9773e1967bf7,train,train
near_duplicate_dhash,8,water_datasets/Flow-Img.v2i.yolov8/train/images/000375_jpg.rf.9a9fadbfa5af26035e5b130b200dea63.jpg,water_datasets/Flow-Img.v2i.yolov8/train/images/000988_jpg.rf.1da529312aff7ef52113e641a14858cc.jpg,000375_jpg.rf.9a9fadbfa5af26035e5b130b200dea63,000988_jpg.rf.1da529312aff7ef52113e641a14858cc,train,train
near_duplicate_dhash,8,water_datasets/Flow-Img.v2i.yolov8/train/images/000376_jpg.rf.f4278a81750b4ac93455846ccad5d481.jpg,water_datasets/Flow-Img.v2i.yolov8/train/images/000660_jpg.rf.458f6ed844bca1c452445bdfaea88319.jpg,000376_jpg.rf.f4278a81750b4ac93455846ccad5d481,000660_jpg.rf.458f6ed844bca1c452445bdfaea88319,train,train
near_duplicate_dhash,6,water_datasets/Flow-Img.v2i.yolov8/train/images/000376_jpg.rf.f4278a81750b4ac93455846ccad5d481.jpg,water_datasets/Flow-Img.v2i.yolov8/train/images/000906_jpg.rf.1866a9af43dc4bea8e7b1442b67feed0.jpg,000376_jpg.rf.f4278a81750b4ac93455846ccad5d481,000906_jpg.rf.1866a9af43dc4bea8e7b1442b67feed0,train,train
near_duplicate_dhash,7,water_datasets/Flow-Img.v2i.yolov8/train/images/000376_jpg.rf.f4278a81750b4ac93455846ccad5d481.jpg,water_datasets/Flow-Img.v2i.yolov8/train/images/001089_jpg.rf.6358d7469aaeb5cfc4ea970a956d6d4e.jpg,000376_jpg.rf.f4278a81750b4ac93455846ccad5d481,001089_jpg.rf.6358d7469aaeb5cfc4ea970a956d6d4e,train,train
near_duplicate_dhash,6,water_datasets/Flow-Img.v2i.yolov8/train/images/000382_jpg.rf.18de65ddcec22038784f083d8f984016.jpg,water_datasets/Flow-Img.v2i.yolov8/train/images/001025_jpg.rf.2d8cb0399d41c3d24871e215c3c1f415.jpg,000382_jpg.rf.18de65ddcec22038784f083d8f984016,001025_jpg.rf.2d8cb0399d41c3d24871e215c3c1f415,train,train
near_duplicate_dhash,6,water_datasets/Flow-Img.v2i.yolov8/train/images/000386_jpg.rf.0b3a6eb55510635c57b3a00100327543.jpg,water_datasets/Flow-Img.v2i.yolov8/train/images/001133_jpg.rf.4703c88824b3940210a42fbd799a226b.jpg,000386_jpg.rf.0b3a6eb55510635c57b3a00100327543,001133_jpg.rf.4703c88824b3940210a42fbd799a226b,train,train
near_duplicate_dhash,8,water_datasets/Flow-Img.v2i.yolov8/train/images/000387_jpg.rf.e2617971c7f84ff0cc60440292f8a2a2.jpg,water_datasets/Flow-Img.v2i.yolov8/train/images/000561_jpg.rf.67478b88c42bf514d01cf0ce4922538f.jpg,000387_jpg.rf.e2617971c7f84ff0cc60440292f8a2a2,000561_jpg.rf.67478b88c42bf514d01cf0ce4922538f,train,train
near_duplicate_dhash,7,water_datasets/Flow-Img.v2i.yolov8/train/images/000387_jpg.rf.e2617971c7f84ff0cc60440292f8a2a2.jpg,water_datasets/Flow-Img.v2i.yolov8/train/images/000998_jpg.rf.95b1d54422ae4c988878fbbff5667219.jpg,000387_jpg.rf.e2617971c7f84ff0cc60440292f8a2a2,000998_jpg.rf.95b1d54422ae4c988878fbbff5667219,train,train
near_duplicate_dhash,8,water_datasets/Flow-Img.v2i.yolov8/train/images/000395_jpg.rf.ca35bc2c799be9a4c4c568cfb164f38c.jpg,water_datasets/Flow-Img.v2i.yolov8/train/images/000397_jpg.rf.4e8eaa10e22d01ded456976c40ca5df2.jpg,000395_jpg.rf.ca35bc2c799be9a4c4c568cfb164f38c,000397_jpg.rf.4e8eaa10e22d01ded456976c40ca5df2,train,train
near_duplicate_dhash,8,water_datasets/Flow-Img.v2i.yolov8/train/images/000397_jpg.rf.4e8eaa10e22d01ded456976c40ca5df2.jpg,water_datasets/Flow-Img.v2i.yolov8/train/images/000778_jpg.rf.8839dbd5ad35bc3371f7b3826fa02b06.jpg,000397_jpg.rf.4e8eaa10e22d01ded456976c40ca5df2,000778_jpg.rf.8839dbd5ad35bc3371f7b3826fa02b06,train,train
near_duplicate_dhash,6,water_datasets/Flow-Img.v2i.yolov8/train/images/000400_jpg.rf.53afda837b36810c29742223d720d061.jpg,water_datasets/Flow-Img.v2i.yolov8/train/images/000912_jpg.rf.a8d5b70c190265d890f00f1c86b3a7d2.jpg,000400_jpg.rf.53afda837b36810c29742223d720d061,000912_jpg.rf.a8d5b70c190265d890f00f1c86b3a7d2,train,train
near_duplicate_dhash,7,water_datasets/Flow-Img.v2i.yolov8/train/images/000400_jpg.rf.53afda837b36810c29742223d720d061.jpg,water_datasets/Flow-Img.v2i.yolov8/train/images/001114_jpg.rf.21f4a59f4712f2d32d2001fe73c88961.jpg,000400_jpg.rf.53afda837b36810c29742223d720d061,001114_jpg.rf.21f4a59f4712f2d32d2001fe73c88961,train,train
near_duplicate_dhash,7,water_datasets/Flow-Img.v2i.yolov8/train/images/000412_jpg.rf.4cf45ac730a2db582fcc6cf8cb6984e4.jpg,water_datasets/Flow-Img.v2i.yolov8/train/images/000523_jpg.rf.71011e1e76c7644189cf806a56f04225.jpg,000412_jpg.rf.4cf45ac730a2db582fcc6cf8cb6984e4,000523_jpg.rf.71011e1e76c7644189cf806a56f04225,train,train
near_duplicate_dhash,8,water_datasets/Flow-Img.v2i.yolov8/train/images/000419_jpg.rf.37a638c099a93a271d1d3a95cb158cee.jpg,water_datasets/Flow-Img.v2i.yolov8/train/images/000530_jpg.rf.4d189507b3de117deea1c94ccf1df52e.jpg,000419_jpg.rf.37a638c099a93a271d1d3a95cb158cee,000530_jpg.rf.4d189507b3de117deea1c94ccf1df52e,train,train
near_duplicate_dhash,6,water_datasets/Flow-Img.v2i.yolov8/train/images/000419_jpg.rf.37a638c099a93a271d1d3a95cb158cee.jpg,water_datasets/Flow-Img.v2i.yolov8/train/images/001018_jpg.rf.abb190f26ed7cd92fbeec5259755bd99.jpg,000419_jpg.rf.37a638c099a93a271d1d3a95cb158cee,001018_jpg.rf.abb190f26ed7cd92fbeec5259755bd99,train,train
near_duplicate_dhash,6,water_datasets/Flow-Img.v2i.yolov8/train/images/000420_jpg.rf.059c11c1ac69d8aa12c664f2f4588a50.jpg,water_datasets/Flow-Img.v2i.yolov8/train/images/000757_jpg.rf.1e77174484e98b04f1333dfd545aa2a0.jpg,000420_jpg.rf.059c11c1ac69d8aa12c664f2f4588a50,000757_jpg.rf.1e77174484e98b04f1333dfd545aa2a0,train,train
near_duplicate_dhash,7,water_datasets/Flow-Img.v2i.yolov8/train/images/000421_jpg.rf.cf6c96282b4a7c2767d3b18dc1f51f3d.jpg,water_datasets/Flow-Img.v2i.yolov8/train/images/000432_jpg.rf.591062d649218b0edfc616b4f551e81e.jpg,000421_jpg.rf.cf6c96282b4a7c2767d3b18dc1f51f3d,000432_jpg.rf.591062d649218b0edfc616b4f551e81e,train,train
near_duplicate_dhash,6,water_datasets/Flow-Img.v2i.yolov8/train/images/000433_jpg.rf.43d5fa3a18303f2616168c56286252a1.jpg,water_datasets/Flow-Img.v2i.yolov8/train/images/000909_jpg.rf.d9696ab24fb15b000419f46b61a88767.jpg,000433_jpg.rf.43d5fa3a18303f2616168c56286252a1,000909_jpg.rf.d9696ab24fb15b000419f46b61a88767,train,train
near_duplicate_dhash,7,water_datasets/Flow-Img.v2i.yolov8/train/images/000433_jpg.rf.43d5fa3a18303f2616168c56286252a1.jpg,water_datasets/Flow-Img.v2i.yolov8/train/images/000982_jpg.rf.af0ebc51fdcda6545264010b9bc07244.jpg,000433_jpg.rf.43d5fa3a18303f2616168c56286252a1,000982_jpg.rf.af0ebc51fdcda6545264010b9bc07244,train,train
near_duplicate_dhash,8,water_datasets/Flow-Img.v2i.yolov8/train/images/000435_jpg.rf.1c46542d3c1eb3a2627460f1f007aea4.jpg,water_datasets/Flow-Img.v2i.yolov8/train/images/000561_jpg.rf.67478b88c42bf514d01cf0ce4922538f.jpg,000435_jpg.rf.1c46542d3c1eb3a2627460f1f007aea4,000561_jpg.rf.67478b88c42bf514d01cf0ce4922538f,train,train
near_duplicate_dhash,6,water_datasets/Flow-Img.v2i.yolov8/train/images/000435_jpg.rf.1c46542d3c1eb3a2627460f1f007aea4.jpg,water_datasets/Flow-Img.v2i.yolov8/train/images/000683_jpg.rf.24296f423339dc75f2857effd8c8c31c.jpg,000435_jpg.rf.1c46542d3c1eb3a2627460f1f007aea4,000683_jpg.rf.24296f423339dc75f2857effd8c8c31c,train,train
near_duplicate_dhash,6,water_datasets/Flow-Img.v2i.yolov8/train/images/000436_jpg.rf.add2998120dce0881bf046471c7bcf64.jpg,water_datasets/Flow-Img.v2i.yolov8/train/images/000842_jpg.rf.ae606caaf6e5b6b406e8a37c778a91f4.jpg,000436_jpg.rf.add2998120dce0881bf046471c7bcf64,000842_jpg.rf.ae606caaf6e5b6b406e8a37c778a91f4,train,train
near_duplicate_dhash,6,water_datasets/Flow-Img.v2i.yolov8/train/images/000438_jpg.rf.2d32fdfbb643b9fda2e04d8ced71c305.jpg,water_datasets/Flow-Img.v2i.yolov8/train/images/000596_jpg.rf.d54723c02d7bb9db020cd11cbdad87e2.jpg,000438_jpg.rf.2d32fdfbb643b9fda2e04d8ced71c305,000596_jpg.rf.d54723c02d7bb9db020cd11cbdad87e2,train,train
near_duplicate_dhash,8,water_datasets/Flow-Img.v2i.yolov8/train/images/000438_jpg.rf.2d32fdfbb643b9fda2e04d8ced71c305.jpg,water_datasets/Flow-Img.v2i.yolov8/train/images/000616_jpg.rf.7d34826d3a8a6507c2e503cf65456a53.jpg,000438_jpg.rf.2d32fdfbb643b9fda2e04d8ced71c305,000616_jpg.rf.7d34826d3a8a6507c2e503cf65456a53,train,train
near_duplicate_dhash,6,water_datasets/Flow-Img.v2i.yolov8/train/images/000444_jpg.rf.5fd13c0ee64215b4006098d177b6a449.jpg,water_datasets/Flow-Img.v2i.yolov8/train/images/001063_jpg.rf.f0511cbcd9bb8e9cac000558e104aabf.jpg,000444_jpg.rf.5fd13c0ee64215b4006098d177b6a449,001063_jpg.rf.f0511cbcd9bb8e9cac000558e104aabf,train,train
near_duplicate_dhash,8,water_datasets/Flow-Img.v2i.yolov8/train/images/000447_jpg.rf.527f53116067a1f2f6a7ccaab2560a1f.jpg,water_datasets/Flow-Img.v2i.yolov8/train/images/000484_jpg.rf.1458e01dbec62256192d57622649eee3.jpg,000447_jpg.rf.527f53116067a1f2f6a7ccaab2560a1f,000484_jpg.rf.1458e01dbec62256192d57622649eee3,train,train
near_duplicate_dhash,8,water_datasets/Flow-Img.v2i.yolov8/train/images/000452_jpg.rf.5e26aa75381488cd3687cd53fad39167.jpg,water_datasets/Flow-Img.v2i.yolov8/train/images/000956_jpg.rf.7961e2d00227fd885646555f637f4335.jpg,000452_jpg.rf.5e26aa75381488cd3687cd53fad39167,000956_jpg.rf.7961e2d00227fd885646555f637f4335,train,train
near_duplicate_dhash,7,water_datasets/Flow-Img.v2i.yolov8/train/images/000455_jpg.rf.6a8a70a4c5b9e9b11c1a9e68938804d9.jpg,water_datasets/Flow-Img.v2i.yolov8/train/images/000925_jpg.rf.0ee434114c2eeb3a8fdb6143a914e186.jpg,000455_jpg.rf.6a8a70a4c5b9e9b11c1a9e68938804d9,000925_jpg.rf.0ee434114c2eeb3a8fdb6143a914e186,train,train
near_duplicate_dhash,7,water_datasets/Flow-Img.v2i.yolov8/train/images/000462_jpg.rf.a26a5cb1f854463f25b1cbc22a37c5d9.jpg,water_datasets/Flow-Img.v2i.yolov8/train/images/000833_jpg.rf.cfa36d07203d4b21abe1e4c52428ad5a.jpg,000462_jpg.rf.a26a5cb1f854463f25b1cbc22a37c5d9,000833_jpg.rf.cfa36d07203d4b21abe1e4c52428ad5a,train,train
near_duplicate_dhash,6,water_datasets/Flow-Img.v2i.yolov8/train/images/000463_jpg.rf.758ecdf9989b50045543424f5a09b436.jpg,water_datasets/Flow-Img.v2i.yolov8/train/images/001099_jpg.rf.b3ba93c61c7c2ef6eb3bc74dd3ec4af6.jpg,000463_jpg.rf.758ecdf9989b50045543424f5a09b436,001099_jpg.rf.b3ba93c61c7c2ef6eb3bc74dd3ec4af6,train,train
near_duplicate_dhash,6,water_datasets/Flow-Img.v2i.yolov8/train/images/000464_jpg.rf.e536ff0b7aef17cd4f3046e048f34bce.jpg,water_datasets/Flow-Img.v2i.yolov8/train/images/000982_jpg.rf.af0ebc51fdcda6545264010b9bc07244.jpg,000464_jpg.rf.e536ff0b7aef17cd4f3046e048f34bce,000982_jpg.rf.af0ebc51fdcda6545264010b9bc07244,train,train
near_duplicate_dhash,7,water_datasets/Flow-Img.v2i.yolov8/train/images/000471_jpg.rf.9b70c9f04e4000399923c301f06b02e8.jpg,water_datasets/Flow-Img.v2i.yolov8/train/images/001140_jpg.rf.066b0b5974cf0de58f59d73cf30b65c3.jpg,000471_jpg.rf.9b70c9f04e4000399923c301f06b02e8,001140_jpg.rf.066b0b5974cf0de58f59d73cf30b65c3,train,train
near_duplicate_dhash,8,water_datasets/Flow-Img.v2i.yolov8/train/images/000473_jpg.rf.39ed32bfa8f1c5f0ec51200a9932a951.jpg,water_datasets/Flow-Img.v2i.yolov8/train/images/000648_jpg.rf.6b495281924bfd1f41828607e203d9c1.jpg,000473_jpg.rf.39ed32bfa8f1c5f0ec51200a9932a951,000648_jpg.rf.6b495281924bfd1f41828607e203d9c1,train,train
near_duplicate_dhash,8,water_datasets/Flow-Img.v2i.yolov8/train/images/000473_jpg.rf.39ed32bfa8f1c5f0ec51200a9932a951.jpg,water_datasets/Flow-Img.v2i.yolov8/train/images/000980_jpg.rf.67cf30cbc14142db693c518fb10d38eb.jpg,000473_jpg.rf.39ed32bfa8f1c5f0ec51200a9932a951,000980_jpg.rf.67cf30cbc14142db693c518fb10d38eb,train,train
near_duplicate_dhash,6,water_datasets/Flow-Img.v2i.yolov8/train/images/000478_jpg.rf.1dbae0eb711824713c586b152ce22dc2.jpg,water_datasets/Flow-Img.v2i.yolov8/train/images/000894_jpg.rf.d5285e22c352cf08676888fc94495d09.jpg,000478_jpg.rf.1dbae0eb711824713c586b152ce22dc2,000894_jpg.rf.d5285e22c352cf08676888fc94495d09,train,train
near_duplicate_dhash,7,water_datasets/Flow-Img.v2i.yolov8/train/images/000478_jpg.rf.1dbae0eb711824713c586b152ce22dc2.jpg,water_datasets/Flow-Img.v2i.yolov8/train/images/001135_jpg.rf.343817995e7c86d3e811f7e8d29649a3.jpg,000478_jpg.rf.1dbae0eb711824713c586b152ce22dc2,001135_jpg.rf.343817995e7c86d3e811f7e8d29649a3,train,train
near_duplicate_dhash,8,water_datasets/Flow-Img.v2i.yolov8/train/images/000484_jpg.rf.1458e01dbec62256192d57622649eee3.jpg,water_datasets/Flow-Img.v2i.yolov8/train/images/001090_jpg.rf.901e7aab3a066615f795527d1c653886.jpg,000484_jpg.rf.1458e01dbec62256192d57622649eee3,001090_jpg.rf.901e7aab3a066615f795527d1c653886,train,train
near_duplicate_dhash,6,water_datasets/Flow-Img.v2i.yolov8/train/images/000487_jpg.rf.59a64fe03c9b1cc52692c1cc421cb65c.jpg,water_datasets/Flow-Img.v2i.yolov8/train/images/000535_jpg.rf.e8f681f709849d3b161ba135cc9230de.jpg,000487_jpg.rf.59a64fe03c9b1cc52692c1cc421cb65c,000535_jpg.rf.e8f681f709849d3b161ba135cc9230de,train,train
near_duplicate_dhash,7,water_datasets/Flow-Img.v2i.yolov8/train/images/000487_jpg.rf.59a64fe03c9b1cc52692c1cc421cb65c.jpg,water_datasets/Flow-Img.v2i.yolov8/train/images/001131_jpg.rf.d6b34a08177b4da0eee084cfa598ed7e.jpg,000487_jpg.rf.59a64fe03c9b1cc52692c1cc421cb65c,001131_jpg.rf.d6b34a08177b4da0eee084cfa598ed7e,train,train
near_duplicate_dhash,7,water_datasets/Flow-Img.v2i.yolov8/train/images/000489_jpg.rf.66348274d7b1694d399a88022730b43a.jpg,water_datasets/Flow-Img.v2i.yolov8/train/images/000590_jpg.rf.b9e2f33b39d25c59fc9684d07f14bfc0.jpg,000489_jpg.rf.66348274d7b1694d399a88022730b43a,000590_jpg.rf.b9e2f33b39d25c59fc9684d07f14bfc0,train,train
near_duplicate_dhash,8,water_datasets/Flow-Img.v2i.yolov8/train/images/000489_jpg.rf.66348274d7b1694d399a88022730b43a.jpg,water_datasets/Flow-Img.v2i.yolov8/train/images/000700_jpg.rf.f07281d1199190934e54fc9edbcce4e4.jpg,000489_jpg.rf.66348274d7b1694d399a88022730b43a,000700_jpg.rf.f07281d1199190934e54fc9edbcce4e4,train,train
near_duplicate_dhash,8,water_datasets/Flow-Img.v2i.yolov8/train/images/000489_jpg.rf.66348274d7b1694d399a88022730b43a.jpg,water_datasets/Flow-Img.v2i.yolov8/train/images/000714_jpg.rf.2ed7462a10280ad7eaa6266b889499dc.jpg,000489_jpg.rf.66348274d7b1694d399a88022730b43a,000714_jpg.rf.2ed7462a10280ad7eaa6266b889499dc,train,train
near_duplicate_dhash,8,water_datasets/Flow-Img.v2i.yolov8/train/images/000491_jpg.rf.1871a1aab6029a4332bb808af07c6b18.jpg,water_datasets/Flow-Img.v2i.yolov8/train/images/000669_jpg.rf.add456a898bc918826e645c4116a820e.jpg,000491_jpg.rf.1871a1aab6029a4332bb808af07c6b18,000669_jpg.rf.add456a898bc918826e645c4116a820e,train,train
near_duplicate_dhash,7,water_datasets/Flow-Img.v2i.yolov8/train/images/000493_jpg.rf.49ffb6fd6a692985372352ee9d9f918a.jpg,water_datasets/Flow-Img.v2i.yolov8/train/images/000664_jpg.rf.1c022c568e83385bd40074ab3b26dee5.jpg,000493_jpg.rf.49ffb6fd6a692985372352ee9d9f918a,000664_jpg.rf.1c022c568e83385bd40074ab3b26dee5,train,train
near_duplicate_dhash,8,water_datasets/Flow-Img.v2i.yolov8/train/images/000493_jpg.rf.49ffb6fd6a692985372352ee9d9f918a.jpg,water_datasets/Flow-Img.v2i.yolov8/train/images/001052_jpg.rf.d02ecd02727c3613aabd1b6a1140dc2e.jpg,000493_jpg.rf.49ffb6fd6a692985372352ee9d9f918a,001052_jpg.rf.d02ecd02727c3613aabd1b6a1140dc2e,train,train
near_duplicate_dhash,8,water_datasets/Flow-Img.v2i.yolov8/train/images/000493_jpg.rf.49ffb6fd6a692985372352ee9d9f918a.jpg,water_datasets/Flow-Img.v2i.yolov8/train/images/001156_jpg.rf.d43598bb34ff1b13ca916ea1ac82e855.jpg,000493_jpg.rf.49ffb6fd6a692985372352ee9d9f918a,001156_jpg.rf.d43598bb34ff1b13ca916ea1ac82e855,train,train
near_duplicate_dhash,8,water_datasets/Flow-Img.v2i.yolov8/train/images/000497_jpg.rf.d9d1e07ace341ca7a271cbad31311164.jpg,water_datasets/Flow-Img.v2i.yolov8/train/images/000510_jpg.rf.7bfd0ed6fdc782b4cc8abdade73ccb39.jpg,000497_jpg.rf.d9d1e07ace341ca7a271cbad31311164,000510_jpg.rf.7bfd0ed6fdc782b4cc8abdade73ccb39,train,train
near_duplicate_dhash,7,water_datasets/Flow-Img.v2i.yolov8/train/images/000497_jpg.rf.d9d1e07ace341ca7a271cbad31311164.jpg,water_datasets/Flow-Img.v2i.yolov8/train/images/000891_jpg.rf.d179f58aa02ec4f8691243c696835d78.jpg,000497_jpg.rf.d9d1e07ace341ca7a271cbad31311164,000891_jpg.rf.d179f58aa02ec4f8691243c696835d78,train,train
near_duplicate_dhash,7,water_datasets/Flow-Img.v2i.yolov8/train/images/000498_jpg.rf.eb1c3cd26ea39969d8f668b55fcf9762.jpg,water_datasets/Flow-Img.v2i.yolov8/train/images/000788_jpg.rf.56223afc8d95b4e24028e47461f2bb99.jpg,000498_jpg.rf.eb1c3cd26ea39969d8f668b55fcf9762,000788_jpg.rf.56223afc8d95b4e24028e47461f2bb99,train,train
near_duplicate_dhash,6,water_datasets/Flow-Img.v2i.yolov8/train/images/000500_jpg.rf.3aa611cd7b6986e7120ce10b7ff5cc60.jpg,water_datasets/Flow-Img.v2i.yolov8/train/images/000720_jpg.rf.cdecab7110e6e49e83f11233d23e72fa.jpg,000500_jpg.rf.3aa611cd7b6986e7120ce10b7ff5cc60,000720_jpg.rf.cdecab7110e6e49e83f11233d23e72fa,train,train
near_duplicate_dhash,8,water_datasets/Flow-Img.v2i.yolov8/train/images/000500_jpg.rf.3aa611cd7b6986e7120ce10b7ff5cc60.jpg,water_datasets/Flow-Img.v2i.yolov8/train/images/000936_jpg.rf.e41551b87b87f3d93e92b3009d57c39b.jpg,000500_jpg.rf.3aa611cd7b6986e7120ce10b7ff5cc60,000936_jpg.rf.e41551b87b87f3d93e92b3009d57c39b,train,train
near_duplicate_dhash,7,water_datasets/Flow-Img.v2i.yolov8/train/images/000503_jpg.rf.776bf39ddc93dd1e3dbd8257fe11f4e7.jpg,water_datasets/Flow-Img.v2i.yolov8/train/images/000718_jpg.rf.ede1cf7eb532573be65be5be12f56c6c.jpg,000503_jpg.rf.776bf39ddc93dd1e3dbd8257fe11f4e7,000718_jpg.rf.ede1cf7eb532573be65be5be12f56c6c,train,train
near_duplicate_dhash,7,water_datasets/Flow-Img.v2i.yolov8/train/images/000503_jpg.rf.776bf39ddc93dd1e3dbd8257fe11f4e7.jpg,water_datasets/Flow-Img.v2i.yolov8/train/images/000729_jpg.rf.d157d889acd73be4b7cfd02f8edcac95.jpg,000503_jpg.rf.776bf39ddc93dd1e3dbd8257fe11f4e7,000729_jpg.rf.d157d889acd73be4b7cfd02f8edcac95,train,train
near_duplicate_dhash,8,water_datasets/Flow-Img.v2i.yolov8/train/images/000508_jpg.rf.e9a40c4416c15597ea0416bd02574d71.jpg,water_datasets/Flow-Img.v2i.yolov8/train/images/000574_jpg.rf.7240f50ba08c8de1b5fee884b20b4fd0.jpg,000508_jpg.rf.e9a40c4416c15597ea0416bd02574d71,000574_jpg.rf.7240f50ba08c8de1b5fee884b20b4fd0,train,train
near_duplicate_dhash,7,water_datasets/Flow-Img.v2i.yolov8/train/images/000509_jpg.rf.a7f8b8542d726dc305e7209a5972b667.jpg,water_datasets/Flow-Img.v2i.yolov8/train/images/000778_jpg.rf.8839dbd5ad35bc3371f7b3826fa02b06.jpg,000509_jpg.rf.a7f8b8542d726dc305e7209a5972b667,000778_jpg.rf.8839dbd5ad35bc3371f7b3826fa02b06,train,train
near_duplicate_dhash,8,water_datasets/Flow-Img.v2i.yolov8/train/images/000510_jpg.rf.7bfd0ed6fdc782b4cc8abdade73ccb39.jpg,water_datasets/Flow-Img.v2i.yolov8/train/images/000555_jpg.rf.cdad170345e0eb9f4d4aa4f2ee867b05.jpg,000510_jpg.rf.7bfd0ed6fdc782b4cc8abdade73ccb39,000555_jpg.rf.cdad170345e0eb9f4d4aa4f2ee867b05,train,train
near_duplicate_dhash,6,water_datasets/Flow-Img.v2i.yolov8/train/images/000510_jpg.rf.7bfd0ed6fdc782b4cc8abdade73ccb39.jpg,water_datasets/Flow-Img.v2i.yolov8/train/images/000590_jpg.rf.b9e2f33b39d25c59fc9684d07f14bfc0.jpg,000510_jpg.rf.7bfd0ed6fdc782b4cc8abdade73ccb39,000590_jpg.rf.b9e2f33b39d25c59fc9684d07f14bfc0,train,train
near_duplicate_dhash,8,water_datasets/Flow-Img.v2i.yolov8/train/images/000510_jpg.rf.7bfd0ed6fdc782b4cc8abdade73ccb39.jpg,water_datasets/Flow-Img.v2i.yolov8/train/images/000756_jpg.rf.464044da71ef66f6aaa128b279ef83bf.jpg,000510_jpg.rf.7bfd0ed6fdc782b4cc8abdade73ccb39,000756_jpg.rf.464044da71ef66f6aaa128b279ef83bf,train,train
near_duplicate_dhash,8,water_datasets/Flow-Img.v2i.yolov8/train/images/000510_jpg.rf.7bfd0ed6fdc782b4cc8abdade73ccb39.jpg,water_datasets/Flow-Img.v2i.yolov8/train/images/000871_jpg.rf.59ab0fe8e4fab09af2db5bf6343c7530.jpg,000510_jpg.rf.7bfd0ed6fdc782b4cc8abdade73ccb39,000871_jpg.rf.59ab0fe8e4fab09af2db5bf6343c7530,train,train
near_duplicate_dhash,8,water_datasets/Flow-Img.v2i.yolov8/train/images/000510_jpg.rf.7bfd0ed6fdc782b4cc8abdade73ccb39.jpg,water_datasets/Flow-Img.v2i.yolov8/train/images/001040_jpg.rf.10e1bd8653b501937d3e6648649f7b1b.jpg,000510_jpg.rf.7bfd0ed6fdc782b4cc8abdade73ccb39,001040_jpg.rf.10e1bd8653b501937d3e6648649f7b1b,train,train
near_duplicate_dhash,8,water_datasets/Flow-Img.v2i.yolov8/train/images/000510_jpg.rf.7bfd0ed6fdc782b4cc8abdade73ccb39.jpg,water_datasets/Flow-Img.v2i.yolov8/train/images/001077_jpg.rf.1c5a43021cfbad4c03b6f071ff01f570.jpg,000510_jpg.rf.7bfd0ed6fdc782b4cc8abdade73ccb39,001077_jpg.rf.1c5a43021cfbad4c03b6f071ff01f570,train,train
near_duplicate_dhash,8,water_datasets/Flow-Img.v2i.yolov8/train/images/000510_jpg.rf.7bfd0ed6fdc782b4cc8abdade73ccb39.jpg,water_datasets/Flow-Img.v2i.yolov8/train/images/001164_jpg.rf.cec487a09a6792759ac1e5b8e4f3d2b4.jpg,000510_jpg.rf.7bfd0ed6fdc782b4cc8abdade73ccb39,001164_jpg.rf.cec487a09a6792759ac1e5b8e4f3d2b4,train,train
near_duplicate_dhash,8,water_datasets/Flow-Img.v2i.yolov8/train/images/000511_jpg.rf.3b5e57d9d7dec84a044d3b8b25a414b3.jpg,water_datasets/Flow-Img.v2i.yolov8/train/images/000797_jpg.rf.fb2fc751cbe37d676d84b1c42b6094aa.jpg,000511_jpg.rf.3b5e57d9d7dec84a044d3b8b25a414b3,000797_jpg.rf.fb2fc751cbe37d676d84b1c42b6094aa,train,train
near_duplicate_dhash,6,water_datasets/Flow-Img.v2i.yolov8/train/images/000511_jpg.rf.3b5e57d9d7dec84a044d3b8b25a414b3.jpg,water_datasets/Flow-Img.v2i.yolov8/train/images/001019_jpg.rf.9b8aa412d34877dfe773d8bf4aa10743.jpg,000511_jpg.rf.3b5e57d9d7dec84a044d3b8b25a414b3,001019_jpg.rf.9b8aa412d34877dfe773d8bf4aa10743,train,train
near_duplicate_dhash,7,water_datasets/Flow-Img.v2i.yolov8/train/images/000513_jpg.rf.a3dc71612faa14fba9d860a053ebc9d3.jpg,water_datasets/Flow-Img.v2i.yolov8/train/images/001045_jpg.rf.b2ddcd74b7539f6e575529fa1ec2a82c.jpg,000513_jpg.rf.a3dc71612faa14fba9d860a053ebc9d3,001045_jpg.rf.b2ddcd74b7539f6e575529fa1ec2a82c,train,train
near_duplicate_dhash,8,water_datasets/Flow-Img.v2i.yolov8/train/images/000515_jpg.rf.7007ad17132c4131cfccfd36529dc4d5.jpg,water_datasets/Flow-Img.v2i.yolov8/train/images/001135_jpg.rf.343817995e7c86d3e811f7e8d29649a3.jpg,000515_jpg.rf.7007ad17132c4131cfccfd36529dc4d5,001135_jpg.rf.343817995e7c86d3e811f7e8d29649a3,train,train
near_duplicate_dhash,7,water_datasets/Flow-Img.v2i.yolov8/train/images/000516_jpg.rf.7ac9c4879fe931bee6d6bbbbdb918304.jpg,water_datasets/Flow-Img.v2i.yolov8/train/images/000789_jpg.rf.5c901d64917b4a7d63063d86092b1347.jpg,000516_jpg.rf.7ac9c4879fe931bee6d6bbbbdb918304,000789_jpg.rf.5c901d64917b4a7d63063d86092b1347,train,train
near_duplicate_dhash,7,water_datasets/Flow-Img.v2i.yolov8/train/images/000517_jpg.rf.3b97be6d4d211732f7a9a3a53dd55790.jpg,water_datasets/Flow-Img.v2i.yolov8/train/images/000753_jpg.rf.12a52d2a008ee647dcaf0470ab36d1cd.jpg,000517_jpg.rf.3b97be6d4d211732f7a9a3a53dd55790,000753_jpg.rf.12a52d2a008ee647dcaf0470ab36d1cd,train,train
near_duplicate_dhash,8,water_datasets/Flow-Img.v2i.yolov8/train/images/000517_jpg.rf.3b97be6d4d211732f7a9a3a53dd55790.jpg,water_datasets/Flow-Img.v2i.yolov8/train/images/000802_jpg.rf.48beccb92a06724bb61f0209aab16ee5.jpg,000517_jpg.rf.3b97be6d4d211732f7a9a3a53dd55790,000802_jpg.rf.48beccb92a06724bb61f0209aab16ee5,train,train
near_duplicate_dhash,8,water_datasets/Flow-Img.v2i.yolov8/train/images/000517_jpg.rf.3b97be6d4d211732f7a9a3a53dd55790.jpg,water_datasets/Flow-Img.v2i.yolov8/train/images/000863_jpg.rf.30fe13953ea7edabe35101463b1f0770.jpg,000517_jpg.rf.3b97be6d4d211732f7a9a3a53dd55790,000863_jpg.rf.30fe13953ea7edabe35101463b1f0770,train,train
near_duplicate_dhash,7,water_datasets/Flow-Img.v2i.yolov8/train/images/000517_jpg.rf.3b97be6d4d211732f7a9a3a53dd55790.jpg,water_datasets/Flow-Img.v2i.yolov8/train/images/000912_jpg.rf.a8d5b70c190265d890f00f1c86b3a7d2.jpg,000517_jpg.rf.3b97be6d4d211732f7a9a3a53dd55790,000912_jpg.rf.a8d5b70c190265d890f00f1c86b3a7d2,train,train
near_duplicate_dhash,8,water_datasets/Flow-Img.v2i.yolov8/train/images/000517_jpg.rf.3b97be6d4d211732f7a9a3a53dd55790.jpg,water_datasets/Flow-Img.v2i.yolov8/train/images/000999_jpg.rf.0bf2cc3badf87d252b5bf3b641a16819.jpg,000517_jpg.rf.3b97be6d4d211732f7a9a3a53dd55790,000999_jpg.rf.0bf2cc3badf87d252b5bf3b641a16819,train,train
near_duplicate_dhash,6,water_datasets/Flow-Img.v2i.yolov8/train/images/000522_jpg.rf.b8e4ab25de4b59cf222add77a3169076.jpg,water_datasets/Flow-Img.v2i.yolov8/train/images/000814_jpg.rf.c74d99e31eefa10e6db97d81bbc3ee80.jpg,000522_jpg.rf.b8e4ab25de4b59cf222add77a3169076,000814_jpg.rf.c74d99e31eefa10e6db97d81bbc3ee80,train,train
near_duplicate_dhash,6,water_datasets/Flow-Img.v2i.yolov8/train/images/000523_jpg.rf.71011e1e76c7644189cf806a56f04225.jpg,water_datasets/Flow-Img.v2i.yolov8/train/images/000670_jpg.rf.724141b1d54e796fa43bfc9822775b42.jpg,000523_jpg.rf.71011e1e76c7644189cf806a56f04225,000670_jpg.rf.724141b1d54e796fa43bfc9822775b42,train,train
near_duplicate_dhash,7,water_datasets/Flow-Img.v2i.yolov8/train/images/000524_jpg.rf.c8d320a84fd88aaac20773e6ed8ae356.jpg,water_datasets/Flow-Img.v2i.yolov8/train/images/001074_jpg.rf.3cef67cd1cbb3824a4dae579da209dcf.jpg,000524_jpg.rf.c8d320a84fd88aaac20773e6ed8ae356,001074_jpg.rf.3cef67cd1cbb3824a4dae579da209dcf,train,train
near_duplicate_dhash,7,water_datasets/Flow-Img.v2i.yolov8/train/images/000525_jpg.rf.456bfba87e61e9d0f56c9015370b037e.jpg,water_datasets/Flow-Img.v2i.yolov8/train/images/000616_jpg.rf.7d34826d3a8a6507c2e503cf65456a53.jpg,000525_jpg.rf.456bfba87e61e9d0f56c9015370b037e,000616_jpg.rf.7d34826d3a8a6507c2e503cf65456a53,train,train
near_duplicate_dhash,7,water_datasets/Flow-Img.v2i.yolov8/train/images/000525_jpg.rf.456bfba87e61e9d0f56c9015370b037e.jpg,water_datasets/Flow-Img.v2i.yolov8/train/images/000879_jpg.rf.f32bc140fbf3857ec869261dd7da96e4.jpg,000525_jpg.rf.456bfba87e61e9d0f56c9015370b037e,000879_jpg.rf.f32bc140fbf3857ec869261dd7da96e4,train,train
near_duplicate_dhash,7,water_datasets/Flow-Img.v2i.yolov8/train/images/000530_jpg.rf.4d189507b3de117deea1c94ccf1df52e.jpg,water_datasets/Flow-Img.v2i.yolov8/train/images/000614_jpg.rf.e9bd7eba8e83420bbaee37336cf0e41e.jpg,000530_jpg.rf.4d189507b3de117deea1c94ccf1df52e,000614_jpg.rf.e9bd7eba8e83420bbaee37336cf0e41e,train,train
near_duplicate_dhash,7,water_datasets/Flow-Img.v2i.yolov8/train/images/000530_jpg.rf.4d189507b3de117deea1c94ccf1df52e.jpg,water_datasets/Flow-Img.v2i.yolov8/train/images/001180_jpg.rf.66c9bc7f805a40b60d7989b5db66cba5.jpg,000530_jpg.rf.4d189507b3de117deea1c94ccf1df52e,001180_jpg.rf.66c9bc7f805a40b60d7989b5db66cba5,train,train
near_duplicate_dhash,8,water_datasets/Flow-Img.v2i.yolov8/train/images/000532_jpg.rf.b6e55789392362d6446275ec913fe550.jpg,water_datasets/Flow-Img.v2i.yolov8/train/images/001100_jpg.rf.405646065c67177a394baf85393d44f8.jpg,000532_jpg.rf.b6e55789392362d6446275ec913fe550,001100_jpg.rf.405646065c67177a394baf85393d44f8,train,train
near_duplicate_dhash,7,water_datasets/Flow-Img.v2i.yolov8/train/images/000535_jpg.rf.e8f681f709849d3b161ba135cc9230de.jpg,water_datasets/Flow-Img.v2i.yolov8/train/images/001131_jpg.rf.d6b34a08177b4da0eee084cfa598ed7e.jpg,000535_jpg.rf.e8f681f709849d3b161ba135cc9230de,001131_jpg.rf.d6b34a08177b4da0eee084cfa598ed7e,train,train
near_duplicate_dhash,8,water_datasets/Flow-Img.v2i.yolov8/train/images/000536_jpg.rf.89dfe174808fcd4215095adb6f1f2490.jpg,water_datasets/Flow-Img.v2i.yolov8/train/images/000542_jpg.rf.bae67213fa978f71a4aef54d15940823.jpg,000536_jpg.rf.89dfe174808fcd4215095adb6f1f2490,000542_jpg.rf.bae67213fa978f71a4aef54d15940823,train,train
near_duplicate_dhash,7,water_datasets/Flow-Img.v2i.yolov8/train/images/000536_jpg.rf.89dfe174808fcd4215095adb6f1f2490.jpg,water_datasets/Flow-Img.v2i.yolov8/train/images/000718_jpg.rf.ede1cf7eb532573be65be5be12f56c6c.jpg,000536_jpg.rf.89dfe174808fcd4215095adb6f1f2490,000718_jpg.rf.ede1cf7eb532573be65be5be12f56c6c,train,train
near_duplicate_dhash,6,water_datasets/Flow-Img.v2i.yolov8/train/images/000536_jpg.rf.89dfe174808fcd4215095adb6f1f2490.jpg,water_datasets/Flow-Img.v2i.yolov8/train/images/000763_jpg.rf.d4b67dac86e28f13a53d8fe602e0d6a9.jpg,000536_jpg.rf.89dfe174808fcd4215095adb6f1f2490,000763_jpg.rf.d4b67dac86e28f13a53d8fe602e0d6a9,train,train
near_duplicate_dhash,8,water_datasets/Flow-Img.v2i.yolov8/train/images/000537_jpg.rf.81deffcd2b82af5bfe5fb2bfa92be0ac.jpg,water_datasets/Flow-Img.v2i.yolov8/train/images/000886_jpg.rf.c1035991b79814cccec2f853994c8cb4.jpg,000537_jpg.rf.81deffcd2b82af5bfe5fb2bfa92be0ac,000886_jpg.rf.c1035991b79814cccec2f853994c8cb4,train,train
near_duplicate_dhash,8,water_datasets/Flow-Img.v2i.yolov8/train/images/000538_jpg.rf.29f533be88afef80d24afa49fd8692f9.jpg,water_datasets/Flow-Img.v2i.yolov8/train/images/000849_jpg.rf.6bd2ef98e8b88112e8a8f7e676f01213.jpg,000538_jpg.rf.29f533be88afef80d24afa49fd8692f9,000849_jpg.rf.6bd2ef98e8b88112e8a8f7e676f01213,train,train
near_duplicate_dhash,6,water_datasets/Flow-Img.v2i.yolov8/train/images/000539_jpg.rf.d3dbc2c0e62752e77df903d64c388995.jpg,water_datasets/Flow-Img.v2i.yolov8/train/images/000819_jpg.rf.c381d54a16e4443ce7e989c74dced592.jpg,000539_jpg.rf.d3dbc2c0e62752e77df903d64c388995,000819_jpg.rf.c381d54a16e4443ce7e989c74dced592,train,train
near_duplicate_dhash,6,water_datasets/Flow-Img.v2i.yolov8/train/images/000539_jpg.rf.d3dbc2c0e62752e77df903d64c388995.jpg,water_datasets/Flow-Img.v2i.yolov8/train/images/001149_jpg.rf.5d938345afd4fa380dd84a050a09019b.jpg,000539_jpg.rf.d3dbc2c0e62752e77df903d64c388995,001149_jpg.rf.5d938345afd4fa380dd84a050a09019b,train,train
near_duplicate_dhash,8,water_datasets/Flow-Img.v2i.yolov8/train/images/000540_jpg.rf.b6dfc0587bac3d488a995c296e25513f.jpg,water_datasets/Flow-Img.v2i.yolov8/train/images/001064_jpg.rf.9336c3ed16fdcd92ee391bf867d0c4ad.jpg,000540_jpg.rf.b6dfc0587bac3d488a995c296e25513f,001064_jpg.rf.9336c3ed16fdcd92ee391bf867d0c4ad,train,train
near_duplicate_dhash,8,water_datasets/Flow-Img.v2i.yolov8/train/images/000545_jpg.rf.439d5916e78615a3ee05eb3519e86d15.jpg,water_datasets/Flow-Img.v2i.yolov8/train/images/001147_jpg.rf.aa7dd42642c4e6ce45c8d521ea92d318.jpg,000545_jpg.rf.439d5916e78615a3ee05eb3519e86d15,001147_jpg.rf.aa7dd42642c4e6ce45c8d521ea92d318,train,train
near_duplicate_dhash,7,water_datasets/Flow-Img.v2i.yolov8/train/images/000548_jpg.rf.b7876c3de6cec28d9ff92447d9025e15.jpg,water_datasets/Flow-Img.v2i.yolov8/train/images/001119_jpg.rf.d13ab745dd2a87b27323afaf5325ea9a.jpg,000548_jpg.rf.b7876c3de6cec28d9ff92447d9025e15,001119_jpg.rf.d13ab745dd2a87b27323afaf5325ea9a,train,train
near_duplicate_dhash,7,water_datasets/Flow-Img.v2i.yolov8/train/images/000554_jpg.rf.f6f3c8e0cca8727e87ab7c6d005fb1e9.jpg,water_datasets/Flow-Img.v2i.yolov8/train/images/000639_jpg.rf.1824055153ec82d5d3c99aa204e4420b.jpg,000554_jpg.rf.f6f3c8e0cca8727e87ab7c6d005fb1e9,000639_jpg.rf.1824055153ec82d5d3c99aa204e4420b,train,train
near_duplicate_dhash,6,water_datasets/Flow-Img.v2i.yolov8/train/images/000554_jpg.rf.f6f3c8e0cca8727e87ab7c6d005fb1e9.jpg,water_datasets/Flow-Img.v2i.yolov8/train/images/001063_jpg.rf.f0511cbcd9bb8e9cac000558e104aabf.jpg,000554_jpg.rf.f6f3c8e0cca8727e87ab7c6d005fb1e9,001063_jpg.rf.f0511cbcd9bb8e9cac000558e104aabf,train,train
near_duplicate_dhash,6,water_datasets/Flow-Img.v2i.yolov8/train/images/000555_jpg.rf.cdad170345e0eb9f4d4aa4f2ee867b05.jpg,water_datasets/Flow-Img.v2i.yolov8/train/images/000563_jpg.rf.71a9d469b57f320aac94472dab43a24b.jpg,000555_jpg.rf.cdad170345e0eb9f4d4aa4f2ee867b05,000563_jpg.rf.71a9d469b57f320aac94472dab43a24b,train,train
near_duplicate_dhash,8,water_datasets/Flow-Img.v2i.yolov8/train/images/000555_jpg.rf.cdad170345e0eb9f4d4aa4f2ee867b05.jpg,water_datasets/Flow-Img.v2i.yolov8/train/images/000590_jpg.rf.b9e2f33b39d25c59fc9684d07f14bfc0.jpg,000555_jpg.rf.cdad170345e0eb9f4d4aa4f2ee867b05,000590_jpg.rf.b9e2f33b39d25c59fc9684d07f14bfc0,train,train
near_duplicate_dhash,7,water_datasets/Flow-Img.v2i.yolov8/train/images/000555_jpg.rf.cdad170345e0eb9f4d4aa4f2ee867b05.jpg,water_datasets/Flow-Img.v2i.yolov8/train/images/000697_jpg.rf.376083236a4263773778ece0b4741250.jpg,000555_jpg.rf.cdad170345e0eb9f4d4aa4f2ee867b05,000697_jpg.rf.376083236a4263773778ece0b4741250,train,train
near_duplicate_dhash,8,water_datasets/Flow-Img.v2i.yolov8/train/images/000555_jpg.rf.cdad170345e0eb9f4d4aa4f2ee867b05.jpg,water_datasets/Flow-Img.v2i.yolov8/train/images/000718_jpg.rf.ede1cf7eb532573be65be5be12f56c6c.jpg,000555_jpg.rf.cdad170345e0eb9f4d4aa4f2ee867b05,000718_jpg.rf.ede1cf7eb532573be65be5be12f56c6c,train,train
near_duplicate_dhash,7,water_datasets/Flow-Img.v2i.yolov8/train/images/000555_jpg.rf.cdad170345e0eb9f4d4aa4f2ee867b05.jpg,water_datasets/Flow-Img.v2i.yolov8/train/images/000763_jpg.rf.d4b67dac86e28f13a53d8fe602e0d6a9.jpg,000555_jpg.rf.cdad170345e0eb9f4d4aa4f2ee867b05,000763_jpg.rf.d4b67dac86e28f13a53d8fe602e0d6a9,train,train
near_duplicate_dhash,6,water_datasets/Flow-Img.v2i.yolov8/train/images/000555_jpg.rf.cdad170345e0eb9f4d4aa4f2ee867b05.jpg,water_datasets/Flow-Img.v2i.yolov8/train/images/000851_jpg.rf.29596641fc65266ddc559fc9127a6acc.jpg,000555_jpg.rf.cdad170345e0eb9f4d4aa4f2ee867b05,000851_jpg.rf.29596641fc65266ddc559fc9127a6acc,train,train
near_duplicate_dhash,8,water_datasets/Flow-Img.v2i.yolov8/train/images/000555_jpg.rf.cdad170345e0eb9f4d4aa4f2ee867b05.jpg,water_datasets/Flow-Img.v2i.yolov8/train/images/001023_jpg.rf.765af0fa0d15e73dd43ec0e30aa8ca35.jpg,000555_jpg.rf.cdad170345e0eb9f4d4aa4f2ee867b05,001023_jpg.rf.765af0fa0d15e73dd43ec0e30aa8ca35,train,train
near_duplicate_dhash,7,water_datasets/Flow-Img.v2i.yolov8/train/images/000555_jpg.rf.cdad170345e0eb9f4d4aa4f2ee867b05.jpg,water_datasets/Flow-Img.v2i.yolov8/train/images/001037_jpg.rf.c03a6551c0477991b4beee0a95216ff4.jpg,000555_jpg.rf.cdad170345e0eb9f4d4aa4f2ee867b05,001037_jpg.rf.c03a6551c0477991b4beee0a95216ff4,train,train
near_duplicate_dhash,7,water_datasets/Flow-Img.v2i.yolov8/train/images/000555_jpg.rf.cdad170345e0eb9f4d4aa4f2ee867b05.jpg,water_datasets/Flow-Img.v2i.yolov8/train/images/001056_jpg.rf.6bd2dfca5b9536235e5395b8077eea61.jpg,000555_jpg.rf.cdad170345e0eb9f4d4aa4f2ee867b05,001056_jpg.rf.6bd2dfca5b9536235e5395b8077eea61,train,train
near_duplicate_dhash,8,water_datasets/Flow-Img.v2i.yolov8/train/images/000555_jpg.rf.cdad170345e0eb9f4d4aa4f2ee867b05.jpg,water_datasets/Flow-Img.v2i.yolov8/train/images/001180_jpg.rf.66c9bc7f805a40b60d7989b5db66cba5.jpg,000555_jpg.rf.cdad170345e0eb9f4d4aa4f2ee867b05,001180_jpg.rf.66c9bc7f805a40b60d7989b5db66cba5,train,train
near_duplicate_dhash,8,water_datasets/Flow-Img.v2i.yolov8/train/images/000563_jpg.rf.71a9d469b57f320aac94472dab43a24b.jpg,water_datasets/Flow-Img.v2i.yolov8/train/images/000590_jpg.rf.b9e2f33b39d25c59fc9684d07f14bfc0.jpg,000563_jpg.rf.71a9d469b57f320aac94472dab43a24b,000590_jpg.rf.b9e2f33b39d25c59fc9684d07f14bfc0,train,train
near_duplicate_dhash,8,water_datasets/Flow-Img.v2i.yolov8/train/images/000563_jpg.rf.71a9d469b57f320aac94472dab43a24b.jpg,water_datasets/Flow-Img.v2i.yolov8/train/images/000718_jpg.rf.ede1cf7eb532573be65be5be12f56c6c.jpg,000563_jpg.rf.71a9d469b57f320aac94472dab43a24b,000718_jpg.rf.ede1cf7eb532573be65be5be12f56c6c,train,train
near_duplicate_dhash,8,water_datasets/Flow-Img.v2i.yolov8/train/images/000563_jpg.rf.71a9d469b57f320aac94472dab43a24b.jpg,water_datasets/Flow-Img.v2i.yolov8/train/images/000839_jpg.rf.3aaebbcac6ac2980a5f9528fd6fc99e4.jpg,000563_jpg.rf.71a9d469b57f320aac94472dab43a24b,000839_jpg.rf.3aaebbcac6ac2980a5f9528fd6fc99e4,train,train
near_duplicate_dhash,8,water_datasets/Flow-Img.v2i.yolov8/train/images/000563_jpg.rf.71a9d469b57f320aac94472dab43a24b.jpg,water_datasets/Flow-Img.v2i.yolov8/train/images/000851_jpg.rf.29596641fc65266ddc559fc9127a6acc.jpg,000563_jpg.rf.71a9d469b57f320aac94472dab43a24b,000851_jpg.rf.29596641fc65266ddc559fc9127a6acc,train,train
near_duplicate_dhash,8,water_datasets/Flow-Img.v2i.yolov8/train/images/000563_jpg.rf.71a9d469b57f320aac94472dab43a24b.jpg,water_datasets/Flow-Img.v2i.yolov8/train/images/000871_jpg.rf.59ab0fe8e4fab09af2db5bf6343c7530.jpg,000563_jpg.rf.71a9d469b57f320aac94472dab43a24b,000871_jpg.rf.59ab0fe8e4fab09af2db5bf6343c7530,train,train
near_duplicate_dhash,7,water_datasets/Flow-Img.v2i.yolov8/train/images/000563_jpg.rf.71a9d469b57f320aac94472dab43a24b.jpg,water_datasets/Flow-Img.v2i.yolov8/train/images/001018_jpg.rf.abb190f26ed7cd92fbeec5259755bd99.jpg,000563_jpg.rf.71a9d469b57f320aac94472dab43a24b,001018_jpg.rf.abb190f26ed7cd92fbeec5259755bd99,train,train
near_duplicate_dhash,8,water_datasets/Flow-Img.v2i.yolov8/train/images/000563_jpg.rf.71a9d469b57f320aac94472dab43a24b.jpg,water_datasets/Flow-Img.v2i.yolov8/train/images/001164_jpg.rf.cec487a09a6792759ac1e5b8e4f3d2b4.jpg,000563_jpg.rf.71a9d469b57f320aac94472dab43a24b,001164_jpg.rf.cec487a09a6792759ac1e5b8e4f3d2b4,train,train
near_duplicate_dhash,8,water_datasets/Flow-Img.v2i.yolov8/train/images/000566_jpg.rf.777aefd066d28f580855398ad23efca3.jpg,water_datasets/Flow-Img.v2i.yolov8/train/images/000693_jpg.rf.cd6e01f007906c34d43de56dc6f213c5.jpg,000566_jpg.rf.777aefd066d28f580855398ad23efca3,000693_jpg.rf.cd6e01f007906c34d43de56dc6f213c5,train,train
near_duplicate_dhash,8,water_datasets/Flow-Img.v2i.yolov8/train/images/000566_jpg.rf.777aefd066d28f580855398ad23efca3.jpg,water_datasets/Flow-Img.v2i.yolov8/train/images/000703_jpg.rf.ccf24744995155cbff6c1e7d980c1278.jpg,000566_jpg.rf.777aefd066d28f580855398ad23efca3,000703_jpg.rf.ccf24744995155cbff6c1e7d980c1278,train,train
near_duplicate_dhash,8,water_datasets/Flow-Img.v2i.yolov8/train/images/000566_jpg.rf.777aefd066d28f580855398ad23efca3.jpg,water_datasets/Flow-Img.v2i.yolov8/train/images/000774_jpg.rf.2b57cc294c27b91cece0cdd509901906.jpg,000566_jpg.rf.777aefd066d28f580855398ad23efca3,000774_jpg.rf.2b57cc294c27b91cece0cdd509901906,train,train
near_duplicate_dhash,6,water_datasets/Flow-Img.v2i.yolov8/train/images/000566_jpg.rf.777aefd066d28f580855398ad23efca3.jpg,water_datasets/Flow-Img.v2i.yolov8/train/images/000902_jpg.rf.fe1487725489fe93f91599d2ae9b6979.jpg,000566_jpg.rf.777aefd066d28f580855398ad23efca3,000902_jpg.rf.fe1487725489fe93f91599d2ae9b6979,train,train
near_duplicate_dhash,6,water_datasets/Flow-Img.v2i.yolov8/train/images/000566_jpg.rf.777aefd066d28f580855398ad23efca3.jpg,water_datasets/Flow-Img.v2i.yolov8/train/images/000946_jpg.rf.83bad18bf91432d469e51aa9f34ac963.jpg,000566_jpg.rf.777aefd066d28f580855398ad23efca3,000946_jpg.rf.83bad18bf91432d469e51aa9f34ac963,train,train
near_duplicate_dhash,8,water_datasets/Flow-Img.v2i.yolov8/train/images/000570_jpg.rf.a3d02cc947c31fb7e6135060cb5eb787.jpg,water_datasets/Flow-Img.v2i.yolov8/train/images/000696_jpg.rf.a6fdb1c7354dca0e12427e72dca3fc14.jpg,000570_jpg.rf.a3d02cc947c31fb7e6135060cb5eb787,000696_jpg.rf.a6fdb1c7354dca0e12427e72dca3fc14,train,train
near_duplicate_dhash,7,water_datasets/Flow-Img.v2i.yolov8/train/images/000570_jpg.rf.a3d02cc947c31fb7e6135060cb5eb787.jpg,water_datasets/Flow-Img.v2i.yolov8/train/images/000915_jpg.rf.2ea31349afa90ea2df7503ca92f9c399.jpg,000570_jpg.rf.a3d02cc947c31fb7e6135060cb5eb787,000915_jpg.rf.2ea31349afa90ea2df7503ca92f9c399,train,train
near_duplicate_dhash,6,water_datasets/Flow-Img.v2i.yolov8/train/images/000570_jpg.rf.a3d02cc947c31fb7e6135060cb5eb787.jpg,water_datasets/Flow-Img.v2i.yolov8/train/images/001138_jpg.rf.46ed470c9df7acae892db5ceabef6ace.jpg,000570_jpg.rf.a3d02cc947c31fb7e6135060cb5eb787,001138_jpg.rf.46ed470c9df7acae892db5ceabef6ace,train,train
near_duplicate_dhash,8,water_datasets/Flow-Img.v2i.yolov8/train/images/000580_jpg.rf.ed9baf2e02634b0125beaed15c30ef42.jpg,water_datasets/Flow-Img.v2i.yolov8/train/images/000602_jpg.rf.0934e0c038850e7bf7afe506acb3a71a.jpg,000580_jpg.rf.ed9baf2e02634b0125beaed15c30ef42,000602_jpg.rf.0934e0c038850e7bf7afe506acb3a71a,train,train
near_duplicate_dhash,7,water_datasets/Flow-Img.v2i.yolov8/train/images/000580_jpg.rf.ed9baf2e02634b0125beaed15c30ef42.jpg,water_datasets/Flow-Img.v2i.yolov8/train/images/001101_jpg.rf.a7f94cd7667a97e66685bb05c538499b.jpg,000580_jpg.rf.ed9baf2e02634b0125beaed15c30ef42,001101_jpg.rf.a7f94cd7667a97e66685bb05c538499b,train,train
near_duplicate_dhash,6,water_datasets/Flow-Img.v2i.yolov8/train/images/000586_jpg.rf.c118eaa02a08a9671c92ad23601fa2bb.jpg,water_datasets/Flow-Img.v2i.yolov8/train/images/000624_jpg.rf.deabc4b734db4b206fd2eba7e581354d.jpg,000586_jpg.rf.c118eaa02a08a9671c92ad23601fa2bb,000624_jpg.rf.deabc4b734db4b206fd2eba7e581354d,train,train
near_duplicate_dhash,8,water_datasets/Flow-Img.v2i.yolov8/train/images/000589_jpg.rf.91dd50777015f38f52fa496618e607a9.jpg,water_datasets/Flow-Img.v2i.yolov8/train/images/000903_jpg.rf.9c7448ee19ce6c44df0210f20641cd31.jpg,000589_jpg.rf.91dd50777015f38f52fa496618e607a9,000903_jpg.rf.9c7448ee19ce6c44df0210f20641cd31,train,train
near_duplicate_dhash,7,water_datasets/Flow-Img.v2i.yolov8/train/images/000590_jpg.rf.b9e2f33b39d25c59fc9684d07f14bfc0.jpg,water_datasets/Flow-Img.v2i.yolov8/train/images/000700_jpg.rf.f07281d1199190934e54fc9edbcce4e4.jpg,000590_jpg.rf.b9e2f33b39d25c59fc9684d07f14bfc0,000700_jpg.rf.f07281d1199190934e54fc9edbcce4e4,train,train
near_duplicate_dhash,7,water_datasets/Flow-Img.v2i.yolov8/train/images/000590_jpg.rf.b9e2f33b39d25c59fc9684d07f14bfc0.jpg,water_datasets/Flow-Img.v2i.yolov8/train/images/000714_jpg.rf.2ed7462a10280ad7eaa6266b889499dc.jpg,000590_jpg.rf.b9e2f33b39d25c59fc9684d07f14bfc0,000714_jpg.rf.2ed7462a10280ad7eaa6266b889499dc,train,train
near_duplicate_dhash,8,water_datasets/Flow-Img.v2i.yolov8/train/images/000590_jpg.rf.b9e2f33b39d25c59fc9684d07f14bfc0.jpg,water_datasets/Flow-Img.v2i.yolov8/train/images/000871_jpg.rf.59ab0fe8e4fab09af2db5bf6343c7530.jpg,000590_jpg.rf.b9e2f33b39d25c59fc9684d07f14bfc0,000871_jpg.rf.59ab0fe8e4fab09af2db5bf6343c7530,train,train
near_duplicate_dhash,6,water_datasets/Flow-Img.v2i.yolov8/train/images/000590_jpg.rf.b9e2f33b39d25c59fc9684d07f14bfc0.jpg,water_datasets/Flow-Img.v2i.yolov8/train/images/001040_jpg.rf.10e1bd8653b501937d3e6648649f7b1b.jpg,000590_jpg.rf.b9e2f33b39d25c59fc9684d07f14bfc0,001040_jpg.rf.10e1bd8653b501937d3e6648649f7b1b,train,train
near_duplicate_dhash,6,water_datasets/Flow-Img.v2i.yolov8/train/images/000590_jpg.rf.b9e2f33b39d25c59fc9684d07f14bfc0.jpg,water_datasets/Flow-Img.v2i.yolov8/train/images/001077_jpg.rf.1c5a43021cfbad4c03b6f071ff01f570.jpg,000590_jpg.rf.b9e2f33b39d25c59fc9684d07f14bfc0,001077_jpg.rf.1c5a43021cfbad4c03b6f071ff01f570,train,train
near_duplicate_dhash,8,water_datasets/Flow-Img.v2i.yolov8/train/images/000590_jpg.rf.b9e2f33b39d25c59fc9684d07f14bfc0.jpg,water_datasets/Flow-Img.v2i.yolov8/train/images/001164_jpg.rf.cec487a09a6792759ac1e5b8e4f3d2b4.jpg,000590_jpg.rf.b9e2f33b39d25c59fc9684d07f14bfc0,001164_jpg.rf.cec487a09a6792759ac1e5b8e4f3d2b4,train,train
near_duplicate_dhash,8,water_datasets/Flow-Img.v2i.yolov8/train/images/000590_jpg.rf.b9e2f33b39d25c59fc9684d07f14bfc0.jpg,water_datasets/Flow-Img.v2i.yolov8/train/images/001177_jpg.rf.aa6e255f5f9f4f8bbc6d36253d44f950.jpg,000590_jpg.rf.b9e2f33b39d25c59fc9684d07f14bfc0,001177_jpg.rf.aa6e255f5f9f4f8bbc6d36253d44f950,train,train
near_duplicate_dhash,8,water_datasets/Flow-Img.v2i.yolov8/train/images/000592_jpg.rf.164ecd63824fa1f97b0393e21f0ba6b2.jpg,water_datasets/Flow-Img.v2i.yolov8/train/images/000983_jpg.rf.3125c49ec556576ef74b453760e42524.jpg,000592_jpg.rf.164ecd63824fa1f97b0393e21f0ba6b2,000983_jpg.rf.3125c49ec556576ef74b453760e42524,train,train
near_duplicate_dhash,7,water_datasets/Flow-Img.v2i.yolov8/train/images/000595_jpg.rf.9bbd95f0c8ffac80629510ef1f77edf4.jpg,water_datasets/Flow-Img.v2i.yolov8/train/images/001185_jpg.rf.3af6d7083f8907a12246d9daa72f5163.jpg,000595_jpg.rf.9bbd95f0c8ffac80629510ef1f77edf4,001185_jpg.rf.3af6d7083f8907a12246d9daa72f5163,train,train
near_duplicate_dhash,8,water_datasets/Flow-Img.v2i.yolov8/train/images/000596_jpg.rf.d54723c02d7bb9db020cd11cbdad87e2.jpg,water_datasets/Flow-Img.v2i.yolov8/train/images/000616_jpg.rf.7d34826d3a8a6507c2e503cf65456a53.jpg,000596_jpg.rf.d54723c02d7bb9db020cd11cbdad87e2,000616_jpg.rf.7d34826d3a8a6507c2e503cf65456a53,train,train
near_duplicate_dhash,8,water_datasets/Flow-Img.v2i.yolov8/train/images/000596_jpg.rf.d54723c02d7bb9db020cd11cbdad87e2.jpg,water_datasets/Flow-Img.v2i.yolov8/train/images/000702_jpg.rf.69a5a2bf274be50dfb5997876b1a469e.jpg,000596_jpg.rf.d54723c02d7bb9db020cd11cbdad87e2,000702_jpg.rf.69a5a2bf274be50dfb5997876b1a469e,train,train
near_duplicate_dhash,6,water_datasets/Flow-Img.v2i.yolov8/train/images/000600_jpg.rf.6524c21f72a8d3308c668c7021571a73.jpg,water_datasets/Flow-Img.v2i.yolov8/train/images/000670_jpg.rf.724141b1d54e796fa43bfc9822775b42.jpg,000600_jpg.rf.6524c21f72a8d3308c668c7021571a73,000670_jpg.rf.724141b1d54e796fa43bfc9822775b42,train,train
near_duplicate_dhash,8,water_datasets/Flow-Img.v2i.yolov8/train/images/000603_jpg.rf.2a92b7c3ea97313478b5e9dd89142d9e.jpg,water_datasets/Flow-Img.v2i.yolov8/train/images/000696_jpg.rf.a6fdb1c7354dca0e12427e72dca3fc14.jpg,000603_jpg.rf.2a92b7c3ea97313478b5e9dd89142d9e,000696_jpg.rf.a6fdb1c7354dca0e12427e72dca3fc14,train,train
near_duplicate_dhash,7,water_datasets/Flow-Img.v2i.yolov8/train/images/000603_jpg.rf.2a92b7c3ea97313478b5e9dd89142d9e.jpg,water_datasets/Flow-Img.v2i.yolov8/train/images/000915_jpg.rf.2ea31349afa90ea2df7503ca92f9c399.jpg,000603_jpg.rf.2a92b7c3ea97313478b5e9dd89142d9e,000915_jpg.rf.2ea31349afa90ea2df7503ca92f9c399,train,train
near_duplicate_dhash,8,water_datasets/Flow-Img.v2i.yolov8/train/images/000608_jpg.rf.37ba250f9e83f8cf8aa81ce7d5027b98.jpg,water_datasets/Flow-Img.v2i.yolov8/train/images/000623_jpg.rf.ca9d21f329e88a730dcd87e6234fb785.jpg,000608_jpg.rf.37ba250f9e83f8cf8aa81ce7d5027b98,000623_jpg.rf.ca9d21f329e88a730dcd87e6234fb785,train,train
near_duplicate_dhash,8,water_datasets/Flow-Img.v2i.yolov8/train/images/000615_jpg.rf.e02e146e7e79a33737c6c7ce2f242c07.jpg,water_datasets/Flow-Img.v2i.yolov8/train/images/000927_jpg.rf.5602311f23c8e841d5c508a10845a9cc.jpg,000615_jpg.rf.e02e146e7e79a33737c6c7ce2f242c07,000927_jpg.rf.5602311f23c8e841d5c508a10845a9cc,train,train
near_duplicate_dhash,8,water_datasets/Flow-Img.v2i.yolov8/train/images/000616_jpg.rf.7d34826d3a8a6507c2e503cf65456a53.jpg,water_datasets/Flow-Img.v2i.yolov8/train/images/000702_jpg.rf.69a5a2bf274be50dfb5997876b1a469e.jpg,000616_jpg.rf.7d34826d3a8a6507c2e503cf65456a53,000702_jpg.rf.69a5a2bf274be50dfb5997876b1a469e,train,train
near_duplicate_dhash,8,water_datasets/Flow-Img.v2i.yolov8/train/images/000616_jpg.rf.7d34826d3a8a6507c2e503cf65456a53.jpg,water_datasets/Flow-Img.v2i.yolov8/train/images/000879_jpg.rf.f32bc140fbf3857ec869261dd7da96e4.jpg,000616_jpg.rf.7d34826d3a8a6507c2e503cf65456a53,000879_jpg.rf.f32bc140fbf3857ec869261dd7da96e4,train,train
near_duplicate_dhash,6,water_datasets/Flow-Img.v2i.yolov8/train/images/000617_jpg.rf.e2535258736a7c796a12f397c3a2ea0f.jpg,water_datasets/Flow-Img.v2i.yolov8/train/images/000933_jpg.rf.e342b0069a1b01ab66b7b51fd44e5db9.jpg,000617_jpg.rf.e2535258736a7c796a12f397c3a2ea0f,000933_jpg.rf.e342b0069a1b01ab66b7b51fd44e5db9,train,train
near_duplicate_dhash,7,water_datasets/Flow-Img.v2i.yolov8/train/images/000617_jpg.rf.e2535258736a7c796a12f397c3a2ea0f.jpg,water_datasets/Flow-Img.v2i.yolov8/train/images/001063_jpg.rf.f0511cbcd9bb8e9cac000558e104aabf.jpg,000617_jpg.rf.e2535258736a7c796a12f397c3a2ea0f,001063_jpg.rf.f0511cbcd9bb8e9cac000558e104aabf,train,train
near_duplicate_dhash,7,water_datasets/Flow-Img.v2i.yolov8/train/images/000619_jpg.rf.b37f9eb9754506fdbfce807e8b32bd2c.jpg,water_datasets/Flow-Img.v2i.yolov8/train/images/000953_jpg.rf.1bb3b5208a3558a3518b6aaf92eb67e8.jpg,000619_jpg.rf.b37f9eb9754506fdbfce807e8b32bd2c,000953_jpg.rf.1bb3b5208a3558a3518b6aaf92eb67e8,train,train
near_duplicate_dhash,7,water_datasets/Flow-Img.v2i.yolov8/train/images/000622_jpg.rf.e714619ae5c971a79fd14aa44fcef7eb.jpg,water_datasets/Flow-Img.v2i.yolov8/train/images/001009_jpg.rf.536e3e0e86a674100f10fa22c5a46a35.jpg,000622_jpg.rf.e714619ae5c971a79fd14aa44fcef7eb,001009_jpg.rf.536e3e0e86a674100f10fa22c5a46a35,train,train
near_duplicate_dhash,8,water_datasets/Flow-Img.v2i.yolov8/train/images/000630_jpg.rf.8c7e09637a91611e4ade64bf782a1b10.jpg,water_datasets/Flow-Img.v2i.yolov8/train/images/001046_jpg.rf.b8b8bd768dcf75860facb614465a2593.jpg,000630_jpg.rf.8c7e09637a91611e4ade64bf782a1b10,001046_jpg.rf.b8b8bd768dcf75860facb614465a2593,train,train
near_duplicate_dhash,6,water_datasets/Flow-Img.v2i.yolov8/train/images/000631_jpg.rf.6ee62d1772139a6c66b4a0006b66f0d4.jpg,water_datasets/Flow-Img.v2i.yolov8/train/images/000665_jpg.rf.313fe0d8511a98d77ff6452e8e3ac3e8.jpg,000631_jpg.rf.6ee62d1772139a6c66b4a0006b66f0d4,000665_jpg.rf.313fe0d8511a98d77ff6452e8e3ac3e8,train,train
near_duplicate_dhash,8,water_datasets/Flow-Img.v2i.yolov8/train/images/000631_jpg.rf.6ee62d1772139a6c66b4a0006b66f0d4.jpg,water_datasets/Flow-Img.v2i.yolov8/train/images/000999_jpg.rf.0bf2cc3badf87d252b5bf3b641a16819.jpg,000631_jpg.rf.6ee62d1772139a6c66b4a0006b66f0d4,000999_jpg.rf.0bf2cc3badf87d252b5bf3b641a16819,train,train
near_duplicate_dhash,7,water_datasets/Flow-Img.v2i.yolov8/train/images/000638_jpg.rf.761d16cff969d053cfc38ea2e827ac35.jpg,water_datasets/Flow-Img.v2i.yolov8/train/images/000879_jpg.rf.f32bc140fbf3857ec869261dd7da96e4.jpg,000638_jpg.rf.761d16cff969d053cfc38ea2e827ac35,000879_jpg.rf.f32bc140fbf3857ec869261dd7da96e4,train,train
near_duplicate_dhash,8,water_datasets/Flow-Img.v2i.yolov8/train/images/000639_jpg.rf.1824055153ec82d5d3c99aa204e4420b.jpg,water_datasets/Flow-Img.v2i.yolov8/train/images/000973_jpg.rf.5617f083a3dcc80b673d44b2f740f2e4.jpg,000639_jpg.rf.1824055153ec82d5d3c99aa204e4420b,000973_jpg.rf.5617f083a3dcc80b673d44b2f740f2e4,train,train
near_duplicate_dhash,7,water_datasets/Flow-Img.v2i.yolov8/train/images/000639_jpg.rf.1824055153ec82d5d3c99aa204e4420b.jpg,water_datasets/Flow-Img.v2i.yolov8/train/images/001070_jpg.rf.646654c7ae72611f834717063bc18b7d.jpg,000639_jpg.rf.1824055153ec82d5d3c99aa204e4420b,001070_jpg.rf.646654c7ae72611f834717063bc18b7d,train,train
near_duplicate_dhash,7,water_datasets/Flow-Img.v2i.yolov8/train/images/000645_jpg.rf.2d3dd3261ef1846d8252f2be20c3c0ac.jpg,water_datasets/Flow-Img.v2i.yolov8/train/images/000693_jpg.rf.cd6e01f007906c34d43de56dc6f213c5.jpg,000645_jpg.rf.2d3dd3261ef1846d8252f2be20c3c0ac,000693_jpg.rf.cd6e01f007906c34d43de56dc6f213c5,train,train
near_duplicate_dhash,7,water_datasets/Flow-Img.v2i.yolov8/train/images/000645_jpg.rf.2d3dd3261ef1846d8252f2be20c3c0ac.jpg,water_datasets/Flow-Img.v2i.yolov8/train/images/000703_jpg.rf.ccf24744995155cbff6c1e7d980c1278.jpg,000645_jpg.rf.2d3dd3261ef1846d8252f2be20c3c0ac,000703_jpg.rf.ccf24744995155cbff6c1e7d980c1278,train,train
near_duplicate_dhash,7,water_datasets/Flow-Img.v2i.yolov8/train/images/000645_jpg.rf.2d3dd3261ef1846d8252f2be20c3c0ac.jpg,water_datasets/Flow-Img.v2i.yolov8/train/images/000774_jpg.rf.2b57cc294c27b91cece0cdd509901906.jpg,000645_jpg.rf.2d3dd3261ef1846d8252f2be20c3c0ac,000774_jpg.rf.2b57cc294c27b91cece0cdd509901906,train,train
near_duplicate_dhash,7,water_datasets/Flow-Img.v2i.yolov8/train/images/000645_jpg.rf.2d3dd3261ef1846d8252f2be20c3c0ac.jpg,water_datasets/Flow-Img.v2i.yolov8/train/images/000902_jpg.rf.fe1487725489fe93f91599d2ae9b6979.jpg,000645_jpg.rf.2d3dd3261ef1846d8252f2be20c3c0ac,000902_jpg.rf.fe1487725489fe93f91599d2ae9b6979,train,train
near_duplicate_dhash,7,water_datasets/Flow-Img.v2i.yolov8/train/images/000654_jpg.rf.9a5a2a9c1856b990e4114f984c20b181.jpg,water_datasets/Flow-Img.v2i.yolov8/train/images/000828_jpg.rf.05a266e7dc77f4d4a083f1b8700a83ac.jpg,000654_jpg.rf.9a5a2a9c1856b990e4114f984c20b181,000828_jpg.rf.05a266e7dc77f4d4a083f1b8700a83ac,train,train
near_duplicate_dhash,8,water_datasets/Flow-Img.v2i.yolov8/train/images/000654_jpg.rf.9a5a2a9c1856b990e4114f984c20b181.jpg,water_datasets/Flow-Img.v2i.yolov8/train/images/001120_jpg.rf.bfcc8924b48d11ef574879f5f27abdf9.jpg,000654_jpg.rf.9a5a2a9c1856b990e4114f984c20b181,001120_jpg.rf.bfcc8924b48d11ef574879f5f27abdf9,train,train
near_duplicate_dhash,7,water_datasets/Flow-Img.v2i.yolov8/train/images/000660_jpg.rf.458f6ed844bca1c452445bdfaea88319.jpg,water_datasets/Flow-Img.v2i.yolov8/train/images/000809_jpg.rf.aaac98838869f6fe011b0dabe980705f.jpg,000660_jpg.rf.458f6ed844bca1c452445bdfaea88319,000809_jpg.rf.aaac98838869f6fe011b0dabe980705f,train,train
near_duplicate_dhash,6,water_datasets/Flow-Img.v2i.yolov8/train/images/000663_jpg.rf.3ca1b8793a788fd7c7afea995fe7c631.jpg,water_datasets/Flow-Img.v2i.yolov8/train/images/000904_jpg.rf.199e07ad19152e202e4fea8d4d17ce43.jpg,000663_jpg.rf.3ca1b8793a788fd7c7afea995fe7c631,000904_jpg.rf.199e07ad19152e202e4fea8d4d17ce43,train,train
near_duplicate_dhash,7,water_datasets/Flow-Img.v2i.yolov8/train/images/000664_jpg.rf.1c022c568e83385bd40074ab3b26dee5.jpg,water_datasets/Flow-Img.v2i.yolov8/train/images/000863_jpg.rf.30fe13953ea7edabe35101463b1f0770.jpg,000664_jpg.rf.1c022c568e83385bd40074ab3b26dee5,000863_jpg.rf.30fe13953ea7edabe35101463b1f0770,train,train
near_duplicate_dhash,7,water_datasets/Flow-Img.v2i.yolov8/train/images/000664_jpg.rf.1c022c568e83385bd40074ab3b26dee5.jpg,water_datasets/Flow-Img.v2i.yolov8/train/images/000890_jpg.rf.28cde14f8217ab7c3abb4a4c7acbaacf.jpg,000664_jpg.rf.1c022c568e83385bd40074ab3b26dee5,000890_jpg.rf.28cde14f8217ab7c3abb4a4c7acbaacf,train,train
near_duplicate_dhash,7,water_datasets/Flow-Img.v2i.yolov8/train/images/000664_jpg.rf.1c022c568e83385bd40074ab3b26dee5.jpg,water_datasets/Flow-Img.v2i.yolov8/train/images/001052_jpg.rf.d02ecd02727c3613aabd1b6a1140dc2e.jpg,000664_jpg.rf.1c022c568e83385bd40074ab3b26dee5,001052_jpg.rf.d02ecd02727c3613aabd1b6a1140dc2e,train,train
near_duplicate_dhash,6,water_datasets/Flow-Img.v2i.yolov8/train/images/000665_jpg.rf.313fe0d8511a98d77ff6452e8e3ac3e8.jpg,water_datasets/Flow-Img.v2i.yolov8/train/images/000695_jpg.rf.474962c5f7ed175a8d89e515a3fd8b8c.jpg,000665_jpg.rf.313fe0d8511a98d77ff6452e8e3ac3e8,000695_jpg.rf.474962c5f7ed175a8d89e515a3fd8b8c,train,train
near_duplicate_dhash,8,water_datasets/Flow-Img.v2i.yolov8/train/images/000665_jpg.rf.313fe0d8511a98d77ff6452e8e3ac3e8.jpg,water_datasets/Flow-Img.v2i.yolov8/train/images/000818_jpg.rf.60f37a6c832326fae66f9b93cca44737.jpg,000665_jpg.rf.313fe0d8511a98d77ff6452e8e3ac3e8,000818_jpg.rf.60f37a6c832326fae66f9b93cca44737,train,train
near_duplicate_dhash,8,water_datasets/Flow-Img.v2i.yolov8/train/images/000665_jpg.rf.313fe0d8511a98d77ff6452e8e3ac3e8.jpg,water_datasets/Flow-Img.v2i.yolov8/train/images/000930_jpg.rf.82e1928937824b6be505296f4b624180.jpg,000665_jpg.rf.313fe0d8511a98d77ff6452e8e3ac3e8,000930_jpg.rf.82e1928937824b6be505296f4b624180,train,train
near_duplicate_dhash,7,water_datasets/Flow-Img.v2i.yolov8/train/images/000665_jpg.rf.313fe0d8511a98d77ff6452e8e3ac3e8.jpg,water_datasets/Flow-Img.v2i.yolov8/train/images/001069_jpg.rf.56b38ce1d39d19a1a4e501d95e4c8597.jpg,000665_jpg.rf.313fe0d8511a98d77ff6452e8e3ac3e8,001069_jpg.rf.56b38ce1d39d19a1a4e501d95e4c8597,train,train
near_duplicate_dhash,6,water_datasets/Flow-Img.v2i.yolov8/train/images/000670_jpg.rf.724141b1d54e796fa43bfc9822775b42.jpg,water_datasets/Flow-Img.v2i.yolov8/train/images/000822_jpg.rf.2edf63100a864daabeb7d6e26afa67ad.jpg,000670_jpg.rf.724141b1d54e796fa43bfc9822775b42,000822_jpg.rf.2edf63100a864daabeb7d6e26afa67ad,train,train
near_duplicate_dhash,6,water_datasets/Flow-Img.v2i.yolov8/train/images/000683_jpg.rf.24296f423339dc75f2857effd8c8c31c.jpg,water_datasets/Flow-Img.v2i.yolov8/train/images/001029_jpg.rf.8751751f28b2a3e6c6ba43ae2bbe9f4d.jpg,000683_jpg.rf.24296f423339dc75f2857effd8c8c31c,001029_jpg.rf.8751751f28b2a3e6c6ba43ae2bbe9f4d,train,train
near_duplicate_dhash,6,water_datasets/Flow-Img.v2i.yolov8/train/images/000686_jpg.rf.70515dd061fe0c9fcc45621b984423b2.jpg,water_datasets/Flow-Img.v2i.yolov8/train/images/000854_jpg.rf.e67e5760bd0dbf67009e3bf7eaa24631.jpg,000686_jpg.rf.70515dd061fe0c9fcc45621b984423b2,000854_jpg.rf.e67e5760bd0dbf67009e3bf7eaa24631,train,train
near_duplicate_dhash,7,water_datasets/Flow-Img.v2i.yolov8/train/images/000688_jpg.rf.5d476077842606c8e7575592e5e9dd86.jpg,water_datasets/Flow-Img.v2i.yolov8/train/images/000970_jpg.rf.2951a7779a086afd84ee7821b72bc3a1.jpg,000688_jpg.rf.5d476077842606c8e7575592e5e9dd86,000970_jpg.rf.2951a7779a086afd84ee7821b72bc3a1,train,train
near_duplicate_dhash,6,water_datasets/Flow-Img.v2i.yolov8/train/images/000690_jpg.rf.da9613f53e58d5686674ec60bf988d84.jpg,water_datasets/Flow-Img.v2i.yolov8/train/images/000989_jpg.rf.41efae86f90f4b0a1b1577ed4d547333.jpg,000690_jpg.rf.da9613f53e58d5686674ec60bf988d84,000989_jpg.rf.41efae86f90f4b0a1b1577ed4d547333,train,train
near_duplicate_dhash,6,water_datasets/Flow-Img.v2i.yolov8/train/images/000690_jpg.rf.da9613f53e58d5686674ec60bf988d84.jpg,water_datasets/Flow-Img.v2i.yolov8/train/images/001096_jpg.rf.92697693fd65bc16b476bc19ab410716.jpg,000690_jpg.rf.da9613f53e58d5686674ec60bf988d84,001096_jpg.rf.92697693fd65bc16b476bc19ab410716,train,train
near_duplicate_dhash,8,water_datasets/Flow-Img.v2i.yolov8/train/images/000690_jpg.rf.da9613f53e58d5686674ec60bf988d84.jpg,water_datasets/Flow-Img.v2i.yolov8/train/images/001114_jpg.rf.21f4a59f4712f2d32d2001fe73c88961.jpg,000690_jpg.rf.da9613f53e58d5686674ec60bf988d84,001114_jpg.rf.21f4a59f4712f2d32d2001fe73c88961,train,train
near_duplicate_dhash,6,water_datasets/Flow-Img.v2i.yolov8/train/images/000693_jpg.rf.cd6e01f007906c34d43de56dc6f213c5.jpg,water_datasets/Flow-Img.v2i.yolov8/train/images/000774_jpg.rf.2b57cc294c27b91cece0cdd509901906.jpg,000693_jpg.rf.cd6e01f007906c34d43de56dc6f213c5,000774_jpg.rf.2b57cc294c27b91cece0cdd509901906,train,train
near_duplicate_dhash,8,water_datasets/Flow-Img.v2i.yolov8/train/images/000693_jpg.rf.cd6e01f007906c34d43de56dc6f213c5.jpg,water_datasets/Flow-Img.v2i.yolov8/train/images/000946_jpg.rf.83bad18bf91432d469e51aa9f34ac963.jpg,000693_jpg.rf.cd6e01f007906c34d43de56dc6f213c5,000946_jpg.rf.83bad18bf91432d469e51aa9f34ac963,train,train
near_duplicate_dhash,6,water_datasets/Flow-Img.v2i.yolov8/train/images/000693_jpg.rf.cd6e01f007906c34d43de56dc6f213c5.jpg,water_datasets/Flow-Img.v2i.yolov8/train/images/001073_jpg.rf.236df6fa2601789ac2033eaa776269f7.jpg,000693_jpg.rf.cd6e01f007906c34d43de56dc6f213c5,001073_jpg.rf.236df6fa2601789ac2033eaa776269f7,train,train
near_duplicate_dhash,7,water_datasets/Flow-Img.v2i.yolov8/train/images/000695_jpg.rf.474962c5f7ed175a8d89e515a3fd8b8c.jpg,water_datasets/Flow-Img.v2i.yolov8/train/images/001069_jpg.rf.56b38ce1d39d19a1a4e501d95e4c8597.jpg,000695_jpg.rf.474962c5f7ed175a8d89e515a3fd8b8c,001069_jpg.rf.56b38ce1d39d19a1a4e501d95e4c8597,train,train
near_duplicate_dhash,8,water_datasets/Flow-Img.v2i.yolov8/train/images/000695_jpg.rf.474962c5f7ed175a8d89e515a3fd8b8c.jpg,water_datasets/Flow-Img.v2i.yolov8/train/images/001166_jpg.rf.1067196548a3fbdfb2ad422a90ecb05f.jpg,000695_jpg.rf.474962c5f7ed175a8d89e515a3fd8b8c,001166_jpg.rf.1067196548a3fbdfb2ad422a90ecb05f,train,train
near_duplicate_dhash,7,water_datasets/Flow-Img.v2i.yolov8/train/images/000696_jpg.rf.a6fdb1c7354dca0e12427e72dca3fc14.jpg,water_datasets/Flow-Img.v2i.yolov8/train/images/000915_jpg.rf.2ea31349afa90ea2df7503ca92f9c399.jpg,000696_jpg.rf.a6fdb1c7354dca0e12427e72dca3fc14,000915_jpg.rf.2ea31349afa90ea2df7503ca92f9c399,train,train
near_duplicate_dhash,7,water_datasets/Flow-Img.v2i.yolov8/train/images/000697_jpg.rf.376083236a4263773778ece0b4741250.jpg,water_datasets/Flow-Img.v2i.yolov8/train/images/000757_jpg.rf.1e77174484e98b04f1333dfd545aa2a0.jpg,000697_jpg.rf.376083236a4263773778ece0b4741250,000757_jpg.rf.1e77174484e98b04f1333dfd545aa2a0,train,train
near_duplicate_dhash,7,water_datasets/Flow-Img.v2i.yolov8/train/images/000697_jpg.rf.376083236a4263773778ece0b4741250.jpg,water_datasets/Flow-Img.v2i.yolov8/train/images/000839_jpg.rf.3aaebbcac6ac2980a5f9528fd6fc99e4.jpg,000697_jpg.rf.376083236a4263773778ece0b4741250,000839_jpg.rf.3aaebbcac6ac2980a5f9528fd6fc99e4,train,train
near_duplicate_dhash,6,water_datasets/Flow-Img.v2i.yolov8/train/images/000697_jpg.rf.376083236a4263773778ece0b4741250.jpg,water_datasets/Flow-Img.v2i.yolov8/train/images/001018_jpg.rf.abb190f26ed7cd92fbeec5259755bd99.jpg,000697_jpg.rf.376083236a4263773778ece0b4741250,001018_jpg.rf.abb190f26ed7cd92fbeec5259755bd99,train,train
near_duplicate_dhash,8,water_datasets/Flow-Img.v2i.yolov8/train/images/000697_jpg.rf.376083236a4263773778ece0b4741250.jpg,water_datasets/Flow-Img.v2i.yolov8/train/images/001059_jpg.rf.978856b83c7de90deae1d584c1a38c8d.jpg,000697_jpg.rf.376083236a4263773778ece0b4741250,001059_jpg.rf.978856b83c7de90deae1d584c1a38c8d,train,train
near_duplicate_dhash,8,water_datasets/Flow-Img.v2i.yolov8/train/images/000700_jpg.rf.f07281d1199190934e54fc9edbcce4e4.jpg,water_datasets/Flow-Img.v2i.yolov8/train/images/000739_jpg.rf.cec6a0cc2fb13b5f74ae162a29d11056.jpg,000700_jpg.rf.f07281d1199190934e54fc9edbcce4e4,000739_jpg.rf.cec6a0cc2fb13b5f74ae162a29d11056,train,train
near_duplicate_dhash,7,water_datasets/Flow-Img.v2i.yolov8/train/images/000702_jpg.rf.69a5a2bf274be50dfb5997876b1a469e.jpg,water_datasets/Flow-Img.v2i.yolov8/train/images/001147_jpg.rf.aa7dd42642c4e6ce45c8d521ea92d318.jpg,000702_jpg.rf.69a5a2bf274be50dfb5997876b1a469e,001147_jpg.rf.aa7dd42642c4e6ce45c8d521ea92d318,train,train
near_duplicate_dhash,6,water_datasets/Flow-Img.v2i.yolov8/train/images/000703_jpg.rf.ccf24744995155cbff6c1e7d980c1278.jpg,water_datasets/Flow-Img.v2i.yolov8/train/images/000774_jpg.rf.2b57cc294c27b91cece0cdd509901906.jpg,000703_jpg.rf.ccf24744995155cbff6c1e7d980c1278,000774_jpg.rf.2b57cc294c27b91cece0cdd509901906,train,train
near_duplicate_dhash,6,water_datasets/Flow-Img.v2i.yolov8/train/images/000703_jpg.rf.ccf24744995155cbff6c1e7d980c1278.jpg,water_datasets/Flow-Img.v2i.yolov8/train/images/000902_jpg.rf.fe1487725489fe93f91599d2ae9b6979.jpg,000703_jpg.rf.ccf24744995155cbff6c1e7d980c1278,000902_jpg.rf.fe1487725489fe93f91599d2ae9b6979,train,train
near_duplicate_dhash,8,water_datasets/Flow-Img.v2i.yolov8/train/images/000703_jpg.rf.ccf24744995155cbff6c1e7d980c1278.jpg,water_datasets/Flow-Img.v2i.yolov8/train/images/000946_jpg.rf.83bad18bf91432d469e51aa9f34ac963.jpg,000703_jpg.rf.ccf24744995155cbff6c1e7d980c1278,000946_jpg.rf.83bad18bf91432d469e51aa9f34ac963,train,train
near_duplicate_dhash,6,water_datasets/Flow-Img.v2i.yolov8/train/images/000703_jpg.rf.ccf24744995155cbff6c1e7d980c1278.jpg,water_datasets/Flow-Img.v2i.yolov8/train/images/001073_jpg.rf.236df6fa2601789ac2033eaa776269f7.jpg,000703_jpg.rf.ccf24744995155cbff6c1e7d980c1278,001073_jpg.rf.236df6fa2601789ac2033eaa776269f7,train,train
near_duplicate_dhash,8,water_datasets/Flow-Img.v2i.yolov8/train/images/000708_jpg.rf.85abb275c3bae81ac30daca619f372e3.jpg,water_datasets/Flow-Img.v2i.yolov8/train/images/000922_jpg.rf.fc56d76a22c5100eaaf811aa3b4f3039.jpg,000708_jpg.rf.85abb275c3bae81ac30daca619f372e3,000922_jpg.rf.fc56d76a22c5100eaaf811aa3b4f3039,train,train
near_duplicate_dhash,6,water_datasets/Flow-Img.v2i.yolov8/train/images/000708_jpg.rf.85abb275c3bae81ac30daca619f372e3.jpg,water_datasets/Flow-Img.v2i.yolov8/train/images/000956_jpg.rf.7961e2d00227fd885646555f637f4335.jpg,000708_jpg.rf.85abb275c3bae81ac30daca619f372e3,000956_jpg.rf.7961e2d00227fd885646555f637f4335,train,train
near_duplicate_dhash,8,water_datasets/Flow-Img.v2i.yolov8/train/images/000718_jpg.rf.ede1cf7eb532573be65be5be12f56c6c.jpg,water_datasets/Flow-Img.v2i.yolov8/train/images/000851_jpg.rf.29596641fc65266ddc559fc9127a6acc.jpg,000718_jpg.rf.ede1cf7eb532573be65be5be12f56c6c,000851_jpg.rf.29596641fc65266ddc559fc9127a6acc,train,train
near_duplicate_dhash,6,water_datasets/Flow-Img.v2i.yolov8/train/images/000729_jpg.rf.d157d889acd73be4b7cfd02f8edcac95.jpg,water_datasets/Flow-Img.v2i.yolov8/train/images/001099_jpg.rf.b3ba93c61c7c2ef6eb3bc74dd3ec4af6.jpg,000729_jpg.rf.d157d889acd73be4b7cfd02f8edcac95,001099_jpg.rf.b3ba93c61c7c2ef6eb3bc74dd3ec4af6,train,train
near_duplicate_dhash,8,water_datasets/Flow-Img.v2i.yolov8/train/images/000730_jpg.rf.91f7c94a399782319c151a028289846e.jpg,water_datasets/Flow-Img.v2i.yolov8/train/images/000988_jpg.rf.1da529312aff7ef52113e641a14858cc.jpg,000730_jpg.rf.91f7c94a399782319c151a028289846e,000988_jpg.rf.1da529312aff7ef52113e641a14858cc,train,train
near_duplicate_dhash,7,water_datasets/Flow-Img.v2i.yolov8/train/images/000732_jpg.rf.4a68cfd0a5fede467c0f94826684816c.jpg,water_datasets/Flow-Img.v2i.yolov8/train/images/000893_jpg.rf.9b17b6233eab050e3d564ef564e4f40f.jpg,000732_jpg.rf.4a68cfd0a5fede467c0f94826684816c,000893_jpg.rf.9b17b6233eab050e3d564ef564e4f40f,train,train
near_duplicate_dhash,8,water_datasets/Flow-Img.v2i.yolov8/train/images/000733_jpg.rf.eb75505269bc3bb834649ed31a334e66.jpg,water_datasets/Flow-Img.v2i.yolov8/train/images/000943_jpg.rf.540c9c51da2b07abb9b14b7def6c4101.jpg,000733_jpg.rf.eb75505269bc3bb834649ed31a334e66,000943_jpg.rf.540c9c51da2b07abb9b14b7def6c4101,train,train
near_duplicate_dhash,8,water_datasets/Flow-Img.v2i.yolov8/train/images/000734_jpg.rf.67ee8a46925ebd3a83975153949cee6b.jpg,water_datasets/Flow-Img.v2i.yolov8/train/images/000920_jpg.rf.b0ae3c0dc872f12da63b9816bd70f0d0.jpg,000734_jpg.rf.67ee8a46925ebd3a83975153949cee6b,000920_jpg.rf.b0ae3c0dc872f12da63b9816bd70f0d0,train,train
near_duplicate_dhash,6,water_datasets/Flow-Img.v2i.yolov8/train/images/000737_jpg.rf.86d374684944c8e074a942de1c6e9f0f.jpg,water_datasets/Flow-Img.v2i.yolov8/train/images/001066_jpg.rf.8b37e02e3bba263be2f6f5cedae67898.jpg,000737_jpg.rf.86d374684944c8e074a942de1c6e9f0f,001066_jpg.rf.8b37e02e3bba263be2f6f5cedae67898,train,train
near_duplicate_dhash,8,water_datasets/Flow-Img.v2i.yolov8/train/images/000738_jpg.rf.c85893344fc029e8fbfa855b5c7f8f2d.jpg,water_datasets/Flow-Img.v2i.yolov8/train/images/000872_jpg.rf.8bbf7ebb3d81f1553d633cab3e28f093.jpg,000738_jpg.rf.c85893344fc029e8fbfa855b5c7f8f2d,000872_jpg.rf.8bbf7ebb3d81f1553d633cab3e28f093,train,train
near_duplicate_dhash,8,water_datasets/Flow-Img.v2i.yolov8/train/images/000744_jpg.rf.31ae3693d57ce4bee617cf0a98644ca3.jpg,water_datasets/Flow-Img.v2i.yolov8/train/images/000880_jpg.rf.4c9cd54ce7ca5a6a780a401984259e38.jpg,000744_jpg.rf.31ae3693d57ce4bee617cf0a98644ca3,000880_jpg.rf.4c9cd54ce7ca5a6a780a401984259e38,train,train
near_duplicate_dhash,7,water_datasets/Flow-Img.v2i.yolov8/train/images/000747_jpg.rf.716657842391c1802b5c799a5d4a7322.jpg,water_datasets/Flow-Img.v2i.yolov8/train/images/000754_jpg.rf.28708eca312d27dc9a5bfdb339813ab2.jpg,000747_jpg.rf.716657842391c1802b5c799a5d4a7322,000754_jpg.rf.28708eca312d27dc9a5bfdb339813ab2,train,train
near_duplicate_dhash,8,water_datasets/Flow-Img.v2i.yolov8/train/images/000747_jpg.rf.716657842391c1802b5c799a5d4a7322.jpg,water_datasets/Flow-Img.v2i.yolov8/train/images/001126_jpg.rf.8867fb78a91b492dcb7d840d27f3ce79.jpg,000747_jpg.rf.716657842391c1802b5c799a5d4a7322,001126_jpg.rf.8867fb78a91b492dcb7d840d27f3ce79,train,train
near_duplicate_dhash,7,water_datasets/Flow-Img.v2i.yolov8/train/images/000752_jpg.rf.d28f283bc69da8e7a4e993f0a30e8282.jpg,water_datasets/Flow-Img.v2i.yolov8/train/images/000754_jpg.rf.28708eca312d27dc9a5bfdb339813ab2.jpg,000752_jpg.rf.d28f283bc69da8e7a4e993f0a30e8282,000754_jpg.rf.28708eca312d27dc9a5bfdb339813ab2,train,train
near_duplicate_dhash,7,water_datasets/Flow-Img.v2i.yolov8/train/images/000753_jpg.rf.12a52d2a008ee647dcaf0470ab36d1cd.jpg,water_datasets/Flow-Img.v2i.yolov8/train/images/000989_jpg.rf.41efae86f90f4b0a1b1577ed4d547333.jpg,000753_jpg.rf.12a52d2a008ee647dcaf0470ab36d1cd,000989_jpg.rf.41efae86f90f4b0a1b1577ed4d547333,train,train
near_duplicate_dhash,6,water_datasets/Flow-Img.v2i.yolov8/train/images/000755_jpg.rf.11c92b7a6123c240a8e2374d48dc0146.jpg,water_datasets/Flow-Img.v2i.yolov8/train/images/000962_jpg.rf.feb0974a48a4f3da49cba9af2cb91e55.jpg,000755_jpg.rf.11c92b7a6123c240a8e2374d48dc0146,000962_jpg.rf.feb0974a48a4f3da49cba9af2cb91e55,train,train
near_duplicate_dhash,8,water_datasets/Flow-Img.v2i.yolov8/train/images/000756_jpg.rf.464044da71ef66f6aaa128b279ef83bf.jpg,water_datasets/Flow-Img.v2i.yolov8/train/images/000851_jpg.rf.29596641fc65266ddc559fc9127a6acc.jpg,000756_jpg.rf.464044da71ef66f6aaa128b279ef83bf,000851_jpg.rf.29596641fc65266ddc559fc9127a6acc,train,train
near_duplicate_dhash,7,water_datasets/Flow-Img.v2i.yolov8/train/images/000756_jpg.rf.464044da71ef66f6aaa128b279ef83bf.jpg,water_datasets/Flow-Img.v2i.yolov8/train/images/000877_jpg.rf.9a7c9f61f695f5f2b6ca5e5992eb67fa.jpg,000756_jpg.rf.464044da71ef66f6aaa128b279ef83bf,000877_jpg.rf.9a7c9f61f695f5f2b6ca5e5992eb67fa,train,train
near_duplicate_dhash,8,water_datasets/Flow-Img.v2i.yolov8/train/images/000756_jpg.rf.464044da71ef66f6aaa128b279ef83bf.jpg,water_datasets/Flow-Img.v2i.yolov8/train/images/001040_jpg.rf.10e1bd8653b501937d3e6648649f7b1b.jpg,000756_jpg.rf.464044da71ef66f6aaa128b279ef83bf,001040_jpg.rf.10e1bd8653b501937d3e6648649f7b1b,train,train
near_duplicate_dhash,8,water_datasets/Flow-Img.v2i.yolov8/train/images/000758_jpg.rf.a98cdf98746992baf33fc7b1fde877a4.jpg,water_datasets/Flow-Img.v2i.yolov8/train/images/000830_jpg.rf.6d34c6ce5bc45e912c629bf1643be66c.jpg,000758_jpg.rf.a98cdf98746992baf33fc7b1fde877a4,000830_jpg.rf.6d34c6ce5bc45e912c629bf1643be66c,train,train
near_duplicate_dhash,7,water_datasets/Flow-Img.v2i.yolov8/train/images/000758_jpg.rf.a98cdf98746992baf33fc7b1fde877a4.jpg,water_datasets/Flow-Img.v2i.yolov8/train/images/000975_jpg.rf.2410ef57d880497c4a4db2fca604643c.jpg,000758_jpg.rf.a98cdf98746992baf33fc7b1fde877a4,000975_jpg.rf.2410ef57d880497c4a4db2fca604643c,train,train
near_duplicate_dhash,6,water_datasets/Flow-Img.v2i.yolov8/train/images/000758_jpg.rf.a98cdf98746992baf33fc7b1fde877a4.jpg,water_datasets/Flow-Img.v2i.yolov8/train/images/001153_jpg.rf.c30ec879deb7f5536c7e6246e1b1b27c.jpg,000758_jpg.rf.a98cdf98746992baf33fc7b1fde877a4,001153_jpg.rf.c30ec879deb7f5536c7e6246e1b1b27c,train,train
near_duplicate_dhash,7,water_datasets/Flow-Img.v2i.yolov8/train/images/000759_jpg.rf.c5d754c9424ddcc69e2ca54e01caf106.jpg,water_datasets/Flow-Img.v2i.yolov8/train/images/001155_jpg.rf.6eed24645996a694dab214f0d32ec90c.jpg,000759_jpg.rf.c5d754c9424ddcc69e2ca54e01caf106,001155_jpg.rf.6eed24645996a694dab214f0d32ec90c,train,train
near_duplicate_dhash,7,water_datasets/Flow-Img.v2i.yolov8/train/images/000760_jpg.rf.5f1e9db143eaaa8dca8d0368658398a1.jpg,water_datasets/Flow-Img.v2i.yolov8/train/images/001115_jpg.rf.3dd10482168590c8e7274396b1723038.jpg,000760_jpg.rf.5f1e9db143eaaa8dca8d0368658398a1,001115_jpg.rf.3dd10482168590c8e7274396b1723038,train,train
near_duplicate_dhash,8,water_datasets/Flow-Img.v2i.yolov8/train/images/000762_jpg.rf.69c4c8e07a856262728809e39ff289ce.jpg,water_datasets/Flow-Img.v2i.yolov8/train/images/000819_jpg.rf.c381d54a16e4443ce7e989c74dced592.jpg,000762_jpg.rf.69c4c8e07a856262728809e39ff289ce,000819_jpg.rf.c381d54a16e4443ce7e989c74dced592,train,train
near_duplicate_dhash,6,water_datasets/Flow-Img.v2i.yolov8/train/images/000763_jpg.rf.d4b67dac86e28f13a53d8fe602e0d6a9.jpg,water_datasets/Flow-Img.v2i.yolov8/train/images/001056_jpg.rf.6bd2dfca5b9536235e5395b8077eea61.jpg,000763_jpg.rf.d4b67dac86e28f13a53d8fe602e0d6a9,001056_jpg.rf.6bd2dfca5b9536235e5395b8077eea61,train,train
near_duplicate_dhash,8,water_datasets/Flow-Img.v2i.yolov8/train/images/000763_jpg.rf.d4b67dac86e28f13a53d8fe602e0d6a9.jpg,water_datasets/Flow-Img.v2i.yolov8/train/images/001059_jpg.rf.978856b83c7de90deae1d584c1a38c8d.jpg,000763_jpg.rf.d4b67dac86e28f13a53d8fe602e0d6a9,001059_jpg.rf.978856b83c7de90deae1d584c1a38c8d,train,train
near_duplicate_dhash,6,water_datasets/Flow-Img.v2i.yolov8/train/images/000769_jpg.rf.789bc8a8c14bb19772963d635aba309c.jpg,water_datasets/Flow-Img.v2i.yolov8/train/images/000889_jpg.rf.d3ac806efd283576f6dcc2fdea9088b7.jpg,000769_jpg.rf.789bc8a8c14bb19772963d635aba309c,000889_jpg.rf.d3ac806efd283576f6dcc2fdea9088b7,train,train
near_duplicate_dhash,8,water_datasets/Flow-Img.v2i.yolov8/train/images/000774_jpg.rf.2b57cc294c27b91cece0cdd509901906.jpg,water_datasets/Flow-Img.v2i.yolov8/train/images/000946_jpg.rf.83bad18bf91432d469e51aa9f34ac963.jpg,000774_jpg.rf.2b57cc294c27b91cece0cdd509901906,000946_jpg.rf.83bad18bf91432d469e51aa9f34ac963,train,train
near_duplicate_dhash,6,water_datasets/Flow-Img.v2i.yolov8/train/images/000774_jpg.rf.2b57cc294c27b91cece0cdd509901906.jpg,water_datasets/Flow-Img.v2i.yolov8/train/images/001073_jpg.rf.236df6fa2601789ac2033eaa776269f7.jpg,000774_jpg.rf.2b57cc294c27b91cece0cdd509901906,001073_jpg.rf.236df6fa2601789ac2033eaa776269f7,train,train
near_duplicate_dhash,7,water_datasets/Flow-Img.v2i.yolov8/train/images/000791_jpg.rf.c732ad9726ff591823ca640f77878811.jpg,water_datasets/Flow-Img.v2i.yolov8/train/images/000825_jpg.rf.ddf723f1d625db6c8ba5643e5a8f76df.jpg,000791_jpg.rf.c732ad9726ff591823ca640f77878811,000825_jpg.rf.ddf723f1d625db6c8ba5643e5a8f76df,train,train
near_duplicate_dhash,8,water_datasets/Flow-Img.v2i.yolov8/train/images/000791_jpg.rf.c732ad9726ff591823ca640f77878811.jpg,water_datasets/Flow-Img.v2i.yolov8/train/images/000897_jpg.rf.2fcf184f162c0e3c42bbe1c5e467788c.jpg,000791_jpg.rf.c732ad9726ff591823ca640f77878811,000897_jpg.rf.2fcf184f162c0e3c42bbe1c5e467788c,train,train
near_duplicate_dhash,7,water_datasets/Flow-Img.v2i.yolov8/train/images/000791_jpg.rf.c732ad9726ff591823ca640f77878811.jpg,water_datasets/Flow-Img.v2i.yolov8/train/images/000962_jpg.rf.feb0974a48a4f3da49cba9af2cb91e55.jpg,000791_jpg.rf.c732ad9726ff591823ca640f77878811,000962_jpg.rf.feb0974a48a4f3da49cba9af2cb91e55,train,train
near_duplicate_dhash,6,water_datasets/Flow-Img.v2i.yolov8/train/images/000794_jpg.rf.0f2905a8655c9e9ff45e5db63331b764.jpg,water_datasets/Flow-Img.v2i.yolov8/train/images/000957_jpg.rf.56c02b063941331fb1777029cf5dc054.jpg,000794_jpg.rf.0f2905a8655c9e9ff45e5db63331b764,000957_jpg.rf.56c02b063941331fb1777029cf5dc054,train,train
near_duplicate_dhash,7,water_datasets/Flow-Img.v2i.yolov8/train/images/000809_jpg.rf.aaac98838869f6fe011b0dabe980705f.jpg,water_datasets/Flow-Img.v2i.yolov8/train/images/000906_jpg.rf.1866a9af43dc4bea8e7b1442b67feed0.jpg,000809_jpg.rf.aaac98838869f6fe011b0dabe980705f,000906_jpg.rf.1866a9af43dc4bea8e7b1442b67feed0,train,train
near_duplicate_dhash,6,water_datasets/Flow-Img.v2i.yolov8/train/images/000809_jpg.rf.aaac98838869f6fe011b0dabe980705f.jpg,water_datasets/Flow-Img.v2i.yolov8/train/images/001089_jpg.rf.6358d7469aaeb5cfc4ea970a956d6d4e.jpg,000809_jpg.rf.aaac98838869f6fe011b0dabe980705f,001089_jpg.rf.6358d7469aaeb5cfc4ea970a956d6d4e,train,train
near_duplicate_dhash,8,water_datasets/Flow-Img.v2i.yolov8/train/images/000823_jpg.rf.cc9af15329d88e953bdff16d2004f68b.jpg,water_datasets/Flow-Img.v2i.yolov8/train/images/000831_jpg.rf.361c8f55b4882ead2491561403cc381e.jpg,000823_jpg.rf.cc9af15329d88e953bdff16d2004f68b,000831_jpg.rf.361c8f55b4882ead2491561403cc381e,train,train
near_duplicate_dhash,7,water_datasets/Flow-Img.v2i.yolov8/train/images/000825_jpg.rf.ddf723f1d625db6c8ba5643e5a8f76df.jpg,water_datasets/Flow-Img.v2i.yolov8/train/images/001055_jpg.rf.6a8d807bde177fbb3c48cdb076fc7468.jpg,000825_jpg.rf.ddf723f1d625db6c8ba5643e5a8f76df,001055_jpg.rf.6a8d807bde177fbb3c48cdb076fc7468,train,train
near_duplicate_dhash,6,water_datasets/Flow-Img.v2i.yolov8/train/images/000826_jpg.rf.fcac5de7d5c28c693833f8685d08df23.jpg,water_datasets/Flow-Img.v2i.yolov8/train/images/000975_jpg.rf.2410ef57d880497c4a4db2fca604643c.jpg,000826_jpg.rf.fcac5de7d5c28c693833f8685d08df23,000975_jpg.rf.2410ef57d880497c4a4db2fca604643c,train,train
near_duplicate_dhash,7,water_datasets/Flow-Img.v2i.yolov8/train/images/000826_jpg.rf.fcac5de7d5c28c693833f8685d08df23.jpg,water_datasets/Flow-Img.v2i.yolov8/train/images/001037_jpg.rf.c03a6551c0477991b4beee0a95216ff4.jpg,000826_jpg.rf.fcac5de7d5c28c693833f8685d08df23,001037_jpg.rf.c03a6551c0477991b4beee0a95216ff4,train,train
near_duplicate_dhash,8,water_datasets/Flow-Img.v2i.yolov8/train/images/000828_jpg.rf.05a266e7dc77f4d4a083f1b8700a83ac.jpg,water_datasets/Flow-Img.v2i.yolov8/train/images/000915_jpg.rf.2ea31349afa90ea2df7503ca92f9c399.jpg,000828_jpg.rf.05a266e7dc77f4d4a083f1b8700a83ac,000915_jpg.rf.2ea31349afa90ea2df7503ca92f9c399,train,train
near_duplicate_dhash,7,water_datasets/Flow-Img.v2i.yolov8/train/images/000830_jpg.rf.6d34c6ce5bc45e912c629bf1643be66c.jpg,water_datasets/Flow-Img.v2i.yolov8/train/images/000909_jpg.rf.d9696ab24fb15b000419f46b61a88767.jpg,000830_jpg.rf.6d34c6ce5bc45e912c629bf1643be66c,000909_jpg.rf.d9696ab24fb15b000419f46b61a88767,train,train
near_duplicate_dhash,8,water_datasets/Flow-Img.v2i.yolov8/train/images/000830_jpg.rf.6d34c6ce5bc45e912c629bf1643be66c.jpg,water_datasets/Flow-Img.v2i.yolov8/train/images/001037_jpg.rf.c03a6551c0477991b4beee0a95216ff4.jpg,000830_jpg.rf.6d34c6ce5bc45e912c629bf1643be66c,001037_jpg.rf.c03a6551c0477991b4beee0a95216ff4,train,train
near_duplicate_dhash,7,water_datasets/Flow-Img.v2i.yolov8/train/images/000838_jpg.rf.c6ceac014ea0782920f491c32c0a09ee.jpg,water_datasets/Flow-Img.v2i.yolov8/train/images/000989_jpg.rf.41efae86f90f4b0a1b1577ed4d547333.jpg,000838_jpg.rf.c6ceac014ea0782920f491c32c0a09ee,000989_jpg.rf.41efae86f90f4b0a1b1577ed4d547333,train,train
near_duplicate_dhash,8,water_datasets/Flow-Img.v2i.yolov8/train/images/000839_jpg.rf.3aaebbcac6ac2980a5f9528fd6fc99e4.jpg,water_datasets/Flow-Img.v2i.yolov8/train/images/000851_jpg.rf.29596641fc65266ddc559fc9127a6acc.jpg,000839_jpg.rf.3aaebbcac6ac2980a5f9528fd6fc99e4,000851_jpg.rf.29596641fc65266ddc559fc9127a6acc,train,train
near_duplicate_dhash,7,water_datasets/Flow-Img.v2i.yolov8/train/images/000839_jpg.rf.3aaebbcac6ac2980a5f9528fd6fc99e4.jpg,water_datasets/Flow-Img.v2i.yolov8/train/images/001056_jpg.rf.6bd2dfca5b9536235e5395b8077eea61.jpg,000839_jpg.rf.3aaebbcac6ac2980a5f9528fd6fc99e4,001056_jpg.rf.6bd2dfca5b9536235e5395b8077eea61,train,train
near_duplicate_dhash,8,water_datasets/Flow-Img.v2i.yolov8/train/images/000839_jpg.rf.3aaebbcac6ac2980a5f9528fd6fc99e4.jpg,water_datasets/Flow-Img.v2i.yolov8/train/images/001180_jpg.rf.66c9bc7f805a40b60d7989b5db66cba5.jpg,000839_jpg.rf.3aaebbcac6ac2980a5f9528fd6fc99e4,001180_jpg.rf.66c9bc7f805a40b60d7989b5db66cba5,train,train
near_duplicate_dhash,8,water_datasets/Flow-Img.v2i.yolov8/train/images/000846_jpg.rf.e3371dbdd04535ba0d0d3464434f4db3.jpg,water_datasets/Flow-Img.v2i.yolov8/train/images/000918_jpg.rf.ed39c90a14e270cada56f1ad9835d67d.jpg,000846_jpg.rf.e3371dbdd04535ba0d0d3464434f4db3,000918_jpg.rf.ed39c90a14e270cada56f1ad9835d67d,train,train
near_duplicate_dhash,6,water_datasets/Flow-Img.v2i.yolov8/train/images/000849_jpg.rf.6bd2ef98e8b88112e8a8f7e676f01213.jpg,water_datasets/Flow-Img.v2i.yolov8/train/images/000897_jpg.rf.2fcf184f162c0e3c42bbe1c5e467788c.jpg,000849_jpg.rf.6bd2ef98e8b88112e8a8f7e676f01213,000897_jpg.rf.2fcf184f162c0e3c42bbe1c5e467788c,train,train
near_duplicate_dhash,8,water_datasets/Flow-Img.v2i.yolov8/train/images/000849_jpg.rf.6bd2ef98e8b88112e8a8f7e676f01213.jpg,water_datasets/Flow-Img.v2i.yolov8/train/images/001055_jpg.rf.6a8d807bde177fbb3c48cdb076fc7468.jpg,000849_jpg.rf.6bd2ef98e8b88112e8a8f7e676f01213,001055_jpg.rf.6a8d807bde177fbb3c48cdb076fc7468,train,train
near_duplicate_dhash,8,water_datasets/Flow-Img.v2i.yolov8/train/images/000849_jpg.rf.6bd2ef98e8b88112e8a8f7e676f01213.jpg,water_datasets/Flow-Img.v2i.yolov8/train/images/001089_jpg.rf.6358d7469aaeb5cfc4ea970a956d6d4e.jpg,000849_jpg.rf.6bd2ef98e8b88112e8a8f7e676f01213,001089_jpg.rf.6358d7469aaeb5cfc4ea970a956d6d4e,train,train
near_duplicate_dhash,7,water_datasets/Flow-Img.v2i.yolov8/train/images/000851_jpg.rf.29596641fc65266ddc559fc9127a6acc.jpg,water_datasets/Flow-Img.v2i.yolov8/train/images/000891_jpg.rf.d179f58aa02ec4f8691243c696835d78.jpg,000851_jpg.rf.29596641fc65266ddc559fc9127a6acc,000891_jpg.rf.d179f58aa02ec4f8691243c696835d78,train,train
near_duplicate_dhash,7,water_datasets/Flow-Img.v2i.yolov8/train/images/000851_jpg.rf.29596641fc65266ddc559fc9127a6acc.jpg,water_datasets/Flow-Img.v2i.yolov8/train/images/000899_jpg.rf.ceb73d7e2696656fd87844e11814bbbf.jpg,000851_jpg.rf.29596641fc65266ddc559fc9127a6acc,000899_jpg.rf.ceb73d7e2696656fd87844e11814bbbf,train,train
near_duplicate_dhash,7,water_datasets/Flow-Img.v2i.yolov8/train/images/000851_jpg.rf.29596641fc65266ddc559fc9127a6acc.jpg,water_datasets/Flow-Img.v2i.yolov8/train/images/001059_jpg.rf.978856b83c7de90deae1d584c1a38c8d.jpg,000851_jpg.rf.29596641fc65266ddc559fc9127a6acc,001059_jpg.rf.978856b83c7de90deae1d584c1a38c8d,train,train
near_duplicate_dhash,8,water_datasets/Flow-Img.v2i.yolov8/train/images/000851_jpg.rf.29596641fc65266ddc559fc9127a6acc.jpg,water_datasets/Flow-Img.v2i.yolov8/train/images/001180_jpg.rf.66c9bc7f805a40b60d7989b5db66cba5.jpg,000851_jpg.rf.29596641fc65266ddc559fc9127a6acc,001180_jpg.rf.66c9bc7f805a40b60d7989b5db66cba5,train,train
near_duplicate_dhash,8,water_datasets/Flow-Img.v2i.yolov8/train/images/000864_jpg.rf.c13e48ddc71c90bc11289f7370560585.jpg,water_datasets/Flow-Img.v2i.yolov8/train/images/001117_jpg.rf.024584e6857cb7f2ef0a65d6373a7b5d.jpg,000864_jpg.rf.c13e48ddc71c90bc11289f7370560585,001117_jpg.rf.024584e6857cb7f2ef0a65d6373a7b5d,train,train
near_duplicate_dhash,6,water_datasets/Flow-Img.v2i.yolov8/train/images/000869_jpg.rf.0c0d3031e7d210497eeef4f97e92da5d.jpg,water_datasets/Flow-Img.v2i.yolov8/train/images/001082_jpg.rf.6512382161a5bff24d0262b37e3172f6.jpg,000869_jpg.rf.0c0d3031e7d210497eeef4f97e92da5d,001082_jpg.rf.6512382161a5bff24d0262b37e3172f6,train,train
near_duplicate_dhash,6,water_datasets/Flow-Img.v2i.yolov8/train/images/000869_jpg.rf.0c0d3031e7d210497eeef4f97e92da5d.jpg,water_datasets/Flow-Img.v2i.yolov8/train/images/001155_jpg.rf.6eed24645996a694dab214f0d32ec90c.jpg,000869_jpg.rf.0c0d3031e7d210497eeef4f97e92da5d,001155_jpg.rf.6eed24645996a694dab214f0d32ec90c,train,train
near_duplicate_dhash,7,water_datasets/Flow-Img.v2i.yolov8/train/images/000871_jpg.rf.59ab0fe8e4fab09af2db5bf6343c7530.jpg,water_datasets/Flow-Img.v2i.yolov8/train/images/001038_jpg.rf.c33df0193afbcec61dab25f7e38cfd2c.jpg,000871_jpg.rf.59ab0fe8e4fab09af2db5bf6343c7530,001038_jpg.rf.c33df0193afbcec61dab25f7e38cfd2c,train,train
near_duplicate_dhash,8,water_datasets/Flow-Img.v2i.yolov8/train/images/000871_jpg.rf.59ab0fe8e4fab09af2db5bf6343c7530.jpg,water_datasets/Flow-Img.v2i.yolov8/train/images/001040_jpg.rf.10e1bd8653b501937d3e6648649f7b1b.jpg,000871_jpg.rf.59ab0fe8e4fab09af2db5bf6343c7530,001040_jpg.rf.10e1bd8653b501937d3e6648649f7b1b,train,train
near_duplicate_dhash,8,water_datasets/Flow-Img.v2i.yolov8/train/images/000871_jpg.rf.59ab0fe8e4fab09af2db5bf6343c7530.jpg,water_datasets/Flow-Img.v2i.yolov8/train/images/001177_jpg.rf.aa6e255f5f9f4f8bbc6d36253d44f950.jpg,000871_jpg.rf.59ab0fe8e4fab09af2db5bf6343c7530,001177_jpg.rf.aa6e255f5f9f4f8bbc6d36253d44f950,train,train
near_duplicate_dhash,8,water_datasets/Flow-Img.v2i.yolov8/train/images/000882_jpg.rf.9320fd5bddb8fe98ef819b51a523b737.jpg,water_datasets/Flow-Img.v2i.yolov8/train/images/001055_jpg.rf.6a8d807bde177fbb3c48cdb076fc7468.jpg,000882_jpg.rf.9320fd5bddb8fe98ef819b51a523b737,001055_jpg.rf.6a8d807bde177fbb3c48cdb076fc7468,train,train
near_duplicate_dhash,7,water_datasets/Flow-Img.v2i.yolov8/train/images/000888_jpg.rf.8c3b4550d76c6f96a8005da119dbb02a.jpg,water_datasets/Flow-Img.v2i.yolov8/train/images/001086_jpg.rf.29929e9d70a5d976c497fe2a14bee0b9.jpg,000888_jpg.rf.8c3b4550d76c6f96a8005da119dbb02a,001086_jpg.rf.29929e9d70a5d976c497fe2a14bee0b9,train,train
near_duplicate_dhash,8,water_datasets/Flow-Img.v2i.yolov8/train/images/000891_jpg.rf.d179f58aa02ec4f8691243c696835d78.jpg,water_datasets/Flow-Img.v2i.yolov8/train/images/001037_jpg.rf.c03a6551c0477991b4beee0a95216ff4.jpg,000891_jpg.rf.d179f58aa02ec4f8691243c696835d78,001037_jpg.rf.c03a6551c0477991b4beee0a95216ff4,train,train
near_duplicate_dhash,8,water_datasets/Flow-Img.v2i.yolov8/train/images/000893_jpg.rf.9b17b6233eab050e3d564ef564e4f40f.jpg,water_datasets/Flow-Img.v2i.yolov8/train/images/000953_jpg.rf.1bb3b5208a3558a3518b6aaf92eb67e8.jpg,000893_jpg.rf.9b17b6233eab050e3d564ef564e4f40f,000953_jpg.rf.1bb3b5208a3558a3518b6aaf92eb67e8,train,train
near_duplicate_dhash,8,water_datasets/Flow-Img.v2i.yolov8/train/images/000894_jpg.rf.d5285e22c352cf08676888fc94495d09.jpg,water_datasets/Flow-Img.v2i.yolov8/train/images/001082_jpg.rf.6512382161a5bff24d0262b37e3172f6.jpg,000894_jpg.rf.d5285e22c352cf08676888fc94495d09,001082_jpg.rf.6512382161a5bff24d0262b37e3172f6,train,train
near_duplicate_dhash,8,water_datasets/Flow-Img.v2i.yolov8/train/images/000902_jpg.rf.fe1487725489fe93f91599d2ae9b6979.jpg,water_datasets/Flow-Img.v2i.yolov8/train/images/000946_jpg.rf.83bad18bf91432d469e51aa9f34ac963.jpg,000902_jpg.rf.fe1487725489fe93f91599d2ae9b6979,000946_jpg.rf.83bad18bf91432d469e51aa9f34ac963,train,train
near_duplicate_dhash,6,water_datasets/Flow-Img.v2i.yolov8/train/images/000902_jpg.rf.fe1487725489fe93f91599d2ae9b6979.jpg,water_datasets/Flow-Img.v2i.yolov8/train/images/001073_jpg.rf.236df6fa2601789ac2033eaa776269f7.jpg,000902_jpg.rf.fe1487725489fe93f91599d2ae9b6979,001073_jpg.rf.236df6fa2601789ac2033eaa776269f7,train,train
near_duplicate_dhash,7,water_datasets/Flow-Img.v2i.yolov8/train/images/000906_jpg.rf.1866a9af43dc4bea8e7b1442b67feed0.jpg,water_datasets/Flow-Img.v2i.yolov8/train/images/001112_jpg.rf.091b571388b789cdefaf10be702016d9.jpg,000906_jpg.rf.1866a9af43dc4bea8e7b1442b67feed0,001112_jpg.rf.091b571388b789cdefaf10be702016d9,train,train
near_duplicate_dhash,6,water_datasets/Flow-Img.v2i.yolov8/train/images/000909_jpg.rf.d9696ab24fb15b000419f46b61a88767.jpg,water_datasets/Flow-Img.v2i.yolov8/train/images/000975_jpg.rf.2410ef57d880497c4a4db2fca604643c.jpg,000909_jpg.rf.d9696ab24fb15b000419f46b61a88767,000975_jpg.rf.2410ef57d880497c4a4db2fca604643c,train,train
near_duplicate_dhash,7,water_datasets/Flow-Img.v2i.yolov8/train/images/000909_jpg.rf.d9696ab24fb15b000419f46b61a88767.jpg,water_datasets/Flow-Img.v2i.yolov8/train/images/000982_jpg.rf.af0ebc51fdcda6545264010b9bc07244.jpg,000909_jpg.rf.d9696ab24fb15b000419f46b61a88767,000982_jpg.rf.af0ebc51fdcda6545264010b9bc07244,train,train
near_duplicate_dhash,7,water_datasets/Flow-Img.v2i.yolov8/train/images/000912_jpg.rf.a8d5b70c190265d890f00f1c86b3a7d2.jpg,water_datasets/Flow-Img.v2i.yolov8/train/images/000989_jpg.rf.41efae86f90f4b0a1b1577ed4d547333.jpg,000912_jpg.rf.a8d5b70c190265d890f00f1c86b3a7d2,000989_jpg.rf.41efae86f90f4b0a1b1577ed4d547333,train,train
near_duplicate_dhash,7,water_datasets/Flow-Img.v2i.yolov8/train/images/000914_jpg.rf.aa6a449cc136a0138e703732f5a79f77.jpg,water_datasets/Flow-Img.v2i.yolov8/train/images/001149_jpg.rf.5d938345afd4fa380dd84a050a09019b.jpg,000914_jpg.rf.aa6a449cc136a0138e703732f5a79f77,001149_jpg.rf.5d938345afd4fa380dd84a050a09019b,train,train
near_duplicate_dhash,7,water_datasets/Flow-Img.v2i.yolov8/train/images/000915_jpg.rf.2ea31349afa90ea2df7503ca92f9c399.jpg,water_datasets/Flow-Img.v2i.yolov8/train/images/001120_jpg.rf.bfcc8924b48d11ef574879f5f27abdf9.jpg,000915_jpg.rf.2ea31349afa90ea2df7503ca92f9c399,001120_jpg.rf.bfcc8924b48d11ef574879f5f27abdf9,train,train
near_duplicate_dhash,7,water_datasets/Flow-Img.v2i.yolov8/train/images/000915_jpg.rf.2ea31349afa90ea2df7503ca92f9c399.jpg,water_datasets/Flow-Img.v2i.yolov8/train/images/001138_jpg.rf.46ed470c9df7acae892db5ceabef6ace.jpg,000915_jpg.rf.2ea31349afa90ea2df7503ca92f9c399,001138_jpg.rf.46ed470c9df7acae892db5ceabef6ace,train,train
near_duplicate_dhash,8,water_datasets/Flow-Img.v2i.yolov8/train/images/000923_jpg.rf.47b206c012f7234af19e8587e5ef947a.jpg,water_datasets/Flow-Img.v2i.yolov8/train/images/001177_jpg.rf.aa6e255f5f9f4f8bbc6d36253d44f950.jpg,000923_jpg.rf.47b206c012f7234af19e8587e5ef947a,001177_jpg.rf.aa6e255f5f9f4f8bbc6d36253d44f950,train,train
near_duplicate_dhash,6,water_datasets/Flow-Img.v2i.yolov8/train/images/000927_jpg.rf.5602311f23c8e841d5c508a10845a9cc.jpg,water_datasets/Flow-Img.v2i.yolov8/train/images/001003_jpg.rf.a91a2b3c8f111cb63b62faffa41a4ffe.jpg,000927_jpg.rf.5602311f23c8e841d5c508a10845a9cc,001003_jpg.rf.a91a2b3c8f111cb63b62faffa41a4ffe,train,train
near_duplicate_dhash,7,water_datasets/Flow-Img.v2i.yolov8/train/images/000930_jpg.rf.82e1928937824b6be505296f4b624180.jpg,water_datasets/Flow-Img.v2i.yolov8/train/images/000947_jpg.rf.5bbcd6be253670530508ca368e68bfd4.jpg,000930_jpg.rf.82e1928937824b6be505296f4b624180,000947_jpg.rf.5bbcd6be253670530508ca368e68bfd4,train,train
near_duplicate_dhash,6,water_datasets/Flow-Img.v2i.yolov8/train/images/000930_jpg.rf.82e1928937824b6be505296f4b624180.jpg,water_datasets/Flow-Img.v2i.yolov8/train/images/000999_jpg.rf.0bf2cc3badf87d252b5bf3b641a16819.jpg,000930_jpg.rf.82e1928937824b6be505296f4b624180,000999_jpg.rf.0bf2cc3badf87d252b5bf3b641a16819,train,train
near_duplicate_dhash,7,water_datasets/Flow-Img.v2i.yolov8/train/images/000933_jpg.rf.e342b0069a1b01ab66b7b51fd44e5db9.jpg,water_datasets/Flow-Img.v2i.yolov8/train/images/001070_jpg.rf.646654c7ae72611f834717063bc18b7d.jpg,000933_jpg.rf.e342b0069a1b01ab66b7b51fd44e5db9,001070_jpg.rf.646654c7ae72611f834717063bc18b7d,train,train
near_duplicate_dhash,8,water_datasets/Flow-Img.v2i.yolov8/train/images/000933_jpg.rf.e342b0069a1b01ab66b7b51fd44e5db9.jpg,water_datasets/Flow-Img.v2i.yolov8/train/images/001098_jpg.rf.9a00de7f992b003d66057ec232c87b41.jpg,000933_jpg.rf.e342b0069a1b01ab66b7b51fd44e5db9,001098_jpg.rf.9a00de7f992b003d66057ec232c87b41,train,train
near_duplicate_dhash,7,water_datasets/Flow-Img.v2i.yolov8/train/images/000933_jpg.rf.e342b0069a1b01ab66b7b51fd44e5db9.jpg,water_datasets/Flow-Img.v2i.yolov8/train/images/001126_jpg.rf.8867fb78a91b492dcb7d840d27f3ce79.jpg,000933_jpg.rf.e342b0069a1b01ab66b7b51fd44e5db9,001126_jpg.rf.8867fb78a91b492dcb7d840d27f3ce79,train,train
near_duplicate_dhash,7,water_datasets/Flow-Img.v2i.yolov8/train/images/000941_jpg.rf.67c121261218461c1752759548f74375.jpg,water_datasets/Flow-Img.v2i.yolov8/train/images/000953_jpg.rf.1bb3b5208a3558a3518b6aaf92eb67e8.jpg,000941_jpg.rf.67c121261218461c1752759548f74375,000953_jpg.rf.1bb3b5208a3558a3518b6aaf92eb67e8,train,train
near_duplicate_dhash,7,water_datasets/Flow-Img.v2i.yolov8/train/images/000947_jpg.rf.5bbcd6be253670530508ca368e68bfd4.jpg,water_datasets/Flow-Img.v2i.yolov8/train/images/000999_jpg.rf.0bf2cc3badf87d252b5bf3b641a16819.jpg,000947_jpg.rf.5bbcd6be253670530508ca368e68bfd4,000999_jpg.rf.0bf2cc3badf87d252b5bf3b641a16819,train,train
near_duplicate_dhash,7,water_datasets/Flow-Img.v2i.yolov8/train/images/000951_jpg.rf.7bd48330798739de431f28a309e04d6e.jpg,water_datasets/Flow-Img.v2i.yolov8/train/images/000999_jpg.rf.0bf2cc3badf87d252b5bf3b641a16819.jpg,000951_jpg.rf.7bd48330798739de431f28a309e04d6e,000999_jpg.rf.0bf2cc3badf87d252b5bf3b641a16819,train,train
near_duplicate_dhash,8,water_datasets/Flow-Img.v2i.yolov8/train/images/000951_jpg.rf.7bd48330798739de431f28a309e04d6e.jpg,water_datasets/Flow-Img.v2i.yolov8/train/images/001112_jpg.rf.091b571388b789cdefaf10be702016d9.jpg,000951_jpg.rf.7bd48330798739de431f28a309e04d6e,001112_jpg.rf.091b571388b789cdefaf10be702016d9,train,train
near_duplicate_dhash,8,water_datasets/Flow-Img.v2i.yolov8/train/images/000961_jpg.rf.40c4076c85e776341b1dbc8b207a7cb4.jpg,water_datasets/Flow-Img.v2i.yolov8/train/images/001144_jpg.rf.036f9d15b8b541e8a2c36d2908c2c1cb.jpg,000961_jpg.rf.40c4076c85e776341b1dbc8b207a7cb4,001144_jpg.rf.036f9d15b8b541e8a2c36d2908c2c1cb,train,train
near_duplicate_dhash,7,water_datasets/Flow-Img.v2i.yolov8/train/images/000973_jpg.rf.5617f083a3dcc80b673d44b2f740f2e4.jpg,water_datasets/Flow-Img.v2i.yolov8/train/images/001070_jpg.rf.646654c7ae72611f834717063bc18b7d.jpg,000973_jpg.rf.5617f083a3dcc80b673d44b2f740f2e4,001070_jpg.rf.646654c7ae72611f834717063bc18b7d,train,train
near_duplicate_dhash,6,water_datasets/Flow-Img.v2i.yolov8/train/images/000976_jpg.rf.f2362d11110356e168e5e5cf05592c7c.jpg,water_datasets/Flow-Img.v2i.yolov8/train/images/001147_jpg.rf.aa7dd42642c4e6ce45c8d521ea92d318.jpg,000976_jpg.rf.f2362d11110356e168e5e5cf05592c7c,001147_jpg.rf.aa7dd42642c4e6ce45c8d521ea92d318,train,train
near_duplicate_dhash,7,water_datasets/Flow-Img.v2i.yolov8/train/images/000979_jpg.rf.a5dc2103f2a09efb25b9be66bd560a57.jpg,water_datasets/Flow-Img.v2i.yolov8/train/images/001008_jpg.rf.e856dc77576ab2b8cda70983c928dc20.jpg,000979_jpg.rf.a5dc2103f2a09efb25b9be66bd560a57,001008_jpg.rf.e856dc77576ab2b8cda70983c928dc20,train,train
near_duplicate_dhash,6,water_datasets/Flow-Img.v2i.yolov8/train/images/000988_jpg.rf.1da529312aff7ef52113e641a14858cc.jpg,water_datasets/Flow-Img.v2i.yolov8/train/images/001034_jpg.rf.a8c8fe4734226c245b57fba6a1075ffe.jpg,000988_jpg.rf.1da529312aff7ef52113e641a14858cc,001034_jpg.rf.a8c8fe4734226c245b57fba6a1075ffe,train,train
near_duplicate_dhash,8,water_datasets/Flow-Img.v2i.yolov8/train/images/000989_jpg.rf.41efae86f90f4b0a1b1577ed4d547333.jpg,water_datasets/Flow-Img.v2i.yolov8/train/images/001076_jpg.rf.fe8c780606cc5558dfe91b0cc4214d5b.jpg,000989_jpg.rf.41efae86f90f4b0a1b1577ed4d547333,001076_jpg.rf.fe8c780606cc5558dfe91b0cc4214d5b,train,train
near_duplicate_dhash,8,water_datasets/Flow-Img.v2i.yolov8/train/images/000989_jpg.rf.41efae86f90f4b0a1b1577ed4d547333.jpg,water_datasets/Flow-Img.v2i.yolov8/train/images/001096_jpg.rf.92697693fd65bc16b476bc19ab410716.jpg,000989_jpg.rf.41efae86f90f4b0a1b1577ed4d547333,001096_jpg.rf.92697693fd65bc16b476bc19ab410716,train,train
near_duplicate_dhash,6,water_datasets/Flow-Img.v2i.yolov8/train/images/000992_jpg.rf.63c0543000456d1d35343e57c01ba45d.jpg,water_datasets/Flow-Img.v2i.yolov8/train/images/001156_jpg.rf.d43598bb34ff1b13ca916ea1ac82e855.jpg,000992_jpg.rf.63c0543000456d1d35343e57c01ba45d,001156_jpg.rf.d43598bb34ff1b13ca916ea1ac82e855,train,train
near_duplicate_dhash,6,water_datasets/Flow-Img.v2i.yolov8/train/images/000998_jpg.rf.95b1d54422ae4c988878fbbff5667219.jpg,water_datasets/Flow-Img.v2i.yolov8/train/images/001010_jpg.rf.8d44097313cafe3f925318e0dfebb301.jpg,000998_jpg.rf.95b1d54422ae4c988878fbbff5667219,001010_jpg.rf.8d44097313cafe3f925318e0dfebb301,train,train
near_duplicate_dhash,6,water_datasets/Flow-Img.v2i.yolov8/train/images/001009_jpg.rf.536e3e0e86a674100f10fa22c5a46a35.jpg,water_datasets/Flow-Img.v2i.yolov8/train/images/001154_jpg.rf.ca1dd8b063354899c11c50a135956a59.jpg,001009_jpg.rf.536e3e0e86a674100f10fa22c5a46a35,001154_jpg.rf.ca1dd8b063354899c11c50a135956a59,train,train
near_duplicate_dhash,6,water_datasets/Flow-Img.v2i.yolov8/train/images/001018_jpg.rf.abb190f26ed7cd92fbeec5259755bd99.jpg,water_datasets/Flow-Img.v2i.yolov8/train/images/001037_jpg.rf.c03a6551c0477991b4beee0a95216ff4.jpg,001018_jpg.rf.abb190f26ed7cd92fbeec5259755bd99,001037_jpg.rf.c03a6551c0477991b4beee0a95216ff4,train,train
near_duplicate_dhash,8,water_datasets/Flow-Img.v2i.yolov8/train/images/001018_jpg.rf.abb190f26ed7cd92fbeec5259755bd99.jpg,water_datasets/Flow-Img.v2i.yolov8/train/images/001056_jpg.rf.6bd2dfca5b9536235e5395b8077eea61.jpg,001018_jpg.rf.abb190f26ed7cd92fbeec5259755bd99,001056_jpg.rf.6bd2dfca5b9536235e5395b8077eea61,train,train
near_duplicate_dhash,6,water_datasets/Flow-Img.v2i.yolov8/train/images/001019_jpg.rf.9b8aa412d34877dfe773d8bf4aa10743.jpg,water_datasets/Flow-Img.v2i.yolov8/train/images/001174_jpg.rf.32711531a413787f48b092035a45b8ef.jpg,001019_jpg.rf.9b8aa412d34877dfe773d8bf4aa10743,001174_jpg.rf.32711531a413787f48b092035a45b8ef,train,train
near_duplicate_dhash,7,water_datasets/Flow-Img.v2i.yolov8/train/images/001023_jpg.rf.765af0fa0d15e73dd43ec0e30aa8ca35.jpg,water_datasets/Flow-Img.v2i.yolov8/train/images/001037_jpg.rf.c03a6551c0477991b4beee0a95216ff4.jpg,001023_jpg.rf.765af0fa0d15e73dd43ec0e30aa8ca35,001037_jpg.rf.c03a6551c0477991b4beee0a95216ff4,train,train
near_duplicate_dhash,8,water_datasets/Flow-Img.v2i.yolov8/train/images/001037_jpg.rf.c03a6551c0477991b4beee0a95216ff4.jpg,water_datasets/Flow-Img.v2i.yolov8/train/images/001059_jpg.rf.978856b83c7de90deae1d584c1a38c8d.jpg,001037_jpg.rf.c03a6551c0477991b4beee0a95216ff4,001059_jpg.rf.978856b83c7de90deae1d584c1a38c8d,train,train
near_duplicate_dhash,8,water_datasets/Flow-Img.v2i.yolov8/train/images/001040_jpg.rf.10e1bd8653b501937d3e6648649f7b1b.jpg,water_datasets/Flow-Img.v2i.yolov8/train/images/001077_jpg.rf.1c5a43021cfbad4c03b6f071ff01f570.jpg,001040_jpg.rf.10e1bd8653b501937d3e6648649f7b1b,001077_jpg.rf.1c5a43021cfbad4c03b6f071ff01f570,train,train
near_duplicate_dhash,8,water_datasets/Flow-Img.v2i.yolov8/train/images/001040_jpg.rf.10e1bd8653b501937d3e6648649f7b1b.jpg,water_datasets/Flow-Img.v2i.yolov8/train/images/001164_jpg.rf.cec487a09a6792759ac1e5b8e4f3d2b4.jpg,001040_jpg.rf.10e1bd8653b501937d3e6648649f7b1b,001164_jpg.rf.cec487a09a6792759ac1e5b8e4f3d2b4,train,train
near_duplicate_dhash,7,water_datasets/Flow-Img.v2i.yolov8/train/images/001040_jpg.rf.10e1bd8653b501937d3e6648649f7b1b.jpg,water_datasets/Flow-Img.v2i.yolov8/train/images/001181_jpg.rf.24d8e48cdfd9f04499db38869bbaccab.jpg,001040_jpg.rf.10e1bd8653b501937d3e6648649f7b1b,001181_jpg.rf.24d8e48cdfd9f04499db38869bbaccab,train,train
near_duplicate_dhash,8,water_datasets/Flow-Img.v2i.yolov8/train/images/001040_jpg.rf.10e1bd8653b501937d3e6648649f7b1b.jpg,water_datasets/Flow-Img.v2i.yolov8/train/images/001188_jpg.rf.feebdbb877fe5220db5ddbe671e2f26e.jpg,001040_jpg.rf.10e1bd8653b501937d3e6648649f7b1b,001188_jpg.rf.feebdbb877fe5220db5ddbe671e2f26e,train,train
near_duplicate_dhash,8,water_datasets/Flow-Img.v2i.yolov8/train/images/001052_jpg.rf.d02ecd02727c3613aabd1b6a1140dc2e.jpg,water_datasets/Flow-Img.v2i.yolov8/train/images/001156_jpg.rf.d43598bb34ff1b13ca916ea1ac82e855.jpg,001052_jpg.rf.d02ecd02727c3613aabd1b6a1140dc2e,001156_jpg.rf.d43598bb34ff1b13ca916ea1ac82e855,train,train
near_duplicate_dhash,6,water_datasets/Flow-Img.v2i.yolov8/train/images/001056_jpg.rf.6bd2dfca5b9536235e5395b8077eea61.jpg,water_datasets/Flow-Img.v2i.yolov8/train/images/001059_jpg.rf.978856b83c7de90deae1d584c1a38c8d.jpg,001056_jpg.rf.6bd2dfca5b9536235e5395b8077eea61,001059_jpg.rf.978856b83c7de90deae1d584c1a38c8d,train,train
near_duplicate_dhash,7,water_datasets/Flow-Img.v2i.yolov8/train/images/001056_jpg.rf.6bd2dfca5b9536235e5395b8077eea61.jpg,water_datasets/Flow-Img.v2i.yolov8/train/images/001164_jpg.rf.cec487a09a6792759ac1e5b8e4f3d2b4.jpg,001056_jpg.rf.6bd2dfca5b9536235e5395b8077eea61,001164_jpg.rf.cec487a09a6792759ac1e5b8e4f3d2b4,train,train
near_duplicate_dhash,6,water_datasets/Flow-Img.v2i.yolov8/train/images/001063_jpg.rf.f0511cbcd9bb8e9cac000558e104aabf.jpg,water_datasets/Flow-Img.v2i.yolov8/train/images/001070_jpg.rf.646654c7ae72611f834717063bc18b7d.jpg,001063_jpg.rf.f0511cbcd9bb8e9cac000558e104aabf,001070_jpg.rf.646654c7ae72611f834717063bc18b7d,train,train
near_duplicate_dhash,6,water_datasets/Flow-Img.v2i.yolov8/train/images/001063_jpg.rf.f0511cbcd9bb8e9cac000558e104aabf.jpg,water_datasets/Flow-Img.v2i.yolov8/train/images/001126_jpg.rf.8867fb78a91b492dcb7d840d27f3ce79.jpg,001063_jpg.rf.f0511cbcd9bb8e9cac000558e104aabf,001126_jpg.rf.8867fb78a91b492dcb7d840d27f3ce79,train,train
near_duplicate_dhash,7,water_datasets/Flow-Img.v2i.yolov8/train/images/001082_jpg.rf.6512382161a5bff24d0262b37e3172f6.jpg,water_datasets/Flow-Img.v2i.yolov8/train/images/001135_jpg.rf.343817995e7c86d3e811f7e8d29649a3.jpg,001082_jpg.rf.6512382161a5bff24d0262b37e3172f6,001135_jpg.rf.343817995e7c86d3e811f7e8d29649a3,train,train
near_duplicate_dhash,8,water_datasets/Flow-Img.v2i.yolov8/train/images/001089_jpg.rf.6358d7469aaeb5cfc4ea970a956d6d4e.jpg,water_datasets/Flow-Img.v2i.yolov8/train/images/001112_jpg.rf.091b571388b789cdefaf10be702016d9.jpg,001089_jpg.rf.6358d7469aaeb5cfc4ea970a956d6d4e,001112_jpg.rf.091b571388b789cdefaf10be702016d9,train,train
near_duplicate_dhash,6,water_datasets/Flow-Img.v2i.yolov8/train/images/001107_jpg.rf.2d8ed70850d4d8c4331077f68e2fa475.jpg,water_datasets/Flow-Img.v2i.yolov8/train/images/001156_jpg.rf.d43598bb34ff1b13ca916ea1ac82e855.jpg,001107_jpg.rf.2d8ed70850d4d8c4331077f68e2fa475,001156_jpg.rf.d43598bb34ff1b13ca916ea1ac82e855,train,train
near_duplicate_dhash,8,water_datasets/Flow-Img.v2i.yolov8/train/images/001147_jpg.rf.aa7dd42642c4e6ce45c8d521ea92d318.jpg,water_datasets/Flow-Img.v2i.yolov8/train/images/001177_jpg.rf.aa6e255f5f9f4f8bbc6d36253d44f950.jpg,001147_jpg.rf.aa7dd42642c4e6ce45c8d521ea92d318,001177_jpg.rf.aa6e255f5f9f4f8bbc6d36253d44f950,train,train
near_duplicate_dhash,7,water_datasets/Flow-Img.v2i.yolov8/train/images/001152_jpg.rf.7f3e2d9746210fbb9b650bb97fd1be60.jpg,water_datasets/Flow-Img.v2i.yolov8/train/images/001153_jpg.rf.c30ec879deb7f5536c7e6246e1b1b27c.jpg,001152_jpg.rf.7f3e2d9746210fbb9b650bb97fd1be60,001153_jpg.rf.c30ec879deb7f5536c7e6246e1b1b27c,train,train
near_duplicate_dhash,8,water_datasets/Flow-Img.v2i.yolov8/train/images/001164_jpg.rf.cec487a09a6792759ac1e5b8e4f3d2b4.jpg,water_datasets/Flow-Img.v2i.yolov8/train/images/001177_jpg.rf.aa6e255f5f9f4f8bbc6d36253d44f950.jpg,001164_jpg.rf.cec487a09a6792759ac1e5b8e4f3d2b4,001177_jpg.rf.aa6e255f5f9f4f8bbc6d36253d44f950,train,train
near_duplicate_dhash,8,water_datasets/Flow-Img.v2i.yolov8/train/images/001177_jpg.rf.aa6e255f5f9f4f8bbc6d36253d44f950.jpg,water_datasets/Flow-Img.v2i.yolov8/train/images/001188_jpg.rf.feebdbb877fe5220db5ddbe671e2f26e.jpg,001177_jpg.rf.aa6e255f5f9f4f8bbc6d36253d44f950,001188_jpg.rf.feebdbb877fe5220db5ddbe671e2f26e,train,train
