type,hamming_distance,image_a,image_b,package_a,package_b,source_group_a,source_group_b,same_group,cross_package
near_duplicate_dhash,0,datasets/water/IWHR_AI_Lable_Floater_V1/raw/package1/JPEGImages/0168.jpg,datasets/water/IWHR_AI_Lable_Floater_V1/raw/package1/JPEGImages/0169.jpg,package1,package1,2022-08-18,2022-08-18,True,False
near_duplicate_dhash,0,datasets/water/IWHR_AI_Lable_Floater_V1/raw/package1/JPEGImages/0168.jpg,datasets/water/IWHR_AI_Lable_Floater_V1/raw/package1/JPEGImages/0171.jpg,package1,package1,2022-08-18,2022-08-18,True,False
near_duplicate_dhash,0,datasets/water/IWHR_AI_Lable_Floater_V1/raw/package1/JPEGImages/0169.jpg,datasets/water/IWHR_AI_Lable_Floater_V1/raw/package1/JPEGImages/0171.jpg,package1,package1,2022-08-18,2022-08-18,True,False
near_duplicate_dhash,0,datasets/water/IWHR_AI_Lable_Floater_V1/raw/package1/JPEGImages/0200.jpg,datasets/water/IWHR_AI_Lable_Floater_V1/raw/package1/JPEGImages/0201.jpg,package1,package1,_bare_numeric,_bare_numeric,True,False
near_duplicate_dhash,0,datasets/water/IWHR_AI_Lable_Floater_V1/raw/package1/JPEGImages/0230.jpg,datasets/water/IWHR_AI_Lable_Floater_V1/raw/package1/JPEGImages/0234.jpg,package1,package1,_bare_numeric,_bare_numeric,True,False
near_duplicate_dhash,0,datasets/water/IWHR_AI_Lable_Floater_V1/raw/package1/JPEGImages/0231.jpg,datasets/water/IWHR_AI_Lable_Floater_V1/raw/package1/JPEGImages/0233.jpg,package1,package1,_bare_numeric,_bare_numeric,True,False
near_duplicate_dhash,0,datasets/water/IWHR_AI_Lable_Floater_V1/raw/package1/JPEGImages/0264.jpg,datasets/water/IWHR_AI_Lable_Floater_V1/raw/package1/JPEGImages/0300.jpg,package1,package1,_bare_numeric,_bare_numeric,True,False
near_duplicate_dhash,0,datasets/water/IWHR_AI_Lable_Floater_V1/raw/package1/JPEGImages/0289.jpg,datasets/water/IWHR_AI_Lable_Floater_V1/raw/package1/JPEGImages/0305.jpg,package1,package1,_bare_numeric,_bare_numeric,True,False
near_duplicate_dhash,0,datasets/water/IWHR_AI_Lable_Floater_V1/raw/package1/JPEGImages/0289.jpg,datasets/water/IWHR_AI_Lable_Floater_V1/raw/package1/JPEGImages/0307.jpg,package1,package1,_bare_numeric,_bare_numeric,True,False
near_duplicate_dhash,0,datasets/water/IWHR_AI_Lable_Floater_V1/raw/package1/JPEGImages/0289.jpg,datasets/water/IWHR_AI_Lable_Floater_V1/raw/package1/JPEGImages/0348.jpg,package1,package1,_bare_numeric,_bare_numeric,True,False
near_duplicate_dhash,0,datasets/water/IWHR_AI_Lable_Floater_V1/raw/package1/JPEGImages/0305.jpg,datasets/water/IWHR_AI_Lable_Floater_V1/raw/package1/JPEGImages/0307.jpg,package1,package1,_bare_numeric,_bare_numeric,True,False
near_duplicate_dhash,0,datasets/water/IWHR_AI_Lable_Floater_V1/raw/package1/JPEGImages/0305.jpg,datasets/water/IWHR_AI_Lable_Floater_V1/raw/package1/JPEGImages/0348.jpg,package1,package1,_bare_numeric,_bare_numeric,True,False
near_duplicate_dhash,0,datasets/water/IWHR_AI_Lable_Floater_V1/raw/package1/JPEGImages/0307.jpg,datasets/water/IWHR_AI_Lable_Floater_V1/raw/package1/JPEGImages/0348.jpg,package1,package1,_bare_numeric,_bare_numeric,True,False
near_duplicate_dhash,0,datasets/water/IWHR_AI_Lable_Floater_V1/raw/package1/JPEGImages/0333.jpg,datasets/water/IWHR_AI_Lable_Floater_V1/raw/package1/JPEGImages/0337.jpg,package1,package1,_bare_numeric,_bare_numeric,True,False
near_duplicate_dhash,0,datasets/water/IWHR_AI_Lable_Floater_V1/raw/package1/JPEGImages/0333.jpg,datasets/water/IWHR_AI_Lable_Floater_V1/raw/package1/JPEGImages/0340.jpg,package1,package1,_bare_numeric,_bare_numeric,True,False
near_duplicate_dhash,0,datasets/water/IWHR_AI_Lable_Floater_V1/raw/package1/JPEGImages/0333.jpg,datasets/water/IWHR_AI_Lable_Floater_V1/raw/package1/JPEGImages/0344.jpg,package1,package1,_bare_numeric,_bare_numeric,True,False
near_duplicate_dhash,0,datasets/water/IWHR_AI_Lable_Floater_V1/raw/package1/JPEGImages/0337.jpg,datasets/water/IWHR_AI_Lable_Floater_V1/raw/package1/JPEGImages/0340.jpg,package1,package1,_bare_numeric,_bare_numeric,True,False
near_duplicate_dhash,0,datasets/water/IWHR_AI_Lable_Floater_V1/raw/package1/JPEGImages/0337.jpg,datasets/water/IWHR_AI_Lable_Floater_V1/raw/package1/JPEGImages/0344.jpg,package1,package1,_bare_numeric,_bare_numeric,True,False
near_duplicate_dhash,0,datasets/water/IWHR_AI_Lable_Floater_V1/raw/package1/JPEGImages/0340.jpg,datasets/water/IWHR_AI_Lable_Floater_V1/raw/package1/JPEGImages/0344.jpg,package1,package1,_bare_numeric,_bare_numeric,True,False
near_duplicate_dhash,0,datasets/water/IWHR_AI_Lable_Floater_V1/raw/package1/JPEGImages/0360.jpg,datasets/water/IWHR_AI_Lable_Floater_V1/raw/package1/JPEGImages/0784.jpg,package1,package1,image,image,True,False
near_duplicate_dhash,0,datasets/water/IWHR_AI_Lable_Floater_V1/raw/package1/JPEGImages/0369.jpg,datasets/water/IWHR_AI_Lable_Floater_V1/raw/package1/JPEGImages/0390.jpg,package1,package1,image,image,True,False
near_duplicate_dhash,0,datasets/water/IWHR_AI_Lable_Floater_V1/raw/package1/JPEGImages/0369.jpg,datasets/water/IWHR_AI_Lable_Floater_V1/raw/package1/JPEGImages/0396.jpg,package1,package1,image,image,True,False
near_duplicate_dhash,0,datasets/water/IWHR_AI_Lable_Floater_V1/raw/package1/JPEGImages/0369.jpg,datasets/water/IWHR_AI_Lable_Floater_V1/raw/package1/JPEGImages/0404.jpg,package1,package1,image,image,True,False
near_duplicate_dhash,0,datasets/water/IWHR_AI_Lable_Floater_V1/raw/package1/JPEGImages/0369.jpg,datasets/water/IWHR_AI_Lable_Floater_V1/raw/package1/JPEGImages/0416.jpg,package1,package1,image,image,True,False
near_duplicate_dhash,0,datasets/water/IWHR_AI_Lable_Floater_V1/raw/package1/JPEGImages/0369.jpg,datasets/water/IWHR_AI_Lable_Floater_V1/raw/package1/JPEGImages/0442.jpg,package1,package1,image,image,True,False
near_duplicate_dhash,0,datasets/water/IWHR_AI_Lable_Floater_V1/raw/package1/JPEGImages/0370.jpg,datasets/water/IWHR_AI_Lable_Floater_V1/raw/package1/JPEGImages/0377.jpg,package1,package1,image,image,True,False
near_duplicate_dhash,0,datasets/water/IWHR_AI_Lable_Floater_V1/raw/package1/JPEGImages/0371.jpg,datasets/water/IWHR_AI_Lable_Floater_V1/raw/package1/JPEGImages/0375.jpg,package1,package1,image,image,True,False
near_duplicate_dhash,0,datasets/water/IWHR_AI_Lable_Floater_V1/raw/package1/JPEGImages/0372.jpg,datasets/water/IWHR_AI_Lable_Floater_V1/raw/package1/JPEGImages/0491.jpg,package1,package1,image,image,True,False
near_duplicate_dhash,0,datasets/water/IWHR_AI_Lable_Floater_V1/raw/package1/JPEGImages/0384.jpg,datasets/water/IWHR_AI_Lable_Floater_V1/raw/package1/JPEGImages/0389.jpg,package1,package1,image,image,True,False
near_duplicate_dhash,0,datasets/water/IWHR_AI_Lable_Floater_V1/raw/package1/JPEGImages/0385.jpg,datasets/water/IWHR_AI_Lable_Floater_V1/raw/package1/JPEGImages/0507.jpg,package1,package1,image,image,True,False
near_duplicate_dhash,0,datasets/water/IWHR_AI_Lable_Floater_V1/raw/package1/JPEGImages/0385.jpg,datasets/water/IWHR_AI_Lable_Floater_V1/raw/package1/JPEGImages/0533.jpg,package1,package1,image,image,True,False
near_duplicate_dhash,0,datasets/water/IWHR_AI_Lable_Floater_V1/raw/package1/JPEGImages/0390.jpg,datasets/water/IWHR_AI_Lable_Floater_V1/raw/package1/JPEGImages/0396.jpg,package1,package1,image,image,True,False
near_duplicate_dhash,0,datasets/water/IWHR_AI_Lable_Floater_V1/raw/package1/JPEGImages/0390.jpg,datasets/water/IWHR_AI_Lable_Floater_V1/raw/package1/JPEGImages/0404.jpg,package1,package1,image,image,True,False
near_duplicate_dhash,0,datasets/water/IWHR_AI_Lable_Floater_V1/raw/package1/JPEGImages/0390.jpg,datasets/water/IWHR_AI_Lable_Floater_V1/raw/package1/JPEGImages/0416.jpg,package1,package1,image,image,True,False
near_duplicate_dhash,0,datasets/water/IWHR_AI_Lable_Floater_V1/raw/package1/JPEGImages/0390.jpg,datasets/water/IWHR_AI_Lable_Floater_V1/raw/package1/JPEGImages/0442.jpg,package1,package1,image,image,True,False
near_duplicate_dhash,0,datasets/water/IWHR_AI_Lable_Floater_V1/raw/package1/JPEGImages/0396.jpg,datasets/water/IWHR_AI_Lable_Floater_V1/raw/package1/JPEGImages/0404.jpg,package1,package1,image,image,True,False
near_duplicate_dhash,0,datasets/water/IWHR_AI_Lable_Floater_V1/raw/package1/JPEGImages/0396.jpg,datasets/water/IWHR_AI_Lable_Floater_V1/raw/package1/JPEGImages/0416.jpg,package1,package1,image,image,True,False
near_duplicate_dhash,0,datasets/water/IWHR_AI_Lable_Floater_V1/raw/package1/JPEGImages/0396.jpg,datasets/water/IWHR_AI_Lable_Floater_V1/raw/package1/JPEGImages/0442.jpg,package1,package1,image,image,True,False
near_duplicate_dhash,0,datasets/water/IWHR_AI_Lable_Floater_V1/raw/package1/JPEGImages/0398.jpg,datasets/water/IWHR_AI_Lable_Floater_V1/raw/package1/JPEGImages/0734.jpg,package1,package1,image,image,True,False
near_duplicate_dhash,0,datasets/water/IWHR_AI_Lable_Floater_V1/raw/package1/JPEGImages/0400.jpg,datasets/water/IWHR_AI_Lable_Floater_V1/raw/package1/JPEGImages/0410.jpg,package1,package1,image,image,True,False
near_duplicate_dhash,0,datasets/water/IWHR_AI_Lable_Floater_V1/raw/package1/JPEGImages/0404.jpg,datasets/water/IWHR_AI_Lable_Floater_V1/raw/package1/JPEGImages/0416.jpg,package1,package1,image,image,True,False
near_duplicate_dhash,0,datasets/water/IWHR_AI_Lable_Floater_V1/raw/package1/JPEGImages/0404.jpg,datasets/water/IWHR_AI_Lable_Floater_V1/raw/package1/JPEGImages/0442.jpg,package1,package1,image,image,True,False
near_duplicate_dhash,0,datasets/water/IWHR_AI_Lable_Floater_V1/raw/package1/JPEGImages/0416.jpg,datasets/water/IWHR_AI_Lable_Floater_V1/raw/package1/JPEGImages/0442.jpg,package1,package1,image,image,True,False
near_duplicate_dhash,0,datasets/water/IWHR_AI_Lable_Floater_V1/raw/package1/JPEGImages/0423.jpg,datasets/water/IWHR_AI_Lable_Floater_V1/raw/package1/JPEGImages/0430.jpg,package1,package1,image,image,True,False
near_duplicate_dhash,0,datasets/water/IWHR_AI_Lable_Floater_V1/raw/package1/JPEGImages/0424.jpg,datasets/water/IWHR_AI_Lable_Floater_V1/raw/package1/JPEGImages/0463.jpg,package1,package1,image,image,True,False
near_duplicate_dhash,0,datasets/water/IWHR_AI_Lable_Floater_V1/raw/package1/JPEGImages/0424.jpg,datasets/water/IWHR_AI_Lable_Floater_V1/raw/package1/JPEGImages/0471.jpg,package1,package1,image,image,True,False
near_duplicate_dhash,0,datasets/water/IWHR_AI_Lable_Floater_V1/raw/package1/JPEGImages/0434.jpg,datasets/water/IWHR_AI_Lable_Floater_V1/raw/package1/JPEGImages/0449.jpg,package1,package1,image,image,True,False
near_duplicate_dhash,0,datasets/water/IWHR_AI_Lable_Floater_V1/raw/package1/JPEGImages/0448.jpg,datasets/water/IWHR_AI_Lable_Floater_V1/raw/package1/JPEGImages/0460.jpg,package1,package1,image,image,True,False
near_duplicate_dhash,0,datasets/water/IWHR_AI_Lable_Floater_V1/raw/package1/JPEGImages/0448.jpg,datasets/water/IWHR_AI_Lable_Floater_V1/raw/package1/JPEGImages/0478.jpg,package1,package1,image,image,True,False
near_duplicate_dhash,0,datasets/water/IWHR_AI_Lable_Floater_V1/raw/package1/JPEGImages/0448.jpg,datasets/water/IWHR_AI_Lable_Floater_V1/raw/package1/JPEGImages/0522.jpg,package1,package1,image,image,True,False
near_duplicate_dhash,0,datasets/water/IWHR_AI_Lable_Floater_V1/raw/package1/JPEGImages/0448.jpg,datasets/water/IWHR_AI_Lable_Floater_V1/raw/package1/JPEGImages/0527.jpg,package1,package1,image,image,True,False
near_duplicate_dhash,0,datasets/water/IWHR_AI_Lable_Floater_V1/raw/package1/JPEGImages/0460.jpg,datasets/water/IWHR_AI_Lable_Floater_V1/raw/package1/JPEGImages/0478.jpg,package1,package1,image,image,True,False
near_duplicate_dhash,0,datasets/water/IWHR_AI_Lable_Floater_V1/raw/package1/JPEGImages/0460.jpg,datasets/water/IWHR_AI_Lable_Floater_V1/raw/package1/JPEGImages/0522.jpg,package1,package1,image,image,True,False
near_duplicate_dhash,0,datasets/water/IWHR_AI_Lable_Floater_V1/raw/package1/JPEGImages/0460.jpg,datasets/water/IWHR_AI_Lable_Floater_V1/raw/package1/JPEGImages/0527.jpg,package1,package1,image,image,True,False
near_duplicate_dhash,0,datasets/water/IWHR_AI_Lable_Floater_V1/raw/package1/JPEGImages/0463.jpg,datasets/water/IWHR_AI_Lable_Floater_V1/raw/package1/JPEGImages/0471.jpg,package1,package1,image,image,True,False
near_duplicate_dhash,0,datasets/water/IWHR_AI_Lable_Floater_V1/raw/package1/JPEGImages/0475.jpg,datasets/water/IWHR_AI_Lable_Floater_V1/raw/package1/JPEGImages/0481.jpg,package1,package1,image,image,True,False
near_duplicate_dhash,0,datasets/water/IWHR_AI_Lable_Floater_V1/raw/package1/JPEGImages/0478.jpg,datasets/water/IWHR_AI_Lable_Floater_V1/raw/package1/JPEGImages/0522.jpg,package1,package1,image,image,True,False
near_duplicate_dhash,0,datasets/water/IWHR_AI_Lable_Floater_V1/raw/package1/JPEGImages/0478.jpg,datasets/water/IWHR_AI_Lable_Floater_V1/raw/package1/JPEGImages/0527.jpg,package1,package1,image,image,True,False
near_duplicate_dhash,0,datasets/water/IWHR_AI_Lable_Floater_V1/raw/package1/JPEGImages/0496.jpg,datasets/water/IWHR_AI_Lable_Floater_V1/raw/package1/JPEGImages/0644.jpg,package1,package1,image,image,True,False
near_duplicate_dhash,0,datasets/water/IWHR_AI_Lable_Floater_V1/raw/package1/JPEGImages/0507.jpg,datasets/water/IWHR_AI_Lable_Floater_V1/raw/package1/JPEGImages/0533.jpg,package1,package1,image,image,True,False
near_duplicate_dhash,0,datasets/water/IWHR_AI_Lable_Floater_V1/raw/package1/JPEGImages/0522.jpg,datasets/water/IWHR_AI_Lable_Floater_V1/raw/package1/JPEGImages/0527.jpg,package1,package1,image,image,True,False
near_duplicate_dhash,0,datasets/water/IWHR_AI_Lable_Floater_V1/raw/package1/JPEGImages/0541.jpg,datasets/water/IWHR_AI_Lable_Floater_V1/raw/package1/JPEGImages/0581.jpg,package1,package1,image,image,True,False
near_duplicate_dhash,0,datasets/water/IWHR_AI_Lable_Floater_V1/raw/package1/JPEGImages/0562.jpg,datasets/water/IWHR_AI_Lable_Floater_V1/raw/package1/JPEGImages/0576.jpg,package1,package1,image,image,True,False
near_duplicate_dhash,0,datasets/water/IWHR_AI_Lable_Floater_V1/raw/package1/JPEGImages/0562.jpg,datasets/water/IWHR_AI_Lable_Floater_V1/raw/package1/JPEGImages/0580.jpg,package1,package1,image,image,True,False
near_duplicate_dhash,0,datasets/water/IWHR_AI_Lable_Floater_V1/raw/package1/JPEGImages/0562.jpg,datasets/water/IWHR_AI_Lable_Floater_V1/raw/package1/JPEGImages/0587.jpg,package1,package1,image,image,True,False
near_duplicate_dhash,0,datasets/water/IWHR_AI_Lable_Floater_V1/raw/package1/JPEGImages/0562.jpg,datasets/water/IWHR_AI_Lable_Floater_V1/raw/package1/JPEGImages/0589.jpg,package1,package1,image,image,True,False
near_duplicate_dhash,0,datasets/water/IWHR_AI_Lable_Floater_V1/raw/package1/JPEGImages/0563.jpg,datasets/water/IWHR_AI_Lable_Floater_V1/raw/package1/JPEGImages/0568.jpg,package1,package1,image,image,True,False
near_duplicate_dhash,0,datasets/water/IWHR_AI_Lable_Floater_V1/raw/package1/JPEGImages/0576.jpg,datasets/water/IWHR_AI_Lable_Floater_V1/raw/package1/JPEGImages/0580.jpg,package1,package1,image,image,True,False
near_duplicate_dhash,0,datasets/water/IWHR_AI_Lable_Floater_V1/raw/package1/JPEGImages/0576.jpg,datasets/water/IWHR_AI_Lable_Floater_V1/raw/package1/JPEGImages/0587.jpg,package1,package1,image,image,True,False
near_duplicate_dhash,0,datasets/water/IWHR_AI_Lable_Floater_V1/raw/package1/JPEGImages/0576.jpg,datasets/water/IWHR_AI_Lable_Floater_V1/raw/package1/JPEGImages/0589.jpg,package1,package1,image,image,True,False
near_duplicate_dhash,0,datasets/water/IWHR_AI_Lable_Floater_V1/raw/package1/JPEGImages/0579.jpg,datasets/water/IWHR_AI_Lable_Floater_V1/raw/package1/JPEGImages/0582.jpg,package1,package1,image,image,True,False
near_duplicate_dhash,0,datasets/water/IWHR_AI_Lable_Floater_V1/raw/package1/JPEGImages/0580.jpg,datasets/water/IWHR_AI_Lable_Floater_V1/raw/package1/JPEGImages/0587.jpg,package1,package1,image,image,True,False
near_duplicate_dhash,0,datasets/water/IWHR_AI_Lable_Floater_V1/raw/package1/JPEGImages/0580.jpg,datasets/water/IWHR_AI_Lable_Floater_V1/raw/package1/JPEGImages/0589.jpg,package1,package1,image,image,True,False
near_duplicate_dhash,0,datasets/water/IWHR_AI_Lable_Floater_V1/raw/package1/JPEGImages/0587.jpg,datasets/water/IWHR_AI_Lable_Floater_V1/raw/package1/JPEGImages/0589.jpg,package1,package1,image,image,True,False
near_duplicate_dhash,0,datasets/water/IWHR_AI_Lable_Floater_V1/raw/package1/JPEGImages/0606.jpg,datasets/water/IWHR_AI_Lable_Floater_V1/raw/package1/JPEGImages/0611.jpg,package1,package1,image,image,True,False
near_duplicate_dhash,0,datasets/water/IWHR_AI_Lable_Floater_V1/raw/package1/JPEGImages/0673.jpg,datasets/water/IWHR_AI_Lable_Floater_V1/raw/package1/JPEGImages/0677.jpg,package1,package1,image,image,True,False
near_duplicate_dhash,0,datasets/water/IWHR_AI_Lable_Floater_V1/raw/package1/JPEGImages/0674.jpg,datasets/water/IWHR_AI_Lable_Floater_V1/raw/package1/JPEGImages/0682.jpg,package1,package1,image,image,True,False
near_duplicate_dhash,0,datasets/water/IWHR_AI_Lable_Floater_V1/raw/package1/JPEGImages/0711.jpg,datasets/water/IWHR_AI_Lable_Floater_V1/raw/package1/JPEGImages/0776.jpg,package1,package1,image,image,True,False
near_duplicate_dhash,0,datasets/water/IWHR_AI_Lable_Floater_V1/raw/package1/JPEGImages/0711.jpg,datasets/water/IWHR_AI_Lable_Floater_V1/raw/package1/JPEGImages/0782.jpg,package1,package1,image,image,True,False
near_duplicate_dhash,0,datasets/water/IWHR_AI_Lable_Floater_V1/raw/package1/JPEGImages/0712.jpg,datasets/water/IWHR_AI_Lable_Floater_V1/raw/package1/JPEGImages/0717.jpg,package1,package1,image,image,True,False
near_duplicate_dhash,0,datasets/water/IWHR_AI_Lable_Floater_V1/raw/package1/JPEGImages/0743.jpg,datasets/water/IWHR_AI_Lable_Floater_V1/raw/package1/JPEGImages/0753.jpg,package1,package1,image,image,True,False
near_duplicate_dhash,0,datasets/water/IWHR_AI_Lable_Floater_V1/raw/package1/JPEGImages/0750.jpg,datasets/water/IWHR_AI_Lable_Floater_V1/raw/package1/JPEGImages/0755.jpg,package1,package1,image,image,True,False
near_duplicate_dhash,0,datasets/water/IWHR_AI_Lable_Floater_V1/raw/package1/JPEGImages/0774.jpg,datasets/water/IWHR_AI_Lable_Floater_V1/raw/package1/JPEGImages/0787.jpg,package1,package1,image,image,True,False
near_duplicate_dhash,0,datasets/water/IWHR_AI_Lable_Floater_V1/raw/package1/JPEGImages/0776.jpg,datasets/water/IWHR_AI_Lable_Floater_V1/raw/package1/JPEGImages/0782.jpg,package1,package1,image,image,True,False
near_duplicate_dhash,0,datasets/water/IWHR_AI_Lable_Floater_V1/raw/package1/JPEGImages/0791.jpg,datasets/water/IWHR_AI_Lable_Floater_V1/raw/package1/JPEGImages/0794.jpg,package1,package1,image,image,True,False
near_duplicate_dhash,0,datasets/water/IWHR_AI_Lable_Floater_V1/raw/package1/JPEGImages/0890.jpg,datasets/water/IWHR_AI_Lable_Floater_V1/raw/package1/JPEGImages/0917.jpg,package1,package1,rubbish,rubbish,True,False
near_duplicate_dhash,0,datasets/water/IWHR_AI_Lable_Floater_V1/raw/package1/JPEGImages/0935.jpg,datasets/water/IWHR_AI_Lable_Floater_V1/raw/package1/JPEGImages/0950.jpg,package1,package1,rubbish,rubbish,True,False
near_duplicate_dhash,0,datasets/water/IWHR_AI_Lable_Floater_V1/raw/package1/JPEGImages/1014.jpg,datasets/water/IWHR_AI_Lable_Floater_V1/raw/package1/JPEGImages/1038.jpg,package1,package1,rubbish,rubbish,True,False
near_duplicate_dhash,0,datasets/water/IWHR_AI_Lable_Floater_V1/raw/package1/JPEGImages/1027.jpg,datasets/water/IWHR_AI_Lable_Floater_V1/raw/package1/JPEGImages/1051.jpg,package1,package1,rubbish,rubbish,True,False
near_duplicate_dhash,0,datasets/water/IWHR_AI_Lable_Floater_V1/raw/package1/JPEGImages/1091.jpg,datasets/water/IWHR_AI_Lable_Floater_V1/raw/package1/JPEGImages/1209.jpg,package1,package1,fishing-2,rubbish,False,False
near_duplicate_dhash,0,datasets/water/IWHR_AI_Lable_Floater_V1/raw/package1/JPEGImages/1138.jpg,datasets/water/IWHR_AI_Lable_Floater_V1/raw/package1/JPEGImages/1185.jpg,package1,package1,rubbish,rubbish,True,False
near_duplicate_dhash,0,datasets/water/IWHR_AI_Lable_Floater_V1/raw/package1/JPEGImages/1146.jpg,datasets/water/IWHR_AI_Lable_Floater_V1/raw/package1/JPEGImages/1395.jpg,package1,package1,rubbish,rubbish,True,False
near_duplicate_dhash,0,datasets/water/IWHR_AI_Lable_Floater_V1/raw/package1/JPEGImages/1180.jpg,datasets/water/IWHR_AI_Lable_Floater_V1/raw/package1/JPEGImages/1197.jpg,package1,package1,rubbish,rubbish,True,False
near_duplicate_dhash,0,datasets/water/IWHR_AI_Lable_Floater_V1/raw/package1/JPEGImages/1251.jpg,datasets/water/IWHR_AI_Lable_Floater_V1/raw/package1/JPEGImages/1269.jpg,package1,package1,rubbish,rubbish,True,False
near_duplicate_dhash,0,datasets/water/IWHR_AI_Lable_Floater_V1/raw/package2/JPEGImages/1821.jpg,datasets/water/IWHR_AI_Lable_Floater_V1/raw/package2/JPEGImages/1862.jpg,package2,package2,rubbish,fishing-3,False,False
near_duplicate_dhash,0,datasets/water/IWHR_AI_Lable_Floater_V1/raw/package2/JPEGImages/1857.jpg,datasets/water/IWHR_AI_Lable_Floater_V1/raw/package2/JPEGImages/1871.jpg,package2,package2,rubbish,rubbish,True,False
near_duplicate_dhash,0,datasets/water/IWHR_AI_Lable_Floater_V1/raw/package2/JPEGImages/1909.jpg,datasets/water/IWHR_AI_Lable_Floater_V1/raw/package2/JPEGImages/1930.jpg,package2,package2,rubbish,fishing-3,False,False
near_duplicate_dhash,0,datasets/water/IWHR_AI_Lable_Floater_V1/raw/package2/JPEGImages/1970.jpg,datasets/water/IWHR_AI_Lable_Floater_V1/raw/package2/JPEGImages/1991.jpg,package2,package2,rubbish,rubbish,True,False
near_duplicate_dhash,0,datasets/water/IWHR_AI_Lable_Floater_V1/raw/package2/JPEGImages/2252.jpg,datasets/water/IWHR_AI_Lable_Floater_V1/raw/package2/JPEGImages/2269.jpg,package2,package2,fishing-4,rubbish,False,False
near_duplicate_dhash,0,datasets/water/IWHR_AI_Lable_Floater_V1/raw/package2/JPEGImages/2381.jpg,datasets/water/IWHR_AI_Lable_Floater_V1/raw/package2/JPEGImages/2400.jpg,package2,package2,rubbish,rubbish,True,False
near_duplicate_dhash,0,datasets/water/IWHR_AI_Lable_Floater_V1/raw/package2/JPEGImages/2549.jpg,datasets/water/IWHR_AI_Lable_Floater_V1/raw/package2/JPEGImages/2675.jpg,package2,package2,fishing-1,fishing-1,True,False
near_duplicate_dhash,0,datasets/water/IWHR_AI_Lable_Floater_V1/raw/package2/JPEGImages/2609.jpg,datasets/water/IWHR_AI_Lable_Floater_V1/raw/package2/JPEGImages/2900.jpg,package2,package2,fishing-1,fishing-1,True,False
near_duplicate_dhash,0,datasets/water/IWHR_AI_Lable_Floater_V1/raw/package2/JPEGImages/2700.jpg,datasets/water/IWHR_AI_Lable_Floater_V1/raw/package2/JPEGImages/2719.jpg,package2,package2,fishing-1,fishing-1,True,False
near_duplicate_dhash,1,datasets/water/IWHR_AI_Lable_Floater_V1/raw/package1/JPEGImages/0001.jpg,datasets/water/IWHR_AI_Lable_Floater_V1/raw/package1/JPEGImages/0116.jpg,package1,package1,2022-06-18,2022-08-18,False,False
near_duplicate_dhash,2,datasets/water/IWHR_AI_Lable_Floater_V1/raw/package1/JPEGImages/0113.jpg,datasets/water/IWHR_AI_Lable_Floater_V1/raw/package1/JPEGImages/0114.jpg,package1,package1,2022-08-18,2022-08-18,True,False
near_duplicate_dhash,1,datasets/water/IWHR_AI_Lable_Floater_V1/raw/package1/JPEGImages/0113.jpg,datasets/water/IWHR_AI_Lable_Floater_V1/raw/package1/JPEGImages/0115.jpg,package1,package1,2022-08-18,2022-08-18,True,False
near_duplicate_dhash,1,datasets/water/IWHR_AI_Lable_Floater_V1/raw/package1/JPEGImages/0114.jpg,datasets/water/IWHR_AI_Lable_Floater_V1/raw/package1/JPEGImages/0115.jpg,package1,package1,2022-08-18,2022-08-18,True,False
near_duplicate_dhash,1,datasets/water/IWHR_AI_Lable_Floater_V1/raw/package1/JPEGImages/0119.jpg,datasets/water/IWHR_AI_Lable_Floater_V1/raw/package1/JPEGImages/0120.jpg,package1,package1,2022-08-18,2022-08-18,True,False
near_duplicate_dhash,1,datasets/water/IWHR_AI_Lable_Floater_V1/raw/package1/JPEGImages/0119.jpg,datasets/water/IWHR_AI_Lable_Floater_V1/raw/package1/JPEGImages/0121.jpg,package1,package1,2022-08-18,2022-08-18,True,False
near_duplicate_dhash,1,datasets/water/IWHR_AI_Lable_Floater_V1/raw/package1/JPEGImages/0119.jpg,datasets/water/IWHR_AI_Lable_Floater_V1/raw/package1/JPEGImages/0122.jpg,package1,package1,2022-08-18,2022-08-18,True,False
near_duplicate_dhash,2,datasets/water/IWHR_AI_Lable_Floater_V1/raw/package1/JPEGImages/0120.jpg,datasets/water/IWHR_AI_Lable_Floater_V1/raw/package1/JPEGImages/0121.jpg,package1,package1,2022-08-18,2022-08-18,True,False
near_duplicate_dhash,2,datasets/water/IWHR_AI_Lable_Floater_V1/raw/package1/JPEGImages/0120.jpg,datasets/water/IWHR_AI_Lable_Floater_V1/raw/package1/JPEGImages/0122.jpg,package1,package1,2022-08-18,2022-08-18,True,False
near_duplicate_dhash,2,datasets/water/IWHR_AI_Lable_Floater_V1/raw/package1/JPEGImages/0121.jpg,datasets/water/IWHR_AI_Lable_Floater_V1/raw/package1/JPEGImages/0122.jpg,package1,package1,2022-08-18,2022-08-18,True,False
near_duplicate_dhash,2,datasets/water/IWHR_AI_Lable_Floater_V1/raw/package1/JPEGImages/0124.jpg,datasets/water/IWHR_AI_Lable_Floater_V1/raw/package1/JPEGImages/0127.jpg,package1,package1,2022-08-18,2022-08-18,True,False
near_duplicate_dhash,1,datasets/water/IWHR_AI_Lable_Floater_V1/raw/package1/JPEGImages/0132.jpg,datasets/water/IWHR_AI_Lable_Floater_V1/raw/package1/JPEGImages/0133.jpg,package1,package1,2022-08-18,2022-08-18,True,False
near_duplicate_dhash,2,datasets/water/IWHR_AI_Lable_Floater_V1/raw/package1/JPEGImages/0134.jpg,datasets/water/IWHR_AI_Lable_Floater_V1/raw/package1/JPEGImages/0137.jpg,package1,package1,2022-08-18,2022-08-18,True,False
near_duplicate_dhash,1,datasets/water/IWHR_AI_Lable_Floater_V1/raw/package1/JPEGImages/0135.jpg,datasets/water/IWHR_AI_Lable_Floater_V1/raw/package1/JPEGImages/0137.jpg,package1,package1,2022-08-18,2022-08-18,True,False
near_duplicate_dhash,2,datasets/water/IWHR_AI_Lable_Floater_V1/raw/package1/JPEGImages/0161.jpg,datasets/water/IWHR_AI_Lable_Floater_V1/raw/package1/JPEGImages/0163.jpg,package1,package1,2022-08-18,2022-08-18,True,False
near_duplicate_dhash,1,datasets/water/IWHR_AI_Lable_Floater_V1/raw/package1/JPEGImages/0162.jpg,datasets/water/IWHR_AI_Lable_Floater_V1/raw/package1/JPEGImages/0163.jpg,package1,package1,2022-08-18,2022-08-18,True,False
near_duplicate_dhash,1,datasets/water/IWHR_AI_Lable_Floater_V1/raw/package1/JPEGImages/0166.jpg,datasets/water/IWHR_AI_Lable_Floater_V1/raw/package1/JPEGImages/0167.jpg,package1,package1,2022-08-18,2022-08-18,True,False
near_duplicate_dhash,2,datasets/water/IWHR_AI_Lable_Floater_V1/raw/package1/JPEGImages/0200.jpg,datasets/water/IWHR_AI_Lable_Floater_V1/raw/package1/JPEGImages/0202.jpg,package1,package1,_bare_numeric,_bare_numeric,True,False
near_duplicate_dhash,2,datasets/water/IWHR_AI_Lable_Floater_V1/raw/package1/JPEGImages/0201.jpg,datasets/water/IWHR_AI_Lable_Floater_V1/raw/package1/JPEGImages/0202.jpg,package1,package1,_bare_numeric,_bare_numeric,True,False
near_duplicate_dhash,1,datasets/water/IWHR_AI_Lable_Floater_V1/raw/package1/JPEGImages/0206.jpg,datasets/water/IWHR_AI_Lable_Floater_V1/raw/package1/JPEGImages/0207.jpg,package1,package1,_bare_numeric,_bare_numeric,True,False
near_duplicate_dhash,1,datasets/water/IWHR_AI_Lable_Floater_V1/raw/package1/JPEGImages/0220.jpg,datasets/water/IWHR_AI_Lable_Floater_V1/raw/package1/JPEGImages/0221.jpg,package1,package1,_bare_numeric,_bare_numeric,True,False
near_duplicate_dhash,2,datasets/water/IWHR_AI_Lable_Floater_V1/raw/package1/JPEGImages/0225.jpg,datasets/water/IWHR_AI_Lable_Floater_V1/raw/package1/JPEGImages/0226.jpg,package1,package1,_bare_numeric,_bare_numeric,True,False
near_duplicate_dhash,2,datasets/water/IWHR_AI_Lable_Floater_V1/raw/package1/JPEGImages/0227.jpg,datasets/water/IWHR_AI_Lable_Floater_V1/raw/package1/JPEGImages/0228.jpg,package1,package1,_bare_numeric,_bare_numeric,True,False
near_duplicate_dhash,1,datasets/water/IWHR_AI_Lable_Floater_V1/raw/package1/JPEGImages/0230.jpg,datasets/water/IWHR_AI_Lable_Floater_V1/raw/package1/JPEGImages/0231.jpg,package1,package1,_bare_numeric,_bare_numeric,True,False
near_duplicate_dhash,2,datasets/water/IWHR_AI_Lable_Floater_V1/raw/package1/JPEGImages/0230.jpg,datasets/water/IWHR_AI_Lable_Floater_V1/raw/package1/JPEGImages/0232.jpg,package1,package1,_bare_numeric,_bare_numeric,True,False
near_duplicate_dhash,1,datasets/water/IWHR_AI_Lable_Floater_V1/raw/package1/JPEGImages/0230.jpg,datasets/water/IWHR_AI_Lable_Floater_V1/raw/package1/JPEGImages/0233.jpg,package1,package1,_bare_numeric,_bare_numeric,True,False
near_duplicate_dhash,1,datasets/water/IWHR_AI_Lable_Floater_V1/raw/package1/JPEGImages/0231.jpg,datasets/water/IWHR_AI_Lable_Floater_V1/raw/package1/JPEGImages/0232.jpg,package1,package1,_bare_numeric,_bare_numeric,True,False
near_duplicate_dhash,1,datasets/water/IWHR_AI_Lable_Floater_V1/raw/package1/JPEGImages/0231.jpg,datasets/water/IWHR_AI_Lable_Floater_V1/raw/package1/JPEGImages/0234.jpg,package1,package1,_bare_numeric,_bare_numeric,True,False
near_duplicate_dhash,1,datasets/water/IWHR_AI_Lable_Floater_V1/raw/package1/JPEGImages/0232.jpg,datasets/water/IWHR_AI_Lable_Floater_V1/raw/package1/JPEGImages/0233.jpg,package1,package1,_bare_numeric,_bare_numeric,True,False
near_duplicate_dhash,2,datasets/water/IWHR_AI_Lable_Floater_V1/raw/package1/JPEGImages/0232.jpg,datasets/water/IWHR_AI_Lable_Floater_V1/raw/package1/JPEGImages/0234.jpg,package1,package1,_bare_numeric,_bare_numeric,True,False
near_duplicate_dhash,1,datasets/water/IWHR_AI_Lable_Floater_V1/raw/package1/JPEGImages/0233.jpg,datasets/water/IWHR_AI_Lable_Floater_V1/raw/package1/JPEGImages/0234.jpg,package1,package1,_bare_numeric,_bare_numeric,True,False
near_duplicate_dhash,2,datasets/water/IWHR_AI_Lable_Floater_V1/raw/package1/JPEGImages/0236.jpg,datasets/water/IWHR_AI_Lable_Floater_V1/raw/package1/JPEGImages/0237.jpg,package1,package1,_bare_numeric,_bare_numeric,True,False
near_duplicate_dhash,2,datasets/water/IWHR_AI_Lable_Floater_V1/raw/package1/JPEGImages/0237.jpg,datasets/water/IWHR_AI_Lable_Floater_V1/raw/package1/JPEGImages/0244.jpg,package1,package1,_bare_numeric,_bare_numeric,True,False
near_duplicate_dhash,1,datasets/water/IWHR_AI_Lable_Floater_V1/raw/package1/JPEGImages/0238.jpg,datasets/water/IWHR_AI_Lable_Floater_V1/raw/package1/JPEGImages/0239.jpg,package1,package1,_bare_numeric,_bare_numeric,True,False
near_duplicate_dhash,1,datasets/water/IWHR_AI_Lable_Floater_V1/raw/package1/JPEGImages/0240.jpg,datasets/water/IWHR_AI_Lable_Floater_V1/raw/package1/JPEGImages/0243.jpg,package1,package1,_bare_numeric,_bare_numeric,True,False
near_duplicate_dhash,1,datasets/water/IWHR_AI_Lable_Floater_V1/raw/package1/JPEGImages/0263.jpg,datasets/water/IWHR_AI_Lable_Floater_V1/raw/package1/JPEGImages/0264.jpg,package1,package1,_bare_numeric,_bare_numeric,True,False
near_duplicate_dhash,1,datasets/water/IWHR_AI_Lable_Floater_V1/raw/package1/JPEGImages/0263.jpg,datasets/water/IWHR_AI_Lable_Floater_V1/raw/package1/JPEGImages/0300.jpg,package1,package1,_bare_numeric,_bare_numeric,True,False
near_duplicate_dhash,2,datasets/water/IWHR_AI_Lable_Floater_V1/raw/package1/JPEGImages/0265.jpg,datasets/water/IWHR_AI_Lable_Floater_V1/raw/package1/JPEGImages/0301.jpg,package1,package1,_bare_numeric,_bare_numeric,True,False
near_duplicate_dhash,2,datasets/water/IWHR_AI_Lable_Floater_V1/raw/package1/JPEGImages/0274.jpg,datasets/water/IWHR_AI_Lable_Floater_V1/raw/package1/JPEGImages/0276.jpg,package1,package1,_bare_numeric,_bare_numeric,True,False
near_duplicate_dhash,1,datasets/water/IWHR_AI_Lable_Floater_V1/raw/package1/JPEGImages/0276.jpg,datasets/water/IWHR_AI_Lable_Floater_V1/raw/package1/JPEGImages/0304.jpg,package1,package1,_bare_numeric,_bare_numeric,True,False
near_duplicate_dhash,2,datasets/water/IWHR_AI_Lable_Floater_V1/raw/package1/JPEGImages/0277.jpg,datasets/water/IWHR_AI_Lable_Floater_V1/raw/package1/JPEGImages/0278.jpg,package1,package1,_bare_numeric,_bare_numeric,True,False
near_duplicate_dhash,1,datasets/water/IWHR_AI_Lable_Floater_V1/raw/package1/JPEGImages/0287.jpg,datasets/water/IWHR_AI_Lable_Floater_V1/raw/package1/JPEGImages/0288.jpg,package1,package1,_bare_numeric,_bare_numeric,True,False
near_duplicate_dhash,2,datasets/water/IWHR_AI_Lable_Floater_V1/raw/package1/JPEGImages/0288.jpg,datasets/water/IWHR_AI_Lable_Floater_V1/raw/package1/JPEGImages/0313.jpg,package1,package1,_bare_numeric,_bare_numeric,True,False
near_duplicate_dhash,1,datasets/water/IWHR_AI_Lable_Floater_V1/raw/package1/JPEGImages/0289.jpg,datasets/water/IWHR_AI_Lable_Floater_V1/raw/package1/JPEGImages/0292.jpg,package1,package1,_bare_numeric,_bare_numeric,True,False
near_duplicate_dhash,1,datasets/water/IWHR_AI_Lable_Floater_V1/raw/package1/JPEGImages/0289.jpg,datasets/water/IWHR_AI_Lable_Floater_V1/raw/package1/JPEGImages/0308.jpg,package1,package1,_bare_numeric,_bare_numeric,True,False
near_duplicate_dhash,1,datasets/water/IWHR_AI_Lable_Floater_V1/raw/package1/JPEGImages/0289.jpg,datasets/water/IWHR_AI_Lable_Floater_V1/raw/package1/JPEGImages/0333.jpg,package1,package1,_bare_numeric,_bare_numeric,True,False
near_duplicate_dhash,1,datasets/water/IWHR_AI_Lable_Floater_V1/raw/package1/JPEGImages/0289.jpg,datasets/water/IWHR_AI_Lable_Floater_V1/raw/package1/JPEGImages/0337.jpg,package1,package1,_bare_numeric,_bare_numeric,True,False
near_duplicate_dhash,1,datasets/water/IWHR_AI_Lable_Floater_V1/raw/package1/JPEGImages/0289.jpg,datasets/water/IWHR_AI_Lable_Floater_V1/raw/package1/JPEGImages/0340.jpg,package1,package1,_bare_numeric,_bare_numeric,True,False
near_duplicate_dhash,1,datasets/water/IWHR_AI_Lable_Floater_V1/raw/package1/JPEGImages/0289.jpg,datasets/water/IWHR_AI_Lable_Floater_V1/raw/package1/JPEGImages/0344.jpg,package1,package1,_bare_numeric,_bare_numeric,True,False
near_duplicate_dhash,2,datasets/water/IWHR_AI_Lable_Floater_V1/raw/package1/JPEGImages/0289.jpg,datasets/water/IWHR_AI_Lable_Floater_V1/raw/package1/JPEGImages/0346.jpg,package1,package1,_bare_numeric,_bare_numeric,True,False
near_duplicate_dhash,2,datasets/water/IWHR_AI_Lable_Floater_V1/raw/package1/JPEGImages/0289.jpg,datasets/water/IWHR_AI_Lable_Floater_V1/raw/package1/JPEGImages/0351.jpg,package1,package1,_bare_numeric,_bare_numeric,True,False
near_duplicate_dhash,2,datasets/water/IWHR_AI_Lable_Floater_V1/raw/package1/JPEGImages/0291.jpg,datasets/water/IWHR_AI_Lable_Floater_V1/raw/package1/JPEGImages/0296.jpg,package1,package1,_bare_numeric,_bare_numeric,True,False
near_duplicate_dhash,1,datasets/water/IWHR_AI_Lable_Floater_V1/raw/package1/JPEGImages/0292.jpg,datasets/water/IWHR_AI_Lable_Floater_V1/raw/package1/JPEGImages/0305.jpg,package1,package1,_bare_numeric,_bare_numeric,True,False
near_duplicate_dhash,1,datasets/water/IWHR_AI_Lable_Floater_V1/raw/package1/JPEGImages/0292.jpg,datasets/water/IWHR_AI_Lable_Floater_V1/raw/package1/JPEGImages/0307.jpg,package1,package1,_bare_numeric,_bare_numeric,True,False
near_duplicate_dhash,2,datasets/water/IWHR_AI_Lable_Floater_V1/raw/package1/JPEGImages/0292.jpg,datasets/water/IWHR_AI_Lable_Floater_V1/raw/package1/JPEGImages/0308.jpg,package1,package1,_bare_numeric,_bare_numeric,True,False
near_duplicate_dhash,2,datasets/water/IWHR_AI_Lable_Floater_V1/raw/package1/JPEGImages/0292.jpg,datasets/water/IWHR_AI_Lable_Floater_V1/raw/package1/JPEGImages/0333.jpg,package1,package1,_bare_numeric,_bare_numeric,True,False
near_duplicate_dhash,2,datasets/water/IWHR_AI_Lable_Floater_V1/raw/package1/JPEGImages/0292.jpg,datasets/water/IWHR_AI_Lable_Floater_V1/raw/package1/JPEGImages/0337.jpg,package1,package1,_bare_numeric,_bare_numeric,True,False
near_duplicate_dhash,2,datasets/water/IWHR_AI_Lable_Floater_V1/raw/package1/JPEGImages/0292.jpg,datasets/water/IWHR_AI_Lable_Floater_V1/raw/package1/JPEGImages/0340.jpg,package1,package1,_bare_numeric,_bare_numeric,True,False
near_duplicate_dhash,2,datasets/water/IWHR_AI_Lable_Floater_V1/raw/package1/JPEGImages/0292.jpg,datasets/water/IWHR_AI_Lable_Floater_V1/raw/package1/JPEGImages/0344.jpg,package1,package1,_bare_numeric,_bare_numeric,True,False
near_duplicate_dhash,1,datasets/water/IWHR_AI_Lable_Floater_V1/raw/package1/JPEGImages/0292.jpg,datasets/water/IWHR_AI_Lable_Floater_V1/raw/package1/JPEGImages/0348.jpg,package1,package1,_bare_numeric,_bare_numeric,True,False
near_duplicate_dhash,2,datasets/water/IWHR_AI_Lable_Floater_V1/raw/package1/JPEGImages/0293.jpg,datasets/water/IWHR_AI_Lable_Floater_V1/raw/package1/JPEGImages/0296.jpg,package1,package1,_bare_numeric,_bare_numeric,True,False
near_duplicate_dhash,1,datasets/water/IWHR_AI_Lable_Floater_V1/raw/package1/JPEGImages/0305.jpg,datasets/water/IWHR_AI_Lable_Floater_V1/raw/package1/JPEGImages/0308.jpg,package1,package1,_bare_numeric,_bare_numeric,True,False
near_duplicate_dhash,1,datasets/water/IWHR_AI_Lable_Floater_V1/raw/package1/JPEGImages/0305.jpg,datasets/water/IWHR_AI_Lable_Floater_V1/raw/package1/JPEGImages/0333.jpg,package1,package1,_bare_numeric,_bare_numeric,True,False
near_duplicate_dhash,1,datasets/water/IWHR_AI_Lable_Floater_V1/raw/package1/JPEGImages/0305.jpg,datasets/water/IWHR_AI_Lable_Floater_V1/raw/package1/JPEGImages/0337.jpg,package1,package1,_bare_numeric,_bare_numeric,True,False
near_duplicate_dhash,1,datasets/water/IWHR_AI_Lable_Floater_V1/raw/package1/JPEGImages/0305.jpg,datasets/water/IWHR_AI_Lable_Floater_V1/raw/package1/JPEGImages/0340.jpg,package1,package1,_bare_numeric,_bare_numeric,True,False
near_duplicate_dhash,1,datasets/water/IWHR_AI_Lable_Floater_V1/raw/package1/JPEGImages/0305.jpg,datasets/water/IWHR_AI_Lable_Floater_V1/raw/package1/JPEGImages/0344.jpg,package1,package1,_bare_numeric,_bare_numeric,True,False
near_duplicate_dhash,2,datasets/water/IWHR_AI_Lable_Floater_V1/raw/package1/JPEGImages/0305.jpg,datasets/water/IWHR_AI_Lable_Floater_V1/raw/package1/JPEGImages/0346.jpg,package1,package1,_bare_numeric,_bare_numeric,True,False
near_duplicate_dhash,2,datasets/water/IWHR_AI_Lable_Floater_V1/raw/package1/JPEGImages/0305.jpg,datasets/water/IWHR_AI_Lable_Floater_V1/raw/package1/JPEGImages/0351.jpg,package1,package1,_bare_numeric,_bare_numeric,True,False
near_duplicate_dhash,1,datasets/water/IWHR_AI_Lable_Floater_V1/raw/package1/JPEGImages/0307.jpg,datasets/water/IWHR_AI_Lable_Floater_V1/raw/package1/JPEGImages/0308.jpg,package1,package1,_bare_numeric,_bare_numeric,True,False
near_duplicate_dhash,1,datasets/water/IWHR_AI_Lable_Floater_V1/raw/package1/JPEGImages/0307.jpg,datasets/water/IWHR_AI_Lable_Floater_V1/raw/package1/JPEGImages/0333.jpg,package1,package1,_bare_numeric,_bare_numeric,True,False
near_duplicate_dhash,1,datasets/water/IWHR_AI_Lable_Floater_V1/raw/package1/JPEGImages/0307.jpg,datasets/water/IWHR_AI_Lable_Floater_V1/raw/package1/JPEGImages/0337.jpg,package1,package1,_bare_numeric,_bare_numeric,True,False
near_duplicate_dhash,1,datasets/water/IWHR_AI_Lable_Floater_V1/raw/package1/JPEGImages/0307.jpg,datasets/water/IWHR_AI_Lable_Floater_V1/raw/package1/JPEGImages/0340.jpg,package1,package1,_bare_numeric,_bare_numeric,True,False
near_duplicate_dhash,1,datasets/water/IWHR_AI_Lable_Floater_V1/raw/package1/JPEGImages/0307.jpg,datasets/water/IWHR_AI_Lable_Floater_V1/raw/package1/JPEGImages/0344.jpg,package1,package1,_bare_numeric,_bare_numeric,True,False
near_duplicate_dhash,2,datasets/water/IWHR_AI_Lable_Floater_V1/raw/package1/JPEGImages/0307.jpg,datasets/water/IWHR_AI_Lable_Floater_V1/raw/package1/JPEGImages/0346.jpg,package1,package1,_bare_numeric,_bare_numeric,True,False
near_duplicate_dhash,2,datasets/water/IWHR_AI_Lable_Floater_V1/raw/package1/JPEGImages/0307.jpg,datasets/water/IWHR_AI_Lable_Floater_V1/raw/package1/JPEGImages/0351.jpg,package1,package1,_bare_numeric,_bare_numeric,True,False
near_duplicate_dhash,2,datasets/water/IWHR_AI_Lable_Floater_V1/raw/package1/JPEGImages/0308.jpg,datasets/water/IWHR_AI_Lable_Floater_V1/raw/package1/JPEGImages/0333.jpg,package1,package1,_bare_numeric,_bare_numeric,True,False
near_duplicate_dhash,2,datasets/water/IWHR_AI_Lable_Floater_V1/raw/package1/JPEGImages/0308.jpg,datasets/water/IWHR_AI_Lable_Floater_V1/raw/package1/JPEGImages/0337.jpg,package1,package1,_bare_numeric,_bare_numeric,True,False
near_duplicate_dhash,2,datasets/water/IWHR_AI_Lable_Floater_V1/raw/package1/JPEGImages/0308.jpg,datasets/water/IWHR_AI_Lable_Floater_V1/raw/package1/JPEGImages/0340.jpg,package1,package1,_bare_numeric,_bare_numeric,True,False
near_duplicate_dhash,2,datasets/water/IWHR_AI_Lable_Floater_V1/raw/package1/JPEGImages/0308.jpg,datasets/water/IWHR_AI_Lable_Floater_V1/raw/package1/JPEGImages/0344.jpg,package1,package1,_bare_numeric,_bare_numeric,True,False
near_duplicate_dhash,1,datasets/water/IWHR_AI_Lable_Floater_V1/raw/package1/JPEGImages/0308.jpg,datasets/water/IWHR_AI_Lable_Floater_V1/raw/package1/JPEGImages/0346.jpg,package1,package1,_bare_numeric,_bare_numeric,True,False
near_duplicate_dhash,1,datasets/water/IWHR_AI_Lable_Floater_V1/raw/package1/JPEGImages/0308.jpg,datasets/water/IWHR_AI_Lable_Floater_V1/raw/package1/JPEGImages/0348.jpg,package1,package1,_bare_numeric,_bare_numeric,True,False
near_duplicate_dhash,2,datasets/water/IWHR_AI_Lable_Floater_V1/raw/package1/JPEGImages/0316.jpg,datasets/water/IWHR_AI_Lable_Floater_V1/raw/package1/JPEGImages/0317.jpg,package1,package1,_bare_numeric,_bare_numeric,True,False
near_duplicate_dhash,1,datasets/water/IWHR_AI_Lable_Floater_V1/raw/package1/JPEGImages/0317.jpg,datasets/water/IWHR_AI_Lable_Floater_V1/raw/package1/JPEGImages/0318.jpg,package1,package1,_bare_numeric,_bare_numeric,True,False
near_duplicate_dhash,2,datasets/water/IWHR_AI_Lable_Floater_V1/raw/package1/JPEGImages/0317.jpg,datasets/water/IWHR_AI_Lable_Floater_V1/raw/package1/JPEGImages/0319.jpg,package1,package1,_bare_numeric,_bare_numeric,True,False
near_duplicate_dhash,1,datasets/water/IWHR_AI_Lable_Floater_V1/raw/package1/JPEGImages/0318.jpg,datasets/water/IWHR_AI_Lable_Floater_V1/raw/package1/JPEGImages/0319.jpg,package1,package1,_bare_numeric,_bare_numeric,True,False
near_duplicate_dhash,1,datasets/water/IWHR_AI_Lable_Floater_V1/raw/package1/JPEGImages/0320.jpg,datasets/water/IWHR_AI_Lable_Floater_V1/raw/package1/JPEGImages/0321.jpg,package1,package1,_bare_numeric,_bare_numeric,True,False
near_duplicate_dhash,2,datasets/water/IWHR_AI_Lable_Floater_V1/raw/package1/JPEGImages/0320.jpg,datasets/water/IWHR_AI_Lable_Floater_V1/raw/package1/JPEGImages/0322.jpg,package1,package1,_bare_numeric,_bare_numeric,True,False
near_duplicate_dhash,2,datasets/water/IWHR_AI_Lable_Floater_V1/raw/package1/JPEGImages/0325.jpg,datasets/water/IWHR_AI_Lable_Floater_V1/raw/package1/JPEGImages/0326.jpg,package1,package1,_bare_numeric,_bare_numeric,True,False
near_duplicate_dhash,1,datasets/water/IWHR_AI_Lable_Floater_V1/raw/package1/JPEGImages/0326.jpg,datasets/water/IWHR_AI_Lable_Floater_V1/raw/package1/JPEGImages/0327.jpg,package1,package1,_bare_numeric,_bare_numeric,True,False
near_duplicate_dhash,2,datasets/water/IWHR_AI_Lable_Floater_V1/raw/package1/JPEGImages/0332.jpg,datasets/water/IWHR_AI_Lable_Floater_V1/raw/package1/JPEGImages/0338.jpg,package1,package1,_bare_numeric,_bare_numeric,True,False
near_duplicate_dhash,1,datasets/water/IWHR_AI_Lable_Floater_V1/raw/package1/JPEGImages/0333.jpg,datasets/water/IWHR_AI_Lable_Floater_V1/raw/package1/JPEGImages/0346.jpg,package1,package1,_bare_numeric,_bare_numeric,True,False
near_duplicate_dhash,1,datasets/water/IWHR_AI_Lable_Floater_V1/raw/package1/JPEGImages/0333.jpg,datasets/water/IWHR_AI_Lable_Floater_V1/raw/package1/JPEGImages/0348.jpg,package1,package1,_bare_numeric,_bare_numeric,True,False
near_duplicate_dhash,1,datasets/water/IWHR_AI_Lable_Floater_V1/raw/package1/JPEGImages/0333.jpg,datasets/water/IWHR_AI_Lable_Floater_V1/raw/package1/JPEGImages/0351.jpg,package1,package1,_bare_numeric,_bare_numeric,True,False
near_duplicate_dhash,1,datasets/water/IWHR_AI_Lable_Floater_V1/raw/package1/JPEGImages/0334.jpg,datasets/water/IWHR_AI_Lable_Floater_V1/raw/package1/JPEGImages/0338.jpg,package1,package1,_bare_numeric,_bare_numeric,True,False
near_duplicate_dhash,2,datasets/water/IWHR_AI_Lable_Floater_V1/raw/package1/JPEGImages/0334.jpg,datasets/water/IWHR_AI_Lable_Floater_V1/raw/package1/JPEGImages/0339.jpg,package1,package1,_bare_numeric,_bare_numeric,True,False
near_duplicate_dhash,2,datasets/water/IWHR_AI_Lable_Floater_V1/raw/package1/JPEGImages/0334.jpg,datasets/water/IWHR_AI_Lable_Floater_V1/raw/package1/JPEGImages/0342.jpg,package1,package1,_bare_numeric,_bare_numeric,True,False
near_duplicate_dhash,2,datasets/water/IWHR_AI_Lable_Floater_V1/raw/package1/JPEGImages/0334.jpg,datasets/water/IWHR_AI_Lable_Floater_V1/raw/package1/JPEGImages/0343.jpg,package1,package1,_bare_numeric,_bare_numeric,True,False
near_duplicate_dhash,1,datasets/water/IWHR_AI_Lable_Floater_V1/raw/package1/JPEGImages/0334.jpg,datasets/water/IWHR_AI_Lable_Floater_V1/raw/package1/JPEGImages/0345.jpg,package1,package1,_bare_numeric,_bare_numeric,True,False
near_duplicate_dhash,2,datasets/water/IWHR_AI_Lable_Floater_V1/raw/package1/JPEGImages/0335.jpg,datasets/water/IWHR_AI_Lable_Floater_V1/raw/package1/JPEGImages/0345.jpg,package1,package1,_bare_numeric,_bare_numeric,True,False
near_duplicate_dhash,2,datasets/water/IWHR_AI_Lable_Floater_V1/raw/package1/JPEGImages/0336.jpg,datasets/water/IWHR_AI_Lable_Floater_V1/raw/package1/JPEGImages/0339.jpg,package1,package1,_bare_numeric,_bare_numeric,True,False
near_duplicate_dhash,2,datasets/water/IWHR_AI_Lable_Floater_V1/raw/package1/JPEGImages/0336.jpg,datasets/water/IWHR_AI_Lable_Floater_V1/raw/package1/JPEGImages/0343.jpg,package1,package1,_bare_numeric,_bare_numeric,True,False
near_duplicate_dhash,1,datasets/water/IWHR_AI_Lable_Floater_V1/raw/package1/JPEGImages/0337.jpg,datasets/water/IWHR_AI_Lable_Floater_V1/raw/package1/JPEGImages/0346.jpg,package1,package1,_bare_numeric,_bare_numeric,True,False
near_duplicate_dhash,1,datasets/water/IWHR_AI_Lable_Floater_V1/raw/package1/JPEGImages/0337.jpg,datasets/water/IWHR_AI_Lable_Floater_V1/raw/package1/JPEGImages/0348.jpg,package1,package1,_bare_numeric,_bare_numeric,True,False
near_duplicate_dhash,1,datasets/water/IWHR_AI_Lable_Floater_V1/raw/package1/JPEGImages/0337.jpg,datasets/water/IWHR_AI_Lable_Floater_V1/raw/package1/JPEGImages/0351.jpg,package1,package1,_bare_numeric,_bare_numeric,True,False
near_duplicate_dhash,2,datasets/water/IWHR_AI_Lable_Floater_V1/raw/package1/JPEGImages/0338.jpg,datasets/water/IWHR_AI_Lable_Floater_V1/raw/package1/JPEGImages/0341.jpg,package1,package1,_bare_numeric,_bare_numeric,True,False
near_duplicate_dhash,1,datasets/water/IWHR_AI_Lable_Floater_V1/raw/package1/JPEGImages/0338.jpg,datasets/water/IWHR_AI_Lable_Floater_V1/raw/package1/JPEGImages/0343.jpg,package1,package1,_bare_numeric,_bare_numeric,True,False
near_duplicate_dhash,2,datasets/water/IWHR_AI_Lable_Floater_V1/raw/package1/JPEGImages/0338.jpg,datasets/water/IWHR_AI_Lable_Floater_V1/raw/package1/JPEGImages/0345.jpg,package1,package1,_bare_numeric,_bare_numeric,True,False
near_duplicate_dhash,2,datasets/water/IWHR_AI_Lable_Floater_V1/raw/package1/JPEGImages/0339.jpg,datasets/water/IWHR_AI_Lable_Floater_V1/raw/package1/JPEGImages/0342.jpg,package1,package1,_bare_numeric,_bare_numeric,True,False
near_duplicate_dhash,2,datasets/water/IWHR_AI_Lable_Floater_V1/raw/package1/JPEGImages/0339.jpg,datasets/water/IWHR_AI_Lable_Floater_V1/raw/package1/JPEGImages/0343.jpg,package1,package1,_bare_numeric,_bare_numeric,True,False
near_duplicate_dhash,1,datasets/water/IWHR_AI_Lable_Floater_V1/raw/package1/JPEGImages/0339.jpg,datasets/water/IWHR_AI_Lable_Floater_V1/raw/package1/JPEGImages/0345.jpg,package1,package1,_bare_numeric,_bare_numeric,True,False
near_duplicate_dhash,1,datasets/water/IWHR_AI_Lable_Floater_V1/raw/package1/JPEGImages/0340.jpg,datasets/water/IWHR_AI_Lable_Floater_V1/raw/package1/JPEGImages/0346.jpg,package1,package1,_bare_numeric,_bare_numeric,True,False
near_duplicate_dhash,1,datasets/water/IWHR_AI_Lable_Floater_V1/raw/package1/JPEGImages/0340.jpg,datasets/water/IWHR_AI_Lable_Floater_V1/raw/package1/JPEGImages/0348.jpg,package1,package1,_bare_numeric,_bare_numeric,True,False
near_duplicate_dhash,1,datasets/water/IWHR_AI_Lable_Floater_V1/raw/package1/JPEGImages/0340.jpg,datasets/water/IWHR_AI_Lable_Floater_V1/raw/package1/JPEGImages/0351.jpg,package1,package1,_bare_numeric,_bare_numeric,True,False
near_duplicate_dhash,1,datasets/water/IWHR_AI_Lable_Floater_V1/raw/package1/JPEGImages/0341.jpg,datasets/water/IWHR_AI_Lable_Floater_V1/raw/package1/JPEGImages/0342.jpg,package1,package1,_bare_numeric,_bare_numeric,True,False
near_duplicate_dhash,1,datasets/water/IWHR_AI_Lable_Floater_V1/raw/package1/JPEGImages/0341.jpg,datasets/water/IWHR_AI_Lable_Floater_V1/raw/package1/JPEGImages/0343.jpg,package1,package1,_bare_numeric,_bare_numeric,True,False
near_duplicate_dhash,2,datasets/water/IWHR_AI_Lable_Floater_V1/raw/package1/JPEGImages/0341.jpg,datasets/water/IWHR_AI_Lable_Floater_V1/raw/package1/JPEGImages/0345.jpg,package1,package1,_bare_numeric,_bare_numeric,True,False
near_duplicate_dhash,2,datasets/water/IWHR_AI_Lable_Floater_V1/raw/package1/JPEGImages/0342.jpg,datasets/water/IWHR_AI_Lable_Floater_V1/raw/package1/JPEGImages/0343.jpg,package1,package1,_bare_numeric,_bare_numeric,True,False
near_duplicate_dhash,1,datasets/water/IWHR_AI_Lable_Floater_V1/raw/package1/JPEGImages/0342.jpg,datasets/water/IWHR_AI_Lable_Floater_V1/raw/package1/JPEGImages/0345.jpg,package1,package1,_bare_numeric,_bare_numeric,True,False
near_duplicate_dhash,1,datasets/water/IWHR_AI_Lable_Floater_V1/raw/package1/JPEGImages/0343.jpg,datasets/water/IWHR_AI_Lable_Floater_V1/raw/package1/JPEGImages/0345.jpg,package1,package1,_bare_numeric,_bare_numeric,True,False
near_duplicate_dhash,1,datasets/water/IWHR_AI_Lable_Floater_V1/raw/package1/JPEGImages/0344.jpg,datasets/water/IWHR_AI_Lable_Floater_V1/raw/package1/JPEGImages/0346.jpg,package1,package1,_bare_numeric,_bare_numeric,True,False
near_duplicate_dhash,1,datasets/water/IWHR_AI_Lable_Floater_V1/raw/package1/JPEGImages/0344.jpg,datasets/water/IWHR_AI_Lable_Floater_V1/raw/package1/JPEGImages/0348.jpg,package1,package1,_bare_numeric,_bare_numeric,True,False
near_duplicate_dhash,1,datasets/water/IWHR_AI_Lable_Floater_V1/raw/package1/JPEGImages/0344.jpg,datasets/water/IWHR_AI_Lable_Floater_V1/raw/package1/JPEGImages/0351.jpg,package1,package1,_bare_numeric,_bare_numeric,True,False
near_duplicate_dhash,2,datasets/water/IWHR_AI_Lable_Floater_V1/raw/package1/JPEGImages/0346.jpg,datasets/water/IWHR_AI_Lable_Floater_V1/raw/package1/JPEGImages/0348.jpg,package1,package1,_bare_numeric,_bare_numeric,True,False
near_duplicate_dhash,2,datasets/water/IWHR_AI_Lable_Floater_V1/raw/package1/JPEGImages/0346.jpg,datasets/water/IWHR_AI_Lable_Floater_V1/raw/package1/JPEGImages/0351.jpg,package1,package1,_bare_numeric,_bare_numeric,True,False
near_duplicate_dhash,2,datasets/water/IWHR_AI_Lable_Floater_V1/raw/package1/JPEGImages/0348.jpg,datasets/water/IWHR_AI_Lable_Floater_V1/raw/package1/JPEGImages/0351.jpg,package1,package1,_bare_numeric,_bare_numeric,True,False
near_duplicate_dhash,1,datasets/water/IWHR_AI_Lable_Floater_V1/raw/package1/JPEGImages/0355.jpg,datasets/water/IWHR_AI_Lable_Floater_V1/raw/package1/JPEGImages/0358.jpg,package1,package1,image,image,True,False
near_duplicate_dhash,2,datasets/water/IWHR_AI_Lable_Floater_V1/raw/package1/JPEGImages/0355.jpg,datasets/water/IWHR_AI_Lable_Floater_V1/raw/package1/JPEGImages/0441.jpg,package1,package1,image,image,True,False
near_duplicate_dhash,2,datasets/water/IWHR_AI_Lable_Floater_V1/raw/package1/JPEGImages/0356.jpg,datasets/water/IWHR_AI_Lable_Floater_V1/raw/package1/JPEGImages/0376.jpg,package1,package1,image,image,True,False
near_duplicate_dhash,1,datasets/water/IWHR_AI_Lable_Floater_V1/raw/package1/JPEGImages/0357.jpg,datasets/water/IWHR_AI_Lable_Floater_V1/raw/package1/JPEGImages/0392.jpg,package1,package1,image,image,True,False
near_duplicate_dhash,1,datasets/water/IWHR_AI_Lable_Floater_V1/raw/package1/JPEGImages/0357.jpg,datasets/water/IWHR_AI_Lable_Floater_V1/raw/package1/JPEGImages/0716.jpg,package1,package1,image,image,True,False
near_duplicate_dhash,2,datasets/water/IWHR_AI_Lable_Floater_V1/raw/package1/JPEGImages/0358.jpg,datasets/water/IWHR_AI_Lable_Floater_V1/raw/package1/JPEGImages/0384.jpg,package1,package1,image,image,True,False
near_duplicate_dhash,2,datasets/water/IWHR_AI_Lable_Floater_V1/raw/package1/JPEGImages/0358.jpg,datasets/water/IWHR_AI_Lable_Floater_V1/raw/package1/JPEGImages/0389.jpg,package1,package1,image,image,True,False
near_duplicate_dhash,2,datasets/water/IWHR_AI_Lable_Floater_V1/raw/package1/JPEGImages/0359.jpg,datasets/water/IWHR_AI_Lable_Floater_V1/raw/package1/JPEGImages/0362.jpg,package1,package1,image,image,True,False
near_duplicate_dhash,1,datasets/water/IWHR_AI_Lable_Floater_V1/raw/package1/JPEGImages/0360.jpg,datasets/water/IWHR_AI_Lable_Floater_V1/raw/package1/JPEGImages/0751.jpg,package1,package1,image,image,True,False
near_duplicate_dhash,1,datasets/water/IWHR_AI_Lable_Floater_V1/raw/package1/JPEGImages/0364.jpg,datasets/water/IWHR_AI_Lable_Floater_V1/raw/package1/JPEGImages/0368.jpg,package1,package1,image,image,True,False
near_duplicate_dhash,1,datasets/water/IWHR_AI_Lable_Floater_V1/raw/package1/JPEGImages/0364.jpg,datasets/water/IWHR_AI_Lable_Floater_V1/raw/package1/JPEGImages/0380.jpg,package1,package1,image,image,True,False
near_duplicate_dhash,1,datasets/water/IWHR_AI_Lable_Floater_V1/raw/package1/JPEGImages/0366.jpg,datasets/water/IWHR_AI_Lable_Floater_V1/raw/package1/JPEGImages/0374.jpg,package1,package1,image,image,True,False
near_duplicate_dhash,2,datasets/water/IWHR_AI_Lable_Floater_V1/raw/package1/JPEGImages/0366.jpg,datasets/water/IWHR_AI_Lable_Floater_V1/raw/package1/JPEGImages/0735.jpg,package1,package1,image,image,True,False
near_duplicate_dhash,1,datasets/water/IWHR_AI_Lable_Floater_V1/raw/package1/JPEGImages/0367.jpg,datasets/water/IWHR_AI_Lable_Floater_V1/raw/package1/JPEGImages/0371.jpg,package1,package1,image,image,True,False
near_duplicate_dhash,1,datasets/water/IWHR_AI_Lable_Floater_V1/raw/package1/JPEGImages/0367.jpg,datasets/water/IWHR_AI_Lable_Floater_V1/raw/package1/JPEGImages/0375.jpg,package1,package1,image,image,True,False
near_duplicate_dhash,2,datasets/water/IWHR_AI_Lable_Floater_V1/raw/package1/JPEGImages/0368.jpg,datasets/water/IWHR_AI_Lable_Floater_V1/raw/package1/JPEGImages/0380.jpg,package1,package1,image,image,True,False
near_duplicate_dhash,2,datasets/water/IWHR_AI_Lable_Floater_V1/raw/package1/JPEGImages/0369.jpg,datasets/water/IWHR_AI_Lable_Floater_V1/raw/package1/JPEGImages/0372.jpg,package1,package1,image,image,True,False
near_duplicate_dhash,1,datasets/water/IWHR_AI_Lable_Floater_V1/raw/package1/JPEGImages/0369.jpg,datasets/water/IWHR_AI_Lable_Floater_V1/raw/package1/JPEGImages/0385.jpg,package1,package1,image,image,True,False
near_duplicate_dhash,1,datasets/water/IWHR_AI_Lable_Floater_V1/raw/package1/JPEGImages/0369.jpg,datasets/water/IWHR_AI_Lable_Floater_V1/raw/package1/JPEGImages/0424.jpg,package1,package1,image,image,True,False
near_duplicate_dhash,2,datasets/water/IWHR_AI_Lable_Floater_V1/raw/package1/JPEGImages/0369.jpg,datasets/water/IWHR_AI_Lable_Floater_V1/raw/package1/JPEGImages/0448.jpg,package1,package1,image,image,True,False
near_duplicate_dhash,2,datasets/water/IWHR_AI_Lable_Floater_V1/raw/package1/JPEGImages/0369.jpg,datasets/water/IWHR_AI_Lable_Floater_V1/raw/package1/JPEGImages/0460.jpg,package1,package1,image,image,True,False
near_duplicate_dhash,1,datasets/water/IWHR_AI_Lable_Floater_V1/raw/package1/JPEGImages/0369.jpg,datasets/water/IWHR_AI_Lable_Floater_V1/raw/package1/JPEGImages/0463.jpg,package1,package1,image,image,True,False
near_duplicate_dhash,1,datasets/water/IWHR_AI_Lable_Floater_V1/raw/package1/JPEGImages/0369.jpg,datasets/water/IWHR_AI_Lable_Floater_V1/raw/package1/JPEGImages/0471.jpg,package1,package1,image,image,True,False
near_duplicate_dhash,2,datasets/water/IWHR_AI_Lable_Floater_V1/raw/package1/JPEGImages/0369.jpg,datasets/water/IWHR_AI_Lable_Floater_V1/raw/package1/JPEGImages/0478.jpg,package1,package1,image,image,True,False
near_duplicate_dhash,2,datasets/water/IWHR_AI_Lable_Floater_V1/raw/package1/JPEGImages/0369.jpg,datasets/water/IWHR_AI_Lable_Floater_V1/raw/package1/JPEGImages/0491.jpg,package1,package1,image,image,True,False
near_duplicate_dhash,1,datasets/water/IWHR_AI_Lable_Floater_V1/raw/package1/JPEGImages/0369.jpg,datasets/water/IWHR_AI_Lable_Floater_V1/raw/package1/JPEGImages/0507.jpg,package1,package1,image,image,True,False
near_duplicate_dhash,2,datasets/water/IWHR_AI_Lable_Floater_V1/raw/package1/JPEGImages/0369.jpg,datasets/water/IWHR_AI_Lable_Floater_V1/raw/package1/JPEGImages/0522.jpg,package1,package1,image,image,True,False
near_duplicate_dhash,2,datasets/water/IWHR_AI_Lable_Floater_V1/raw/package1/JPEGImages/0369.jpg,datasets/water/IWHR_AI_Lable_Floater_V1/raw/package1/JPEGImages/0527.jpg,package1,package1,image,image,True,False
near_duplicate_dhash,1,datasets/water/IWHR_AI_Lable_Floater_V1/raw/package1/JPEGImages/0369.jpg,datasets/water/IWHR_AI_Lable_Floater_V1/raw/package1/JPEGImages/0533.jpg,package1,package1,image,image,True,False
near_duplicate_dhash,2,datasets/water/IWHR_AI_Lable_Floater_V1/raw/package1/JPEGImages/0369.jpg,datasets/water/IWHR_AI_Lable_Floater_V1/raw/package1/JPEGImages/0540.jpg,package1,package1,image,image,True,False
near_duplicate_dhash,2,datasets/water/IWHR_AI_Lable_Floater_V1/raw/package1/JPEGImages/0372.jpg,datasets/water/IWHR_AI_Lable_Floater_V1/raw/package1/JPEGImages/0390.jpg,package1,package1,image,image,True,False
near_duplicate_dhash,2,datasets/water/IWHR_AI_Lable_Floater_V1/raw/package1/JPEGImages/0372.jpg,datasets/water/IWHR_AI_Lable_Floater_V1/raw/package1/JPEGImages/0396.jpg,package1,package1,image,image,True,False
near_duplicate_dhash,2,datasets/water/IWHR_AI_Lable_Floater_V1/raw/package1/JPEGImages/0372.jpg,datasets/water/IWHR_AI_Lable_Floater_V1/raw/package1/JPEGImages/0404.jpg,package1,package1,image,image,True,False
near_duplicate_dhash,2,datasets/water/IWHR_AI_Lable_Floater_V1/raw/package1/JPEGImages/0372.jpg,datasets/water/IWHR_AI_Lable_Floater_V1/raw/package1/JPEGImages/0416.jpg,package1,package1,image,image,True,False
near_duplicate_dhash,1,datasets/water/IWHR_AI_Lable_Floater_V1/raw/package1/JPEGImages/0372.jpg,datasets/water/IWHR_AI_Lable_Floater_V1/raw/package1/JPEGImages/0424.jpg,package1,package1,image,image,True,False
near_duplicate_dhash,2,datasets/water/IWHR_AI_Lable_Floater_V1/raw/package1/JPEGImages/0372.jpg,datasets/water/IWHR_AI_Lable_Floater_V1/raw/package1/JPEGImages/0442.jpg,package1,package1,image,image,True,False
near_duplicate_dhash,2,datasets/water/IWHR_AI_Lable_Floater_V1/raw/package1/JPEGImages/0372.jpg,datasets/water/IWHR_AI_Lable_Floater_V1/raw/package1/JPEGImages/0448.jpg,package1,package1,image,image,True,False
near_duplicate_dhash,2,datasets/water/IWHR_AI_Lable_Floater_V1/raw/package1/JPEGImages/0372.jpg,datasets/water/IWHR_AI_Lable_Floater_V1/raw/package1/JPEGImages/0460.jpg,package1,package1,image,image,True,False
near_duplicate_dhash,1,datasets/water/IWHR_AI_Lable_Floater_V1/raw/package1/JPEGImages/0372.jpg,datasets/water/IWHR_AI_Lable_Floater_V1/raw/package1/JPEGImages/0463.jpg,package1,package1,image,image,True,False
near_duplicate_dhash,1,datasets/water/IWHR_AI_Lable_Floater_V1/raw/package1/JPEGImages/0372.jpg,datasets/water/IWHR_AI_Lable_Floater_V1/raw/package1/JPEGImages/0471.jpg,package1,package1,image,image,True,False
near_duplicate_dhash,2,datasets/water/IWHR_AI_Lable_Floater_V1/raw/package1/JPEGImages/0372.jpg,datasets/water/IWHR_AI_Lable_Floater_V1/raw/package1/JPEGImages/0478.jpg,package1,package1,image,image,True,False
near_duplicate_dhash,1,datasets/water/IWHR_AI_Lable_Floater_V1/raw/package1/JPEGImages/0372.jpg,datasets/water/IWHR_AI_Lable_Floater_V1/raw/package1/JPEGImages/0497.jpg,package1,package1,image,image,True,False
near_duplicate_dhash,2,datasets/water/IWHR_AI_Lable_Floater_V1/raw/package1/JPEGImages/0372.jpg,datasets/water/IWHR_AI_Lable_Floater_V1/raw/package1/JPEGImages/0522.jpg,package1,package1,image,image,True,False
near_duplicate_dhash,2,datasets/water/IWHR_AI_Lable_Floater_V1/raw/package1/JPEGImages/0372.jpg,datasets/water/IWHR_AI_Lable_Floater_V1/raw/package1/JPEGImages/0527.jpg,package1,package1,image,image,True,False
near_duplicate_dhash,2,datasets/water/IWHR_AI_Lable_Floater_V1/raw/package1/JPEGImages/0373.jpg,datasets/water/IWHR_AI_Lable_Floater_V1/raw/package1/JPEGImages/0676.jpg,package1,package1,image,image,True,False
near_duplicate_dhash,1,datasets/water/IWHR_AI_Lable_Floater_V1/raw/package1/JPEGImages/0374.jpg,datasets/water/IWHR_AI_Lable_Floater_V1/raw/package1/JPEGImages/0735.jpg,package1,package1,image,image,True,False
near_duplicate_dhash,2,datasets/water/IWHR_AI_Lable_Floater_V1/raw/package1/JPEGImages/0383.jpg,datasets/water/IWHR_AI_Lable_Floater_V1/raw/package1/JPEGImages/0403.jpg,package1,package1,image,image,True,False
near_duplicate_dhash,1,datasets/water/IWHR_AI_Lable_Floater_V1/raw/package1/JPEGImages/0383.jpg,datasets/water/IWHR_AI_Lable_Floater_V1/raw/package1/JPEGImages/0406.jpg,package1,package1,image,image,True,False
near_duplicate_dhash,1,datasets/water/IWHR_AI_Lable_Floater_V1/raw/package1/JPEGImages/0384.jpg,datasets/water/IWHR_AI_Lable_Floater_V1/raw/package1/JPEGImages/0441.jpg,package1,package1,image,image,True,False
near_duplicate_dhash,1,datasets/water/IWHR_AI_Lable_Floater_V1/raw/package1/JPEGImages/0385.jpg,datasets/water/IWHR_AI_Lable_Floater_V1/raw/package1/JPEGImages/0390.jpg,package1,package1,image,image,True,False
near_duplicate_dhash,1,datasets/water/IWHR_AI_Lable_Floater_V1/raw/package1/JPEGImages/0385.jpg,datasets/water/IWHR_AI_Lable_Floater_V1/raw/package1/JPEGImages/0396.jpg,package1,package1,image,image,True,False
near_duplicate_dhash,1,datasets/water/IWHR_AI_Lable_Floater_V1/raw/package1/JPEGImages/0385.jpg,datasets/water/IWHR_AI_Lable_Floater_V1/raw/package1/JPEGImages/0404.jpg,package1,package1,image,image,True,False
near_duplicate_dhash,1,datasets/water/IWHR_AI_Lable_Floater_V1/raw/package1/JPEGImages/0385.jpg,datasets/water/IWHR_AI_Lable_Floater_V1/raw/package1/JPEGImages/0416.jpg,package1,package1,image,image,True,False
near_duplicate_dhash,2,datasets/water/IWHR_AI_Lable_Floater_V1/raw/package1/JPEGImages/0385.jpg,datasets/water/IWHR_AI_Lable_Floater_V1/raw/package1/JPEGImages/0424.jpg,package1,package1,image,image,True,False
near_duplicate_dhash,1,datasets/water/IWHR_AI_Lable_Floater_V1/raw/package1/JPEGImages/0385.jpg,datasets/water/IWHR_AI_Lable_Floater_V1/raw/package1/JPEGImages/0442.jpg,package1,package1,image,image,True,False
near_duplicate_dhash,1,datasets/water/IWHR_AI_Lable_Floater_V1/raw/package1/JPEGImages/0385.jpg,datasets/water/IWHR_AI_Lable_Floater_V1/raw/package1/JPEGImages/0448.jpg,package1,package1,image,image,True,False
near_duplicate_dhash,1,datasets/water/IWHR_AI_Lable_Floater_V1/raw/package1/JPEGImages/0385.jpg,datasets/water/IWHR_AI_Lable_Floater_V1/raw/package1/JPEGImages/0460.jpg,package1,package1,image,image,True,False
near_duplicate_dhash,2,datasets/water/IWHR_AI_Lable_Floater_V1/raw/package1/JPEGImages/0385.jpg,datasets/water/IWHR_AI_Lable_Floater_V1/raw/package1/JPEGImages/0463.jpg,package1,package1,image,image,True,False
near_duplicate_dhash,2,datasets/water/IWHR_AI_Lable_Floater_V1/raw/package1/JPEGImages/0385.jpg,datasets/water/IWHR_AI_Lable_Floater_V1/raw/package1/JPEGImages/0471.jpg,package1,package1,image,image,True,False
near_duplicate_dhash,1,datasets/water/IWHR_AI_Lable_Floater_V1/raw/package1/JPEGImages/0385.jpg,datasets/water/IWHR_AI_Lable_Floater_V1/raw/package1/JPEGImages/0478.jpg,package1,package1,image,image,True,False
near_duplicate_dhash,2,datasets/water/IWHR_AI_Lable_Floater_V1/raw/package1/JPEGImages/0385.jpg,datasets/water/IWHR_AI_Lable_Floater_V1/raw/package1/JPEGImages/0497.jpg,package1,package1,image,image,True,False
near_duplicate_dhash,1,datasets/water/IWHR_AI_Lable_Floater_V1/raw/package1/JPEGImages/0385.jpg,datasets/water/IWHR_AI_Lable_Floater_V1/raw/package1/JPEGImages/0522.jpg,package1,package1,image,image,True,False
near_duplicate_dhash,1,datasets/water/IWHR_AI_Lable_Floater_V1/raw/package1/JPEGImages/0385.jpg,datasets/water/IWHR_AI_Lable_Floater_V1/raw/package1/JPEGImages/0527.jpg,package1,package1,image,image,True,False
near_duplicate_dhash,1,datasets/water/IWHR_AI_Lable_Floater_V1/raw/package1/JPEGImages/0385.jpg,datasets/water/IWHR_AI_Lable_Floater_V1/raw/package1/JPEGImages/0540.jpg,package1,package1,image,image,True,False
near_duplicate_dhash,1,datasets/water/IWHR_AI_Lable_Floater_V1/raw/package1/JPEGImages/0389.jpg,datasets/water/IWHR_AI_Lable_Floater_V1/raw/package1/JPEGImages/0441.jpg,package1,package1,image,image,True,False
near_duplicate_dhash,1,datasets/water/IWHR_AI_Lable_Floater_V1/raw/package1/JPEGImages/0390.jpg,datasets/water/IWHR_AI_Lable_Floater_V1/raw/package1/JPEGImages/0424.jpg,package1,package1,image,image,True,False
near_duplicate_dhash,2,datasets/water/IWHR_AI_Lable_Floater_V1/raw/package1/JPEGImages/0390.jpg,datasets/water/IWHR_AI_Lable_Floater_V1/raw/package1/JPEGImages/0448.jpg,package1,package1,image,image,True,False
near_duplicate_dhash,2,datasets/water/IWHR_AI_Lable_Floater_V1/raw/package1/JPEGImages/0390.jpg,datasets/water/IWHR_AI_Lable_Floater_V1/raw/package1/JPEGImages/0460.jpg,package1,package1,image,image,True,False
near_duplicate_dhash,1,datasets/water/IWHR_AI_Lable_Floater_V1/raw/package1/JPEGImages/0390.jpg,datasets/water/IWHR_AI_Lable_Floater_V1/raw/package1/JPEGImages/0463.jpg,package1,package1,image,image,True,False
near_duplicate_dhash,1,datasets/water/IWHR_AI_Lable_Floater_V1/raw/package1/JPEGImages/0390.jpg,datasets/water/IWHR_AI_Lable_Floater_V1/raw/package1/JPEGImages/0471.jpg,package1,package1,image,image,True,False
near_duplicate_dhash,2,datasets/water/IWHR_AI_Lable_Floater_V1/raw/package1/JPEGImages/0390.jpg,datasets/water/IWHR_AI_Lable_Floater_V1/raw/package1/JPEGImages/0478.jpg,package1,package1,image,image,True,False
near_duplicate_dhash,2,datasets/water/IWHR_AI_Lable_Floater_V1/raw/package1/JPEGImages/0390.jpg,datasets/water/IWHR_AI_Lable_Floater_V1/raw/package1/JPEGImages/0491.jpg,package1,package1,image,image,True,False
near_duplicate_dhash,1,datasets/water/IWHR_AI_Lable_Floater_V1/raw/package1/JPEGImages/0390.jpg,datasets/water/IWHR_AI_Lable_Floater_V1/raw/package1/JPEGImages/0507.jpg,package1,package1,image,image,True,False
near_duplicate_dhash,2,datasets/water/IWHR_AI_Lable_Floater_V1/raw/package1/JPEGImages/0390.jpg,datasets/water/IWHR_AI_Lable_Floater_V1/raw/package1/JPEGImages/0522.jpg,package1,package1,image,image,True,False
near_duplicate_dhash,2,datasets/water/IWHR_AI_Lable_Floater_V1/raw/package1/JPEGImages/0390.jpg,datasets/water/IWHR_AI_Lable_Floater_V1/raw/package1/JPEGImages/0527.jpg,package1,package1,image,image,True,False
near_duplicate_dhash,1,datasets/water/IWHR_AI_Lable_Floater_V1/raw/package1/JPEGImages/0390.jpg,datasets/water/IWHR_AI_Lable_Floater_V1/raw/package1/JPEGImages/0533.jpg,package1,package1,image,image,True,False
near_duplicate_dhash,2,datasets/water/IWHR_AI_Lable_Floater_V1/raw/package1/JPEGImages/0390.jpg,datasets/water/IWHR_AI_Lable_Floater_V1/raw/package1/JPEGImages/0540.jpg,package1,package1,image,image,True,False
near_duplicate_dhash,2,datasets/water/IWHR_AI_Lable_Floater_V1/raw/package1/JPEGImages/0392.jpg,datasets/water/IWHR_AI_Lable_Floater_V1/raw/package1/JPEGImages/0716.jpg,package1,package1,image,image,True,False
near_duplicate_dhash,1,datasets/water/IWHR_AI_Lable_Floater_V1/raw/package1/JPEGImages/0396.jpg,datasets/water/IWHR_AI_Lable_Floater_V1/raw/package1/JPEGImages/0424.jpg,package1,package1,image,image,True,False
near_duplicate_dhash,2,datasets/water/IWHR_AI_Lable_Floater_V1/raw/package1/JPEGImages/0396.jpg,datasets/water/IWHR_AI_Lable_Floater_V1/raw/package1/JPEGImages/0448.jpg,package1,package1,image,image,True,False
near_duplicate_dhash,2,datasets/water/IWHR_AI_Lable_Floater_V1/raw/package1/JPEGImages/0396.jpg,datasets/water/IWHR_AI_Lable_Floater_V1/raw/package1/JPEGImages/0460.jpg,package1,package1,image,image,True,False
near_duplicate_dhash,1,datasets/water/IWHR_AI_Lable_Floater_V1/raw/package1/JPEGImages/0396.jpg,datasets/water/IWHR_AI_Lable_Floater_V1/raw/package1/JPEGImages/0463.jpg,package1,package1,image,image,True,False
near_duplicate_dhash,1,datasets/water/IWHR_AI_Lable_Floater_V1/raw/package1/JPEGImages/0396.jpg,datasets/water/IWHR_AI_Lable_Floater_V1/raw/package1/JPEGImages/0471.jpg,package1,package1,image,image,True,False
near_duplicate_dhash,2,datasets/water/IWHR_AI_Lable_Floater_V1/raw/package1/JPEGImages/0396.jpg,datasets/water/IWHR_AI_Lable_Floater_V1/raw/package1/JPEGImages/0478.jpg,package1,package1,image,image,True,False
near_duplicate_dhash,2,datasets/water/IWHR_AI_Lable_Floater_V1/raw/package1/JPEGImages/0396.jpg,datasets/water/IWHR_AI_Lable_Floater_V1/raw/package1/JPEGImages/0491.jpg,package1,package1,image,image,True,False
near_duplicate_dhash,1,datasets/water/IWHR_AI_Lable_Floater_V1/raw/package1/JPEGImages/0396.jpg,datasets/water/IWHR_AI_Lable_Floater_V1/raw/package1/JPEGImages/0507.jpg,package1,package1,image,image,True,False
near_duplicate_dhash,2,datasets/water/IWHR_AI_Lable_Floater_V1/raw/package1/JPEGImages/0396.jpg,datasets/water/IWHR_AI_Lable_Floater_V1/raw/package1/JPEGImages/0522.jpg,package1,package1,image,image,True,False
near_duplicate_dhash,2,datasets/water/IWHR_AI_Lable_Floater_V1/raw/package1/JPEGImages/0396.jpg,datasets/water/IWHR_AI_Lable_Floater_V1/raw/package1/JPEGImages/0527.jpg,package1,package1,image,image,True,False
near_duplicate_dhash,1,datasets/water/IWHR_AI_Lable_Floater_V1/raw/package1/JPEGImages/0396.jpg,datasets/water/IWHR_AI_Lable_Floater_V1/raw/package1/JPEGImages/0533.jpg,package1,package1,image,image,True,False
near_duplicate_dhash,2,datasets/water/IWHR_AI_Lable_Floater_V1/raw/package1/JPEGImages/0396.jpg,datasets/water/IWHR_AI_Lable_Floater_V1/raw/package1/JPEGImages/0540.jpg,package1,package1,image,image,True,False
near_duplicate_dhash,2,datasets/water/IWHR_AI_Lable_Floater_V1/raw/package1/JPEGImages/0399.jpg,datasets/water/IWHR_AI_Lable_Floater_V1/raw/package1/JPEGImages/0414.jpg,package1,package1,image,image,True,False
near_duplicate_dhash,2,datasets/water/IWHR_AI_Lable_Floater_V1/raw/package1/JPEGImages/0402.jpg,datasets/water/IWHR_AI_Lable_Floater_V1/raw/package1/JPEGImages/0506.jpg,package1,package1,image,image,True,False
near_duplicate_dhash,1,datasets/water/IWHR_AI_Lable_Floater_V1/raw/package1/JPEGImages/0403.jpg,datasets/water/IWHR_AI_Lable_Floater_V1/raw/package1/JPEGImages/0406.jpg,package1,package1,image,image,True,False
near_duplicate_dhash,1,datasets/water/IWHR_AI_Lable_Floater_V1/raw/package1/JPEGImages/0404.jpg,datasets/water/IWHR_AI_Lable_Floater_V1/raw/package1/JPEGImages/0424.jpg,package1,package1,image,image,True,False
near_duplicate_dhash,2,datasets/water/IWHR_AI_Lable_Floater_V1/raw/package1/JPEGImages/0404.jpg,datasets/water/IWHR_AI_Lable_Floater_V1/raw/package1/JPEGImages/0448.jpg,package1,package1,image,image,True,False
near_duplicate_dhash,2,datasets/water/IWHR_AI_Lable_Floater_V1/raw/package1/JPEGImages/0404.jpg,datasets/water/IWHR_AI_Lable_Floater_V1/raw/package1/JPEGImages/0460.jpg,package1,package1,image,image,True,False
near_duplicate_dhash,1,datasets/water/IWHR_AI_Lable_Floater_V1/raw/package1/JPEGImages/0404.jpg,datasets/water/IWHR_AI_Lable_Floater_V1/raw/package1/JPEGImages/0463.jpg,package1,package1,image,image,True,False
near_duplicate_dhash,1,datasets/water/IWHR_AI_Lable_Floater_V1/raw/package1/JPEGImages/0404.jpg,datasets/water/IWHR_AI_Lable_Floater_V1/raw/package1/JPEGImages/0471.jpg,package1,package1,image,image,True,False
near_duplicate_dhash,2,datasets/water/IWHR_AI_Lable_Floater_V1/raw/package1/JPEGImages/0404.jpg,datasets/water/IWHR_AI_Lable_Floater_V1/raw/package1/JPEGImages/0478.jpg,package1,package1,image,image,True,False
near_duplicate_dhash,2,datasets/water/IWHR_AI_Lable_Floater_V1/raw/package1/JPEGImages/0404.jpg,datasets/water/IWHR_AI_Lable_Floater_V1/raw/package1/JPEGImages/0491.jpg,package1,package1,image,image,True,False
near_duplicate_dhash,1,datasets/water/IWHR_AI_Lable_Floater_V1/raw/package1/JPEGImages/0404.jpg,datasets/water/IWHR_AI_Lable_Floater_V1/raw/package1/JPEGImages/0507.jpg,package1,package1,image,image,True,False
near_duplicate_dhash,2,datasets/water/IWHR_AI_Lable_Floater_V1/raw/package1/JPEGImages/0404.jpg,datasets/water/IWHR_AI_Lable_Floater_V1/raw/package1/JPEGImages/0522.jpg,package1,package1,image,image,True,False
near_duplicate_dhash,2,datasets/water/IWHR_AI_Lable_Floater_V1/raw/package1/JPEGImages/0404.jpg,datasets/water/IWHR_AI_Lable_Floater_V1/raw/package1/JPEGImages/0527.jpg,package1,package1,image,image,True,False
near_duplicate_dhash,1,datasets/water/IWHR_AI_Lable_Floater_V1/raw/package1/JPEGImages/0404.jpg,datasets/water/IWHR_AI_Lable_Floater_V1/raw/package1/JPEGImages/0533.jpg,package1,package1,image,image,True,False
near_duplicate_dhash,2,datasets/water/IWHR_AI_Lable_Floater_V1/raw/package1/JPEGImages/0404.jpg,datasets/water/IWHR_AI_Lable_Floater_V1/raw/package1/JPEGImages/0540.jpg,package1,package1,image,image,True,False
near_duplicate_dhash,2,datasets/water/IWHR_AI_Lable_Floater_V1/raw/package1/JPEGImages/0405.jpg,datasets/water/IWHR_AI_Lable_Floater_V1/raw/package1/JPEGImages/0495.jpg,package1,package1,image,image,True,False
near_duplicate_dhash,2,datasets/water/IWHR_AI_Lable_Floater_V1/raw/package1/JPEGImages/0405.jpg,datasets/water/IWHR_AI_Lable_Floater_V1/raw/package1/JPEGImages/0763.jpg,package1,package1,image,image,True,False
near_duplicate_dhash,2,datasets/water/IWHR_AI_Lable_Floater_V1/raw/package1/JPEGImages/0407.jpg,datasets/water/IWHR_AI_Lable_Floater_V1/raw/package1/JPEGImages/0783.jpg,package1,package1,image,image,True,False
near_duplicate_dhash,2,datasets/water/IWHR_AI_Lable_Floater_V1/raw/package1/JPEGImages/0411.jpg,datasets/water/IWHR_AI_Lable_Floater_V1/raw/package1/JPEGImages/0418.jpg,package1,package1,image,image,True,False
near_duplicate_dhash,2,datasets/water/IWHR_AI_Lable_Floater_V1/raw/package1/JPEGImages/0413.jpg,datasets/water/IWHR_AI_Lable_Floater_V1/raw/package1/JPEGImages/0715.jpg,package1,package1,image,image,True,False
near_duplicate_dhash,1,datasets/water/IWHR_AI_Lable_Floater_V1/raw/package1/JPEGImages/0414.jpg,datasets/water/IWHR_AI_Lable_Floater_V1/raw/package1/JPEGImages/0423.jpg,package1,package1,image,image,True,False
near_duplicate_dhash,1,datasets/water/IWHR_AI_Lable_Floater_V1/raw/package1/JPEGImages/0414.jpg,datasets/water/IWHR_AI_Lable_Floater_V1/raw/package1/JPEGImages/0430.jpg,package1,package1,image,image,True,False
near_duplicate_dhash,1,datasets/water/IWHR_AI_Lable_Floater_V1/raw/package1/JPEGImages/0416.jpg,datasets/water/IWHR_AI_Lable_Floater_V1/raw/package1/JPEGImages/0424.jpg,package1,package1,image,image,True,False
near_duplicate_dhash,2,datasets/water/IWHR_AI_Lable_Floater_V1/raw/package1/JPEGImages/0416.jpg,datasets/water/IWHR_AI_Lable_Floater_V1/raw/package1/JPEGImages/0448.jpg,package1,package1,image,image,True,False
near_duplicate_dhash,2,datasets/water/IWHR_AI_Lable_Floater_V1/raw/package1/JPEGImages/0416.jpg,datasets/water/IWHR_AI_Lable_Floater_V1/raw/package1/JPEGImages/0460.jpg,package1,package1,image,image,True,False
near_duplicate_dhash,1,datasets/water/IWHR_AI_Lable_Floater_V1/raw/package1/JPEGImages/0416.jpg,datasets/water/IWHR_AI_Lable_Floater_V1/raw/package1/JPEGImages/0463.jpg,package1,package1,image,image,True,False
near_duplicate_dhash,1,datasets/water/IWHR_AI_Lable_Floater_V1/raw/package1/JPEGImages/0416.jpg,datasets/water/IWHR_AI_Lable_Floater_V1/raw/package1/JPEGImages/0471.jpg,package1,package1,image,image,True,False
near_duplicate_dhash,2,datasets/water/IWHR_AI_Lable_Floater_V1/raw/package1/JPEGImages/0416.jpg,datasets/water/IWHR_AI_Lable_Floater_V1/raw/package1/JPEGImages/0478.jpg,package1,package1,image,image,True,False
near_duplicate_dhash,2,datasets/water/IWHR_AI_Lable_Floater_V1/raw/package1/JPEGImages/0416.jpg,datasets/water/IWHR_AI_Lable_Floater_V1/raw/package1/JPEGImages/0491.jpg,package1,package1,image,image,True,False
near_duplicate_dhash,1,datasets/water/IWHR_AI_Lable_Floater_V1/raw/package1/JPEGImages/0416.jpg,datasets/water/IWHR_AI_Lable_Floater_V1/raw/package1/JPEGImages/0507.jpg,package1,package1,image,image,True,False
near_duplicate_dhash,2,datasets/water/IWHR_AI_Lable_Floater_V1/raw/package1/JPEGImages/0416.jpg,datasets/water/IWHR_AI_Lable_Floater_V1/raw/package1/JPEGImages/0522.jpg,package1,package1,image,image,True,False
near_duplicate_dhash,2,datasets/water/IWHR_AI_Lable_Floater_V1/raw/package1/JPEGImages/0416.jpg,datasets/water/IWHR_AI_Lable_Floater_V1/raw/package1/JPEGImages/0527.jpg,package1,package1,image,image,True,False
near_duplicate_dhash,1,datasets/water/IWHR_AI_Lable_Floater_V1/raw/package1/JPEGImages/0416.jpg,datasets/water/IWHR_AI_Lable_Floater_V1/raw/package1/JPEGImages/0533.jpg,package1,package1,image,image,True,False
near_duplicate_dhash,2,datasets/water/IWHR_AI_Lable_Floater_V1/raw/package1/JPEGImages/0416.jpg,datasets/water/IWHR_AI_Lable_Floater_V1/raw/package1/JPEGImages/0540.jpg,package1,package1,image,image,True,False
near_duplicate_dhash,1,datasets/water/IWHR_AI_Lable_Floater_V1/raw/package1/JPEGImages/0421.jpg,datasets/water/IWHR_AI_Lable_Floater_V1/raw/package1/JPEGImages/0639.jpg,package1,package1,image,image,True,False
near_duplicate_dhash,1,datasets/water/IWHR_AI_Lable_Floater_V1/raw/package1/JPEGImages/0424.jpg,datasets/water/IWHR_AI_Lable_Floater_V1/raw/package1/JPEGImages/0442.jpg,package1,package1,image,image,True,False
near_duplicate_dhash,1,datasets/water/IWHR_AI_Lable_Floater_V1/raw/package1/JPEGImages/0424.jpg,datasets/water/IWHR_AI_Lable_Floater_V1/raw/package1/JPEGImages/0448.jpg,package1,package1,image,image,True,False
near_duplicate_dhash,1,datasets/water/IWHR_AI_Lable_Floater_V1/raw/package1/JPEGImages/0424.jpg,datasets/water/IWHR_AI_Lable_Floater_V1/raw/package1/JPEGImages/0460.jpg,package1,package1,image,image,True,False
near_duplicate_dhash,1,datasets/water/IWHR_AI_Lable_Floater_V1/raw/package1/JPEGImages/0424.jpg,datasets/water/IWHR_AI_Lable_Floater_V1/raw/package1/JPEGImages/0478.jpg,package1,package1,image,image,True,False
near_duplicate_dhash,1,datasets/water/IWHR_AI_Lable_Floater_V1/raw/package1/JPEGImages/0424.jpg,datasets/water/IWHR_AI_Lable_Floater_V1/raw/package1/JPEGImages/0491.jpg,package1,package1,image,image,True,False
near_duplicate_dhash,2,datasets/water/IWHR_AI_Lable_Floater_V1/raw/package1/JPEGImages/0424.jpg,datasets/water/IWHR_AI_Lable_Floater_V1/raw/package1/JPEGImages/0497.jpg,package1,package1,image,image,True,False
near_duplicate_dhash,2,datasets/water/IWHR_AI_Lable_Floater_V1/raw/package1/JPEGImages/0424.jpg,datasets/water/IWHR_AI_Lable_Floater_V1/raw/package1/JPEGImages/0507.jpg,package1,package1,image,image,True,False
near_duplicate_dhash,1,datasets/water/IWHR_AI_Lable_Floater_V1/raw/package1/JPEGImages/0424.jpg,datasets/water/IWHR_AI_Lable_Floater_V1/raw/package1/JPEGImages/0522.jpg,package1,package1,image,image,True,False
near_duplicate_dhash,1,datasets/water/IWHR_AI_Lable_Floater_V1/raw/package1/JPEGImages/0424.jpg,datasets/water/IWHR_AI_Lable_Floater_V1/raw/package1/JPEGImages/0527.jpg,package1,package1,image,image,True,False
near_duplicate_dhash,2,datasets/water/IWHR_AI_Lable_Floater_V1/raw/package1/JPEGImages/0424.jpg,datasets/water/IWHR_AI_Lable_Floater_V1/raw/package1/JPEGImages/0533.jpg,package1,package1,image,image,True,False
near_duplicate_dhash,2,datasets/water/IWHR_AI_Lable_Floater_V1/raw/package1/JPEGImages/0425.jpg,datasets/water/IWHR_AI_Lable_Floater_V1/raw/package1/JPEGImages/0455.jpg,package1,package1,image,image,True,False
near_duplicate_dhash,2,datasets/water/IWHR_AI_Lable_Floater_V1/raw/package1/JPEGImages/0429.jpg,datasets/water/IWHR_AI_Lable_Floater_V1/raw/package1/JPEGImages/0678.jpg,package1,package1,image,image,True,False
near_duplicate_dhash,2,datasets/water/IWHR_AI_Lable_Floater_V1/raw/package1/JPEGImages/0429.jpg,datasets/water/IWHR_AI_Lable_Floater_V1/raw/package1/JPEGImages/0686.jpg,package1,package1,image,image,True,False
near_duplicate_dhash,1,datasets/water/IWHR_AI_Lable_Floater_V1/raw/package1/JPEGImages/0429.jpg,datasets/water/IWHR_AI_Lable_Floater_V1/raw/package1/JPEGImages/0696.jpg,package1,package1,image,image,True,False
near_duplicate_dhash,2,datasets/water/IWHR_AI_Lable_Floater_V1/raw/package1/JPEGImages/0436.jpg,datasets/water/IWHR_AI_Lable_Floater_V1/raw/package1/JPEGImages/0696.jpg,package1,package1,image,image,True,False
near_duplicate_dhash,2,datasets/water/IWHR_AI_Lable_Floater_V1/raw/package1/JPEGImages/0442.jpg,datasets/water/IWHR_AI_Lable_Floater_V1/raw/package1/JPEGImages/0448.jpg,package1,package1,image,image,True,False
near_duplicate_dhash,2,datasets/water/IWHR_AI_Lable_Floater_V1/raw/package1/JPEGImages/0442.jpg,datasets/water/IWHR_AI_Lable_Floater_V1/raw/package1/JPEGImages/0460.jpg,package1,package1,image,image,True,False
near_duplicate_dhash,1,datasets/water/IWHR_AI_Lable_Floater_V1/raw/package1/JPEGImages/0442.jpg,datasets/water/IWHR_AI_Lable_Floater_V1/raw/package1/JPEGImages/0463.jpg,package1,package1,image,image,True,False
near_duplicate_dhash,1,datasets/water/IWHR_AI_Lable_Floater_V1/raw/package1/JPEGImages/0442.jpg,datasets/water/IWHR_AI_Lable_Floater_V1/raw/package1/JPEGImages/0471.jpg,package1,package1,image,image,True,False
near_duplicate_dhash,2,datasets/water/IWHR_AI_Lable_Floater_V1/raw/package1/JPEGImages/0442.jpg,datasets/water/IWHR_AI_Lable_Floater_V1/raw/package1/JPEGImages/0478.jpg,package1,package1,image,image,True,False
near_duplicate_dhash,2,datasets/water/IWHR_AI_Lable_Floater_V1/raw/package1/JPEGImages/0442.jpg,datasets/water/IWHR_AI_Lable_Floater_V1/raw/package1/JPEGImages/0491.jpg,package1,package1,image,image,True,False
near_duplicate_dhash,1,datasets/water/IWHR_AI_Lable_Floater_V1/raw/package1/JPEGImages/0442.jpg,datasets/water/IWHR_AI_Lable_Floater_V1/raw/package1/JPEGImages/0507.jpg,package1,package1,image,image,True,False
near_duplicate_dhash,2,datasets/water/IWHR_AI_Lable_Floater_V1/raw/package1/JPEGImages/0442.jpg,datasets/water/IWHR_AI_Lable_Floater_V1/raw/package1/JPEGImages/0522.jpg,package1,package1,image,image,True,False
near_duplicate_dhash,2,datasets/water/IWHR_AI_Lable_Floater_V1/raw/package1/JPEGImages/0442.jpg,datasets/water/IWHR_AI_Lable_Floater_V1/raw/package1/JPEGImages/0527.jpg,package1,package1,image,image,True,False
near_duplicate_dhash,1,datasets/water/IWHR_AI_Lable_Floater_V1/raw/package1/JPEGImages/0442.jpg,datasets/water/IWHR_AI_Lable_Floater_V1/raw/package1/JPEGImages/0533.jpg,package1,package1,image,image,True,False
near_duplicate_dhash,2,datasets/water/IWHR_AI_Lable_Floater_V1/raw/package1/JPEGImages/0442.jpg,datasets/water/IWHR_AI_Lable_Floater_V1/raw/package1/JPEGImages/0540.jpg,package1,package1,image,image,True,False
near_duplicate_dhash,1,datasets/water/IWHR_AI_Lable_Floater_V1/raw/package1/JPEGImages/0443.jpg,datasets/water/IWHR_AI_Lable_Floater_V1/raw/package1/JPEGImages/0455.jpg,package1,package1,image,image,True,False
near_duplicate_dhash,2,datasets/water/IWHR_AI_Lable_Floater_V1/raw/package1/JPEGImages/0446.jpg,datasets/water/IWHR_AI_Lable_Floater_V1/raw/package1/JPEGImages/0454.jpg,package1,package1,image,image,True,False
near_duplicate_dhash,2,datasets/water/IWHR_AI_Lable_Floater_V1/raw/package1/JPEGImages/0446.jpg,datasets/water/IWHR_AI_Lable_Floater_V1/raw/package1/JPEGImages/0509.jpg,package1,package1,image,image,True,False
near_duplicate_dhash,1,datasets/water/IWHR_AI_Lable_Floater_V1/raw/package1/JPEGImages/0448.jpg,datasets/water/IWHR_AI_Lable_Floater_V1/raw/package1/JPEGImages/0463.jpg,package1,package1,image,image,True,False
near_duplicate_dhash,1,datasets/water/IWHR_AI_Lable_Floater_V1/raw/package1/JPEGImages/0448.jpg,datasets/water/IWHR_AI_Lable_Floater_V1/raw/package1/JPEGImages/0471.jpg,package1,package1,image,image,True,False
near_duplicate_dhash,2,datasets/water/IWHR_AI_Lable_Floater_V1/raw/package1/JPEGImages/0448.jpg,datasets/water/IWHR_AI_Lable_Floater_V1/raw/package1/JPEGImages/0491.jpg,package1,package1,image,image,True,False
near_duplicate_dhash,1,datasets/water/IWHR_AI_Lable_Floater_V1/raw/package1/JPEGImages/0448.jpg,datasets/water/IWHR_AI_Lable_Floater_V1/raw/package1/JPEGImages/0497.jpg,package1,package1,image,image,True,False
near_duplicate_dhash,1,datasets/water/IWHR_AI_Lable_Floater_V1/raw/package1/JPEGImages/0448.jpg,datasets/water/IWHR_AI_Lable_Floater_V1/raw/package1/JPEGImages/0507.jpg,package1,package1,image,image,True,False
near_duplicate_dhash,1,datasets/water/IWHR_AI_Lable_Floater_V1/raw/package1/JPEGImages/0448.jpg,datasets/water/IWHR_AI_Lable_Floater_V1/raw/package1/JPEGImages/0533.jpg,package1,package1,image,image,True,False
near_duplicate_dhash,2,datasets/water/IWHR_AI_Lable_Floater_V1/raw/package1/JPEGImages/0448.jpg,datasets/water/IWHR_AI_Lable_Floater_V1/raw/package1/JPEGImages/0540.jpg,package1,package1,image,image,True,False
near_duplicate_dhash,2,datasets/water/IWHR_AI_Lable_Floater_V1/raw/package1/JPEGImages/0454.jpg,datasets/water/IWHR_AI_Lable_Floater_V1/raw/package1/JPEGImages/0509.jpg,package1,package1,image,image,True,False
near_duplicate_dhash,2,datasets/water/IWHR_AI_Lable_Floater_V1/raw/package1/JPEGImages/0458.jpg,datasets/water/IWHR_AI_Lable_Floater_V1/raw/package1/JPEGImages/0470.jpg,package1,package1,image,image,True,False
near_duplicate_dhash,1,datasets/water/IWHR_AI_Lable_Floater_V1/raw/package1/JPEGImages/0460.jpg,datasets/water/IWHR_AI_Lable_Floater_V1/raw/package1/JPEGImages/0463.jpg,package1,package1,image,image,True,False
near_duplicate_dhash,1,datasets/water/IWHR_AI_Lable_Floater_V1/raw/package1/JPEGImages/0460.jpg,datasets/water/IWHR_AI_Lable_Floater_V1/raw/package1/JPEGImages/0471.jpg,package1,package1,image,image,True,False
near_duplicate_dhash,2,datasets/water/IWHR_AI_Lable_Floater_V1/raw/package1/JPEGImages/0460.jpg,datasets/water/IWHR_AI_Lable_Floater_V1/raw/package1/JPEGImages/0491.jpg,package1,package1,image,image,True,False
near_duplicate_dhash,1,datasets/water/IWHR_AI_Lable_Floater_V1/raw/package1/JPEGImages/0460.jpg,datasets/water/IWHR_AI_Lable_Floater_V1/raw/package1/JPEGImages/0497.jpg,package1,package1,image,image,True,False
near_duplicate_dhash,1,datasets/water/IWHR_AI_Lable_Floater_V1/raw/package1/JPEGImages/0460.jpg,datasets/water/IWHR_AI_Lable_Floater_V1/raw/package1/JPEGImages/0507.jpg,package1,package1,image,image,True,False
near_duplicate_dhash,1,datasets/water/IWHR_AI_Lable_Floater_V1/raw/package1/JPEGImages/0460.jpg,datasets/water/IWHR_AI_Lable_Floater_V1/raw/package1/JPEGImages/0533.jpg,package1,package1,image,image,True,False
near_duplicate_dhash,2,datasets/water/IWHR_AI_Lable_Floater_V1/raw/package1/JPEGImages/0460.jpg,datasets/water/IWHR_AI_Lable_Floater_V1/raw/package1/JPEGImages/0540.jpg,package1,package1,image,image,True,False
near_duplicate_dhash,2,datasets/water/IWHR_AI_Lable_Floater_V1/raw/package1/JPEGImages/0462.jpg,datasets/water/IWHR_AI_Lable_Floater_V1/raw/package1/JPEGImages/0468.jpg,package1,package1,image,image,True,False
near_duplicate_dhash,1,datasets/water/IWHR_AI_Lable_Floater_V1/raw/package1/JPEGImages/0463.jpg,datasets/water/IWHR_AI_Lable_Floater_V1/raw/package1/JPEGImages/0478.jpg,package1,package1,image,image,True,False
near_duplicate_dhash,1,datasets/water/IWHR_AI_Lable_Floater_V1/raw/package1/JPEGImages/0463.jpg,datasets/water/IWHR_AI_Lable_Floater_V1/raw/package1/JPEGImages/0491.jpg,package1,package1,image,image,True,False
near_duplicate_dhash,2,datasets/water/IWHR_AI_Lable_Floater_V1/raw/package1/JPEGImages/0463.jpg,datasets/water/IWHR_AI_Lable_Floater_V1/raw/package1/JPEGImages/0497.jpg,package1,package1,image,image,True,False
near_duplicate_dhash,2,datasets/water/IWHR_AI_Lable_Floater_V1/raw/package1/JPEGImages/0463.jpg,datasets/water/IWHR_AI_Lable_Floater_V1/raw/package1/JPEGImages/0507.jpg,package1,package1,image,image,True,False
near_duplicate_dhash,1,datasets/water/IWHR_AI_Lable_Floater_V1/raw/package1/JPEGImages/0463.jpg,datasets/water/IWHR_AI_Lable_Floater_V1/raw/package1/JPEGImages/0522.jpg,package1,package1,image,image,True,False
near_duplicate_dhash,1,datasets/water/IWHR_AI_Lable_Floater_V1/raw/package1/JPEGImages/0463.jpg,datasets/water/IWHR_AI_Lable_Floater_V1/raw/package1/JPEGImages/0527.jpg,package1,package1,image,image,True,False
near_duplicate_dhash,2,datasets/water/IWHR_AI_Lable_Floater_V1/raw/package1/JPEGImages/0463.jpg,datasets/water/IWHR_AI_Lable_Floater_V1/raw/package1/JPEGImages/0533.jpg,package1,package1,image,image,True,False
near_duplicate_dhash,1,datasets/water/IWHR_AI_Lable_Floater_V1/raw/package1/JPEGImages/0465.jpg,datasets/water/IWHR_AI_Lable_Floater_V1/raw/package1/JPEGImages/0470.jpg,package1,package1,image,image,True,False
near_duplicate_dhash,2,datasets/water/IWHR_AI_Lable_Floater_V1/raw/package1/JPEGImages/0466.jpg,datasets/water/IWHR_AI_Lable_Floater_V1/raw/package1/JPEGImages/0483.jpg,package1,package1,image,image,True,False
near_duplicate_dhash,2,datasets/water/IWHR_AI_Lable_Floater_V1/raw/package1/JPEGImages/0467.jpg,datasets/water/IWHR_AI_Lable_Floater_V1/raw/package1/JPEGImages/0480.jpg,package1,package1,image,image,True,False
near_duplicate_dhash,1,datasets/water/IWHR_AI_Lable_Floater_V1/raw/package1/JPEGImages/0471.jpg,datasets/water/IWHR_AI_Lable_Floater_V1/raw/package1/JPEGImages/0478.jpg,package1,package1,image,image,True,False
near_duplicate_dhash,1,datasets/water/IWHR_AI_Lable_Floater_V1/raw/package1/JPEGImages/0471.jpg,datasets/water/IWHR_AI_Lable_Floater_V1/raw/package1/JPEGImages/0491.jpg,package1,package1,image,image,True,False
near_duplicate_dhash,2,datasets/water/IWHR_AI_Lable_Floater_V1/raw/package1/JPEGImages/0471.jpg,datasets/water/IWHR_AI_Lable_Floater_V1/raw/package1/JPEGImages/0497.jpg,package1,package1,image,image,True,False
near_duplicate_dhash,2,datasets/water/IWHR_AI_Lable_Floater_V1/raw/package1/JPEGImages/0471.jpg,datasets/water/IWHR_AI_Lable_Floater_V1/raw/package1/JPEGImages/0507.jpg,package1,package1,image,image,True,False
near_duplicate_dhash,1,datasets/water/IWHR_AI_Lable_Floater_V1/raw/package1/JPEGImages/0471.jpg,datasets/water/IWHR_AI_Lable_Floater_V1/raw/package1/JPEGImages/0522.jpg,package1,package1,image,image,True,False
near_duplicate_dhash,1,datasets/water/IWHR_AI_Lable_Floater_V1/raw/package1/JPEGImages/0471.jpg,datasets/water/IWHR_AI_Lable_Floater_V1/raw/package1/JPEGImages/0527.jpg,package1,package1,image,image,True,False
near_duplicate_dhash,2,datasets/water/IWHR_AI_Lable_Floater_V1/raw/package1/JPEGImages/0471.jpg,datasets/water/IWHR_AI_Lable_Floater_V1/raw/package1/JPEGImages/0533.jpg,package1,package1,image,image,True,False
near_duplicate_dhash,2,datasets/water/IWHR_AI_Lable_Floater_V1/raw/package1/JPEGImages/0478.jpg,datasets/water/IWHR_AI_Lable_Floater_V1/raw/package1/JPEGImages/0491.jpg,package1,package1,image,image,True,False
near_duplicate_dhash,1,datasets/water/IWHR_AI_Lable_Floater_V1/raw/package1/JPEGImages/0478.jpg,datasets/water/IWHR_AI_Lable_Floater_V1/raw/package1/JPEGImages/0497.jpg,package1,package1,image,image,True,False
near_duplicate_dhash,1,datasets/water/IWHR_AI_Lable_Floater_V1/raw/package1/JPEGImages/0478.jpg,datasets/water/IWHR_AI_Lable_Floater_V1/raw/package1/JPEGImages/0507.jpg,package1,package1,image,image,True,False
near_duplicate_dhash,1,datasets/water/IWHR_AI_Lable_Floater_V1/raw/package1/JPEGImages/0478.jpg,datasets/water/IWHR_AI_Lable_Floater_V1/raw/package1/JPEGImages/0533.jpg,package1,package1,image,image,True,False
near_duplicate_dhash,2,datasets/water/IWHR_AI_Lable_Floater_V1/raw/package1/JPEGImages/0478.jpg,datasets/water/IWHR_AI_Lable_Floater_V1/raw/package1/JPEGImages/0540.jpg,package1,package1,image,image,True,False
near_duplicate_dhash,2,datasets/water/IWHR_AI_Lable_Floater_V1/raw/package1/JPEGImages/0479.jpg,datasets/water/IWHR_AI_Lable_Floater_V1/raw/package1/JPEGImages/0484.jpg,package1,package1,image,image,True,False
near_duplicate_dhash,1,datasets/water/IWHR_AI_Lable_Floater_V1/raw/package1/JPEGImages/0491.jpg,datasets/water/IWHR_AI_Lable_Floater_V1/raw/package1/JPEGImages/0497.jpg,package1,package1,image,image,True,False
near_duplicate_dhash,2,datasets/water/IWHR_AI_Lable_Floater_V1/raw/package1/JPEGImages/0491.jpg,datasets/water/IWHR_AI_Lable_Floater_V1/raw/package1/JPEGImages/0522.jpg,package1,package1,image,image,True,False
near_duplicate_dhash,2,datasets/water/IWHR_AI_Lable_Floater_V1/raw/package1/JPEGImages/0491.jpg,datasets/water/IWHR_AI_Lable_Floater_V1/raw/package1/JPEGImages/0527.jpg,package1,package1,image,image,True,False
near_duplicate_dhash,2,datasets/water/IWHR_AI_Lable_Floater_V1/raw/package1/JPEGImages/0493.jpg,datasets/water/IWHR_AI_Lable_Floater_V1/raw/package1/JPEGImages/0498.jpg,package1,package1,image,image,True,False
near_duplicate_dhash,1,datasets/water/IWHR_AI_Lable_Floater_V1/raw/package1/JPEGImages/0495.jpg,datasets/water/IWHR_AI_Lable_Floater_V1/raw/package1/JPEGImages/0502.jpg,package1,package1,image,image,True,False
near_duplicate_dhash,2,datasets/water/IWHR_AI_Lable_Floater_V1/raw/package1/JPEGImages/0495.jpg,datasets/water/IWHR_AI_Lable_Floater_V1/raw/package1/JPEGImages/0763.jpg,package1,package1,image,image,True,False
near_duplicate_dhash,1,datasets/water/IWHR_AI_Lable_Floater_V1/raw/package1/JPEGImages/0496.jpg,datasets/water/IWHR_AI_Lable_Floater_V1/raw/package1/JPEGImages/0513.jpg,package1,package1,image,image,True,False
near_duplicate_dhash,2,datasets/water/IWHR_AI_Lable_Floater_V1/raw/package1/JPEGImages/0496.jpg,datasets/water/IWHR_AI_Lable_Floater_V1/raw/package1/JPEGImages/0521.jpg,package1,package1,image,image,True,False
near_duplicate_dhash,2,datasets/water/IWHR_AI_Lable_Floater_V1/raw/package1/JPEGImages/0496.jpg,datasets/water/IWHR_AI_Lable_Floater_V1/raw/package1/JPEGImages/0633.jpg,package1,package1,image,image,True,False
near_duplicate_dhash,1,datasets/water/IWHR_AI_Lable_Floater_V1/raw/package1/JPEGImages/0496.jpg,datasets/water/IWHR_AI_Lable_Floater_V1/raw/package1/JPEGImages/0638.jpg,package1,package1,image,image,True,False
near_duplicate_dhash,2,datasets/water/IWHR_AI_Lable_Floater_V1/raw/package1/JPEGImages/0497.jpg,datasets/water/IWHR_AI_Lable_Floater_V1/raw/package1/JPEGImages/0507.jpg,package1,package1,image,image,True,False
near_duplicate_dhash,1,datasets/water/IWHR_AI_Lable_Floater_V1/raw/package1/JPEGImages/0497.jpg,datasets/water/IWHR_AI_Lable_Floater_V1/raw/package1/JPEGImages/0522.jpg,package1,package1,image,image,True,False
near_duplicate_dhash,1,datasets/water/IWHR_AI_Lable_Floater_V1/raw/package1/JPEGImages/0497.jpg,datasets/water/IWHR_AI_Lable_Floater_V1/raw/package1/JPEGImages/0527.jpg,package1,package1,image,image,True,False
near_duplicate_dhash,2,datasets/water/IWHR_AI_Lable_Floater_V1/raw/package1/JPEGImages/0497.jpg,datasets/water/IWHR_AI_Lable_Floater_V1/raw/package1/JPEGImages/0533.jpg,package1,package1,image,image,True,False
near_duplicate_dhash,2,datasets/water/IWHR_AI_Lable_Floater_V1/raw/package1/JPEGImages/0504.jpg,datasets/water/IWHR_AI_Lable_Floater_V1/raw/package1/JPEGImages/0515.jpg,package1,package1,image,image,True,False
near_duplicate_dhash,2,datasets/water/IWHR_AI_Lable_Floater_V1/raw/package1/JPEGImages/0505.jpg,datasets/water/IWHR_AI_Lable_Floater_V1/raw/package1/JPEGImages/0609.jpg,package1,package1,image,image,True,False
near_duplicate_dhash,1,datasets/water/IWHR_AI_Lable_Floater_V1/raw/package1/JPEGImages/0507.jpg,datasets/water/IWHR_AI_Lable_Floater_V1/raw/package1/JPEGImages/0522.jpg,package1,package1,image,image,True,False
near_duplicate_dhash,1,datasets/water/IWHR_AI_Lable_Floater_V1/raw/package1/JPEGImages/0507.jpg,datasets/water/IWHR_AI_Lable_Floater_V1/raw/package1/JPEGImages/0527.jpg,package1,package1,image,image,True,False
near_duplicate_dhash,1,datasets/water/IWHR_AI_Lable_Floater_V1/raw/package1/JPEGImages/0507.jpg,datasets/water/IWHR_AI_Lable_Floater_V1/raw/package1/JPEGImages/0540.jpg,package1,package1,image,image,True,False
near_duplicate_dhash,1,datasets/water/IWHR_AI_Lable_Floater_V1/raw/package1/JPEGImages/0511.jpg,datasets/water/IWHR_AI_Lable_Floater_V1/raw/package1/JPEGImages/0515.jpg,package1,package1,image,image,True,False
near_duplicate_dhash,2,datasets/water/IWHR_AI_Lable_Floater_V1/raw/package1/JPEGImages/0513.jpg,datasets/water/IWHR_AI_Lable_Floater_V1/raw/package1/JPEGImages/0638.jpg,package1,package1,image,image,True,False
near_duplicate_dhash,1,datasets/water/IWHR_AI_Lable_Floater_V1/raw/package1/JPEGImages/0513.jpg,datasets/water/IWHR_AI_Lable_Floater_V1/raw/package1/JPEGImages/0644.jpg,package1,package1,image,image,True,False
near_duplicate_dhash,1,datasets/water/IWHR_AI_Lable_Floater_V1/raw/package1/JPEGImages/0519.jpg,datasets/water/IWHR_AI_Lable_Floater_V1/raw/package1/JPEGImages/0529.jpg,package1,package1,image,image,True,False
near_duplicate_dhash,2,datasets/water/IWHR_AI_Lable_Floater_V1/raw/package1/JPEGImages/0521.jpg,datasets/water/IWHR_AI_Lable_Floater_V1/raw/package1/JPEGImages/0633.jpg,package1,package1,image,image,True,False
near_duplicate_dhash,1,datasets/water/IWHR_AI_Lable_Floater_V1/raw/package1/JPEGImages/0521.jpg,datasets/water/IWHR_AI_Lable_Floater_V1/raw/package1/JPEGImages/0638.jpg,package1,package1,image,image,True,False
near_duplicate_dhash,2,datasets/water/IWHR_AI_Lable_Floater_V1/raw/package1/JPEGImages/0521.jpg,datasets/water/IWHR_AI_Lable_Floater_V1/raw/package1/JPEGImages/0644.jpg,package1,package1,image,image,True,False
near_duplicate_dhash,1,datasets/water/IWHR_AI_Lable_Floater_V1/raw/package1/JPEGImages/0522.jpg,datasets/water/IWHR_AI_Lable_Floater_V1/raw/package1/JPEGImages/0533.jpg,package1,package1,image,image,True,False
near_duplicate_dhash,2,datasets/water/IWHR_AI_Lable_Floater_V1/raw/package1/JPEGImages/0522.jpg,datasets/water/IWHR_AI_Lable_Floater_V1/raw/package1/JPEGImages/0540.jpg,package1,package1,image,image,True,False
near_duplicate_dhash,2,datasets/water/IWHR_AI_Lable_Floater_V1/raw/package1/JPEGImages/0523.jpg,datasets/water/IWHR_AI_Lable_Floater_V1/raw/package1/JPEGImages/0534.jpg,package1,package1,image,image,True,False
near_duplicate_dhash,2,datasets/water/IWHR_AI_Lable_Floater_V1/raw/package1/JPEGImages/0526.jpg,datasets/water/IWHR_AI_Lable_Floater_V1/raw/package1/JPEGImages/0629.jpg,package1,package1,image,image,True,False
near_duplicate_dhash,1,datasets/water/IWHR_AI_Lable_Floater_V1/raw/package1/JPEGImages/0527.jpg,datasets/water/IWHR_AI_Lable_Floater_V1/raw/package1/JPEGImages/0533.jpg,package1,package1,image,image,True,False
near_duplicate_dhash,2,datasets/water/IWHR_AI_Lable_Floater_V1/raw/package1/JPEGImages/0527.jpg,datasets/water/IWHR_AI_Lable_Floater_V1/raw/package1/JPEGImages/0540.jpg,package1,package1,image,image,True,False
near_duplicate_dhash,2,datasets/water/IWHR_AI_Lable_Floater_V1/raw/package1/JPEGImages/0530.jpg,datasets/water/IWHR_AI_Lable_Floater_V1/raw/package1/JPEGImages/0536.jpg,package1,package1,image,image,True,False
near_duplicate_dhash,1,datasets/water/IWHR_AI_Lable_Floater_V1/raw/package1/JPEGImages/0532.jpg,datasets/water/IWHR_AI_Lable_Floater_V1/raw/package1/JPEGImages/0605.jpg,package1,package1,image,image,True,False
near_duplicate_dhash,1,datasets/water/IWHR_AI_Lable_Floater_V1/raw/package1/JPEGImages/0532.jpg,datasets/water/IWHR_AI_Lable_Floater_V1/raw/package1/JPEGImages/0622.jpg,package1,package1,image,image,True,False
near_duplicate_dhash,2,datasets/water/IWHR_AI_Lable_Floater_V1/raw/package1/JPEGImages/0532.jpg,datasets/water/IWHR_AI_Lable_Floater_V1/raw/package1/JPEGImages/0625.jpg,package1,package1,image,image,True,False
near_duplicate_dhash,1,datasets/water/IWHR_AI_Lable_Floater_V1/raw/package1/JPEGImages/0533.jpg,datasets/water/IWHR_AI_Lable_Floater_V1/raw/package1/JPEGImages/0540.jpg,package1,package1,image,image,True,False
near_duplicate_dhash,1,datasets/water/IWHR_AI_Lable_Floater_V1/raw/package1/JPEGImages/0541.jpg,datasets/water/IWHR_AI_Lable_Floater_V1/raw/package1/JPEGImages/0577.jpg,package1,package1,image,image,True,False
near_duplicate_dhash,2,datasets/water/IWHR_AI_Lable_Floater_V1/raw/package1/JPEGImages/0543.jpg,datasets/water/IWHR_AI_Lable_Floater_V1/raw/package1/JPEGImages/0549.jpg,package1,package1,image,image,True,False
near_duplicate_dhash,2,datasets/water/IWHR_AI_Lable_Floater_V1/raw/package1/JPEGImages/0550.jpg,datasets/water/IWHR_AI_Lable_Floater_V1/raw/package1/JPEGImages/0563.jpg,package1,package1,image,image,True,False
near_duplicate_dhash,2,datasets/water/IWHR_AI_Lable_Floater_V1/raw/package1/JPEGImages/0550.jpg,datasets/water/IWHR_AI_Lable_Floater_V1/raw/package1/JPEGImages/0568.jpg,package1,package1,image,image,True,False
near_duplicate_dhash,1,datasets/water/IWHR_AI_Lable_Floater_V1/raw/package1/JPEGImages/0552.jpg,datasets/water/IWHR_AI_Lable_Floater_V1/raw/package1/JPEGImages/0609.jpg,package1,package1,image,image,True,False
near_duplicate_dhash,2,datasets/water/IWHR_AI_Lable_Floater_V1/raw/package1/JPEGImages/0554.jpg,datasets/water/IWHR_AI_Lable_Floater_V1/raw/package1/JPEGImages/0679.jpg,package1,package1,image,image,True,False
near_duplicate_dhash,2,datasets/water/IWHR_AI_Lable_Floater_V1/raw/package1/JPEGImages/0555.jpg,datasets/water/IWHR_AI_Lable_Floater_V1/raw/package1/JPEGImages/0567.jpg,package1,package1,image,image,True,False
near_duplicate_dhash,2,datasets/water/IWHR_AI_Lable_Floater_V1/raw/package1/JPEGImages/0562.jpg,datasets/water/IWHR_AI_Lable_Floater_V1/raw/package1/JPEGImages/0567.jpg,package1,package1,image,image,True,False
near_duplicate_dhash,1,datasets/water/IWHR_AI_Lable_Floater_V1/raw/package1/JPEGImages/0562.jpg,datasets/water/IWHR_AI_Lable_Floater_V1/raw/package1/JPEGImages/0597.jpg,package1,package1,image,image,True,False
near_duplicate_dhash,2,datasets/water/IWHR_AI_Lable_Floater_V1/raw/package1/JPEGImages/0562.jpg,datasets/water/IWHR_AI_Lable_Floater_V1/raw/package1/JPEGImages/0606.jpg,package1,package1,image,image,True,False
near_duplicate_dhash,2,datasets/water/IWHR_AI_Lable_Floater_V1/raw/package1/JPEGImages/0562.jpg,datasets/water/IWHR_AI_Lable_Floater_V1/raw/package1/JPEGImages/0611.jpg,package1,package1,image,image,True,False
near_duplicate_dhash,1,datasets/water/IWHR_AI_Lable_Floater_V1/raw/package1/JPEGImages/0564.jpg,datasets/water/IWHR_AI_Lable_Floater_V1/raw/package1/JPEGImages/0572.jpg,package1,package1,image,image,True,False
near_duplicate_dhash,2,datasets/water/IWHR_AI_Lable_Floater_V1/raw/package1/JPEGImages/0564.jpg,datasets/water/IWHR_AI_Lable_Floater_V1/raw/package1/JPEGImages/0575.jpg,package1,package1,image,image,True,False
near_duplicate_dhash,2,datasets/water/IWHR_AI_Lable_Floater_V1/raw/package1/JPEGImages/0567.jpg,datasets/water/IWHR_AI_Lable_Floater_V1/raw/package1/JPEGImages/0576.jpg,package1,package1,image,image,True,False
near_duplicate_dhash,2,datasets/water/IWHR_AI_Lable_Floater_V1/raw/package1/JPEGImages/0567.jpg,datasets/water/IWHR_AI_Lable_Floater_V1/raw/package1/JPEGImages/0580.jpg,package1,package1,image,image,True,False
near_duplicate_dhash,2,datasets/water/IWHR_AI_Lable_Floater_V1/raw/package1/JPEGImages/0567.jpg,datasets/water/IWHR_AI_Lable_Floater_V1/raw/package1/JPEGImages/0587.jpg,package1,package1,image,image,True,False
near_duplicate_dhash,2,datasets/water/IWHR_AI_Lable_Floater_V1/raw/package1/JPEGImages/0567.jpg,datasets/water/IWHR_AI_Lable_Floater_V1/raw/package1/JPEGImages/0589.jpg,package1,package1,image,image,True,False
near_duplicate_dhash,1,datasets/water/IWHR_AI_Lable_Floater_V1/raw/package1/JPEGImages/0576.jpg,datasets/water/IWHR_AI_Lable_Floater_V1/raw/package1/JPEGImages/0597.jpg,package1,package1,image,image,True,False
near_duplicate_dhash,2,datasets/water/IWHR_AI_Lable_Floater_V1/raw/package1/JPEGImages/0576.jpg,datasets/water/IWHR_AI_Lable_Floater_V1/raw/package1/JPEGImages/0606.jpg,package1,package1,image,image,True,False
near_duplicate_dhash,2,datasets/water/IWHR_AI_Lable_Floater_V1/raw/package1/JPEGImages/0576.jpg,datasets/water/IWHR_AI_Lable_Floater_V1/raw/package1/JPEGImages/0611.jpg,package1,package1,image,image,True,False
near_duplicate_dhash,1,datasets/water/IWHR_AI_Lable_Floater_V1/raw/package1/JPEGImages/0577.jpg,datasets/water/IWHR_AI_Lable_Floater_V1/raw/package1/JPEGImages/0581.jpg,package1,package1,image,image,True,False
near_duplicate_dhash,2,datasets/water/IWHR_AI_Lable_Floater_V1/raw/package1/JPEGImages/0577.jpg,datasets/water/IWHR_AI_Lable_Floater_V1/raw/package1/JPEGImages/0583.jpg,package1,package1,image,image,True,False
near_duplicate_dhash,1,datasets/water/IWHR_AI_Lable_Floater_V1/raw/package1/JPEGImages/0580.jpg,datasets/water/IWHR_AI_Lable_Floater_V1/raw/package1/JPEGImages/0597.jpg,package1,package1,image,image,True,False
near_duplicate_dhash,2,datasets/water/IWHR_AI_Lable_Floater_V1/raw/package1/JPEGImages/0580.jpg,datasets/water/IWHR_AI_Lable_Floater_V1/raw/package1/JPEGImages/0606.jpg,package1,package1,image,image,True,False
near_duplicate_dhash,2,datasets/water/IWHR_AI_Lable_Floater_V1/raw/package1/JPEGImages/0580.jpg,datasets/water/IWHR_AI_Lable_Floater_V1/raw/package1/JPEGImages/0611.jpg,package1,package1,image,image,True,False
near_duplicate_dhash,1,datasets/water/IWHR_AI_Lable_Floater_V1/raw/package1/JPEGImages/0587.jpg,datasets/water/IWHR_AI_Lable_Floater_V1/raw/package1/JPEGImages/0597.jpg,package1,package1,image,image,True,False
near_duplicate_dhash,2,datasets/water/IWHR_AI_Lable_Floater_V1/raw/package1/JPEGImages/0587.jpg,datasets/water/IWHR_AI_Lable_Floater_V1/raw/package1/JPEGImages/0606.jpg,package1,package1,image,image,True,False
near_duplicate_dhash,2,datasets/water/IWHR_AI_Lable_Floater_V1/raw/package1/JPEGImages/0587.jpg,datasets/water/IWHR_AI_Lable_Floater_V1/raw/package1/JPEGImages/0611.jpg,package1,package1,image,image,True,False
near_duplicate_dhash,1,datasets/water/IWHR_AI_Lable_Floater_V1/raw/package1/JPEGImages/0589.jpg,datasets/water/IWHR_AI_Lable_Floater_V1/raw/package1/JPEGImages/0597.jpg,package1,package1,image,image,True,False
near_duplicate_dhash,2,datasets/water/IWHR_AI_Lable_Floater_V1/raw/package1/JPEGImages/0589.jpg,datasets/water/IWHR_AI_Lable_Floater_V1/raw/package1/JPEGImages/0606.jpg,package1,package1,image,image,True,False
near_duplicate_dhash,2,datasets/water/IWHR_AI_Lable_Floater_V1/raw/package1/JPEGImages/0589.jpg,datasets/water/IWHR_AI_Lable_Floater_V1/raw/package1/JPEGImages/0611.jpg,package1,package1,image,image,True,False
near_duplicate_dhash,1,datasets/water/IWHR_AI_Lable_Floater_V1/raw/package1/JPEGImages/0597.jpg,datasets/water/IWHR_AI_Lable_Floater_V1/raw/package1/JPEGImages/0606.jpg,package1,package1,image,image,True,False
near_duplicate_dhash,1,datasets/water/IWHR_AI_Lable_Floater_V1/raw/package1/JPEGImages/0597.jpg,datasets/water/IWHR_AI_Lable_Floater_V1/raw/package1/JPEGImages/0611.jpg,package1,package1,image,image,True,False
near_duplicate_dhash,2,datasets/water/IWHR_AI_Lable_Floater_V1/raw/package1/JPEGImages/0598.jpg,datasets/water/IWHR_AI_Lable_Floater_V1/raw/package1/JPEGImages/0602.jpg,package1,package1,image,image,True,False
near_duplicate_dhash,2,datasets/water/IWHR_AI_Lable_Floater_V1/raw/package1/JPEGImages/0605.jpg,datasets/water/IWHR_AI_Lable_Floater_V1/raw/package1/JPEGImages/0622.jpg,package1,package1,image,image,True,False
near_duplicate_dhash,1,datasets/water/IWHR_AI_Lable_Floater_V1/raw/package1/JPEGImages/0617.jpg,datasets/water/IWHR_AI_Lable_Floater_V1/raw/package1/JPEGImages/0621.jpg,package1,package1,image,image,True,False
near_duplicate_dhash,1,datasets/water/IWHR_AI_Lable_Floater_V1/raw/package1/JPEGImages/0617.jpg,datasets/water/IWHR_AI_Lable_Floater_V1/raw/package1/JPEGImages/0625.jpg,package1,package1,image,image,True,False
near_duplicate_dhash,1,datasets/water/IWHR_AI_Lable_Floater_V1/raw/package1/JPEGImages/0620.jpg,datasets/water/IWHR_AI_Lable_Floater_V1/raw/package1/JPEGImages/0624.jpg,package1,package1,image,image,True,False
near_duplicate_dhash,2,datasets/water/IWHR_AI_Lable_Floater_V1/raw/package1/JPEGImages/0621.jpg,datasets/water/IWHR_AI_Lable_Floater_V1/raw/package1/JPEGImages/0625.jpg,package1,package1,image,image,True,False
near_duplicate_dhash,2,datasets/water/IWHR_AI_Lable_Floater_V1/raw/package1/JPEGImages/0631.jpg,datasets/water/IWHR_AI_Lable_Floater_V1/raw/package1/JPEGImages/0636.jpg,package1,package1,image,image,True,False
near_duplicate_dhash,2,datasets/water/IWHR_AI_Lable_Floater_V1/raw/package1/JPEGImages/0631.jpg,datasets/water/IWHR_AI_Lable_Floater_V1/raw/package1/JPEGImages/0656.jpg,package1,package1,image,image,True,False
near_duplicate_dhash,1,datasets/water/IWHR_AI_Lable_Floater_V1/raw/package1/JPEGImages/0633.jpg,datasets/water/IWHR_AI_Lable_Floater_V1/raw/package1/JPEGImages/0638.jpg,package1,package1,image,image,True,False
near_duplicate_dhash,2,datasets/water/IWHR_AI_Lable_Floater_V1/raw/package1/JPEGImages/0633.jpg,datasets/water/IWHR_AI_Lable_Floater_V1/raw/package1/JPEGImages/0644.jpg,package1,package1,image,image,True,False
near_duplicate_dhash,2,datasets/water/IWHR_AI_Lable_Floater_V1/raw/package1/JPEGImages/0635.jpg,datasets/water/IWHR_AI_Lable_Floater_V1/raw/package1/JPEGImages/0640.jpg,package1,package1,image,image,True,False
near_duplicate_dhash,2,datasets/water/IWHR_AI_Lable_Floater_V1/raw/package1/JPEGImages/0636.jpg,datasets/water/IWHR_AI_Lable_Floater_V1/raw/package1/JPEGImages/0656.jpg,package1,package1,image,image,True,False
near_duplicate_dhash,1,datasets/water/IWHR_AI_Lable_Floater_V1/raw/package1/JPEGImages/0638.jpg,datasets/water/IWHR_AI_Lable_Floater_V1/raw/package1/JPEGImages/0644.jpg,package1,package1,image,image,True,False
near_duplicate_dhash,2,datasets/water/IWHR_AI_Lable_Floater_V1/raw/package1/JPEGImages/0640.jpg,datasets/water/IWHR_AI_Lable_Floater_V1/raw/package1/JPEGImages/0642.jpg,package1,package1,image,image,True,False
near_duplicate_dhash,2,datasets/water/IWHR_AI_Lable_Floater_V1/raw/package1/JPEGImages/0647.jpg,datasets/water/IWHR_AI_Lable_Floater_V1/raw/package1/JPEGImages/0653.jpg,package1,package1,image,image,True,False
near_duplicate_dhash,2,datasets/water/IWHR_AI_Lable_Floater_V1/raw/package1/JPEGImages/0663.jpg,datasets/water/IWHR_AI_Lable_Floater_V1/raw/package1/JPEGImages/0679.jpg,package1,package1,image,image,True,False
near_duplicate_dhash,2,datasets/water/IWHR_AI_Lable_Floater_V1/raw/package1/JPEGImages/0666.jpg,datasets/water/IWHR_AI_Lable_Floater_V1/raw/package1/JPEGImages/0672.jpg,package1,package1,image,image,True,False
near_duplicate_dhash,2,datasets/water/IWHR_AI_Lable_Floater_V1/raw/package1/JPEGImages/0674.jpg,datasets/water/IWHR_AI_Lable_Floater_V1/raw/package1/JPEGImages/0737.jpg,package1,package1,image,image,True,False
near_duplicate_dhash,1,datasets/water/IWHR_AI_Lable_Floater_V1/raw/package1/JPEGImages/0681.jpg,datasets/water/IWHR_AI_Lable_Floater_V1/raw/package1/JPEGImages/0690.jpg,package1,package1,image,image,True,False
near_duplicate_dhash,2,datasets/water/IWHR_AI_Lable_Floater_V1/raw/package1/JPEGImages/0681.jpg,datasets/water/IWHR_AI_Lable_Floater_V1/raw/package1/JPEGImages/0693.jpg,package1,package1,image,image,True,False
near_duplicate_dhash,2,datasets/water/IWHR_AI_Lable_Floater_V1/raw/package1/JPEGImages/0682.jpg,datasets/water/IWHR_AI_Lable_Floater_V1/raw/package1/JPEGImages/0737.jpg,package1,package1,image,image,True,False
near_duplicate_dhash,1,datasets/water/IWHR_AI_Lable_Floater_V1/raw/package1/JPEGImages/0686.jpg,datasets/water/IWHR_AI_Lable_Floater_V1/raw/package1/JPEGImages/0696.jpg,package1,package1,image,image,True,False
near_duplicate_dhash,1,datasets/water/IWHR_AI_Lable_Floater_V1/raw/package1/JPEGImages/0687.jpg,datasets/water/IWHR_AI_Lable_Floater_V1/raw/package1/JPEGImages/0697.jpg,package1,package1,image,image,True,False
near_duplicate_dhash,1,datasets/water/IWHR_AI_Lable_Floater_V1/raw/package1/JPEGImages/0690.jpg,datasets/water/IWHR_AI_Lable_Floater_V1/raw/package1/JPEGImages/0693.jpg,package1,package1,image,image,True,False
near_duplicate_dhash,1,datasets/water/IWHR_AI_Lable_Floater_V1/raw/package1/JPEGImages/0711.jpg,datasets/water/IWHR_AI_Lable_Floater_V1/raw/package1/JPEGImages/0745.jpg,package1,package1,image,image,True,False
near_duplicate_dhash,1,datasets/water/IWHR_AI_Lable_Floater_V1/raw/package1/JPEGImages/0711.jpg,datasets/water/IWHR_AI_Lable_Floater_V1/raw/package1/JPEGImages/0748.jpg,package1,package1,image,image,True,False
near_duplicate_dhash,2,datasets/water/IWHR_AI_Lable_Floater_V1/raw/package1/JPEGImages/0711.jpg,datasets/water/IWHR_AI_Lable_Floater_V1/raw/package1/JPEGImages/0769.jpg,package1,package1,image,image,True,False
near_duplicate_dhash,1,datasets/water/IWHR_AI_Lable_Floater_V1/raw/package1/JPEGImages/0712.jpg,datasets/water/IWHR_AI_Lable_Floater_V1/raw/package1/JPEGImages/0719.jpg,package1,package1,image,image,True,False
near_duplicate_dhash,2,datasets/water/IWHR_AI_Lable_Floater_V1/raw/package1/JPEGImages/0716.jpg,datasets/water/IWHR_AI_Lable_Floater_V1/raw/package1/JPEGImages/0730.jpg,package1,package1,image,image,True,False
near_duplicate_dhash,1,datasets/water/IWHR_AI_Lable_Floater_V1/raw/package1/JPEGImages/0717.jpg,datasets/water/IWHR_AI_Lable_Floater_V1/raw/package1/JPEGImages/0719.jpg,package1,package1,image,image,True,False
near_duplicate_dhash,1,datasets/water/IWHR_AI_Lable_Floater_V1/raw/package1/JPEGImages/0727.jpg,datasets/water/IWHR_AI_Lable_Floater_V1/raw/package1/JPEGImages/0786.jpg,package1,package1,image,image,True,False
near_duplicate_dhash,1,datasets/water/IWHR_AI_Lable_Floater_V1/raw/package1/JPEGImages/0738.jpg,datasets/water/IWHR_AI_Lable_Floater_V1/raw/package1/JPEGImages/0778.jpg,package1,package1,image,image,True,False
near_duplicate_dhash,1,datasets/water/IWHR_AI_Lable_Floater_V1/raw/package1/JPEGImages/0743.jpg,datasets/water/IWHR_AI_Lable_Floater_V1/raw/package1/JPEGImages/0749.jpg,package1,package1,image,image,True,False
near_duplicate_dhash,2,datasets/water/IWHR_AI_Lable_Floater_V1/raw/package1/JPEGImages/0745.jpg,datasets/water/IWHR_AI_Lable_Floater_V1/raw/package1/JPEGImages/0748.jpg,package1,package1,image,image,True,False
near_duplicate_dhash,1,datasets/water/IWHR_AI_Lable_Floater_V1/raw/package1/JPEGImages/0745.jpg,datasets/water/IWHR_AI_Lable_Floater_V1/raw/package1/JPEGImages/0776.jpg,package1,package1,image,image,True,False
near_duplicate_dhash,1,datasets/water/IWHR_AI_Lable_Floater_V1/raw/package1/JPEGImages/0745.jpg,datasets/water/IWHR_AI_Lable_Floater_V1/raw/package1/JPEGImages/0782.jpg,package1,package1,image,image,True,False
near_duplicate_dhash,1,datasets/water/IWHR_AI_Lable_Floater_V1/raw/package1/JPEGImages/0748.jpg,datasets/water/IWHR_AI_Lable_Floater_V1/raw/package1/JPEGImages/0769.jpg,package1,package1,image,image,True,False
near_duplicate_dhash,1,datasets/water/IWHR_AI_Lable_Floater_V1/raw/package1/JPEGImages/0748.jpg,datasets/water/IWHR_AI_Lable_Floater_V1/raw/package1/JPEGImages/0776.jpg,package1,package1,image,image,True,False
near_duplicate_dhash,1,datasets/water/IWHR_AI_Lable_Floater_V1/raw/package1/JPEGImages/0748.jpg,datasets/water/IWHR_AI_Lable_Floater_V1/raw/package1/JPEGImages/0782.jpg,package1,package1,image,image,True,False
near_duplicate_dhash,1,datasets/water/IWHR_AI_Lable_Floater_V1/raw/package1/JPEGImages/0749.jpg,datasets/water/IWHR_AI_Lable_Floater_V1/raw/package1/JPEGImages/0753.jpg,package1,package1,image,image,True,False
near_duplicate_dhash,1,datasets/water/IWHR_AI_Lable_Floater_V1/raw/package1/JPEGImages/0751.jpg,datasets/water/IWHR_AI_Lable_Floater_V1/raw/package1/JPEGImages/0784.jpg,package1,package1,image,image,True,False
near_duplicate_dhash,2,datasets/water/IWHR_AI_Lable_Floater_V1/raw/package1/JPEGImages/0754.jpg,datasets/water/IWHR_AI_Lable_Floater_V1/raw/package1/JPEGImages/0758.jpg,package1,package1,image,image,True,False
near_duplicate_dhash,1,datasets/water/IWHR_AI_Lable_Floater_V1/raw/package1/JPEGImages/0754.jpg,datasets/water/IWHR_AI_Lable_Floater_V1/raw/package1/JPEGImages/0762.jpg,package1,package1,image,image,True,False
near_duplicate_dhash,2,datasets/water/IWHR_AI_Lable_Floater_V1/raw/package1/JPEGImages/0762.jpg,datasets/water/IWHR_AI_Lable_Floater_V1/raw/package1/JPEGImages/0766.jpg,package1,package1,image,image,True,False
near_duplicate_dhash,1,datasets/water/IWHR_AI_Lable_Floater_V1/raw/package1/JPEGImages/0763.jpg,datasets/water/IWHR_AI_Lable_Floater_V1/raw/package1/JPEGImages/0777.jpg,package1,package1,image,image,True,False
near_duplicate_dhash,2,datasets/water/IWHR_AI_Lable_Floater_V1/raw/package1/JPEGImages/0769.jpg,datasets/water/IWHR_AI_Lable_Floater_V1/raw/package1/JPEGImages/0776.jpg,package1,package1,image,image,True,False
near_duplicate_dhash,2,datasets/water/IWHR_AI_Lable_Floater_V1/raw/package1/JPEGImages/0769.jpg,datasets/water/IWHR_AI_Lable_Floater_V1/raw/package1/JPEGImages/0782.jpg,package1,package1,image,image,True,False
near_duplicate_dhash,2,datasets/water/IWHR_AI_Lable_Floater_V1/raw/package1/JPEGImages/0770.jpg,datasets/water/IWHR_AI_Lable_Floater_V1/raw/package1/JPEGImages/0773.jpg,package1,package1,image,image,True,False
near_duplicate_dhash,1,datasets/water/IWHR_AI_Lable_Floater_V1/raw/package1/JPEGImages/0771.jpg,datasets/water/IWHR_AI_Lable_Floater_V1/raw/package1/JPEGImages/0774.jpg,package1,package1,image,image,True,False
near_duplicate_dhash,1,datasets/water/IWHR_AI_Lable_Floater_V1/raw/package1/JPEGImages/0771.jpg,datasets/water/IWHR_AI_Lable_Floater_V1/raw/package1/JPEGImages/0787.jpg,package1,package1,image,image,True,False
near_duplicate_dhash,1,datasets/water/IWHR_AI_Lable_Floater_V1/raw/package1/JPEGImages/0781.jpg,datasets/water/IWHR_AI_Lable_Floater_V1/raw/package1/JPEGImages/0785.jpg,package1,package1,image,image,True,False
near_duplicate_dhash,2,datasets/water/IWHR_AI_Lable_Floater_V1/raw/package1/JPEGImages/0786.jpg,datasets/water/IWHR_AI_Lable_Floater_V1/raw/package1/JPEGImages/0790.jpg,package1,package1,image,image,True,False
near_duplicate_dhash,2,datasets/water/IWHR_AI_Lable_Floater_V1/raw/package1/JPEGImages/0793.jpg,datasets/water/IWHR_AI_Lable_Floater_V1/raw/package1/JPEGImages/0796.jpg,package1,package1,image,image,True,False
near_duplicate_dhash,1,datasets/water/IWHR_AI_Lable_Floater_V1/raw/package1/JPEGImages/0798.jpg,datasets/water/IWHR_AI_Lable_Floater_V1/raw/package2/JPEGImages/2951.jpg,package1,package2,rubbish,fishing-1,False,True
near_duplicate_dhash,1,datasets/water/IWHR_AI_Lable_Floater_V1/raw/package1/JPEGImages/0798.jpg,datasets/water/IWHR_AI_Lable_Floater_V1/raw/package2/JPEGImages/2989.jpg,package1,package2,rubbish,rubbish,True,True
near_duplicate_dhash,2,datasets/water/IWHR_AI_Lable_Floater_V1/raw/package1/JPEGImages/0800.jpg,datasets/water/IWHR_AI_Lable_Floater_V1/raw/package1/JPEGImages/0825.jpg,package1,package1,fishing-2,rubbish,False,False
near_duplicate_dhash,2,datasets/water/IWHR_AI_Lable_Floater_V1/raw/package1/JPEGImages/0813.jpg,datasets/water/IWHR_AI_Lable_Floater_V1/raw/package1/JPEGImages/1068.jpg,package1,package1,rubbish,rubbish,True,False
near_duplicate_dhash,2,datasets/water/IWHR_AI_Lable_Floater_V1/raw/package1/JPEGImages/0814.jpg,datasets/water/IWHR_AI_Lable_Floater_V1/raw/package1/JPEGImages/0837.jpg,package1,package1,rubbish,rubbish,True,False
near_duplicate_dhash,1,datasets/water/IWHR_AI_Lable_Floater_V1/raw/package1/JPEGImages/0814.jpg,datasets/water/IWHR_AI_Lable_Floater_V1/raw/package1/JPEGImages/1442.jpg,package1,package1,rubbish,rubbish,True,False
near_duplicate_dhash,2,datasets/water/IWHR_AI_Lable_Floater_V1/raw/package1/JPEGImages/0817.jpg,datasets/water/IWHR_AI_Lable_Floater_V1/raw/package1/JPEGImages/0842.jpg,package1,package1,rubbish,rubbish,True,False
near_duplicate_dhash,1,datasets/water/IWHR_AI_Lable_Floater_V1/raw/package1/JPEGImages/0830.jpg,datasets/water/IWHR_AI_Lable_Floater_V1/raw/package1/JPEGImages/1433.jpg,package1,package1,rubbish,rubbish,True,False
near_duplicate_dhash,2,datasets/water/IWHR_AI_Lable_Floater_V1/raw/package1/JPEGImages/0834.jpg,datasets/water/IWHR_AI_Lable_Floater_V1/raw/package1/JPEGImages/0861.jpg,package1,package1,rubbish,rubbish,True,False
near_duplicate_dhash,2,datasets/water/IWHR_AI_Lable_Floater_V1/raw/package1/JPEGImages/0837.jpg,datasets/water/IWHR_AI_Lable_Floater_V1/raw/package1/JPEGImages/0865.jpg,package1,package1,rubbish,rubbish,True,False
near_duplicate_dhash,2,datasets/water/IWHR_AI_Lable_Floater_V1/raw/package1/JPEGImages/0839.jpg,datasets/water/IWHR_AI_Lable_Floater_V1/raw/package2/JPEGImages/1521.jpg,package1,package2,rubbish,rubbish,True,True
near_duplicate_dhash,2,datasets/water/IWHR_AI_Lable_Floater_V1/raw/package1/JPEGImages/0840.jpg,datasets/water/IWHR_AI_Lable_Floater_V1/raw/package1/JPEGImages/1101.jpg,package1,package1,rubbish,rubbish,True,False
near_duplicate_dhash,1,datasets/water/IWHR_AI_Lable_Floater_V1/raw/package1/JPEGImages/0858.jpg,datasets/water/IWHR_AI_Lable_Floater_V1/raw/package1/JPEGImages/1471.jpg,package1,package1,rubbish,rubbish,True,False
near_duplicate_dhash,2,datasets/water/IWHR_AI_Lable_Floater_V1/raw/package1/JPEGImages/0864.jpg,datasets/water/IWHR_AI_Lable_Floater_V1/raw/package1/JPEGImages/1440.jpg,package1,package1,rubbish,rubbish,True,False
near_duplicate_dhash,1,datasets/water/IWHR_AI_Lable_Floater_V1/raw/package1/JPEGImages/0868.jpg,datasets/water/IWHR_AI_Lable_Floater_V1/raw/package1/JPEGImages/1481.jpg,package1,package1,rubbish,rubbish,True,False
near_duplicate_dhash,1,datasets/water/IWHR_AI_Lable_Floater_V1/raw/package1/JPEGImages/0872.jpg,datasets/water/IWHR_AI_Lable_Floater_V1/raw/package2/JPEGImages/2950.jpg,package1,package2,rubbish,fishing-1,False,True
near_duplicate_dhash,2,datasets/water/IWHR_AI_Lable_Floater_V1/raw/package1/JPEGImages/0878.jpg,datasets/water/IWHR_AI_Lable_Floater_V1/raw/package1/JPEGImages/0958.jpg,package1,package1,rubbish,rubbish,True,False
near_duplicate_dhash,2,datasets/water/IWHR_AI_Lable_Floater_V1/raw/package1/JPEGImages/0889.jpg,datasets/water/IWHR_AI_Lable_Floater_V1/raw/package1/JPEGImages/0916.jpg,package1,package1,rubbish,rubbish,True,False
near_duplicate_dhash,2,datasets/water/IWHR_AI_Lable_Floater_V1/raw/package1/JPEGImages/0890.jpg,datasets/water/IWHR_AI_Lable_Floater_V1/raw/package1/JPEGImages/0901.jpg,package1,package1,rubbish,rubbish,True,False
near_duplicate_dhash,1,datasets/water/IWHR_AI_Lable_Floater_V1/raw/package1/JPEGImages/0895.jpg,datasets/water/IWHR_AI_Lable_Floater_V1/raw/package1/JPEGImages/1146.jpg,package1,package1,rubbish,rubbish,True,False
near_duplicate_dhash,1,datasets/water/IWHR_AI_Lable_Floater_V1/raw/package1/JPEGImages/0895.jpg,datasets/water/IWHR_AI_Lable_Floater_V1/raw/package1/JPEGImages/1395.jpg,package1,package1,rubbish,rubbish,True,False
near_duplicate_dhash,2,datasets/water/IWHR_AI_Lable_Floater_V1/raw/package1/JPEGImages/0897.jpg,datasets/water/IWHR_AI_Lable_Floater_V1/raw/package2/JPEGImages/2790.jpg,package1,package2,fishing-1,fishing-1,True,True
near_duplicate_dhash,2,datasets/water/IWHR_AI_Lable_Floater_V1/raw/package1/JPEGImages/0898.jpg,datasets/water/IWHR_AI_Lable_Floater_V1/raw/package1/JPEGImages/1015.jpg,package1,package1,rubbish,rubbish,True,False
near_duplicate_dhash,2,datasets/water/IWHR_AI_Lable_Floater_V1/raw/package1/JPEGImages/0901.jpg,datasets/water/IWHR_AI_Lable_Floater_V1/raw/package1/JPEGImages/0917.jpg,package1,package1,rubbish,rubbish,True,False
near_duplicate_dhash,1,datasets/water/IWHR_AI_Lable_Floater_V1/raw/package1/JPEGImages/0907.jpg,datasets/water/IWHR_AI_Lable_Floater_V1/raw/package1/JPEGImages/1162.jpg,package1,package1,rubbish,rubbish,True,False
near_duplicate_dhash,2,datasets/water/IWHR_AI_Lable_Floater_V1/raw/package1/JPEGImages/0907.jpg,datasets/water/IWHR_AI_Lable_Floater_V1/raw/package1/JPEGImages/1409.jpg,package1,package1,rubbish,rubbish,True,False
near_duplicate_dhash,2,datasets/water/IWHR_AI_Lable_Floater_V1/raw/package1/JPEGImages/0907.jpg,datasets/water/IWHR_AI_Lable_Floater_V1/raw/package2/JPEGImages/2980.jpg,package1,package2,rubbish,rubbish,True,True
near_duplicate_dhash,1,datasets/water/IWHR_AI_Lable_Floater_V1/raw/package1/JPEGImages/0910.jpg,datasets/water/IWHR_AI_Lable_Floater_V1/raw/package1/JPEGImages/0935.jpg,package1,package1,rubbish,rubbish,True,False
near_duplicate_dhash,1,datasets/water/IWHR_AI_Lable_Floater_V1/raw/package1/JPEGImages/0910.jpg,datasets/water/IWHR_AI_Lable_Floater_V1/raw/package1/JPEGImages/0950.jpg,package1,package1,rubbish,rubbish,True,False
near_duplicate_dhash,2,datasets/water/IWHR_AI_Lable_Floater_V1/raw/package1/JPEGImages/0923.jpg,datasets/water/IWHR_AI_Lable_Floater_V1/raw/package2/JPEGImages/2969.jpg,package1,package2,rubbish,fishing-1,False,True
near_duplicate_dhash,2,datasets/water/IWHR_AI_Lable_Floater_V1/raw/package1/JPEGImages/0926.jpg,datasets/water/IWHR_AI_Lable_Floater_V1/raw/package1/JPEGImages/0943.jpg,package1,package1,rubbish,rubbish,True,False
near_duplicate_dhash,1,datasets/water/IWHR_AI_Lable_Floater_V1/raw/package1/JPEGImages/0928.jpg,datasets/water/IWHR_AI_Lable_Floater_V1/raw/package1/JPEGImages/0944.jpg,package1,package1,rubbish,rubbish,True,False
near_duplicate_dhash,2,datasets/water/IWHR_AI_Lable_Floater_V1/raw/package1/JPEGImages/0938.jpg,datasets/water/IWHR_AI_Lable_Floater_V1/raw/package1/JPEGImages/0962.jpg,package1,package1,rubbish,rubbish,True,False
near_duplicate_dhash,1,datasets/water/IWHR_AI_Lable_Floater_V1/raw/package1/JPEGImages/0951.jpg,datasets/water/IWHR_AI_Lable_Floater_V1/raw/package1/JPEGImages/0975.jpg,package1,package1,rubbish,rubbish,True,False
near_duplicate_dhash,1,datasets/water/IWHR_AI_Lable_Floater_V1/raw/package1/JPEGImages/0953.jpg,datasets/water/IWHR_AI_Lable_Floater_V1/raw/package1/JPEGImages/1000.jpg,package1,package1,rubbish,rubbish,True,False
near_duplicate_dhash,1,datasets/water/IWHR_AI_Lable_Floater_V1/raw/package1/JPEGImages/0957.jpg,datasets/water/IWHR_AI_Lable_Floater_V1/raw/package1/JPEGImages/0979.jpg,package1,package1,rubbish,rubbish,True,False
near_duplicate_dhash,1,datasets/water/IWHR_AI_Lable_Floater_V1/raw/package1/JPEGImages/0966.jpg,datasets/water/IWHR_AI_Lable_Floater_V1/raw/package1/JPEGImages/0989.jpg,package1,package1,rubbish,rubbish,True,False
near_duplicate_dhash,2,datasets/water/IWHR_AI_Lable_Floater_V1/raw/package1/JPEGImages/0974.jpg,datasets/water/IWHR_AI_Lable_Floater_V1/raw/package1/JPEGImages/0998.jpg,package1,package1,rubbish,rubbish,True,False
near_duplicate_dhash,1,datasets/water/IWHR_AI_Lable_Floater_V1/raw/package1/JPEGImages/0977.jpg,datasets/water/IWHR_AI_Lable_Floater_V1/raw/package1/JPEGImages/1002.jpg,package1,package1,rubbish,rubbish,True,False
near_duplicate_dhash,2,datasets/water/IWHR_AI_Lable_Floater_V1/raw/package1/JPEGImages/0978.jpg,datasets/water/IWHR_AI_Lable_Floater_V1/raw/package1/JPEGImages/1004.jpg,package1,package1,rubbish,rubbish,True,False
near_duplicate_dhash,2,datasets/water/IWHR_AI_Lable_Floater_V1/raw/package1/JPEGImages/0980.jpg,datasets/water/IWHR_AI_Lable_Floater_V1/raw/package1/JPEGImages/1006.jpg,package1,package1,rubbish,rubbish,True,False
near_duplicate_dhash,2,datasets/water/IWHR_AI_Lable_Floater_V1/raw/package1/JPEGImages/0998.jpg,datasets/water/IWHR_AI_Lable_Floater_V1/raw/package1/JPEGImages/1026.jpg,package1,package1,rubbish,rubbish,True,False
near_duplicate_dhash,2,datasets/water/IWHR_AI_Lable_Floater_V1/raw/package1/JPEGImages/1004.jpg,datasets/water/IWHR_AI_Lable_Floater_V1/raw/package1/JPEGImages/1180.jpg,package1,package1,rubbish,rubbish,True,False
near_duplicate_dhash,2,datasets/water/IWHR_AI_Lable_Floater_V1/raw/package1/JPEGImages/1004.jpg,datasets/water/IWHR_AI_Lable_Floater_V1/raw/package1/JPEGImages/1197.jpg,package1,package1,rubbish,rubbish,True,False
near_duplicate_dhash,1,datasets/water/IWHR_AI_Lable_Floater_V1/raw/package1/JPEGImages/1008.jpg,datasets/water/IWHR_AI_Lable_Floater_V1/raw/package1/JPEGImages/1035.jpg,package1,package1,rubbish,rubbish,True,False
near_duplicate_dhash,2,datasets/water/IWHR_AI_Lable_Floater_V1/raw/package1/JPEGImages/1018.jpg,datasets/water/IWHR_AI_Lable_Floater_V1/raw/package1/JPEGImages/1042.jpg,package1,package1,rubbish,rubbish,True,False
near_duplicate_dhash,2,datasets/water/IWHR_AI_Lable_Floater_V1/raw/package1/JPEGImages/1024.jpg,datasets/water/IWHR_AI_Lable_Floater_V1/raw/package1/JPEGImages/1073.jpg,package1,package1,rubbish,rubbish,True,False
near_duplicate_dhash,1,datasets/water/IWHR_AI_Lable_Floater_V1/raw/package1/JPEGImages/1025.jpg,datasets/water/IWHR_AI_Lable_Floater_V1/raw/package1/JPEGImages/1049.jpg,package1,package1,rubbish,rubbish,True,False
near_duplicate_dhash,2,datasets/water/IWHR_AI_Lable_Floater_V1/raw/package1/JPEGImages/1029.jpg,datasets/water/IWHR_AI_Lable_Floater_V1/raw/package1/JPEGImages/1079.jpg,package1,package1,rubbish,rubbish,True,False
near_duplicate_dhash,1,datasets/water/IWHR_AI_Lable_Floater_V1/raw/package1/JPEGImages/1030.jpg,datasets/water/IWHR_AI_Lable_Floater_V1/raw/package1/JPEGImages/1053.jpg,package1,package1,rubbish,rubbish,True,False
near_duplicate_dhash,1,datasets/water/IWHR_AI_Lable_Floater_V1/raw/package1/JPEGImages/1030.jpg,datasets/water/IWHR_AI_Lable_Floater_V1/raw/package1/JPEGImages/1180.jpg,package1,package1,rubbish,rubbish,True,False
near_duplicate_dhash,1,datasets/water/IWHR_AI_Lable_Floater_V1/raw/package1/JPEGImages/1030.jpg,datasets/water/IWHR_AI_Lable_Floater_V1/raw/package1/JPEGImages/1197.jpg,package1,package1,rubbish,rubbish,True,False
near_duplicate_dhash,1,datasets/water/IWHR_AI_Lable_Floater_V1/raw/package1/JPEGImages/1034.jpg,datasets/water/IWHR_AI_Lable_Floater_V1/raw/package1/JPEGImages/1055.jpg,package1,package1,rubbish,rubbish,True,False
near_duplicate_dhash,2,datasets/water/IWHR_AI_Lable_Floater_V1/raw/package1/JPEGImages/1041.jpg,datasets/water/IWHR_AI_Lable_Floater_V1/raw/package1/JPEGImages/1065.jpg,package1,package1,rubbish,rubbish,True,False
near_duplicate_dhash,2,datasets/water/IWHR_AI_Lable_Floater_V1/raw/package1/JPEGImages/1045.jpg,datasets/water/IWHR_AI_Lable_Floater_V1/raw/package1/JPEGImages/1067.jpg,package1,package1,rubbish,rubbish,True,False
near_duplicate_dhash,2,datasets/water/IWHR_AI_Lable_Floater_V1/raw/package1/JPEGImages/1053.jpg,datasets/water/IWHR_AI_Lable_Floater_V1/raw/package1/JPEGImages/1180.jpg,package1,package1,rubbish,rubbish,True,False
near_duplicate_dhash,2,datasets/water/IWHR_AI_Lable_Floater_V1/raw/package1/JPEGImages/1053.jpg,datasets/water/IWHR_AI_Lable_Floater_V1/raw/package1/JPEGImages/1197.jpg,package1,package1,rubbish,rubbish,True,False
near_duplicate_dhash,1,datasets/water/IWHR_AI_Lable_Floater_V1/raw/package1/JPEGImages/1056.jpg,datasets/water/IWHR_AI_Lable_Floater_V1/raw/package2/JPEGImages/1746.jpg,package1,package2,rubbish,fishing-1,False,True
near_duplicate_dhash,2,datasets/water/IWHR_AI_Lable_Floater_V1/raw/package1/JPEGImages/1063.jpg,datasets/water/IWHR_AI_Lable_Floater_V1/raw/package2/JPEGImages/2735.jpg,package1,package2,rubbish,fishing-1,False,True
near_duplicate_dhash,2,datasets/water/IWHR_AI_Lable_Floater_V1/raw/package1/JPEGImages/1065.jpg,datasets/water/IWHR_AI_Lable_Floater_V1/raw/package1/JPEGImages/1092.jpg,package1,package1,rubbish,rubbish,True,False
near_duplicate_dhash,2,datasets/water/IWHR_AI_Lable_Floater_V1/raw/package1/JPEGImages/1075.jpg,datasets/water/IWHR_AI_Lable_Floater_V1/raw/package1/JPEGImages/1105.jpg,package1,package1,rubbish,rubbish,True,False
near_duplicate_dhash,1,datasets/water/IWHR_AI_Lable_Floater_V1/raw/package1/JPEGImages/1087.jpg,datasets/water/IWHR_AI_Lable_Floater_V1/raw/package1/JPEGImages/1115.jpg,package1,package1,rubbish,rubbish,True,False
near_duplicate_dhash,2,datasets/water/IWHR_AI_Lable_Floater_V1/raw/package1/JPEGImages/1097.jpg,datasets/water/IWHR_AI_Lable_Floater_V1/raw/package1/JPEGImages/1147.jpg,package1,package1,rubbish,rubbish,True,False
near_duplicate_dhash,2,datasets/water/IWHR_AI_Lable_Floater_V1/raw/package1/JPEGImages/1099.jpg,datasets/water/IWHR_AI_Lable_Floater_V1/raw/package1/JPEGImages/1148.jpg,package1,package1,rubbish,rubbish,True,False
near_duplicate_dhash,2,datasets/water/IWHR_AI_Lable_Floater_V1/raw/package1/JPEGImages/1105.jpg,datasets/water/IWHR_AI_Lable_Floater_V1/raw/package1/JPEGImages/1127.jpg,package1,package1,rubbish,rubbish,True,False
near_duplicate_dhash,2,datasets/water/IWHR_AI_Lable_Floater_V1/raw/package1/JPEGImages/1112.jpg,datasets/water/IWHR_AI_Lable_Floater_V1/raw/package1/JPEGImages/1137.jpg,package1,package1,rubbish,rubbish,True,False
near_duplicate_dhash,2,datasets/water/IWHR_AI_Lable_Floater_V1/raw/package1/JPEGImages/1127.jpg,datasets/water/IWHR_AI_Lable_Floater_V1/raw/package1/JPEGImages/1153.jpg,package1,package1,rubbish,rubbish,True,False
near_duplicate_dhash,2,datasets/water/IWHR_AI_Lable_Floater_V1/raw/package1/JPEGImages/1146.jpg,datasets/water/IWHR_AI_Lable_Floater_V1/raw/package2/JPEGImages/1587.jpg,package1,package2,rubbish,fishing-1,False,True
near_duplicate_dhash,1,datasets/water/IWHR_AI_Lable_Floater_V1/raw/package1/JPEGImages/1149.jpg,datasets/water/IWHR_AI_Lable_Floater_V1/raw/package1/JPEGImages/1172.jpg,package1,package1,rubbish,rubbish,True,False
near_duplicate_dhash,2,datasets/water/IWHR_AI_Lable_Floater_V1/raw/package1/JPEGImages/1152.jpg,datasets/water/IWHR_AI_Lable_Floater_V1/raw/package1/JPEGImages/1176.jpg,package1,package1,rubbish,rubbish,True,False
near_duplicate_dhash,2,datasets/water/IWHR_AI_Lable_Floater_V1/raw/package1/JPEGImages/1154.jpg,datasets/water/IWHR_AI_Lable_Floater_V1/raw/package1/JPEGImages/1178.jpg,package1,package1,rubbish,rubbish,True,False
near_duplicate_dhash,1,datasets/water/IWHR_AI_Lable_Floater_V1/raw/package1/JPEGImages/1162.jpg,datasets/water/IWHR_AI_Lable_Floater_V1/raw/package1/JPEGImages/1409.jpg,package1,package1,rubbish,rubbish,True,False
near_duplicate_dhash,2,datasets/water/IWHR_AI_Lable_Floater_V1/raw/package1/JPEGImages/1162.jpg,datasets/water/IWHR_AI_Lable_Floater_V1/raw/package2/JPEGImages/1602.jpg,package1,package2,rubbish,fishing-1,False,True
near_duplicate_dhash,1,datasets/water/IWHR_AI_Lable_Floater_V1/raw/package1/JPEGImages/1168.jpg,datasets/water/IWHR_AI_Lable_Floater_V1/raw/package1/JPEGImages/1190.jpg,package1,package1,rubbish,rubbish,True,False
near_duplicate_dhash,2,datasets/water/IWHR_AI_Lable_Floater_V1/raw/package1/JPEGImages/1178.jpg,datasets/water/IWHR_AI_Lable_Floater_V1/raw/package1/JPEGImages/1195.jpg,package1,package1,rubbish,rubbish,True,False
near_duplicate_dhash,2,datasets/water/IWHR_AI_Lable_Floater_V1/raw/package1/JPEGImages/1191.jpg,datasets/water/IWHR_AI_Lable_Floater_V1/raw/package1/JPEGImages/1216.jpg,package1,package1,rubbish,rubbish,True,False
near_duplicate_dhash,2,datasets/water/IWHR_AI_Lable_Floater_V1/raw/package1/JPEGImages/1220.jpg,datasets/water/IWHR_AI_Lable_Floater_V1/raw/package1/JPEGImages/1243.jpg,package1,package1,rubbish,rubbish,True,False
near_duplicate_dhash,2,datasets/water/IWHR_AI_Lable_Floater_V1/raw/package1/JPEGImages/1223.jpg,datasets/water/IWHR_AI_Lable_Floater_V1/raw/package1/JPEGImages/1245.jpg,package1,package1,rubbish,rubbish,True,False
near_duplicate_dhash,2,datasets/water/IWHR_AI_Lable_Floater_V1/raw/package1/JPEGImages/1239.jpg,datasets/water/IWHR_AI_Lable_Floater_V1/raw/package2/JPEGImages/2992.jpg,package1,package2,rubbish,rubbish,True,True
near_duplicate_dhash,1,datasets/water/IWHR_AI_Lable_Floater_V1/raw/package1/JPEGImages/1251.jpg,datasets/water/IWHR_AI_Lable_Floater_V1/raw/package1/JPEGImages/1292.jpg,package1,package1,rubbish,rubbish,True,False
near_duplicate_dhash,2,datasets/water/IWHR_AI_Lable_Floater_V1/raw/package1/JPEGImages/1258.jpg,datasets/water/IWHR_AI_Lable_Floater_V1/raw/package1/JPEGImages/1278.jpg,package1,package1,rubbish,rubbish,True,False
near_duplicate_dhash,1,datasets/water/IWHR_AI_Lable_Floater_V1/raw/package1/JPEGImages/1269.jpg,datasets/water/IWHR_AI_Lable_Floater_V1/raw/package1/JPEGImages/1292.jpg,package1,package1,rubbish,rubbish,True,False
near_duplicate_dhash,2,datasets/water/IWHR_AI_Lable_Floater_V1/raw/package1/JPEGImages/1271.jpg,datasets/water/IWHR_AI_Lable_Floater_V1/raw/package2/JPEGImages/2828.jpg,package1,package2,rubbish,fishing-1,False,True
near_duplicate_dhash,2,datasets/water/IWHR_AI_Lable_Floater_V1/raw/package1/JPEGImages/1274.jpg,datasets/water/IWHR_AI_Lable_Floater_V1/raw/package1/JPEGImages/1475.jpg,package1,package1,rubbish,fishing-1,False,False
near_duplicate_dhash,1,datasets/water/IWHR_AI_Lable_Floater_V1/raw/package1/JPEGImages/1277.jpg,datasets/water/IWHR_AI_Lable_Floater_V1/raw/package1/JPEGImages/1326.jpg,package1,package1,rubbish,rubbish,True,False
near_duplicate_dhash,2,datasets/water/IWHR_AI_Lable_Floater_V1/raw/package1/JPEGImages/1287.jpg,datasets/water/IWHR_AI_Lable_Floater_V1/raw/package1/JPEGImages/1314.jpg,package1,package1,rubbish,rubbish,True,False
near_duplicate_dhash,1,datasets/water/IWHR_AI_Lable_Floater_V1/raw/package1/JPEGImages/1289.jpg,datasets/water/IWHR_AI_Lable_Floater_V1/raw/package1/JPEGImages/1341.jpg,package1,package1,rubbish,rubbish,True,False
near_duplicate_dhash,1,datasets/water/IWHR_AI_Lable_Floater_V1/raw/package1/JPEGImages/1300.jpg,datasets/water/IWHR_AI_Lable_Floater_V1/raw/package1/JPEGImages/1325.jpg,package1,package1,rubbish,rubbish,True,False
near_duplicate_dhash,2,datasets/water/IWHR_AI_Lable_Floater_V1/raw/package1/JPEGImages/1318.jpg,datasets/water/IWHR_AI_Lable_Floater_V1/raw/package1/JPEGImages/1344.jpg,package1,package1,rubbish,rubbish,True,False
near_duplicate_dhash,1,datasets/water/IWHR_AI_Lable_Floater_V1/raw/package1/JPEGImages/1340.jpg,datasets/water/IWHR_AI_Lable_Floater_V1/raw/package2/JPEGImages/2835.jpg,package1,package2,rubbish,fishing-1,False,True
near_duplicate_dhash,2,datasets/water/IWHR_AI_Lable_Floater_V1/raw/package1/JPEGImages/1351.jpg,datasets/water/IWHR_AI_Lable_Floater_V1/raw/package1/JPEGImages/1376.jpg,package1,package1,rubbish,rubbish,True,False
near_duplicate_dhash,1,datasets/water/IWHR_AI_Lable_Floater_V1/raw/package1/JPEGImages/1358.jpg,datasets/water/IWHR_AI_Lable_Floater_V1/raw/package1/JPEGImages/1401.jpg,package1,package1,rubbish,rubbish,True,False
near_duplicate_dhash,1,datasets/water/IWHR_AI_Lable_Floater_V1/raw/package1/JPEGImages/1362.jpg,datasets/water/IWHR_AI_Lable_Floater_V1/raw/package1/JPEGImages/1381.jpg,package1,package1,rubbish,rubbish,True,False
near_duplicate_dhash,1,datasets/water/IWHR_AI_Lable_Floater_V1/raw/package1/JPEGImages/1364.jpg,datasets/water/IWHR_AI_Lable_Floater_V1/raw/package1/JPEGImages/1383.jpg,package1,package1,rubbish,rubbish,True,False
near_duplicate_dhash,1,datasets/water/IWHR_AI_Lable_Floater_V1/raw/package1/JPEGImages/1365.jpg,datasets/water/IWHR_AI_Lable_Floater_V1/raw/package1/JPEGImages/1385.jpg,package1,package1,rubbish,rubbish,True,False
near_duplicate_dhash,2,datasets/water/IWHR_AI_Lable_Floater_V1/raw/package1/JPEGImages/1375.jpg,datasets/water/IWHR_AI_Lable_Floater_V1/raw/package1/JPEGImages/1394.jpg,package1,package1,rubbish,rubbish,True,False
near_duplicate_dhash,2,datasets/water/IWHR_AI_Lable_Floater_V1/raw/package1/JPEGImages/1378.jpg,datasets/water/IWHR_AI_Lable_Floater_V1/raw/package1/JPEGImages/1400.jpg,package1,package1,rubbish,rubbish,True,False
near_duplicate_dhash,1,datasets/water/IWHR_AI_Lable_Floater_V1/raw/package1/JPEGImages/1390.jpg,datasets/water/IWHR_AI_Lable_Floater_V1/raw/package1/JPEGImages/1415.jpg,package1,package1,rubbish,rubbish,True,False
near_duplicate_dhash,2,datasets/water/IWHR_AI_Lable_Floater_V1/raw/package1/JPEGImages/1394.jpg,datasets/water/IWHR_AI_Lable_Floater_V1/raw/package1/JPEGImages/1420.jpg,package1,package1,rubbish,rubbish,True,False
near_duplicate_dhash,2,datasets/water/IWHR_AI_Lable_Floater_V1/raw/package1/JPEGImages/1395.jpg,datasets/water/IWHR_AI_Lable_Floater_V1/raw/package2/JPEGImages/1587.jpg,package1,package2,rubbish,fishing-1,False,True
near_duplicate_dhash,2,datasets/water/IWHR_AI_Lable_Floater_V1/raw/package1/JPEGImages/1400.jpg,datasets/water/IWHR_AI_Lable_Floater_V1/raw/package1/JPEGImages/1421.jpg,package1,package1,rubbish,rubbish,True,False
near_duplicate_dhash,1,datasets/water/IWHR_AI_Lable_Floater_V1/raw/package1/JPEGImages/1408.jpg,datasets/water/IWHR_AI_Lable_Floater_V1/raw/package1/JPEGImages/1451.jpg,package1,package1,rubbish,rubbish,True,False
near_duplicate_dhash,1,datasets/water/IWHR_AI_Lable_Floater_V1/raw/package1/JPEGImages/1409.jpg,datasets/water/IWHR_AI_Lable_Floater_V1/raw/package2/JPEGImages/1602.jpg,package1,package2,rubbish,fishing-1,False,True
near_duplicate_dhash,1,datasets/water/IWHR_AI_Lable_Floater_V1/raw/package1/JPEGImages/1423.jpg,datasets/water/IWHR_AI_Lable_Floater_V1/raw/package1/JPEGImages/1443.jpg,package1,package1,rubbish,rubbish,True,False
near_duplicate_dhash,2,datasets/water/IWHR_AI_Lable_Floater_V1/raw/package1/JPEGImages/1453.jpg,datasets/water/IWHR_AI_Lable_Floater_V1/raw/package2/JPEGImages/1658.jpg,package1,package2,rubbish,rubbish,True,True
near_duplicate_dhash,2,datasets/water/IWHR_AI_Lable_Floater_V1/raw/package1/JPEGImages/1457.jpg,datasets/water/IWHR_AI_Lable_Floater_V1/raw/package2/JPEGImages/1703.jpg,package1,package2,fishing-1,fishing-1,True,True
near_duplicate_dhash,2,datasets/water/IWHR_AI_Lable_Floater_V1/raw/package1/JPEGImages/1464.jpg,datasets/water/IWHR_AI_Lable_Floater_V1/raw/package1/JPEGImages/1488.jpg,package1,package1,rubbish,rubbish,True,False
near_duplicate_dhash,2,datasets/water/IWHR_AI_Lable_Floater_V1/raw/package1/JPEGImages/1475.jpg,datasets/water/IWHR_AI_Lable_Floater_V1/raw/package2/JPEGImages/1721.jpg,package1,package2,fishing-1,fishing-1,True,True
near_duplicate_dhash,1,datasets/water/IWHR_AI_Lable_Floater_V1/raw/package1/JPEGImages/1479.jpg,datasets/water/IWHR_AI_Lable_Floater_V1/raw/package2/JPEGImages/1590.jpg,package1,package2,rubbish,rubbish,True,True
near_duplicate_dhash,2,datasets/water/IWHR_AI_Lable_Floater_V1/raw/package1/JPEGImages/1486.jpg,datasets/water/IWHR_AI_Lable_Floater_V1/raw/package2/JPEGImages/1527.jpg,package1,package2,rubbish,rubbish,True,True
near_duplicate_dhash,1,datasets/water/IWHR_AI_Lable_Floater_V1/raw/package2/JPEGImages/1508.jpg,datasets/water/IWHR_AI_Lable_Floater_V1/raw/package2/JPEGImages/1531.jpg,package2,package2,fishing-3,rubbish,False,False
near_duplicate_dhash,2,datasets/water/IWHR_AI_Lable_Floater_V1/raw/package2/JPEGImages/1509.jpg,datasets/water/IWHR_AI_Lable_Floater_V1/raw/package2/JPEGImages/1532.jpg,package2,package2,rubbish,rubbish,True,False
near_duplicate_dhash,2,datasets/water/IWHR_AI_Lable_Floater_V1/raw/package2/JPEGImages/1518.jpg,datasets/water/IWHR_AI_Lable_Floater_V1/raw/package2/JPEGImages/1541.jpg,package2,package2,rubbish,rubbish,True,False
near_duplicate_dhash,2,datasets/water/IWHR_AI_Lable_Floater_V1/raw/package2/JPEGImages/1540.jpg,datasets/water/IWHR_AI_Lable_Floater_V1/raw/package2/JPEGImages/1781.jpg,package2,package2,fishing-1,fishing-1,True,False
near_duplicate_dhash,2,datasets/water/IWHR_AI_Lable_Floater_V1/raw/package2/JPEGImages/1546.jpg,datasets/water/IWHR_AI_Lable_Floater_V1/raw/package2/JPEGImages/1566.jpg,package2,package2,rubbish,rubbish,True,False
near_duplicate_dhash,2,datasets/water/IWHR_AI_Lable_Floater_V1/raw/package2/JPEGImages/1548.jpg,datasets/water/IWHR_AI_Lable_Floater_V1/raw/package2/JPEGImages/1567.jpg,package2,package2,rubbish,rubbish,True,False
near_duplicate_dhash,1,datasets/water/IWHR_AI_Lable_Floater_V1/raw/package2/JPEGImages/1553.jpg,datasets/water/IWHR_AI_Lable_Floater_V1/raw/package2/JPEGImages/1576.jpg,package2,package2,rubbish,rubbish,True,False
near_duplicate_dhash,2,datasets/water/IWHR_AI_Lable_Floater_V1/raw/package2/JPEGImages/1553.jpg,datasets/water/IWHR_AI_Lable_Floater_V1/raw/package2/JPEGImages/1603.jpg,package2,package2,rubbish,fishing-3,False,False
near_duplicate_dhash,2,datasets/water/IWHR_AI_Lable_Floater_V1/raw/package2/JPEGImages/1562.jpg,datasets/water/IWHR_AI_Lable_Floater_V1/raw/package2/JPEGImages/1588.jpg,package2,package2,fishing-3,fishing-3,True,False
near_duplicate_dhash,1,datasets/water/IWHR_AI_Lable_Floater_V1/raw/package2/JPEGImages/1566.jpg,datasets/water/IWHR_AI_Lable_Floater_V1/raw/package2/JPEGImages/1594.jpg,package2,package2,rubbish,fishing-3,False,False
near_duplicate_dhash,2,datasets/water/IWHR_AI_Lable_Floater_V1/raw/package2/JPEGImages/1568.jpg,datasets/water/IWHR_AI_Lable_Floater_V1/raw/package2/JPEGImages/1596.jpg,package2,package2,rubbish,fishing-3,False,False
near_duplicate_dhash,2,datasets/water/IWHR_AI_Lable_Floater_V1/raw/package2/JPEGImages/1574.jpg,datasets/water/IWHR_AI_Lable_Floater_V1/raw/package2/JPEGImages/1600.jpg,package2,package2,rubbish,fishing-3,False,False
near_duplicate_dhash,1,datasets/water/IWHR_AI_Lable_Floater_V1/raw/package2/JPEGImages/1576.jpg,datasets/water/IWHR_AI_Lable_Floater_V1/raw/package2/JPEGImages/1603.jpg,package2,package2,rubbish,fishing-3,False,False
near_duplicate_dhash,2,datasets/water/IWHR_AI_Lable_Floater_V1/raw/package2/JPEGImages/1587.jpg,datasets/water/IWHR_AI_Lable_Floater_V1/raw/package2/JPEGImages/1822.jpg,package2,package2,fishing-1,rubbish,False,False
near_duplicate_dhash,2,datasets/water/IWHR_AI_Lable_Floater_V1/raw/package2/JPEGImages/1588.jpg,datasets/water/IWHR_AI_Lable_Floater_V1/raw/package2/JPEGImages/1614.jpg,package2,package2,fishing-3,fishing-3,True,False
near_duplicate_dhash,2,datasets/water/IWHR_AI_Lable_Floater_V1/raw/package2/JPEGImages/1609.jpg,datasets/water/IWHR_AI_Lable_Floater_V1/raw/package2/JPEGImages/1630.jpg,package2,package2,rubbish,rubbish,True,False
near_duplicate_dhash,2,datasets/water/IWHR_AI_Lable_Floater_V1/raw/package2/JPEGImages/1620.jpg,datasets/water/IWHR_AI_Lable_Floater_V1/raw/package2/JPEGImages/1644.jpg,package2,package2,rubbish,rubbish,True,False
near_duplicate_dhash,1,datasets/water/IWHR_AI_Lable_Floater_V1/raw/package2/JPEGImages/1625.jpg,datasets/water/IWHR_AI_Lable_Floater_V1/raw/package2/JPEGImages/1651.jpg,package2,package2,fishing-3,rubbish,False,False
near_duplicate_dhash,2,datasets/water/IWHR_AI_Lable_Floater_V1/raw/package2/JPEGImages/1626.jpg,datasets/water/IWHR_AI_Lable_Floater_V1/raw/package2/JPEGImages/1652.jpg,package2,package2,fishing-3,fishing-3,True,False
near_duplicate_dhash,2,datasets/water/IWHR_AI_Lable_Floater_V1/raw/package2/JPEGImages/1630.jpg,datasets/water/IWHR_AI_Lable_Floater_V1/raw/package2/JPEGImages/1680.jpg,package2,package2,rubbish,rubbish,True,False
near_duplicate_dhash,1,datasets/water/IWHR_AI_Lable_Floater_V1/raw/package2/JPEGImages/1652.jpg,datasets/water/IWHR_AI_Lable_Floater_V1/raw/package2/JPEGImages/1674.jpg,package2,package2,fishing-3,rubbish,False,False
near_duplicate_dhash,1,datasets/water/IWHR_AI_Lable_Floater_V1/raw/package2/JPEGImages/1672.jpg,datasets/water/IWHR_AI_Lable_Floater_V1/raw/package2/JPEGImages/1693.jpg,package2,package2,rubbish,rubbish,True,False
near_duplicate_dhash,1,datasets/water/IWHR_AI_Lable_Floater_V1/raw/package2/JPEGImages/1687.jpg,datasets/water/IWHR_AI_Lable_Floater_V1/raw/package2/JPEGImages/2992.jpg,package2,package2,fishing-1,rubbish,False,False
near_duplicate_dhash,1,datasets/water/IWHR_AI_Lable_Floater_V1/raw/package2/JPEGImages/1695.jpg,datasets/water/IWHR_AI_Lable_Floater_V1/raw/package2/JPEGImages/1712.jpg,package2,package2,fishing-3,rubbish,False,False
near_duplicate_dhash,2,datasets/water/IWHR_AI_Lable_Floater_V1/raw/package2/JPEGImages/1706.jpg,datasets/water/IWHR_AI_Lable_Floater_V1/raw/package2/JPEGImages/1725.jpg,package2,package2,rubbish,fishing-3,False,False
near_duplicate_dhash,1,datasets/water/IWHR_AI_Lable_Floater_V1/raw/package2/JPEGImages/1725.jpg,datasets/water/IWHR_AI_Lable_Floater_V1/raw/package2/JPEGImages/1745.jpg,package2,package2,fishing-3,rubbish,False,False
near_duplicate_dhash,1,datasets/water/IWHR_AI_Lable_Floater_V1/raw/package2/JPEGImages/1730.jpg,datasets/water/IWHR_AI_Lable_Floater_V1/raw/package2/JPEGImages/1750.jpg,package2,package2,rubbish,rubbish,True,False
near_duplicate_dhash,1,datasets/water/IWHR_AI_Lable_Floater_V1/raw/package2/JPEGImages/1780.jpg,datasets/water/IWHR_AI_Lable_Floater_V1/raw/package2/JPEGImages/1800.jpg,package2,package2,rubbish,rubbish,True,False
near_duplicate_dhash,1,datasets/water/IWHR_AI_Lable_Floater_V1/raw/package2/JPEGImages/1821.jpg,datasets/water/IWHR_AI_Lable_Floater_V1/raw/package2/JPEGImages/1845.jpg,package2,package2,rubbish,rubbish,True,False
near_duplicate_dhash,2,datasets/water/IWHR_AI_Lable_Floater_V1/raw/package2/JPEGImages/1827.jpg,datasets/water/IWHR_AI_Lable_Floater_V1/raw/package2/JPEGImages/1853.jpg,package2,package2,rubbish,rubbish,True,False
near_duplicate_dhash,2,datasets/water/IWHR_AI_Lable_Floater_V1/raw/package2/JPEGImages/1829.jpg,datasets/water/IWHR_AI_Lable_Floater_V1/raw/package2/JPEGImages/1946.jpg,package2,package2,rubbish,rubbish,True,False
near_duplicate_dhash,2,datasets/water/IWHR_AI_Lable_Floater_V1/raw/package2/JPEGImages/1838.jpg,datasets/water/IWHR_AI_Lable_Floater_V1/raw/package2/JPEGImages/1910.jpg,package2,package2,rubbish,rubbish,True,False
near_duplicate_dhash,1,datasets/water/IWHR_AI_Lable_Floater_V1/raw/package2/JPEGImages/1845.jpg,datasets/water/IWHR_AI_Lable_Floater_V1/raw/package2/JPEGImages/1862.jpg,package2,package2,rubbish,fishing-3,False,False
near_duplicate_dhash,2,datasets/water/IWHR_AI_Lable_Floater_V1/raw/package2/JPEGImages/1852.jpg,datasets/water/IWHR_AI_Lable_Floater_V1/raw/package2/JPEGImages/1865.jpg,package2,package2,rubbish,rubbish,True,False
near_duplicate_dhash,1,datasets/water/IWHR_AI_Lable_Floater_V1/raw/package2/JPEGImages/1857.jpg,datasets/water/IWHR_AI_Lable_Floater_V1/raw/package2/JPEGImages/1888.jpg,package2,package2,rubbish,rubbish,True,False
near_duplicate_dhash,2,datasets/water/IWHR_AI_Lable_Floater_V1/raw/package2/JPEGImages/1857.jpg,datasets/water/IWHR_AI_Lable_Floater_V1/raw/package2/JPEGImages/1909.jpg,package2,package2,rubbish,rubbish,True,False
near_duplicate_dhash,2,datasets/water/IWHR_AI_Lable_Floater_V1/raw/package2/JPEGImages/1857.jpg,datasets/water/IWHR_AI_Lable_Floater_V1/raw/package2/JPEGImages/1930.jpg,package2,package2,rubbish,fishing-3,False,False
near_duplicate_dhash,1,datasets/water/IWHR_AI_Lable_Floater_V1/raw/package2/JPEGImages/1861.jpg,datasets/water/IWHR_AI_Lable_Floater_V1/raw/package2/JPEGImages/1876.jpg,package2,package2,rubbish,rubbish,True,False
near_duplicate_dhash,2,datasets/water/IWHR_AI_Lable_Floater_V1/raw/package2/JPEGImages/1861.jpg,datasets/water/IWHR_AI_Lable_Floater_V1/raw/package2/JPEGImages/2451.jpg,package2,package2,rubbish,rubbish,True,False
near_duplicate_dhash,2,datasets/water/IWHR_AI_Lable_Floater_V1/raw/package2/JPEGImages/1870.jpg,datasets/water/IWHR_AI_Lable_Floater_V1/raw/package2/JPEGImages/1887.jpg,package2,package2,rubbish,rubbish,True,False
near_duplicate_dhash,1,datasets/water/IWHR_AI_Lable_Floater_V1/raw/package2/JPEGImages/1871.jpg,datasets/water/IWHR_AI_Lable_Floater_V1/raw/package2/JPEGImages/1888.jpg,package2,package2,rubbish,rubbish,True,False
near_duplicate_dhash,2,datasets/water/IWHR_AI_Lable_Floater_V1/raw/package2/JPEGImages/1871.jpg,datasets/water/IWHR_AI_Lable_Floater_V1/raw/package2/JPEGImages/1909.jpg,package2,package2,rubbish,rubbish,True,False
near_duplicate_dhash,2,datasets/water/IWHR_AI_Lable_Floater_V1/raw/package2/JPEGImages/1871.jpg,datasets/water/IWHR_AI_Lable_Floater_V1/raw/package2/JPEGImages/1930.jpg,package2,package2,rubbish,fishing-3,False,False
near_duplicate_dhash,1,datasets/water/IWHR_AI_Lable_Floater_V1/raw/package2/JPEGImages/1876.jpg,datasets/water/IWHR_AI_Lable_Floater_V1/raw/package2/JPEGImages/2451.jpg,package2,package2,rubbish,rubbish,True,False
near_duplicate_dhash,2,datasets/water/IWHR_AI_Lable_Floater_V1/raw/package2/JPEGImages/1882.jpg,datasets/water/IWHR_AI_Lable_Floater_V1/raw/package2/JPEGImages/2828.jpg,package2,package2,rubbish,fishing-1,False,False
near_duplicate_dhash,2,datasets/water/IWHR_AI_Lable_Floater_V1/raw/package2/JPEGImages/1884.jpg,datasets/water/IWHR_AI_Lable_Floater_V1/raw/package2/JPEGImages/1903.jpg,package2,package2,rubbish,rubbish,True,False
near_duplicate_dhash,1,datasets/water/IWHR_AI_Lable_Floater_V1/raw/package2/JPEGImages/1888.jpg,datasets/water/IWHR_AI_Lable_Floater_V1/raw/package2/JPEGImages/1909.jpg,package2,package2,rubbish,rubbish,True,False
near_duplicate_dhash,1,datasets/water/IWHR_AI_Lable_Floater_V1/raw/package2/JPEGImages/1888.jpg,datasets/water/IWHR_AI_Lable_Floater_V1/raw/package2/JPEGImages/1930.jpg,package2,package2,rubbish,fishing-3,False,False
near_duplicate_dhash,2,datasets/water/IWHR_AI_Lable_Floater_V1/raw/package2/JPEGImages/1888.jpg,datasets/water/IWHR_AI_Lable_Floater_V1/raw/package2/JPEGImages/1951.jpg,package2,package2,rubbish,fishing-3,False,False
near_duplicate_dhash,1,datasets/water/IWHR_AI_Lable_Floater_V1/raw/package2/JPEGImages/1900.jpg,datasets/water/IWHR_AI_Lable_Floater_V1/raw/package2/JPEGImages/1922.jpg,package2,package2,rubbish,rubbish,True,False
near_duplicate_dhash,1,datasets/water/IWHR_AI_Lable_Floater_V1/raw/package2/JPEGImages/1903.jpg,datasets/water/IWHR_AI_Lable_Floater_V1/raw/package2/JPEGImages/1925.jpg,package2,package2,rubbish,rubbish,True,False
near_duplicate_dhash,2,datasets/water/IWHR_AI_Lable_Floater_V1/raw/package2/JPEGImages/1903.jpg,datasets/water/IWHR_AI_Lable_Floater_V1/raw/package2/JPEGImages/1945.jpg,package2,package2,rubbish,rubbish,True,False
near_duplicate_dhash,1,datasets/water/IWHR_AI_Lable_Floater_V1/raw/package2/JPEGImages/1909.jpg,datasets/water/IWHR_AI_Lable_Floater_V1/raw/package2/JPEGImages/1951.jpg,package2,package2,rubbish,fishing-3,False,False
near_duplicate_dhash,2,datasets/water/IWHR_AI_Lable_Floater_V1/raw/package2/JPEGImages/1915.jpg,datasets/water/IWHR_AI_Lable_Floater_V1/raw/package2/JPEGImages/1936.jpg,package2,package2,rubbish,rubbish,True,False
near_duplicate_dhash,2,datasets/water/IWHR_AI_Lable_Floater_V1/raw/package2/JPEGImages/1916.jpg,datasets/water/IWHR_AI_Lable_Floater_V1/raw/package2/JPEGImages/1937.jpg,package2,package2,rubbish,rubbish,True,False
near_duplicate_dhash,2,datasets/water/IWHR_AI_Lable_Floater_V1/raw/package2/JPEGImages/1921.jpg,datasets/water/IWHR_AI_Lable_Floater_V1/raw/package2/JPEGImages/1941.jpg,package2,package2,rubbish,rubbish,True,False
near_duplicate_dhash,2,datasets/water/IWHR_AI_Lable_Floater_V1/raw/package2/JPEGImages/1922.jpg,datasets/water/IWHR_AI_Lable_Floater_V1/raw/package2/JPEGImages/1944.jpg,package2,package2,rubbish,rubbish,True,False
near_duplicate_dhash,1,datasets/water/IWHR_AI_Lable_Floater_V1/raw/package2/JPEGImages/1925.jpg,datasets/water/IWHR_AI_Lable_Floater_V1/raw/package2/JPEGImages/1945.jpg,package2,package2,rubbish,rubbish,True,False
near_duplicate_dhash,1,datasets/water/IWHR_AI_Lable_Floater_V1/raw/package2/JPEGImages/1930.jpg,datasets/water/IWHR_AI_Lable_Floater_V1/raw/package2/JPEGImages/1951.jpg,package2,package2,fishing-3,fishing-3,True,False
near_duplicate_dhash,2,datasets/water/IWHR_AI_Lable_Floater_V1/raw/package2/JPEGImages/1933.jpg,datasets/water/IWHR_AI_Lable_Floater_V1/raw/package2/JPEGImages/1954.jpg,package2,package2,rubbish,rubbish,True,False
near_duplicate_dhash,1,datasets/water/IWHR_AI_Lable_Floater_V1/raw/package2/JPEGImages/1937.jpg,datasets/water/IWHR_AI_Lable_Floater_V1/raw/package2/JPEGImages/1976.jpg,package2,package2,rubbish,rubbish,True,False
near_duplicate_dhash,2,datasets/water/IWHR_AI_Lable_Floater_V1/raw/package2/JPEGImages/1945.jpg,datasets/water/IWHR_AI_Lable_Floater_V1/raw/package2/JPEGImages/1964.jpg,package2,package2,rubbish,rubbish,True,False
near_duplicate_dhash,2,datasets/water/IWHR_AI_Lable_Floater_V1/raw/package2/JPEGImages/1946.jpg,datasets/water/IWHR_AI_Lable_Floater_V1/raw/package2/JPEGImages/1986.jpg,package2,package2,rubbish,rubbish,True,False
near_duplicate_dhash,1,datasets/water/IWHR_AI_Lable_Floater_V1/raw/package2/JPEGImages/1957.jpg,datasets/water/IWHR_AI_Lable_Floater_V1/raw/package2/JPEGImages/2188.jpg,package2,package2,rubbish,rubbish,True,False
near_duplicate_dhash,2,datasets/water/IWHR_AI_Lable_Floater_V1/raw/package2/JPEGImages/1982.jpg,datasets/water/IWHR_AI_Lable_Floater_V1/raw/package2/JPEGImages/2021.jpg,package2,package2,rubbish,fishing-3,False,False
near_duplicate_dhash,1,datasets/water/IWHR_AI_Lable_Floater_V1/raw/package2/JPEGImages/2015.jpg,datasets/water/IWHR_AI_Lable_Floater_V1/raw/package2/JPEGImages/2074.jpg,package2,package2,fishing-3,fishing-4,False,False
near_duplicate_dhash,1,datasets/water/IWHR_AI_Lable_Floater_V1/raw/package2/JPEGImages/2019.jpg,datasets/water/IWHR_AI_Lable_Floater_V1/raw/package2/JPEGImages/2036.jpg,package2,package2,fishing-3,fishing-3,True,False
near_duplicate_dhash,2,datasets/water/IWHR_AI_Lable_Floater_V1/raw/package2/JPEGImages/2022.jpg,datasets/water/IWHR_AI_Lable_Floater_V1/raw/package2/JPEGImages/2039.jpg,package2,package2,fishing-3,fishing-3,True,False
near_duplicate_dhash,2,datasets/water/IWHR_AI_Lable_Floater_V1/raw/package2/JPEGImages/2026.jpg,datasets/water/IWHR_AI_Lable_Floater_V1/raw/package2/JPEGImages/2044.jpg,package2,package2,fishing-3,fishing-3,True,False
near_duplicate_dhash,2,datasets/water/IWHR_AI_Lable_Floater_V1/raw/package2/JPEGImages/2039.jpg,datasets/water/IWHR_AI_Lable_Floater_V1/raw/package2/JPEGImages/2064.jpg,package2,package2,fishing-3,fishing-4,False,False
near_duplicate_dhash,2,datasets/water/IWHR_AI_Lable_Floater_V1/raw/package2/JPEGImages/2060.jpg,datasets/water/IWHR_AI_Lable_Floater_V1/raw/package2/JPEGImages/2304.jpg,package2,package2,fishing-1,fishing-1,True,False
near_duplicate_dhash,2,datasets/water/IWHR_AI_Lable_Floater_V1/raw/package2/JPEGImages/2067.jpg,datasets/water/IWHR_AI_Lable_Floater_V1/raw/package2/JPEGImages/2087.jpg,package2,package2,fishing-4,rubbish,False,False
near_duplicate_dhash,2,datasets/water/IWHR_AI_Lable_Floater_V1/raw/package2/JPEGImages/2098.jpg,datasets/water/IWHR_AI_Lable_Floater_V1/raw/package2/JPEGImages/2118.jpg,package2,package2,fishing-4,fishing-4,True,False
near_duplicate_dhash,2,datasets/water/IWHR_AI_Lable_Floater_V1/raw/package2/JPEGImages/2118.jpg,datasets/water/IWHR_AI_Lable_Floater_V1/raw/package2/JPEGImages/2137.jpg,package2,package2,fishing-4,rubbish,False,False
near_duplicate_dhash,1,datasets/water/IWHR_AI_Lable_Floater_V1/raw/package2/JPEGImages/2126.jpg,datasets/water/IWHR_AI_Lable_Floater_V1/raw/package2/JPEGImages/2146.jpg,package2,package2,rubbish,rubbish,True,False
near_duplicate_dhash,2,datasets/water/IWHR_AI_Lable_Floater_V1/raw/package2/JPEGImages/2147.jpg,datasets/water/IWHR_AI_Lable_Floater_V1/raw/package2/JPEGImages/2204.jpg,package2,package2,rubbish,rubbish,True,False
near_duplicate_dhash,2,datasets/water/IWHR_AI_Lable_Floater_V1/raw/package2/JPEGImages/2151.jpg,datasets/water/IWHR_AI_Lable_Floater_V1/raw/package2/JPEGImages/2170.jpg,package2,package2,fishing-4,rubbish,False,False
near_duplicate_dhash,2,datasets/water/IWHR_AI_Lable_Floater_V1/raw/package2/JPEGImages/2165.jpg,datasets/water/IWHR_AI_Lable_Floater_V1/raw/package2/JPEGImages/2185.jpg,package2,package2,rubbish,rubbish,True,False
near_duplicate_dhash,1,datasets/water/IWHR_AI_Lable_Floater_V1/raw/package2/JPEGImages/2166.jpg,datasets/water/IWHR_AI_Lable_Floater_V1/raw/package2/JPEGImages/2186.jpg,package2,package2,rubbish,rubbish,True,False
near_duplicate_dhash,2,datasets/water/IWHR_AI_Lable_Floater_V1/raw/package2/JPEGImages/2170.jpg,datasets/water/IWHR_AI_Lable_Floater_V1/raw/package2/JPEGImages/2192.jpg,package2,package2,rubbish,rubbish,True,False
near_duplicate_dhash,2,datasets/water/IWHR_AI_Lable_Floater_V1/raw/package2/JPEGImages/2175.jpg,datasets/water/IWHR_AI_Lable_Floater_V1/raw/package2/JPEGImages/2257.jpg,package2,package2,rubbish,rubbish,True,False
near_duplicate_dhash,1,datasets/water/IWHR_AI_Lable_Floater_V1/raw/package2/JPEGImages/2195.jpg,datasets/water/IWHR_AI_Lable_Floater_V1/raw/package2/JPEGImages/2212.jpg,package2,package2,rubbish,rubbish,True,False
near_duplicate_dhash,2,datasets/water/IWHR_AI_Lable_Floater_V1/raw/package2/JPEGImages/2207.jpg,datasets/water/IWHR_AI_Lable_Floater_V1/raw/package2/JPEGImages/2227.jpg,package2,package2,rubbish,rubbish,True,False
near_duplicate_dhash,2,datasets/water/IWHR_AI_Lable_Floater_V1/raw/package2/JPEGImages/2210.jpg,datasets/water/IWHR_AI_Lable_Floater_V1/raw/package2/JPEGImages/2229.jpg,package2,package2,rubbish,rubbish,True,False
near_duplicate_dhash,2,datasets/water/IWHR_AI_Lable_Floater_V1/raw/package2/JPEGImages/2214.jpg,datasets/water/IWHR_AI_Lable_Floater_V1/raw/package2/JPEGImages/2272.jpg,package2,package2,rubbish,rubbish,True,False
near_duplicate_dhash,2,datasets/water/IWHR_AI_Lable_Floater_V1/raw/package2/JPEGImages/2218.jpg,datasets/water/IWHR_AI_Lable_Floater_V1/raw/package2/JPEGImages/2239.jpg,package2,package2,rubbish,rubbish,True,False
near_duplicate_dhash,1,datasets/water/IWHR_AI_Lable_Floater_V1/raw/package2/JPEGImages/2224.jpg,datasets/water/IWHR_AI_Lable_Floater_V1/raw/package2/JPEGImages/2247.jpg,package2,package2,rubbish,rubbish,True,False
near_duplicate_dhash,2,datasets/water/IWHR_AI_Lable_Floater_V1/raw/package2/JPEGImages/2231.jpg,datasets/water/IWHR_AI_Lable_Floater_V1/raw/package2/JPEGImages/2254.jpg,package2,package2,rubbish,fishing-4,False,False
near_duplicate_dhash,2,datasets/water/IWHR_AI_Lable_Floater_V1/raw/package2/JPEGImages/2244.jpg,datasets/water/IWHR_AI_Lable_Floater_V1/raw/package2/JPEGImages/2285.jpg,package2,package2,rubbish,rubbish,True,False
near_duplicate_dhash,1,datasets/water/IWHR_AI_Lable_Floater_V1/raw/package2/JPEGImages/2248.jpg,datasets/water/IWHR_AI_Lable_Floater_V1/raw/package2/JPEGImages/2265.jpg,package2,package2,rubbish,rubbish,True,False
near_duplicate_dhash,2,datasets/water/IWHR_AI_Lable_Floater_V1/raw/package2/JPEGImages/2251.jpg,datasets/water/IWHR_AI_Lable_Floater_V1/raw/package2/JPEGImages/2268.jpg,package2,package2,fishing-4,rubbish,False,False
near_duplicate_dhash,1,datasets/water/IWHR_AI_Lable_Floater_V1/raw/package2/JPEGImages/2258.jpg,datasets/water/IWHR_AI_Lable_Floater_V1/raw/package2/JPEGImages/2276.jpg,package2,package2,fishing-4,rubbish,False,False
near_duplicate_dhash,2,datasets/water/IWHR_AI_Lable_Floater_V1/raw/package2/JPEGImages/2258.jpg,datasets/water/IWHR_AI_Lable_Floater_V1/raw/package2/JPEGImages/2300.jpg,package2,package2,fishing-4,rubbish,False,False
near_duplicate_dhash,2,datasets/water/IWHR_AI_Lable_Floater_V1/raw/package2/JPEGImages/2266.jpg,datasets/water/IWHR_AI_Lable_Floater_V1/raw/package2/JPEGImages/2289.jpg,package2,package2,rubbish,rubbish,True,False
near_duplicate_dhash,2,datasets/water/IWHR_AI_Lable_Floater_V1/raw/package2/JPEGImages/2275.jpg,datasets/water/IWHR_AI_Lable_Floater_V1/raw/package2/JPEGImages/2525.jpg,package2,package2,fishing-1,rubbish,False,False
near_duplicate_dhash,1,datasets/water/IWHR_AI_Lable_Floater_V1/raw/package2/JPEGImages/2276.jpg,datasets/water/IWHR_AI_Lable_Floater_V1/raw/package2/JPEGImages/2300.jpg,package2,package2,rubbish,rubbish,True,False
near_duplicate_dhash,2,datasets/water/IWHR_AI_Lable_Floater_V1/raw/package2/JPEGImages/2285.jpg,datasets/water/IWHR_AI_Lable_Floater_V1/raw/package2/JPEGImages/2325.jpg,package2,package2,rubbish,rubbish,True,False
near_duplicate_dhash,2,datasets/water/IWHR_AI_Lable_Floater_V1/raw/package2/JPEGImages/2301.jpg,datasets/water/IWHR_AI_Lable_Floater_V1/raw/package2/JPEGImages/2380.jpg,package2,package2,rubbish,rubbish,True,False
near_duplicate_dhash,1,datasets/water/IWHR_AI_Lable_Floater_V1/raw/package2/JPEGImages/2324.jpg,datasets/water/IWHR_AI_Lable_Floater_V1/raw/package2/JPEGImages/2345.jpg,package2,package2,fishing-4,fishing-4,True,False
near_duplicate_dhash,1,datasets/water/IWHR_AI_Lable_Floater_V1/raw/package2/JPEGImages/2330.jpg,datasets/water/IWHR_AI_Lable_Floater_V1/raw/package2/JPEGImages/2349.jpg,package2,package2,rubbish,fishing-4,False,False
near_duplicate_dhash,2,datasets/water/IWHR_AI_Lable_Floater_V1/raw/package2/JPEGImages/2334.jpg,datasets/water/IWHR_AI_Lable_Floater_V1/raw/package2/JPEGImages/2352.jpg,package2,package2,rubbish,rubbish,True,False
near_duplicate_dhash,1,datasets/water/IWHR_AI_Lable_Floater_V1/raw/package2/JPEGImages/2352.jpg,datasets/water/IWHR_AI_Lable_Floater_V1/raw/package2/JPEGImages/2393.jpg,package2,package2,rubbish,rubbish,True,False
near_duplicate_dhash,2,datasets/water/IWHR_AI_Lable_Floater_V1/raw/package2/JPEGImages/2368.jpg,datasets/water/IWHR_AI_Lable_Floater_V1/raw/package2/JPEGImages/2389.jpg,package2,package2,rubbish,rubbish,True,False
near_duplicate_dhash,2,datasets/water/IWHR_AI_Lable_Floater_V1/raw/package2/JPEGImages/2379.jpg,datasets/water/IWHR_AI_Lable_Floater_V1/raw/package2/JPEGImages/2399.jpg,package2,package2,rubbish,rubbish,True,False
near_duplicate_dhash,1,datasets/water/IWHR_AI_Lable_Floater_V1/raw/package2/JPEGImages/2388.jpg,datasets/water/IWHR_AI_Lable_Floater_V1/raw/package2/JPEGImages/2618.jpg,package2,package2,fishing-1,fishing-1,True,False
near_duplicate_dhash,1,datasets/water/IWHR_AI_Lable_Floater_V1/raw/package2/JPEGImages/2391.jpg,datasets/water/IWHR_AI_Lable_Floater_V1/raw/package2/JPEGImages/2427.jpg,package2,package2,rubbish,rubbish,True,False
near_duplicate_dhash,2,datasets/water/IWHR_AI_Lable_Floater_V1/raw/package2/JPEGImages/2393.jpg,datasets/water/IWHR_AI_Lable_Floater_V1/raw/package2/JPEGImages/2431.jpg,package2,package2,rubbish,rubbish,True,False
near_duplicate_dhash,2,datasets/water/IWHR_AI_Lable_Floater_V1/raw/package2/JPEGImages/2409.jpg,datasets/water/IWHR_AI_Lable_Floater_V1/raw/package2/JPEGImages/2429.jpg,package2,package2,rubbish,rubbish,True,False
near_duplicate_dhash,2,datasets/water/IWHR_AI_Lable_Floater_V1/raw/package2/JPEGImages/2422.jpg,datasets/water/IWHR_AI_Lable_Floater_V1/raw/package2/JPEGImages/2441.jpg,package2,package2,rubbish,rubbish,True,False
near_duplicate_dhash,1,datasets/water/IWHR_AI_Lable_Floater_V1/raw/package2/JPEGImages/2429.jpg,datasets/water/IWHR_AI_Lable_Floater_V1/raw/package2/JPEGImages/2446.jpg,package2,package2,rubbish,rubbish,True,False
near_duplicate_dhash,2,datasets/water/IWHR_AI_Lable_Floater_V1/raw/package2/JPEGImages/2430.jpg,datasets/water/IWHR_AI_Lable_Floater_V1/raw/package2/JPEGImages/2447.jpg,package2,package2,rubbish,fishing-4,False,False
near_duplicate_dhash,1,datasets/water/IWHR_AI_Lable_Floater_V1/raw/package2/JPEGImages/2444.jpg,datasets/water/IWHR_AI_Lable_Floater_V1/raw/package2/JPEGImages/2460.jpg,package2,package2,rubbish,rubbish,True,False
near_duplicate_dhash,2,datasets/water/IWHR_AI_Lable_Floater_V1/raw/package2/JPEGImages/2454.jpg,datasets/water/IWHR_AI_Lable_Floater_V1/raw/package2/JPEGImages/2663.jpg,package2,package2,rubbish,fishing-1,False,False
near_duplicate_dhash,2,datasets/water/IWHR_AI_Lable_Floater_V1/raw/package2/JPEGImages/2456.jpg,datasets/water/IWHR_AI_Lable_Floater_V1/raw/package2/JPEGImages/2472.jpg,package2,package2,rubbish,rubbish,True,False
near_duplicate_dhash,2,datasets/water/IWHR_AI_Lable_Floater_V1/raw/package2/JPEGImages/2459.jpg,datasets/water/IWHR_AI_Lable_Floater_V1/raw/package2/JPEGImages/2475.jpg,package2,package2,rubbish,rubbish,True,False
near_duplicate_dhash,2,datasets/water/IWHR_AI_Lable_Floater_V1/raw/package2/JPEGImages/2460.jpg,datasets/water/IWHR_AI_Lable_Floater_V1/raw/package2/JPEGImages/2476.jpg,package2,package2,rubbish,rubbish,True,False
near_duplicate_dhash,2,datasets/water/IWHR_AI_Lable_Floater_V1/raw/package2/JPEGImages/2464.jpg,datasets/water/IWHR_AI_Lable_Floater_V1/raw/package2/JPEGImages/2482.jpg,package2,package2,rubbish,rubbish,True,False
near_duplicate_dhash,2,datasets/water/IWHR_AI_Lable_Floater_V1/raw/package2/JPEGImages/2493.jpg,datasets/water/IWHR_AI_Lable_Floater_V1/raw/package2/JPEGImages/2512.jpg,package2,package2,rubbish,rubbish,True,False
near_duplicate_dhash,2,datasets/water/IWHR_AI_Lable_Floater_V1/raw/package2/JPEGImages/2494.jpg,datasets/water/IWHR_AI_Lable_Floater_V1/raw/package2/JPEGImages/2513.jpg,package2,package2,rubbish,rubbish,True,False
near_duplicate_dhash,2,datasets/water/IWHR_AI_Lable_Floater_V1/raw/package2/JPEGImages/2497.jpg,datasets/water/IWHR_AI_Lable_Floater_V1/raw/package2/JPEGImages/2667.jpg,package2,package2,rubbish,fishing-1,False,False
near_duplicate_dhash,1,datasets/water/IWHR_AI_Lable_Floater_V1/raw/package2/JPEGImages/2504.jpg,datasets/water/IWHR_AI_Lable_Floater_V1/raw/package2/JPEGImages/2849.jpg,package2,package2,rubbish,fishing-1,False,False
near_duplicate_dhash,2,datasets/water/IWHR_AI_Lable_Floater_V1/raw/package2/JPEGImages/2504.jpg,datasets/water/IWHR_AI_Lable_Floater_V1/raw/package2/JPEGImages/2888.jpg,package2,package2,rubbish,rubbish,True,False
near_duplicate_dhash,2,datasets/water/IWHR_AI_Lable_Floater_V1/raw/package2/JPEGImages/2517.jpg,datasets/water/IWHR_AI_Lable_Floater_V1/raw/package2/JPEGImages/2531.jpg,package2,package2,rubbish,rubbish,True,False
near_duplicate_dhash,2,datasets/water/IWHR_AI_Lable_Floater_V1/raw/package2/JPEGImages/2528.jpg,datasets/water/IWHR_AI_Lable_Floater_V1/raw/package2/JPEGImages/2544.jpg,package2,package2,rubbish,rubbish,True,False
near_duplicate_dhash,2,datasets/water/IWHR_AI_Lable_Floater_V1/raw/package2/JPEGImages/2547.jpg,datasets/water/IWHR_AI_Lable_Floater_V1/raw/package2/JPEGImages/2617.jpg,package2,package2,rubbish,fishing-4,False,False
near_duplicate_dhash,1,datasets/water/IWHR_AI_Lable_Floater_V1/raw/package2/JPEGImages/2571.jpg,datasets/water/IWHR_AI_Lable_Floater_V1/raw/package2/JPEGImages/2585.jpg,package2,package2,fishing-4,rubbish,False,False
near_duplicate_dhash,2,datasets/water/IWHR_AI_Lable_Floater_V1/raw/package2/JPEGImages/2583.jpg,datasets/water/IWHR_AI_Lable_Floater_V1/raw/package2/JPEGImages/2595.jpg,package2,package2,rubbish,fishing-4,False,False
near_duplicate_dhash,2,datasets/water/IWHR_AI_Lable_Floater_V1/raw/package2/JPEGImages/2589.jpg,datasets/water/IWHR_AI_Lable_Floater_V1/raw/package2/JPEGImages/2602.jpg,package2,package2,fishing-4,fishing-4,True,False
near_duplicate_dhash,2,datasets/water/IWHR_AI_Lable_Floater_V1/raw/package2/JPEGImages/2598.jpg,datasets/water/IWHR_AI_Lable_Floater_V1/raw/package2/JPEGImages/2614.jpg,package2,package2,fishing-4,fishing-4,True,False
near_duplicate_dhash,1,datasets/water/IWHR_AI_Lable_Floater_V1/raw/package2/JPEGImages/2601.jpg,datasets/water/IWHR_AI_Lable_Floater_V1/raw/package2/JPEGImages/2660.jpg,package2,package2,fishing-4,fishing-4,True,False
near_duplicate_dhash,2,datasets/water/IWHR_AI_Lable_Floater_V1/raw/package2/JPEGImages/2609.jpg,datasets/water/IWHR_AI_Lable_Floater_V1/raw/package2/JPEGImages/2980.jpg,package2,package2,fishing-1,rubbish,False,False
near_duplicate_dhash,2,datasets/water/IWHR_AI_Lable_Floater_V1/raw/package2/JPEGImages/2628.jpg,datasets/water/IWHR_AI_Lable_Floater_V1/raw/package2/JPEGImages/2641.jpg,package2,package2,fishing-4,fishing-4,True,False
near_duplicate_dhash,2,datasets/water/IWHR_AI_Lable_Floater_V1/raw/package2/JPEGImages/2630.jpg,datasets/water/IWHR_AI_Lable_Floater_V1/raw/package2/JPEGImages/2643.jpg,package2,package2,fishing-4,fishing-4,True,False
near_duplicate_dhash,2,datasets/water/IWHR_AI_Lable_Floater_V1/raw/package2/JPEGImages/2631.jpg,datasets/water/IWHR_AI_Lable_Floater_V1/raw/package2/JPEGImages/2683.jpg,package2,package2,fishing-1,fishing-1,True,False
near_duplicate_dhash,1,datasets/water/IWHR_AI_Lable_Floater_V1/raw/package2/JPEGImages/2632.jpg,datasets/water/IWHR_AI_Lable_Floater_V1/raw/package2/JPEGImages/2644.jpg,package2,package2,fishing-4,fishing-4,True,False
near_duplicate_dhash,2,datasets/water/IWHR_AI_Lable_Floater_V1/raw/package2/JPEGImages/2684.jpg,datasets/water/IWHR_AI_Lable_Floater_V1/raw/package2/JPEGImages/2709.jpg,package2,package2,fishing-1,fishing-1,True,False
near_duplicate_dhash,2,datasets/water/IWHR_AI_Lable_Floater_V1/raw/package2/JPEGImages/2700.jpg,datasets/water/IWHR_AI_Lable_Floater_V1/raw/package2/JPEGImages/2746.jpg,package2,package2,fishing-1,fishing-1,True,False
near_duplicate_dhash,1,datasets/water/IWHR_AI_Lable_Floater_V1/raw/package2/JPEGImages/2711.jpg,datasets/water/IWHR_AI_Lable_Floater_V1/raw/package2/JPEGImages/2732.jpg,package2,package2,fishing-1,fishing-1,True,False
near_duplicate_dhash,2,datasets/water/IWHR_AI_Lable_Floater_V1/raw/package2/JPEGImages/2716.jpg,datasets/water/IWHR_AI_Lable_Floater_V1/raw/package2/JPEGImages/2739.jpg,package2,package2,fishing-1,fishing-1,True,False
near_duplicate_dhash,1,datasets/water/IWHR_AI_Lable_Floater_V1/raw/package2/JPEGImages/2718.jpg,datasets/water/IWHR_AI_Lable_Floater_V1/raw/package2/JPEGImages/2743.jpg,package2,package2,fishing-1,fishing-1,True,False
near_duplicate_dhash,2,datasets/water/IWHR_AI_Lable_Floater_V1/raw/package2/JPEGImages/2719.jpg,datasets/water/IWHR_AI_Lable_Floater_V1/raw/package2/JPEGImages/2746.jpg,package2,package2,fishing-1,fishing-1,True,False
near_duplicate_dhash,1,datasets/water/IWHR_AI_Lable_Floater_V1/raw/package2/JPEGImages/2733.jpg,datasets/water/IWHR_AI_Lable_Floater_V1/raw/package2/JPEGImages/2757.jpg,package2,package2,fishing-1,fishing-1,True,False
near_duplicate_dhash,2,datasets/water/IWHR_AI_Lable_Floater_V1/raw/package2/JPEGImages/2754.jpg,datasets/water/IWHR_AI_Lable_Floater_V1/raw/package2/JPEGImages/2778.jpg,package2,package2,fishing-1,fishing-1,True,False
near_duplicate_dhash,2,datasets/water/IWHR_AI_Lable_Floater_V1/raw/package2/JPEGImages/2770.jpg,datasets/water/IWHR_AI_Lable_Floater_V1/raw/package2/JPEGImages/2793.jpg,package2,package2,fishing-1,fishing-1,True,False
near_duplicate_dhash,2,datasets/water/IWHR_AI_Lable_Floater_V1/raw/package2/JPEGImages/2775.jpg,datasets/water/IWHR_AI_Lable_Floater_V1/raw/package2/JPEGImages/2800.jpg,package2,package2,fishing-1,fishing-1,True,False
near_duplicate_dhash,2,datasets/water/IWHR_AI_Lable_Floater_V1/raw/package2/JPEGImages/2777.jpg,datasets/water/IWHR_AI_Lable_Floater_V1/raw/package2/JPEGImages/2802.jpg,package2,package2,fishing-1,fishing-1,True,False
near_duplicate_dhash,1,datasets/water/IWHR_AI_Lable_Floater_V1/raw/package2/JPEGImages/2784.jpg,datasets/water/IWHR_AI_Lable_Floater_V1/raw/package2/JPEGImages/2813.jpg,package2,package2,fishing-1,fishing-1,True,False
near_duplicate_dhash,2,datasets/water/IWHR_AI_Lable_Floater_V1/raw/package2/JPEGImages/2818.jpg,datasets/water/IWHR_AI_Lable_Floater_V1/raw/package2/JPEGImages/2841.jpg,package2,package2,fishing-1,fishing-1,True,False
near_duplicate_dhash,2,datasets/water/IWHR_AI_Lable_Floater_V1/raw/package2/JPEGImages/2837.jpg,datasets/water/IWHR_AI_Lable_Floater_V1/raw/package2/JPEGImages/2864.jpg,package2,package2,fishing-1,fishing-1,True,False
near_duplicate_dhash,2,datasets/water/IWHR_AI_Lable_Floater_V1/raw/package2/JPEGImages/2844.jpg,datasets/water/IWHR_AI_Lable_Floater_V1/raw/package2/JPEGImages/2873.jpg,package2,package2,fishing-1,fishing-1,True,False
near_duplicate_dhash,2,datasets/water/IWHR_AI_Lable_Floater_V1/raw/package2/JPEGImages/2854.jpg,datasets/water/IWHR_AI_Lable_Floater_V1/raw/package2/JPEGImages/2880.jpg,package2,package2,fishing-1,fishing-1,True,False
near_duplicate_dhash,2,datasets/water/IWHR_AI_Lable_Floater_V1/raw/package2/JPEGImages/2863.jpg,datasets/water/IWHR_AI_Lable_Floater_V1/raw/package2/JPEGImages/2976.jpg,package2,package2,fishing-1,rubbish,False,False
near_duplicate_dhash,1,datasets/water/IWHR_AI_Lable_Floater_V1/raw/package2/JPEGImages/2864.jpg,datasets/water/IWHR_AI_Lable_Floater_V1/raw/package2/JPEGImages/2887.jpg,package2,package2,fishing-1,fishing-1,True,False
near_duplicate_dhash,1,datasets/water/IWHR_AI_Lable_Floater_V1/raw/package2/JPEGImages/2867.jpg,datasets/water/IWHR_AI_Lable_Floater_V1/raw/package2/JPEGImages/2890.jpg,package2,package2,fishing-1,fishing-1,True,False
near_duplicate_dhash,2,datasets/water/IWHR_AI_Lable_Floater_V1/raw/package2/JPEGImages/2881.jpg,datasets/water/IWHR_AI_Lable_Floater_V1/raw/package2/JPEGImages/2904.jpg,package2,package2,fishing-1,fishing-1,True,False
near_duplicate_dhash,1,datasets/water/IWHR_AI_Lable_Floater_V1/raw/package2/JPEGImages/2882.jpg,datasets/water/IWHR_AI_Lable_Floater_V1/raw/package2/JPEGImages/2905.jpg,package2,package2,fishing-1,fishing-1,True,False
near_duplicate_dhash,2,datasets/water/IWHR_AI_Lable_Floater_V1/raw/package2/JPEGImages/2887.jpg,datasets/water/IWHR_AI_Lable_Floater_V1/raw/package2/JPEGImages/2911.jpg,package2,package2,fishing-1,fishing-1,True,False
near_duplicate_dhash,2,datasets/water/IWHR_AI_Lable_Floater_V1/raw/package2/JPEGImages/2890.jpg,datasets/water/IWHR_AI_Lable_Floater_V1/raw/package2/JPEGImages/2913.jpg,package2,package2,fishing-1,fishing-1,True,False
near_duplicate_dhash,2,datasets/water/IWHR_AI_Lable_Floater_V1/raw/package2/JPEGImages/2894.jpg,datasets/water/IWHR_AI_Lable_Floater_V1/raw/package2/JPEGImages/2918.jpg,package2,package2,fishing-1,fishing-1,True,False
near_duplicate_dhash,2,datasets/water/IWHR_AI_Lable_Floater_V1/raw/package2/JPEGImages/2895.jpg,datasets/water/IWHR_AI_Lable_Floater_V1/raw/package2/JPEGImages/2963.jpg,package2,package2,fishing-1,fishing-1,True,False
near_duplicate_dhash,2,datasets/water/IWHR_AI_Lable_Floater_V1/raw/package2/JPEGImages/2900.jpg,datasets/water/IWHR_AI_Lable_Floater_V1/raw/package2/JPEGImages/2980.jpg,package2,package2,fishing-1,rubbish,False,False
near_duplicate_dhash,2,datasets/water/IWHR_AI_Lable_Floater_V1/raw/package2/JPEGImages/2934.jpg,datasets/water/IWHR_AI_Lable_Floater_V1/raw/package2/JPEGImages/2957.jpg,package2,package2,fishing-1,fishing-1,True,False
near_duplicate_dhash,2,datasets/water/IWHR_AI_Lable_Floater_V1/raw/package2/JPEGImages/2941.jpg,datasets/water/IWHR_AI_Lable_Floater_V1/raw/package2/JPEGImages/2987.jpg,package2,package2,fishing-1,rubbish,False,False
near_duplicate_dhash,2,datasets/water/IWHR_AI_Lable_Floater_V1/raw/package2/JPEGImages/2951.jpg,datasets/water/IWHR_AI_Lable_Floater_V1/raw/package2/JPEGImages/2989.jpg,package2,package2,fishing-1,rubbish,False,False
near_duplicate_dhash,2,datasets/water/IWHR_AI_Lable_Floater_V1/raw/package2/JPEGImages/2959.jpg,datasets/water/IWHR_AI_Lable_Floater_V1/raw/package2/JPEGImages/2990.jpg,package2,package2,fishing-1,rubbish,False,False
near_duplicate_dhash,5,datasets/water/IWHR_AI_Lable_Floater_V1/raw/package1/JPEGImages/0001.jpg,datasets/water/IWHR_AI_Lable_Floater_V1/raw/package1/JPEGImages/0130.jpg,package1,package1,2022-06-18,2022-08-18,False,False
near_duplicate_dhash,5,datasets/water/IWHR_AI_Lable_Floater_V1/raw/package1/JPEGImages/0001.jpg,datasets/water/IWHR_AI_Lable_Floater_V1/raw/package1/JPEGImages/0135.jpg,package1,package1,2022-06-18,2022-08-18,False,False
near_duplicate_dhash,4,datasets/water/IWHR_AI_Lable_Floater_V1/raw/package1/JPEGImages/0001.jpg,datasets/water/IWHR_AI_Lable_Floater_V1/raw/package1/JPEGImages/0137.jpg,package1,package1,2022-06-18,2022-08-18,False,False
near_duplicate_dhash,4,datasets/water/IWHR_AI_Lable_Floater_V1/raw/package1/JPEGImages/0001.jpg,datasets/water/IWHR_AI_Lable_Floater_V1/raw/package1/JPEGImages/0173.jpg,package1,package1,2022-06-18,2022-08-18,False,False
near_duplicate_dhash,4,datasets/water/IWHR_AI_Lable_Floater_V1/raw/package1/JPEGImages/0065.jpg,datasets/water/IWHR_AI_Lable_Floater_V1/raw/package1/JPEGImages/0066.jpg,package1,package1,2022-07-20,2022-07-20,True,False
near_duplicate_dhash,4,datasets/water/IWHR_AI_Lable_Floater_V1/raw/package1/JPEGImages/0097.jpg,datasets/water/IWHR_AI_Lable_Floater_V1/raw/package1/JPEGImages/0098.jpg,package1,package1,2022-07-20,2022-07-20,True,False
near_duplicate_dhash,5,datasets/water/IWHR_AI_Lable_Floater_V1/raw/package1/JPEGImages/0111.jpg,datasets/water/IWHR_AI_Lable_Floater_V1/raw/package1/JPEGImages/0112.jpg,package1,package1,2022-08-18,2022-08-18,True,False
near_duplicate_dhash,5,datasets/water/IWHR_AI_Lable_Floater_V1/raw/package1/JPEGImages/0112.jpg,datasets/water/IWHR_AI_Lable_Floater_V1/raw/package1/JPEGImages/0114.jpg,package1,package1,2022-08-18,2022-08-18,True,False
near_duplicate_dhash,4,datasets/water/IWHR_AI_Lable_Floater_V1/raw/package1/JPEGImages/0113.jpg,datasets/water/IWHR_AI_Lable_Floater_V1/raw/package1/JPEGImages/0117.jpg,package1,package1,2022-08-18,2022-08-18,True,False
near_duplicate_dhash,5,datasets/water/IWHR_AI_Lable_Floater_V1/raw/package1/JPEGImages/0115.jpg,datasets/water/IWHR_AI_Lable_Floater_V1/raw/package1/JPEGImages/0117.jpg,package1,package1,2022-08-18,2022-08-18,True,False
near_duplicate_dhash,5,datasets/water/IWHR_AI_Lable_Floater_V1/raw/package1/JPEGImages/0116.jpg,datasets/water/IWHR_AI_Lable_Floater_V1/raw/package1/JPEGImages/0134.jpg,package1,package1,2022-08-18,2022-08-18,True,False
near_duplicate_dhash,4,datasets/water/IWHR_AI_Lable_Floater_V1/raw/package1/JPEGImages/0116.jpg,datasets/water/IWHR_AI_Lable_Floater_V1/raw/package1/JPEGImages/0135.jpg,package1,package1,2022-08-18,2022-08-18,True,False
near_duplicate_dhash,3,datasets/water/IWHR_AI_Lable_Floater_V1/raw/package1/JPEGImages/0116.jpg,datasets/water/IWHR_AI_Lable_Floater_V1/raw/package1/JPEGImages/0137.jpg,package1,package1,2022-08-18,2022-08-18,True,False
near_duplicate_dhash,3,datasets/water/IWHR_AI_Lable_Floater_V1/raw/package1/JPEGImages/0116.jpg,datasets/water/IWHR_AI_Lable_Floater_V1/raw/package1/JPEGImages/0173.jpg,package1,package1,2022-08-18,2022-08-18,True,False
near_duplicate_dhash,5,datasets/water/IWHR_AI_Lable_Floater_V1/raw/package1/JPEGImages/0124.jpg,datasets/water/IWHR_AI_Lable_Floater_V1/raw/package1/JPEGImages/0125.jpg,package1,package1,2022-08-18,2022-08-18,True,False
near_duplicate_dhash,3,datasets/water/IWHR_AI_Lable_Floater_V1/raw/package1/JPEGImages/0125.jpg,datasets/water/IWHR_AI_Lable_Floater_V1/raw/package1/JPEGImages/0127.jpg,package1,package1,2022-08-18,2022-08-18,True,False
near_duplicate_dhash,5,datasets/water/IWHR_AI_Lable_Floater_V1/raw/package1/JPEGImages/0126.jpg,datasets/water/IWHR_AI_Lable_Floater_V1/raw/package1/JPEGImages/0127.jpg,package1,package1,2022-08-18,2022-08-18,True,False
near_duplicate_dhash,4,datasets/water/IWHR_AI_Lable_Floater_V1/raw/package1/JPEGImages/0130.jpg,datasets/water/IWHR_AI_Lable_Floater_V1/raw/package1/JPEGImages/0131.jpg,package1,package1,2022-08-18,2022-08-18,True,False
near_duplicate_dhash,3,datasets/water/IWHR_AI_Lable_Floater_V1/raw/package1/JPEGImages/0131.jpg,datasets/water/IWHR_AI_Lable_Floater_V1/raw/package1/JPEGImages/0132.jpg,package1,package1,2022-08-18,2022-08-18,True,False
near_duplicate_dhash,4,datasets/water/IWHR_AI_Lable_Floater_V1/raw/package1/JPEGImages/0131.jpg,datasets/water/IWHR_AI_Lable_Floater_V1/raw/package1/JPEGImages/0133.jpg,package1,package1,2022-08-18,2022-08-18,True,False
near_duplicate_dhash,3,datasets/water/IWHR_AI_Lable_Floater_V1/raw/package1/JPEGImages/0131.jpg,datasets/water/IWHR_AI_Lable_Floater_V1/raw/package1/JPEGImages/0134.jpg,package1,package1,2022-08-18,2022-08-18,True,False
near_duplicate_dhash,4,datasets/water/IWHR_AI_Lable_Floater_V1/raw/package1/JPEGImages/0131.jpg,datasets/water/IWHR_AI_Lable_Floater_V1/raw/package1/JPEGImages/0135.jpg,package1,package1,2022-08-18,2022-08-18,True,False
near_duplicate_dhash,5,datasets/water/IWHR_AI_Lable_Floater_V1/raw/package1/JPEGImages/0131.jpg,datasets/water/IWHR_AI_Lable_Floater_V1/raw/package1/JPEGImages/0136.jpg,package1,package1,2022-08-18,2022-08-18,True,False
near_duplicate_dhash,3,datasets/water/IWHR_AI_Lable_Floater_V1/raw/package1/JPEGImages/0131.jpg,datasets/water/IWHR_AI_Lable_Floater_V1/raw/package1/JPEGImages/0137.jpg,package1,package1,2022-08-18,2022-08-18,True,False
near_duplicate_dhash,4,datasets/water/IWHR_AI_Lable_Floater_V1/raw/package1/JPEGImages/0132.jpg,datasets/water/IWHR_AI_Lable_Floater_V1/raw/package1/JPEGImages/0134.jpg,package1,package1,2022-08-18,2022-08-18,True,False
near_duplicate_dhash,5,datasets/water/IWHR_AI_Lable_Floater_V1/raw/package1/JPEGImages/0132.jpg,datasets/water/IWHR_AI_Lable_Floater_V1/raw/package1/JPEGImages/0135.jpg,package1,package1,2022-08-18,2022-08-18,True,False
near_duplicate_dhash,3,datasets/water/IWHR_AI_Lable_Floater_V1/raw/package1/JPEGImages/0133.jpg,datasets/water/IWHR_AI_Lable_Floater_V1/raw/package1/JPEGImages/0134.jpg,package1,package1,2022-08-18,2022-08-18,True,False
near_duplicate_dhash,4,datasets/water/IWHR_AI_Lable_Floater_V1/raw/package1/JPEGImages/0133.jpg,datasets/water/IWHR_AI_Lable_Floater_V1/raw/package1/JPEGImages/0135.jpg,package1,package1,2022-08-18,2022-08-18,True,False
near_duplicate_dhash,5,datasets/water/IWHR_AI_Lable_Floater_V1/raw/package1/JPEGImages/0133.jpg,datasets/water/IWHR_AI_Lable_Floater_V1/raw/package1/JPEGImages/0137.jpg,package1,package1,2022-08-18,2022-08-18,True,False
near_duplicate_dhash,3,datasets/water/IWHR_AI_Lable_Floater_V1/raw/package1/JPEGImages/0134.jpg,datasets/water/IWHR_AI_Lable_Floater_V1/raw/package1/JPEGImages/0135.jpg,package1,package1,2022-08-18,2022-08-18,True,False
near_duplicate_dhash,4,datasets/water/IWHR_AI_Lable_Floater_V1/raw/package1/JPEGImages/0134.jpg,datasets/water/IWHR_AI_Lable_Floater_V1/raw/package1/JPEGImages/0173.jpg,package1,package1,2022-08-18,2022-08-18,True,False
near_duplicate_dhash,3,datasets/water/IWHR_AI_Lable_Floater_V1/raw/package1/JPEGImages/0135.jpg,datasets/water/IWHR_AI_Lable_Floater_V1/raw/package1/JPEGImages/0136.jpg,package1,package1,2022-08-18,2022-08-18,True,False
near_duplicate_dhash,5,datasets/water/IWHR_AI_Lable_Floater_V1/raw/package1/JPEGImages/0135.jpg,datasets/water/IWHR_AI_Lable_Floater_V1/raw/package1/JPEGImages/0173.jpg,package1,package1,2022-08-18,2022-08-18,True,False
near_duplicate_dhash,4,datasets/water/IWHR_AI_Lable_Floater_V1/raw/package1/JPEGImages/0136.jpg,datasets/water/IWHR_AI_Lable_Floater_V1/raw/package1/JPEGImages/0137.jpg,package1,package1,2022-08-18,2022-08-18,True,False
near_duplicate_dhash,4,datasets/water/IWHR_AI_Lable_Floater_V1/raw/package1/JPEGImages/0137.jpg,datasets/water/IWHR_AI_Lable_Floater_V1/raw/package1/JPEGImages/0173.jpg,package1,package1,2022-08-18,2022-08-18,True,False
near_duplicate_dhash,3,datasets/water/IWHR_AI_Lable_Floater_V1/raw/package1/JPEGImages/0149.jpg,datasets/water/IWHR_AI_Lable_Floater_V1/raw/package1/JPEGImages/0150.jpg,package1,package1,2022-08-18,2022-08-18,True,False
near_duplicate_dhash,5,datasets/water/IWHR_AI_Lable_Floater_V1/raw/package1/JPEGImages/0158.jpg,datasets/water/IWHR_AI_Lable_Floater_V1/raw/package1/JPEGImages/0160.jpg,package1,package1,2022-08-18,2022-08-18,True,False
near_duplicate_dhash,5,datasets/water/IWHR_AI_Lable_Floater_V1/raw/package1/JPEGImages/0158.jpg,datasets/water/IWHR_AI_Lable_Floater_V1/raw/package1/JPEGImages/0161.jpg,package1,package1,2022-08-18,2022-08-18,True,False
near_duplicate_dhash,4,datasets/water/IWHR_AI_Lable_Floater_V1/raw/package1/JPEGImages/0160.jpg,datasets/water/IWHR_AI_Lable_Floater_V1/raw/package1/JPEGImages/0161.jpg,package1,package1,2022-08-18,2022-08-18,True,False
near_duplicate_dhash,3,datasets/water/IWHR_AI_Lable_Floater_V1/raw/package1/JPEGImages/0161.jpg,datasets/water/IWHR_AI_Lable_Floater_V1/raw/package1/JPEGImages/0162.jpg,package1,package1,2022-08-18,2022-08-18,True,False
near_duplicate_dhash,5,datasets/water/IWHR_AI_Lable_Floater_V1/raw/package1/JPEGImages/0166.jpg,datasets/water/IWHR_AI_Lable_Floater_V1/raw/package1/JPEGImages/0168.jpg,package1,package1,2022-08-18,2022-08-18,True,False
near_duplicate_dhash,5,datasets/water/IWHR_AI_Lable_Floater_V1/raw/package1/JPEGImages/0166.jpg,datasets/water/IWHR_AI_Lable_Floater_V1/raw/package1/JPEGImages/0169.jpg,package1,package1,2022-08-18,2022-08-18,True,False
near_duplicate_dhash,5,datasets/water/IWHR_AI_Lable_Floater_V1/raw/package1/JPEGImages/0166.jpg,datasets/water/IWHR_AI_Lable_Floater_V1/raw/package1/JPEGImages/0171.jpg,package1,package1,2022-08-18,2022-08-18,True,False
near_duplicate_dhash,4,datasets/water/IWHR_AI_Lable_Floater_V1/raw/package1/JPEGImages/0167.jpg,datasets/water/IWHR_AI_Lable_Floater_V1/raw/package1/JPEGImages/0168.jpg,package1,package1,2022-08-18,2022-08-18,True,False
near_duplicate_dhash,4,datasets/water/IWHR_AI_Lable_Floater_V1/raw/package1/JPEGImages/0167.jpg,datasets/water/IWHR_AI_Lable_Floater_V1/raw/package1/JPEGImages/0169.jpg,package1,package1,2022-08-18,2022-08-18,True,False
near_duplicate_dhash,4,datasets/water/IWHR_AI_Lable_Floater_V1/raw/package1/JPEGImages/0167.jpg,datasets/water/IWHR_AI_Lable_Floater_V1/raw/package1/JPEGImages/0171.jpg,package1,package1,2022-08-18,2022-08-18,True,False
near_duplicate_dhash,5,datasets/water/IWHR_AI_Lable_Floater_V1/raw/package1/JPEGImages/0168.jpg,datasets/water/IWHR_AI_Lable_Floater_V1/raw/package1/JPEGImages/0172.jpg,package1,package1,2022-08-18,2022-08-18,True,False
near_duplicate_dhash,5,datasets/water/IWHR_AI_Lable_Floater_V1/raw/package1/JPEGImages/0169.jpg,datasets/water/IWHR_AI_Lable_Floater_V1/raw/package1/JPEGImages/0172.jpg,package1,package1,2022-08-18,2022-08-18,True,False
near_duplicate_dhash,5,datasets/water/IWHR_AI_Lable_Floater_V1/raw/package1/JPEGImages/0171.jpg,datasets/water/IWHR_AI_Lable_Floater_V1/raw/package1/JPEGImages/0172.jpg,package1,package1,2022-08-18,2022-08-18,True,False
near_duplicate_dhash,4,datasets/water/IWHR_AI_Lable_Floater_V1/raw/package1/JPEGImages/0203.jpg,datasets/water/IWHR_AI_Lable_Floater_V1/raw/package1/JPEGImages/0209.jpg,package1,package1,_bare_numeric,_bare_numeric,True,False
near_duplicate_dhash,3,datasets/water/IWHR_AI_Lable_Floater_V1/raw/package1/JPEGImages/0212.jpg,datasets/water/IWHR_AI_Lable_Floater_V1/raw/package1/JPEGImages/0213.jpg,package1,package1,_bare_numeric,_bare_numeric,True,False
near_duplicate_dhash,4,datasets/water/IWHR_AI_Lable_Floater_V1/raw/package1/JPEGImages/0213.jpg,datasets/water/IWHR_AI_Lable_Floater_V1/raw/package1/JPEGImages/0214.jpg,package1,package1,_bare_numeric,_bare_numeric,True,False
near_duplicate_dhash,4,datasets/water/IWHR_AI_Lable_Floater_V1/raw/package1/JPEGImages/0220.jpg,datasets/water/IWHR_AI_Lable_Floater_V1/raw/package1/JPEGImages/0222.jpg,package1,package1,_bare_numeric,_bare_numeric,True,False
near_duplicate_dhash,4,datasets/water/IWHR_AI_Lable_Floater_V1/raw/package1/JPEGImages/0220.jpg,datasets/water/IWHR_AI_Lable_Floater_V1/raw/package1/JPEGImages/0223.jpg,package1,package1,_bare_numeric,_bare_numeric,True,False
near_duplicate_dhash,4,datasets/water/IWHR_AI_Lable_Floater_V1/raw/package1/JPEGImages/0220.jpg,datasets/water/IWHR_AI_Lable_Floater_V1/raw/package1/JPEGImages/0224.jpg,package1,package1,_bare_numeric,_bare_numeric,True,False
near_duplicate_dhash,3,datasets/water/IWHR_AI_Lable_Floater_V1/raw/package1/JPEGImages/0221.jpg,datasets/water/IWHR_AI_Lable_Floater_V1/raw/package1/JPEGImages/0222.jpg,package1,package1,_bare_numeric,_bare_numeric,True,False
near_duplicate_dhash,5,datasets/water/IWHR_AI_Lable_Floater_V1/raw/package1/JPEGImages/0221.jpg,datasets/water/IWHR_AI_Lable_Floater_V1/raw/package1/JPEGImages/0223.jpg,package1,package1,_bare_numeric,_bare_numeric,True,False
near_duplicate_dhash,5,datasets/water/IWHR_AI_Lable_Floater_V1/raw/package1/JPEGImages/0221.jpg,datasets/water/IWHR_AI_Lable_Floater_V1/raw/package1/JPEGImages/0224.jpg,package1,package1,_bare_numeric,_bare_numeric,True,False
near_duplicate_dhash,4,datasets/water/IWHR_AI_Lable_Floater_V1/raw/package1/JPEGImages/0222.jpg,datasets/water/IWHR_AI_Lable_Floater_V1/raw/package1/JPEGImages/0224.jpg,package1,package1,_bare_numeric,_bare_numeric,True,False
near_duplicate_dhash,4,datasets/water/IWHR_AI_Lable_Floater_V1/raw/package1/JPEGImages/0223.jpg,datasets/water/IWHR_AI_Lable_Floater_V1/raw/package1/JPEGImages/0224.jpg,package1,package1,_bare_numeric,_bare_numeric,True,False
near_duplicate_dhash,3,datasets/water/IWHR_AI_Lable_Floater_V1/raw/package1/JPEGImages/0227.jpg,datasets/water/IWHR_AI_Lable_Floater_V1/raw/package1/JPEGImages/0229.jpg,package1,package1,_bare_numeric,_bare_numeric,True,False
near_duplicate_dhash,3,datasets/water/IWHR_AI_Lable_Floater_V1/raw/package1/JPEGImages/0228.jpg,datasets/water/IWHR_AI_Lable_Floater_V1/raw/package1/JPEGImages/0229.jpg,package1,package1,_bare_numeric,_bare_numeric,True,False
near_duplicate_dhash,4,datasets/water/IWHR_AI_Lable_Floater_V1/raw/package1/JPEGImages/0236.jpg,datasets/water/IWHR_AI_Lable_Floater_V1/raw/package1/JPEGImages/0244.jpg,package1,package1,_bare_numeric,_bare_numeric,True,False
near_duplicate_dhash,5,datasets/water/IWHR_AI_Lable_Floater_V1/raw/package1/JPEGImages/0245.jpg,datasets/water/IWHR_AI_Lable_Floater_V1/raw/package1/JPEGImages/0246.jpg,package1,package1,_bare_numeric,_bare_numeric,True,False
near_duplicate_dhash,3,datasets/water/IWHR_AI_Lable_Floater_V1/raw/package1/JPEGImages/0247.jpg,datasets/water/IWHR_AI_Lable_Floater_V1/raw/package1/JPEGImages/0248.jpg,package1,package1,_bare_numeric,_bare_numeric,True,False
near_duplicate_dhash,5,datasets/water/IWHR_AI_Lable_Floater_V1/raw/package1/JPEGImages/0253.jpg,datasets/water/IWHR_AI_Lable_Floater_V1/raw/package1/JPEGImages/0254.jpg,package1,package1,_bare_numeric,_bare_numeric,True,False
near_duplicate_dhash,4,datasets/water/IWHR_AI_Lable_Floater_V1/raw/package1/JPEGImages/0256.jpg,datasets/water/IWHR_AI_Lable_Floater_V1/raw/package1/JPEGImages/0257.jpg,package1,package1,_bare_numeric,_bare_numeric,True,False
near_duplicate_dhash,4,datasets/water/IWHR_AI_Lable_Floater_V1/raw/package1/JPEGImages/0259.jpg,datasets/water/IWHR_AI_Lable_Floater_V1/raw/package1/JPEGImages/0297.jpg,package1,package1,_bare_numeric,_bare_numeric,True,False
near_duplicate_dhash,4,datasets/water/IWHR_AI_Lable_Floater_V1/raw/package1/JPEGImages/0259.jpg,datasets/water/IWHR_AI_Lable_Floater_V1/raw/package1/JPEGImages/0298.jpg,package1,package1,_bare_numeric,_bare_numeric,True,False
near_duplicate_dhash,5,datasets/water/IWHR_AI_Lable_Floater_V1/raw/package1/JPEGImages/0264.jpg,datasets/water/IWHR_AI_Lable_Floater_V1/raw/package1/JPEGImages/0299.jpg,package1,package1,_bare_numeric,_bare_numeric,True,False
near_duplicate_dhash,4,datasets/water/IWHR_AI_Lable_Floater_V1/raw/package1/JPEGImages/0265.jpg,datasets/water/IWHR_AI_Lable_Floater_V1/raw/package1/JPEGImages/0269.jpg,package1,package1,_bare_numeric,_bare_numeric,True,False
near_duplicate_dhash,5,datasets/water/IWHR_AI_Lable_Floater_V1/raw/package1/JPEGImages/0269.jpg,datasets/water/IWHR_AI_Lable_Floater_V1/raw/package1/JPEGImages/0270.jpg,package1,package1,_bare_numeric,_bare_numeric,True,False
near_duplicate_dhash,4,datasets/water/IWHR_AI_Lable_Floater_V1/raw/package1/JPEGImages/0269.jpg,datasets/water/IWHR_AI_Lable_Floater_V1/raw/package1/JPEGImages/0301.jpg,package1,package1,_bare_numeric,_bare_numeric,True,False
near_duplicate_dhash,5,datasets/water/IWHR_AI_Lable_Floater_V1/raw/package1/JPEGImages/0270.jpg,datasets/water/IWHR_AI_Lable_Floater_V1/raw/package1/JPEGImages/0301.jpg,package1,package1,_bare_numeric,_bare_numeric,True,False
near_duplicate_dhash,4,datasets/water/IWHR_AI_Lable_Floater_V1/raw/package1/JPEGImages/0273.jpg,datasets/water/IWHR_AI_Lable_Floater_V1/raw/package1/JPEGImages/0274.jpg,package1,package1,_bare_numeric,_bare_numeric,True,False
near_duplicate_dhash,4,datasets/water/IWHR_AI_Lable_Floater_V1/raw/package1/JPEGImages/0273.jpg,datasets/water/IWHR_AI_Lable_Floater_V1/raw/package1/JPEGImages/0276.jpg,package1,package1,_bare_numeric,_bare_numeric,True,False
near_duplicate_dhash,5,datasets/water/IWHR_AI_Lable_Floater_V1/raw/package1/JPEGImages/0273.jpg,datasets/water/IWHR_AI_Lable_Floater_V1/raw/package1/JPEGImages/0304.jpg,package1,package1,_bare_numeric,_bare_numeric,True,False
near_duplicate_dhash,4,datasets/water/IWHR_AI_Lable_Floater_V1/raw/package1/JPEGImages/0274.jpg,datasets/water/IWHR_AI_Lable_Floater_V1/raw/package1/JPEGImages/0303.jpg,package1,package1,_bare_numeric,_bare_numeric,True,False
near_duplicate_dhash,3,datasets/water/IWHR_AI_Lable_Floater_V1/raw/package1/JPEGImages/0274.jpg,datasets/water/IWHR_AI_Lable_Floater_V1/raw/package1/JPEGImages/0304.jpg,package1,package1,_bare_numeric,_bare_numeric,True,False
near_duplicate_dhash,4,datasets/water/IWHR_AI_Lable_Floater_V1/raw/package1/JPEGImages/0275.jpg,datasets/water/IWHR_AI_Lable_Floater_V1/raw/package1/JPEGImages/0276.jpg,package1,package1,_bare_numeric,_bare_numeric,True,False
near_duplicate_dhash,4,datasets/water/IWHR_AI_Lable_Floater_V1/raw/package1/JPEGImages/0275.jpg,datasets/water/IWHR_AI_Lable_Floater_V1/raw/package1/JPEGImages/0303.jpg,package1,package1,_bare_numeric,_bare_numeric,True,False
near_duplicate_dhash,3,datasets/water/IWHR_AI_Lable_Floater_V1/raw/package1/JPEGImages/0275.jpg,datasets/water/IWHR_AI_Lable_Floater_V1/raw/package1/JPEGImages/0304.jpg,package1,package1,_bare_numeric,_bare_numeric,True,False
near_duplicate_dhash,4,datasets/water/IWHR_AI_Lable_Floater_V1/raw/package1/JPEGImages/0276.jpg,datasets/water/IWHR_AI_Lable_Floater_V1/raw/package1/JPEGImages/0303.jpg,package1,package1,_bare_numeric,_bare_numeric,True,False
near_duplicate_dhash,3,datasets/water/IWHR_AI_Lable_Floater_V1/raw/package1/JPEGImages/0277.jpg,datasets/water/IWHR_AI_Lable_Floater_V1/raw/package1/JPEGImages/0279.jpg,package1,package1,_bare_numeric,_bare_numeric,True,False
near_duplicate_dhash,5,datasets/water/IWHR_AI_Lable_Floater_V1/raw/package1/JPEGImages/0277.jpg,datasets/water/IWHR_AI_Lable_Floater_V1/raw/package1/JPEGImages/0310.jpg,package1,package1,_bare_numeric,_bare_numeric,True,False
near_duplicate_dhash,3,datasets/water/IWHR_AI_Lable_Floater_V1/raw/package1/JPEGImages/0278.jpg,datasets/water/IWHR_AI_Lable_Floater_V1/raw/package1/JPEGImages/0279.jpg,package1,package1,_bare_numeric,_bare_numeric,True,False
near_duplicate_dhash,5,datasets/water/IWHR_AI_Lable_Floater_V1/raw/package1/JPEGImages/0278.jpg,datasets/water/IWHR_AI_Lable_Floater_V1/raw/package1/JPEGImages/0310.jpg,package1,package1,_bare_numeric,_bare_numeric,True,False
near_duplicate_dhash,4,datasets/water/IWHR_AI_Lable_Floater_V1/raw/package1/JPEGImages/0279.jpg,datasets/water/IWHR_AI_Lable_Floater_V1/raw/package1/JPEGImages/0310.jpg,package1,package1,_bare_numeric,_bare_numeric,True,False
near_duplicate_dhash,5,datasets/water/IWHR_AI_Lable_Floater_V1/raw/package1/JPEGImages/0280.jpg,datasets/water/IWHR_AI_Lable_Floater_V1/raw/package1/JPEGImages/0281.jpg,package1,package1,_bare_numeric,_bare_numeric,True,False
near_duplicate_dhash,4,datasets/water/IWHR_AI_Lable_Floater_V1/raw/package1/JPEGImages/0280.jpg,datasets/water/IWHR_AI_Lable_Floater_V1/raw/package1/JPEGImages/0309.jpg,package1,package1,_bare_numeric,_bare_numeric,True,False
near_duplicate_dhash,5,datasets/water/IWHR_AI_Lable_Floater_V1/raw/package1/JPEGImages/0284.jpg,datasets/water/IWHR_AI_Lable_Floater_V1/raw/package1/JPEGImages/0311.jpg,package1,package1,_bare_numeric,_bare_numeric,True,False
near_duplicate_dhash,4,datasets/water/IWHR_AI_Lable_Floater_V1/raw/package1/JPEGImages/0285.jpg,datasets/water/IWHR_AI_Lable_Floater_V1/raw/package1/JPEGImages/0286.jpg,package1,package1,_bare_numeric,_bare_numeric,True,False
near_duplicate_dhash,3,datasets/water/IWHR_AI_Lable_Floater_V1/raw/package1/JPEGImages/0287.jpg,datasets/water/IWHR_AI_Lable_Floater_V1/raw/package1/JPEGImages/0313.jpg,package1,package1,_bare_numeric,_bare_numeric,True,False
near_duplicate_dhash,3,datasets/water/IWHR_AI_Lable_Floater_V1/raw/package1/JPEGImages/0287.jpg,datasets/water/IWHR_AI_Lable_Floater_V1/raw/package1/JPEGImages/0314.jpg,package1,package1,_bare_numeric,_bare_numeric,True,False
near_duplicate_dhash,4,datasets/water/IWHR_AI_Lable_Floater_V1/raw/package1/JPEGImages/0288.jpg,datasets/water/IWHR_AI_Lable_Floater_V1/raw/package1/JPEGImages/0314.jpg,package1,package1,_bare_numeric,_bare_numeric,True,False
near_duplicate_dhash,4,datasets/water/IWHR_AI_Lable_Floater_V1/raw/package1/JPEGImages/0291.jpg,datasets/water/IWHR_AI_Lable_Floater_V1/raw/package1/JPEGImages/0293.jpg,package1,package1,_bare_numeric,_bare_numeric,True,False
near_duplicate_dhash,5,datasets/water/IWHR_AI_Lable_Floater_V1/raw/package1/JPEGImages/0291.jpg,datasets/water/IWHR_AI_Lable_Floater_V1/raw/package1/JPEGImages/0294.jpg,package1,package1,_bare_numeric,_bare_numeric,True,False
near_duplicate_dhash,3,datasets/water/IWHR_AI_Lable_Floater_V1/raw/package1/JPEGImages/0292.jpg,datasets/water/IWHR_AI_Lable_Floater_V1/raw/package1/JPEGImages/0346.jpg,package1,package1,_bare_numeric,_bare_numeric,True,False
near_duplicate_dhash,3,datasets/water/IWHR_AI_Lable_Floater_V1/raw/package1/JPEGImages/0292.jpg,datasets/water/IWHR_AI_Lable_Floater_V1/raw/package1/JPEGImages/0351.jpg,package1,package1,_bare_numeric,_bare_numeric,True,False
near_duplicate_dhash,3,datasets/water/IWHR_AI_Lable_Floater_V1/raw/package1/JPEGImages/0293.jpg,datasets/water/IWHR_AI_Lable_Floater_V1/raw/package1/JPEGImages/0294.jpg,package1,package1,_bare_numeric,_bare_numeric,True,False
near_duplicate_dhash,3,datasets/water/IWHR_AI_Lable_Floater_V1/raw/package1/JPEGImages/0293.jpg,datasets/water/IWHR_AI_Lable_Floater_V1/raw/package1/JPEGImages/0295.jpg,package1,package1,_bare_numeric,_bare_numeric,True,False
near_duplicate_dhash,4,datasets/water/IWHR_AI_Lable_Floater_V1/raw/package1/JPEGImages/0294.jpg,datasets/water/IWHR_AI_Lable_Floater_V1/raw/package1/JPEGImages/0295.jpg,package1,package1,_bare_numeric,_bare_numeric,True,False
near_duplicate_dhash,3,datasets/water/IWHR_AI_Lable_Floater_V1/raw/package1/JPEGImages/0294.jpg,datasets/water/IWHR_AI_Lable_Floater_V1/raw/package1/JPEGImages/0296.jpg,package1,package1,_bare_numeric,_bare_numeric,True,False
near_duplicate_dhash,5,datasets/water/IWHR_AI_Lable_Floater_V1/raw/package1/JPEGImages/0295.jpg,datasets/water/IWHR_AI_Lable_Floater_V1/raw/package1/JPEGImages/0296.jpg,package1,package1,_bare_numeric,_bare_numeric,True,False
near_duplicate_dhash,5,datasets/water/IWHR_AI_Lable_Floater_V1/raw/package1/JPEGImages/0299.jpg,datasets/water/IWHR_AI_Lable_Floater_V1/raw/package1/JPEGImages/0300.jpg,package1,package1,_bare_numeric,_bare_numeric,True,False
near_duplicate_dhash,3,datasets/water/IWHR_AI_Lable_Floater_V1/raw/package1/JPEGImages/0303.jpg,datasets/water/IWHR_AI_Lable_Floater_V1/raw/package1/JPEGImages/0304.jpg,package1,package1,_bare_numeric,_bare_numeric,True,False
near_duplicate_dhash,3,datasets/water/IWHR_AI_Lable_Floater_V1/raw/package1/JPEGImages/0308.jpg,datasets/water/IWHR_AI_Lable_Floater_V1/raw/package1/JPEGImages/0351.jpg,package1,package1,_bare_numeric,_bare_numeric,True,False
near_duplicate_dhash,3,datasets/water/IWHR_AI_Lable_Floater_V1/raw/package1/JPEGImages/0315.jpg,datasets/water/IWHR_AI_Lable_Floater_V1/raw/package1/JPEGImages/0316.jpg,package1,package1,_bare_numeric,_bare_numeric,True,False
near_duplicate_dhash,3,datasets/water/IWHR_AI_Lable_Floater_V1/raw/package1/JPEGImages/0315.jpg,datasets/water/IWHR_AI_Lable_Floater_V1/raw/package1/JPEGImages/0317.jpg,package1,package1,_bare_numeric,_bare_numeric,True,False
near_duplicate_dhash,4,datasets/water/IWHR_AI_Lable_Floater_V1/raw/package1/JPEGImages/0315.jpg,datasets/water/IWHR_AI_Lable_Floater_V1/raw/package1/JPEGImages/0318.jpg,package1,package1,_bare_numeric,_bare_numeric,True,False
near_duplicate_dhash,5,datasets/water/IWHR_AI_Lable_Floater_V1/raw/package1/JPEGImages/0315.jpg,datasets/water/IWHR_AI_Lable_Floater_V1/raw/package1/JPEGImages/0319.jpg,package1,package1,_bare_numeric,_bare_numeric,True,False
near_duplicate_dhash,3,datasets/water/IWHR_AI_Lable_Floater_V1/raw/package1/JPEGImages/0316.jpg,datasets/water/IWHR_AI_Lable_Floater_V1/raw/package1/JPEGImages/0318.jpg,package1,package1,_bare_numeric,_bare_numeric,True,False
near_duplicate_dhash,4,datasets/water/IWHR_AI_Lable_Floater_V1/raw/package1/JPEGImages/0316.jpg,datasets/water/IWHR_AI_Lable_Floater_V1/raw/package1/JPEGImages/0319.jpg,package1,package1,_bare_numeric,_bare_numeric,True,False
near_duplicate_dhash,4,datasets/water/IWHR_AI_Lable_Floater_V1/raw/package1/JPEGImages/0317.jpg,datasets/water/IWHR_AI_Lable_Floater_V1/raw/package1/JPEGImages/0324.jpg,package1,package1,_bare_numeric,_bare_numeric,True,False
near_duplicate_dhash,5,datasets/water/IWHR_AI_Lable_Floater_V1/raw/package1/JPEGImages/0318.jpg,datasets/water/IWHR_AI_Lable_Floater_V1/raw/package1/JPEGImages/0324.jpg,package1,package1,_bare_numeric,_bare_numeric,True,False
near_duplicate_dhash,4,datasets/water/IWHR_AI_Lable_Floater_V1/raw/package1/JPEGImages/0319.jpg,datasets/water/IWHR_AI_Lable_Floater_V1/raw/package1/JPEGImages/0324.jpg,package1,package1,_bare_numeric,_bare_numeric,True,False
near_duplicate_dhash,5,datasets/water/IWHR_AI_Lable_Floater_V1/raw/package1/JPEGImages/0320.jpg,datasets/water/IWHR_AI_Lable_Floater_V1/raw/package1/JPEGImages/0323.jpg,package1,package1,_bare_numeric,_bare_numeric,True,False
near_duplicate_dhash,3,datasets/water/IWHR_AI_Lable_Floater_V1/raw/package1/JPEGImages/0321.jpg,datasets/water/IWHR_AI_Lable_Floater_V1/raw/package1/JPEGImages/0322.jpg,package1,package1,_bare_numeric,_bare_numeric,True,False
near_duplicate_dhash,4,datasets/water/IWHR_AI_Lable_Floater_V1/raw/package1/JPEGImages/0321.jpg,datasets/water/IWHR_AI_Lable_Floater_V1/raw/package1/JPEGImages/0323.jpg,package1,package1,_bare_numeric,_bare_numeric,True,False
near_duplicate_dhash,3,datasets/water/IWHR_AI_Lable_Floater_V1/raw/package1/JPEGImages/0322.jpg,datasets/water/IWHR_AI_Lable_Floater_V1/raw/package1/JPEGImages/0323.jpg,package1,package1,_bare_numeric,_bare_numeric,True,False
near_duplicate_dhash,3,datasets/water/IWHR_AI_Lable_Floater_V1/raw/package1/JPEGImages/0325.jpg,datasets/water/IWHR_AI_Lable_Floater_V1/raw/package1/JPEGImages/0327.jpg,package1,package1,_bare_numeric,_bare_numeric,True,False
near_duplicate_dhash,3,datasets/water/IWHR_AI_Lable_Floater_V1/raw/package1/JPEGImages/0332.jpg,datasets/water/IWHR_AI_Lable_Floater_V1/raw/package1/JPEGImages/0334.jpg,package1,package1,_bare_numeric,_bare_numeric,True,False
near_duplicate_dhash,4,datasets/water/IWHR_AI_Lable_Floater_V1/raw/package1/JPEGImages/0332.jpg,datasets/water/IWHR_AI_Lable_Floater_V1/raw/package1/JPEGImages/0335.jpg,package1,package1,_bare_numeric,_bare_numeric,True,False
near_duplicate_dhash,5,datasets/water/IWHR_AI_Lable_Floater_V1/raw/package1/JPEGImages/0332.jpg,datasets/water/IWHR_AI_Lable_Floater_V1/raw/package1/JPEGImages/0336.jpg,package1,package1,_bare_numeric,_bare_numeric,True,False
near_duplicate_dhash,5,datasets/water/IWHR_AI_Lable_Floater_V1/raw/package1/JPEGImages/0332.jpg,datasets/water/IWHR_AI_Lable_Floater_V1/raw/package1/JPEGImages/0339.jpg,package1,package1,_bare_numeric,_bare_numeric,True,False
near_duplicate_dhash,4,datasets/water/IWHR_AI_Lable_Floater_V1/raw/package1/JPEGImages/0332.jpg,datasets/water/IWHR_AI_Lable_Floater_V1/raw/package1/JPEGImages/0341.jpg,package1,package1,_bare_numeric,_bare_numeric,True,False
near_duplicate_dhash,5,datasets/water/IWHR_AI_Lable_Floater_V1/raw/package1/JPEGImages/0332.jpg,datasets/water/IWHR_AI_Lable_Floater_V1/raw/package1/JPEGImages/0342.jpg,package1,package1,_bare_numeric,_bare_numeric,True,False
near_duplicate_dhash,3,datasets/water/IWHR_AI_Lable_Floater_V1/raw/package1/JPEGImages/0332.jpg,datasets/water/IWHR_AI_Lable_Floater_V1/raw/package1/JPEGImages/0343.jpg,package1,package1,_bare_numeric,_bare_numeric,True,False
near_duplicate_dhash,4,datasets/water/IWHR_AI_Lable_Floater_V1/raw/package1/JPEGImages/0332.jpg,datasets/water/IWHR_AI_Lable_Floater_V1/raw/package1/JPEGImages/0345.jpg,package1,package1,_bare_numeric,_bare_numeric,True,False
near_duplicate_dhash,3,datasets/water/IWHR_AI_Lable_Floater_V1/raw/package1/JPEGImages/0334.jpg,datasets/water/IWHR_AI_Lable_Floater_V1/raw/package1/JPEGImages/0335.jpg,package1,package1,_bare_numeric,_bare_numeric,True,False
near_duplicate_dhash,4,datasets/water/IWHR_AI_Lable_Floater_V1/raw/package1/JPEGImages/0334.jpg,datasets/water/IWHR_AI_Lable_Floater_V1/raw/package1/JPEGImages/0336.jpg,package1,package1,_bare_numeric,_bare_numeric,True,False
near_duplicate_dhash,3,datasets/water/IWHR_AI_Lable_Floater_V1/raw/package1/JPEGImages/0334.jpg,datasets/water/IWHR_AI_Lable_Floater_V1/raw/package1/JPEGImages/0341.jpg,package1,package1,_bare_numeric,_bare_numeric,True,False
near_duplicate_dhash,5,datasets/water/IWHR_AI_Lable_Floater_V1/raw/package1/JPEGImages/0335.jpg,datasets/water/IWHR_AI_Lable_Floater_V1/raw/package1/JPEGImages/0336.jpg,package1,package1,_bare_numeric,_bare_numeric,True,False
near_duplicate_dhash,4,datasets/water/IWHR_AI_Lable_Floater_V1/raw/package1/JPEGImages/0335.jpg,datasets/water/IWHR_AI_Lable_Floater_V1/raw/package1/JPEGImages/0338.jpg,package1,package1,_bare_numeric,_bare_numeric,True,False
near_duplicate_dhash,3,datasets/water/IWHR_AI_Lable_Floater_V1/raw/package1/JPEGImages/0335.jpg,datasets/water/IWHR_AI_Lable_Floater_V1/raw/package1/JPEGImages/0339.jpg,package1,package1,_bare_numeric,_bare_numeric,True,False
near_duplicate_dhash,4,datasets/water/IWHR_AI_Lable_Floater_V1/raw/package1/JPEGImages/0335.jpg,datasets/water/IWHR_AI_Lable_Floater_V1/raw/package1/JPEGImages/0341.jpg,package1,package1,_bare_numeric,_bare_numeric,True,False
near_duplicate_dhash,3,datasets/water/IWHR_AI_Lable_Floater_V1/raw/package1/JPEGImages/0335.jpg,datasets/water/IWHR_AI_Lable_Floater_V1/raw/package1/JPEGImages/0342.jpg,package1,package1,_bare_numeric,_bare_numeric,True,False
near_duplicate_dhash,3,datasets/water/IWHR_AI_Lable_Floater_V1/raw/package1/JPEGImages/0335.jpg,datasets/water/IWHR_AI_Lable_Floater_V1/raw/package1/JPEGImages/0343.jpg,package1,package1,_bare_numeric,_bare_numeric,True,False
near_duplicate_dhash,3,datasets/water/IWHR_AI_Lable_Floater_V1/raw/package1/JPEGImages/0336.jpg,datasets/water/IWHR_AI_Lable_Floater_V1/raw/package1/JPEGImages/0338.jpg,package1,package1,_bare_numeric,_bare_numeric,True,False
near_duplicate_dhash,3,datasets/water/IWHR_AI_Lable_Floater_V1/raw/package1/JPEGImages/0336.jpg,datasets/water/IWHR_AI_Lable_Floater_V1/raw/package1/JPEGImages/0341.jpg,package1,package1,_bare_numeric,_bare_numeric,True,False
near_duplicate_dhash,4,datasets/water/IWHR_AI_Lable_Floater_V1/raw/package1/JPEGImages/0336.jpg,datasets/water/IWHR_AI_Lable_Floater_V1/raw/package1/JPEGImages/0342.jpg,package1,package1,_bare_numeric,_bare_numeric,True,False
near_duplicate_dhash,3,datasets/water/IWHR_AI_Lable_Floater_V1/raw/package1/JPEGImages/0336.jpg,datasets/water/IWHR_AI_Lable_Floater_V1/raw/package1/JPEGImages/0345.jpg,package1,package1,_bare_numeric,_bare_numeric,True,False
near_duplicate_dhash,3,datasets/water/IWHR_AI_Lable_Floater_V1/raw/package1/JPEGImages/0338.jpg,datasets/water/IWHR_AI_Lable_Floater_V1/raw/package1/JPEGImages/0339.jpg,package1,package1,_bare_numeric,_bare_numeric,True,False
near_duplicate_dhash,3,datasets/water/IWHR_AI_Lable_Floater_V1/raw/package1/JPEGImages/0338.jpg,datasets/water/IWHR_AI_Lable_Floater_V1/raw/package1/JPEGImages/0342.jpg,package1,package1,_bare_numeric,_bare_numeric,True,False
near_duplicate_dhash,3,datasets/water/IWHR_AI_Lable_Floater_V1/raw/package1/JPEGImages/0339.jpg,datasets/water/IWHR_AI_Lable_Floater_V1/raw/package1/JPEGImages/0341.jpg,package1,package1,_bare_numeric,_bare_numeric,True,False
near_duplicate_dhash,3,datasets/water/IWHR_AI_Lable_Floater_V1/raw/package1/JPEGImages/0350.jpg,datasets/water/IWHR_AI_Lable_Floater_V1/raw/package1/JPEGImages/0352.jpg,package1,package1,_bare_numeric,_bare_numeric,True,False
near_duplicate_dhash,4,datasets/water/IWHR_AI_Lable_Floater_V1/raw/package1/JPEGImages/0353.jpg,datasets/water/IWHR_AI_Lable_Floater_V1/raw/package1/JPEGImages/0354.jpg,package1,package1,_bare_numeric,_bare_numeric,True,False
near_duplicate_dhash,3,datasets/water/IWHR_AI_Lable_Floater_V1/raw/package1/JPEGImages/0355.jpg,datasets/water/IWHR_AI_Lable_Floater_V1/raw/package1/JPEGImages/0384.jpg,package1,package1,image,image,True,False
near_duplicate_dhash,3,datasets/water/IWHR_AI_Lable_Floater_V1/raw/package1/JPEGImages/0355.jpg,datasets/water/IWHR_AI_Lable_Floater_V1/raw/package1/JPEGImages/0389.jpg,package1,package1,image,image,True,False
near_duplicate_dhash,4,datasets/water/IWHR_AI_Lable_Floater_V1/raw/package1/JPEGImages/0357.jpg,datasets/water/IWHR_AI_Lable_Floater_V1/raw/package1/JPEGImages/0398.jpg,package1,package1,image,image,True,False
near_duplicate_dhash,4,datasets/water/IWHR_AI_Lable_Floater_V1/raw/package1/JPEGImages/0357.jpg,datasets/water/IWHR_AI_Lable_Floater_V1/raw/package1/JPEGImages/0520.jpg,package1,package1,image,image,True,False
near_duplicate_dhash,3,datasets/water/IWHR_AI_Lable_Floater_V1/raw/package1/JPEGImages/0357.jpg,datasets/water/IWHR_AI_Lable_Floater_V1/raw/package1/JPEGImages/0730.jpg,package1,package1,image,image,True,False
near_duplicate_dhash,4,datasets/water/IWHR_AI_Lable_Floater_V1/raw/package1/JPEGImages/0357.jpg,datasets/water/IWHR_AI_Lable_Floater_V1/raw/package1/JPEGImages/0734.jpg,package1,package1,image,image,True,False
near_duplicate_dhash,3,datasets/water/IWHR_AI_Lable_Floater_V1/raw/package1/JPEGImages/0358.jpg,datasets/water/IWHR_AI_Lable_Floater_V1/raw/package1/JPEGImages/0441.jpg,package1,package1,image,image,True,False
near_duplicate_dhash,5,datasets/water/IWHR_AI_Lable_Floater_V1/raw/package1/JPEGImages/0360.jpg,datasets/water/IWHR_AI_Lable_Floater_V1/raw/package1/JPEGImages/0744.jpg,package1,package1,image,image,True,False
near_duplicate_dhash,3,datasets/water/IWHR_AI_Lable_Floater_V1/raw/package1/JPEGImages/0361.jpg,datasets/water/IWHR_AI_Lable_Floater_V1/raw/package1/JPEGImages/0379.jpg,package1,package1,image,image,True,False
near_duplicate_dhash,5,datasets/water/IWHR_AI_Lable_Floater_V1/raw/package1/JPEGImages/0363.jpg,datasets/water/IWHR_AI_Lable_Floater_V1/raw/package1/JPEGImages/0731.jpg,package1,package1,image,image,True,False
near_duplicate_dhash,5,datasets/water/IWHR_AI_Lable_Floater_V1/raw/package1/JPEGImages/0363.jpg,datasets/water/IWHR_AI_Lable_Floater_V1/raw/package1/JPEGImages/0744.jpg,package1,package1,image,image,True,False
near_duplicate_dhash,4,datasets/water/IWHR_AI_Lable_Floater_V1/raw/package1/JPEGImages/0364.jpg,datasets/water/IWHR_AI_Lable_Floater_V1/raw/package1/JPEGImages/0395.jpg,package1,package1,image,image,True,False
near_duplicate_dhash,4,datasets/water/IWHR_AI_Lable_Floater_V1/raw/package1/JPEGImages/0364.jpg,datasets/water/IWHR_AI_Lable_Floater_V1/raw/package1/JPEGImages/0415.jpg,package1,package1,image,image,True,False
near_duplicate_dhash,5,datasets/water/IWHR_AI_Lable_Floater_V1/raw/package1/JPEGImages/0368.jpg,datasets/water/IWHR_AI_Lable_Floater_V1/raw/package1/JPEGImages/0395.jpg,package1,package1,image,image,True,False
near_duplicate_dhash,3,datasets/water/IWHR_AI_Lable_Floater_V1/raw/package1/JPEGImages/0368.jpg,datasets/water/IWHR_AI_Lable_Floater_V1/raw/package1/JPEGImages/0415.jpg,package1,package1,image,image,True,False
near_duplicate_dhash,3,datasets/water/IWHR_AI_Lable_Floater_V1/raw/package1/JPEGImages/0369.jpg,datasets/water/IWHR_AI_Lable_Floater_V1/raw/package1/JPEGImages/0497.jpg,package1,package1,image,image,True,False
near_duplicate_dhash,3,datasets/water/IWHR_AI_Lable_Floater_V1/raw/package1/JPEGImages/0372.jpg,datasets/water/IWHR_AI_Lable_Floater_V1/raw/package1/JPEGImages/0385.jpg,package1,package1,image,image,True,False
near_duplicate_dhash,3,datasets/water/IWHR_AI_Lable_Floater_V1/raw/package1/JPEGImages/0372.jpg,datasets/water/IWHR_AI_Lable_Floater_V1/raw/package1/JPEGImages/0507.jpg,package1,package1,image,image,True,False
near_duplicate_dhash,3,datasets/water/IWHR_AI_Lable_Floater_V1/raw/package1/JPEGImages/0372.jpg,datasets/water/IWHR_AI_Lable_Floater_V1/raw/package1/JPEGImages/0533.jpg,package1,package1,image,image,True,False
near_duplicate_dhash,4,datasets/water/IWHR_AI_Lable_Floater_V1/raw/package1/JPEGImages/0372.jpg,datasets/water/IWHR_AI_Lable_Floater_V1/raw/package1/JPEGImages/0540.jpg,package1,package1,image,image,True,False
near_duplicate_dhash,3,datasets/water/IWHR_AI_Lable_Floater_V1/raw/package1/JPEGImages/0373.jpg,datasets/water/IWHR_AI_Lable_Floater_V1/raw/package1/JPEGImages/0680.jpg,package1,package1,image,image,True,False
near_duplicate_dhash,3,datasets/water/IWHR_AI_Lable_Floater_V1/raw/package1/JPEGImages/0380.jpg,datasets/water/IWHR_AI_Lable_Floater_V1/raw/package1/JPEGImages/0395.jpg,package1,package1,image,image,True,False
near_duplicate_dhash,3,datasets/water/IWHR_AI_Lable_Floater_V1/raw/package1/JPEGImages/0380.jpg,datasets/water/IWHR_AI_Lable_Floater_V1/raw/package1/JPEGImages/0415.jpg,package1,package1,image,image,True,False
near_duplicate_dhash,3,datasets/water/IWHR_AI_Lable_Floater_V1/raw/package1/JPEGImages/0385.jpg,datasets/water/IWHR_AI_Lable_Floater_V1/raw/package1/JPEGImages/0491.jpg,package1,package1,image,image,True,False
near_duplicate_dhash,5,datasets/water/IWHR_AI_Lable_Floater_V1/raw/package1/JPEGImages/0388.jpg,datasets/water/IWHR_AI_Lable_Floater_V1/raw/package1/JPEGImages/0650.jpg,package1,package1,image,image,True,False
near_duplicate_dhash,4,datasets/water/IWHR_AI_Lable_Floater_V1/raw/package1/JPEGImages/0388.jpg,datasets/water/IWHR_AI_Lable_Floater_V1/raw/package1/JPEGImages/0655.jpg,package1,package1,image,image,True,False
near_duplicate_dhash,4,datasets/water/IWHR_AI_Lable_Floater_V1/raw/package1/JPEGImages/0388.jpg,datasets/water/IWHR_AI_Lable_Floater_V1/raw/package1/JPEGImages/0676.jpg,package1,package1,image,image,True,False
near_duplicate_dhash,3,datasets/water/IWHR_AI_Lable_Floater_V1/raw/package1/JPEGImages/0390.jpg,datasets/water/IWHR_AI_Lable_Floater_V1/raw/package1/JPEGImages/0497.jpg,package1,package1,image,image,True,False
near_duplicate_dhash,4,datasets/water/IWHR_AI_Lable_Floater_V1/raw/package1/JPEGImages/0391.jpg,datasets/water/IWHR_AI_Lable_Floater_V1/raw/package1/JPEGImages/0421.jpg,package1,package1,image,image,True,False
near_duplicate_dhash,5,datasets/water/IWHR_AI_Lable_Floater_V1/raw/package1/JPEGImages/0391.jpg,datasets/water/IWHR_AI_Lable_Floater_V1/raw/package1/JPEGImages/0639.jpg,package1,package1,image,image,True,False
near_duplicate_dhash,5,datasets/water/IWHR_AI_Lable_Floater_V1/raw/package1/JPEGImages/0391.jpg,datasets/water/IWHR_AI_Lable_Floater_V1/raw/package1/JPEGImages/0650.jpg,package1,package1,image,image,True,False
near_duplicate_dhash,3,datasets/water/IWHR_AI_Lable_Floater_V1/raw/package1/JPEGImages/0392.jpg,datasets/water/IWHR_AI_Lable_Floater_V1/raw/package1/JPEGImages/0398.jpg,package1,package1,image,image,True,False
near_duplicate_dhash,5,datasets/water/IWHR_AI_Lable_Floater_V1/raw/package1/JPEGImages/0392.jpg,datasets/water/IWHR_AI_Lable_Floater_V1/raw/package1/JPEGImages/0510.jpg,package1,package1,image,image,True,False
near_duplicate_dhash,3,datasets/water/IWHR_AI_Lable_Floater_V1/raw/package1/JPEGImages/0392.jpg,datasets/water/IWHR_AI_Lable_Floater_V1/raw/package1/JPEGImages/0520.jpg,package1,package1,image,image,True,False
near_duplicate_dhash,4,datasets/water/IWHR_AI_Lable_Floater_V1/raw/package1/JPEGImages/0392.jpg,datasets/water/IWHR_AI_Lable_Floater_V1/raw/package1/JPEGImages/0730.jpg,package1,package1,image,image,True,False
near_duplicate_dhash,3,datasets/water/IWHR_AI_Lable_Floater_V1/raw/package1/JPEGImages/0392.jpg,datasets/water/IWHR_AI_Lable_Floater_V1/raw/package1/JPEGImages/0734.jpg,package1,package1,image,image,True,False
near_duplicate_dhash,3,datasets/water/IWHR_AI_Lable_Floater_V1/raw/package1/JPEGImages/0393.jpg,datasets/water/IWHR_AI_Lable_Floater_V1/raw/package1/JPEGImages/0437.jpg,package1,package1,image,image,True,False
near_duplicate_dhash,4,datasets/water/IWHR_AI_Lable_Floater_V1/raw/package1/JPEGImages/0395.jpg,datasets/water/IWHR_AI_Lable_Floater_V1/raw/package1/JPEGImages/0415.jpg,package1,package1,image,image,True,False
near_duplicate_dhash,3,datasets/water/IWHR_AI_Lable_Floater_V1/raw/package1/JPEGImages/0396.jpg,datasets/water/IWHR_AI_Lable_Floater_V1/raw/package1/JPEGImages/0497.jpg,package1,package1,image,image,True,False
near_duplicate_dhash,4,datasets/water/IWHR_AI_Lable_Floater_V1/raw/package1/JPEGImages/0398.jpg,datasets/water/IWHR_AI_Lable_Floater_V1/raw/package1/JPEGImages/0510.jpg,package1,package1,image,image,True,False
near_duplicate_dhash,4,datasets/water/IWHR_AI_Lable_Floater_V1/raw/package1/JPEGImages/0398.jpg,datasets/water/IWHR_AI_Lable_Floater_V1/raw/package1/JPEGImages/0520.jpg,package1,package1,image,image,True,False
near_duplicate_dhash,5,datasets/water/IWHR_AI_Lable_Floater_V1/raw/package1/JPEGImages/0398.jpg,datasets/water/IWHR_AI_Lable_Floater_V1/raw/package1/JPEGImages/0716.jpg,package1,package1,image,image,True,False
near_duplicate_dhash,3,datasets/water/IWHR_AI_Lable_Floater_V1/raw/package1/JPEGImages/0399.jpg,datasets/water/IWHR_AI_Lable_Floater_V1/raw/package1/JPEGImages/0423.jpg,package1,package1,image,image,True,False
near_duplicate_dhash,3,datasets/water/IWHR_AI_Lable_Floater_V1/raw/package1/JPEGImages/0399.jpg,datasets/water/IWHR_AI_Lable_Floater_V1/raw/package1/JPEGImages/0430.jpg,package1,package1,image,image,True,False
near_duplicate_dhash,3,datasets/water/IWHR_AI_Lable_Floater_V1/raw/package1/JPEGImages/0400.jpg,datasets/water/IWHR_AI_Lable_Floater_V1/raw/package1/JPEGImages/0417.jpg,package1,package1,image,image,True,False
near_duplicate_dhash,5,datasets/water/IWHR_AI_Lable_Floater_V1/raw/package1/JPEGImages/0402.jpg,datasets/water/IWHR_AI_Lable_Floater_V1/raw/package1/JPEGImages/0495.jpg,package1,package1,image,image,True,False
near_duplicate_dhash,5,datasets/water/IWHR_AI_Lable_Floater_V1/raw/package1/JPEGImages/0402.jpg,datasets/water/IWHR_AI_Lable_Floater_V1/raw/package1/JPEGImages/0739.jpg,package1,package1,image,image,True,False
near_duplicate_dhash,5,datasets/water/IWHR_AI_Lable_Floater_V1/raw/package1/JPEGImages/0402.jpg,datasets/water/IWHR_AI_Lable_Floater_V1/raw/package1/JPEGImages/0763.jpg,package1,package1,image,image,True,False
near_duplicate_dhash,4,datasets/water/IWHR_AI_Lable_Floater_V1/raw/package1/JPEGImages/0402.jpg,datasets/water/IWHR_AI_Lable_Floater_V1/raw/package1/JPEGImages/0777.jpg,package1,package1,image,image,True,False
near_duplicate_dhash,3,datasets/water/IWHR_AI_Lable_Floater_V1/raw/package1/JPEGImages/0404.jpg,datasets/water/IWHR_AI_Lable_Floater_V1/raw/package1/JPEGImages/0497.jpg,package1,package1,image,image,True,False
near_duplicate_dhash,3,datasets/water/IWHR_AI_Lable_Floater_V1/raw/package1/JPEGImages/0405.jpg,datasets/water/IWHR_AI_Lable_Floater_V1/raw/package1/JPEGImages/0502.jpg,package1,package1,image,image,True,False
near_duplicate_dhash,3,datasets/water/IWHR_AI_Lable_Floater_V1/raw/package1/JPEGImages/0405.jpg,datasets/water/IWHR_AI_Lable_Floater_V1/raw/package1/JPEGImages/0777.jpg,package1,package1,image,image,True,False
near_duplicate_dhash,3,datasets/water/IWHR_AI_Lable_Floater_V1/raw/package1/JPEGImages/0405.jpg,datasets/water/IWHR_AI_Lable_Floater_V1/raw/package1/JPEGImages/0780.jpg,package1,package1,image,image,True,False
near_duplicate_dhash,5,datasets/water/IWHR_AI_Lable_Floater_V1/raw/package1/JPEGImages/0407.jpg,datasets/water/IWHR_AI_Lable_Floater_V1/raw/package1/JPEGImages/0490.jpg,package1,package1,image,image,True,False
near_duplicate_dhash,4,datasets/water/IWHR_AI_Lable_Floater_V1/raw/package1/JPEGImages/0408.jpg,datasets/water/IWHR_AI_Lable_Floater_V1/raw/package1/JPEGImages/0412.jpg,package1,package1,image,image,True,False
near_duplicate_dhash,5,datasets/water/IWHR_AI_Lable_Floater_V1/raw/package1/JPEGImages/0408.jpg,datasets/water/IWHR_AI_Lable_Floater_V1/raw/package1/JPEGImages/0428.jpg,package1,package1,image,image,True,False
near_duplicate_dhash,5,datasets/water/IWHR_AI_Lable_Floater_V1/raw/package1/JPEGImages/0409.jpg,datasets/water/IWHR_AI_Lable_Floater_V1/raw/package1/JPEGImages/0413.jpg,package1,package1,image,image,True,False
near_duplicate_dhash,5,datasets/water/IWHR_AI_Lable_Floater_V1/raw/package1/JPEGImages/0409.jpg,datasets/water/IWHR_AI_Lable_Floater_V1/raw/package1/JPEGImages/0715.jpg,package1,package1,image,image,True,False
near_duplicate_dhash,3,datasets/water/IWHR_AI_Lable_Floater_V1/raw/package1/JPEGImages/0410.jpg,datasets/water/IWHR_AI_Lable_Floater_V1/raw/package1/JPEGImages/0417.jpg,package1,package1,image,image,True,False
near_duplicate_dhash,3,datasets/water/IWHR_AI_Lable_Floater_V1/raw/package1/JPEGImages/0412.jpg,datasets/water/IWHR_AI_Lable_Floater_V1/raw/package1/JPEGImages/0428.jpg,package1,package1,image,image,True,False
near_duplicate_dhash,3,datasets/water/IWHR_AI_Lable_Floater_V1/raw/package1/JPEGImages/0416.jpg,datasets/water/IWHR_AI_Lable_Floater_V1/raw/package1/JPEGImages/0497.jpg,package1,package1,image,image,True,False
near_duplicate_dhash,4,datasets/water/IWHR_AI_Lable_Floater_V1/raw/package1/JPEGImages/0421.jpg,datasets/water/IWHR_AI_Lable_Floater_V1/raw/package1/JPEGImages/0614.jpg,package1,package1,image,image,True,False
near_duplicate_dhash,5,datasets/water/IWHR_AI_Lable_Floater_V1/raw/package1/JPEGImages/0421.jpg,datasets/water/IWHR_AI_Lable_Floater_V1/raw/package1/JPEGImages/0650.jpg,package1,package1,image,image,True,False
near_duplicate_dhash,3,datasets/water/IWHR_AI_Lable_Floater_V1/raw/package1/JPEGImages/0424.jpg,datasets/water/IWHR_AI_Lable_Floater_V1/raw/package1/JPEGImages/0540.jpg,package1,package1,image,image,True,False
near_duplicate_dhash,3,datasets/water/IWHR_AI_Lable_Floater_V1/raw/package1/JPEGImages/0425.jpg,datasets/water/IWHR_AI_Lable_Floater_V1/raw/package1/JPEGImages/0443.jpg,package1,package1,image,image,True,False
near_duplicate_dhash,3,datasets/water/IWHR_AI_Lable_Floater_V1/raw/package1/JPEGImages/0425.jpg,datasets/water/IWHR_AI_Lable_Floater_V1/raw/package1/JPEGImages/0461.jpg,package1,package1,image,image,True,False
near_duplicate_dhash,5,datasets/water/IWHR_AI_Lable_Floater_V1/raw/package1/JPEGImages/0426.jpg,datasets/water/IWHR_AI_Lable_Floater_V1/raw/package1/JPEGImages/0431.jpg,package1,package1,image,image,True,False
near_duplicate_dhash,5,datasets/water/IWHR_AI_Lable_Floater_V1/raw/package1/JPEGImages/0427.jpg,datasets/water/IWHR_AI_Lable_Floater_V1/raw/package1/JPEGImages/0639.jpg,package1,package1,image,image,True,False
near_duplicate_dhash,3,datasets/water/IWHR_AI_Lable_Floater_V1/raw/package1/JPEGImages/0429.jpg,datasets/water/IWHR_AI_Lable_Floater_V1/raw/package1/JPEGImages/0436.jpg,package1,package1,image,image,True,False
near_duplicate_dhash,3,datasets/water/IWHR_AI_Lable_Floater_V1/raw/package1/JPEGImages/0429.jpg,datasets/water/IWHR_AI_Lable_Floater_V1/raw/package1/JPEGImages/0675.jpg,package1,package1,image,image,True,False
near_duplicate_dhash,5,datasets/water/IWHR_AI_Lable_Floater_V1/raw/package1/JPEGImages/0429.jpg,datasets/water/IWHR_AI_Lable_Floater_V1/raw/package1/JPEGImages/0701.jpg,package1,package1,image,image,True,False
near_duplicate_dhash,3,datasets/water/IWHR_AI_Lable_Floater_V1/raw/package1/JPEGImages/0433.jpg,datasets/water/IWHR_AI_Lable_Floater_V1/raw/package1/JPEGImages/0439.jpg,package1,package1,image,image,True,False
near_duplicate_dhash,4,datasets/water/IWHR_AI_Lable_Floater_V1/raw/package1/JPEGImages/0435.jpg,datasets/water/IWHR_AI_Lable_Floater_V1/raw/package1/JPEGImages/0446.jpg,package1,package1,image,image,True,False
near_duplicate_dhash,5,datasets/water/IWHR_AI_Lable_Floater_V1/raw/package1/JPEGImages/0436.jpg,datasets/water/IWHR_AI_Lable_Floater_V1/raw/package1/JPEGImages/0678.jpg,package1,package1,image,image,True,False
near_duplicate_dhash,3,datasets/water/IWHR_AI_Lable_Floater_V1/raw/package1/JPEGImages/0436.jpg,datasets/water/IWHR_AI_Lable_Floater_V1/raw/package1/JPEGImages/0686.jpg,package1,package1,image,image,True,False
near_duplicate_dhash,3,datasets/water/IWHR_AI_Lable_Floater_V1/raw/package1/JPEGImages/0442.jpg,datasets/water/IWHR_AI_Lable_Floater_V1/raw/package1/JPEGImages/0497.jpg,package1,package1,image,image,True,False
near_duplicate_dhash,4,datasets/water/IWHR_AI_Lable_Floater_V1/raw/package1/JPEGImages/0443.jpg,datasets/water/IWHR_AI_Lable_Floater_V1/raw/package1/JPEGImages/0461.jpg,package1,package1,image,image,True,False
near_duplicate_dhash,5,datasets/water/IWHR_AI_Lable_Floater_V1/raw/package1/JPEGImages/0447.jpg,datasets/water/IWHR_AI_Lable_Floater_V1/raw/package1/JPEGImages/0467.jpg,package1,package1,image,image,True,False
near_duplicate_dhash,3,datasets/water/IWHR_AI_Lable_Floater_V1/raw/package1/JPEGImages/0447.jpg,datasets/water/IWHR_AI_Lable_Floater_V1/raw/package1/JPEGImages/0480.jpg,package1,package1,image,image,True,False
near_duplicate_dhash,5,datasets/water/IWHR_AI_Lable_Floater_V1/raw/package1/JPEGImages/0450.jpg,datasets/water/IWHR_AI_Lable_Floater_V1/raw/package1/JPEGImages/0479.jpg,package1,package1,image,image,True,False
near_duplicate_dhash,3,datasets/water/IWHR_AI_Lable_Floater_V1/raw/package1/JPEGImages/0450.jpg,datasets/water/IWHR_AI_Lable_Floater_V1/raw/package1/JPEGImages/0484.jpg,package1,package1,image,image,True,False
near_duplicate_dhash,5,datasets/water/IWHR_AI_Lable_Floater_V1/raw/package1/JPEGImages/0453.jpg,datasets/water/IWHR_AI_Lable_Floater_V1/raw/package1/JPEGImages/0474.jpg,package1,package1,image,image,True,False
near_duplicate_dhash,4,datasets/water/IWHR_AI_Lable_Floater_V1/raw/package1/JPEGImages/0453.jpg,datasets/water/IWHR_AI_Lable_Floater_V1/raw/package1/JPEGImages/0479.jpg,package1,package1,image,image,True,False
near_duplicate_dhash,5,datasets/water/IWHR_AI_Lable_Floater_V1/raw/package1/JPEGImages/0455.jpg,datasets/water/IWHR_AI_Lable_Floater_V1/raw/package1/JPEGImages/0461.jpg,package1,package1,image,image,True,False
near_duplicate_dhash,5,datasets/water/IWHR_AI_Lable_Floater_V1/raw/package1/JPEGImages/0457.jpg,datasets/water/IWHR_AI_Lable_Floater_V1/raw/package1/JPEGImages/0499.jpg,package1,package1,image,image,True,False
near_duplicate_dhash,3,datasets/water/IWHR_AI_Lable_Floater_V1/raw/package1/JPEGImages/0458.jpg,datasets/water/IWHR_AI_Lable_Floater_V1/raw/package1/JPEGImages/0465.jpg,package1,package1,image,image,True,False
near_duplicate_dhash,4,datasets/water/IWHR_AI_Lable_Floater_V1/raw/package1/JPEGImages/0458.jpg,datasets/water/IWHR_AI_Lable_Floater_V1/raw/package1/JPEGImages/0466.jpg,package1,package1,image,image,True,False
near_duplicate_dhash,4,datasets/water/IWHR_AI_Lable_Floater_V1/raw/package1/JPEGImages/0459.jpg,datasets/water/IWHR_AI_Lable_Floater_V1/raw/package1/JPEGImages/0466.jpg,package1,package1,image,image,True,False
near_duplicate_dhash,4,datasets/water/IWHR_AI_Lable_Floater_V1/raw/package1/JPEGImages/0459.jpg,datasets/water/IWHR_AI_Lable_Floater_V1/raw/package1/JPEGImages/0483.jpg,package1,package1,image,image,True,False
near_duplicate_dhash,5,datasets/water/IWHR_AI_Lable_Floater_V1/raw/package1/JPEGImages/0459.jpg,datasets/water/IWHR_AI_Lable_Floater_V1/raw/package1/JPEGImages/0489.jpg,package1,package1,image,image,True,False
near_duplicate_dhash,3,datasets/water/IWHR_AI_Lable_Floater_V1/raw/package1/JPEGImages/0463.jpg,datasets/water/IWHR_AI_Lable_Floater_V1/raw/package1/JPEGImages/0540.jpg,package1,package1,image,image,True,False
near_duplicate_dhash,5,datasets/water/IWHR_AI_Lable_Floater_V1/raw/package1/JPEGImages/0464.jpg,datasets/water/IWHR_AI_Lable_Floater_V1/raw/package1/JPEGImages/0475.jpg,package1,package1,image,image,True,False
near_duplicate_dhash,5,datasets/water/IWHR_AI_Lable_Floater_V1/raw/package1/JPEGImages/0464.jpg,datasets/water/IWHR_AI_Lable_Floater_V1/raw/package1/JPEGImages/0481.jpg,package1,package1,image,image,True,False
near_duplicate_dhash,3,datasets/water/IWHR_AI_Lable_Floater_V1/raw/package1/JPEGImages/0465.jpg,datasets/water/IWHR_AI_Lable_Floater_V1/raw/package1/JPEGImages/0466.jpg,package1,package1,image,image,True,False
near_duplicate_dhash,3,datasets/water/IWHR_AI_Lable_Floater_V1/raw/package1/JPEGImages/0465.jpg,datasets/water/IWHR_AI_Lable_Floater_V1/raw/package1/JPEGImages/0483.jpg,package1,package1,image,image,True,False
near_duplicate_dhash,4,datasets/water/IWHR_AI_Lable_Floater_V1/raw/package1/JPEGImages/0466.jpg,datasets/water/IWHR_AI_Lable_Floater_V1/raw/package1/JPEGImages/0470.jpg,package1,package1,image,image,True,False
near_duplicate_dhash,4,datasets/water/IWHR_AI_Lable_Floater_V1/raw/package1/JPEGImages/0470.jpg,datasets/water/IWHR_AI_Lable_Floater_V1/raw/package1/JPEGImages/0483.jpg,package1,package1,image,image,True,False
near_duplicate_dhash,3,datasets/water/IWHR_AI_Lable_Floater_V1/raw/package1/JPEGImages/0471.jpg,datasets/water/IWHR_AI_Lable_Floater_V1/raw/package1/JPEGImages/0540.jpg,package1,package1,image,image,True,False
near_duplicate_dhash,5,datasets/water/IWHR_AI_Lable_Floater_V1/raw/package1/JPEGImages/0475.jpg,datasets/water/IWHR_AI_Lable_Floater_V1/raw/package1/JPEGImages/0486.jpg,package1,package1,image,image,True,False
near_duplicate_dhash,5,datasets/water/IWHR_AI_Lable_Floater_V1/raw/package1/JPEGImages/0476.jpg,datasets/water/IWHR_AI_Lable_Floater_V1/raw/package1/JPEGImages/0482.jpg,package1,package1,image,image,True,False
near_duplicate_dhash,4,datasets/water/IWHR_AI_Lable_Floater_V1/raw/package1/JPEGImages/0477.jpg,datasets/water/IWHR_AI_Lable_Floater_V1/raw/package1/JPEGImages/0488.jpg,package1,package1,image,image,True,False
near_duplicate_dhash,5,datasets/water/IWHR_AI_Lable_Floater_V1/raw/package1/JPEGImages/0477.jpg,datasets/water/IWHR_AI_Lable_Floater_V1/raw/package1/JPEGImages/0494.jpg,package1,package1,image,image,True,False
near_duplicate_dhash,5,datasets/water/IWHR_AI_Lable_Floater_V1/raw/package1/JPEGImages/0481.jpg,datasets/water/IWHR_AI_Lable_Floater_V1/raw/package1/JPEGImages/0486.jpg,package1,package1,image,image,True,False
near_duplicate_dhash,4,datasets/water/IWHR_AI_Lable_Floater_V1/raw/package1/JPEGImages/0484.jpg,datasets/water/IWHR_AI_Lable_Floater_V1/raw/package1/JPEGImages/0792.jpg,package1,package1,image,image,True,False
near_duplicate_dhash,5,datasets/water/IWHR_AI_Lable_Floater_V1/raw/package1/JPEGImages/0490.jpg,datasets/water/IWHR_AI_Lable_Floater_V1/raw/package1/JPEGImages/0783.jpg,package1,package1,image,image,True,False
near_duplicate_dhash,3,datasets/water/IWHR_AI_Lable_Floater_V1/raw/package1/JPEGImages/0491.jpg,datasets/water/IWHR_AI_Lable_Floater_V1/raw/package1/JPEGImages/0507.jpg,package1,package1,image,image,True,False
near_duplicate_dhash,3,datasets/water/IWHR_AI_Lable_Floater_V1/raw/package1/JPEGImages/0491.jpg,datasets/water/IWHR_AI_Lable_Floater_V1/raw/package1/JPEGImages/0533.jpg,package1,package1,image,image,True,False
near_duplicate_dhash,4,datasets/water/IWHR_AI_Lable_Floater_V1/raw/package1/JPEGImages/0491.jpg,datasets/water/IWHR_AI_Lable_Floater_V1/raw/package1/JPEGImages/0540.jpg,package1,package1,image,image,True,False
near_duplicate_dhash,4,datasets/water/IWHR_AI_Lable_Floater_V1/raw/package1/JPEGImages/0493.jpg,datasets/water/IWHR_AI_Lable_Floater_V1/raw/package1/JPEGImages/0775.jpg,package1,package1,image,image,True,False
near_duplicate_dhash,5,datasets/water/IWHR_AI_Lable_Floater_V1/raw/package1/JPEGImages/0495.jpg,datasets/water/IWHR_AI_Lable_Floater_V1/raw/package1/JPEGImages/0506.jpg,package1,package1,image,image,True,False
near_duplicate_dhash,3,datasets/water/IWHR_AI_Lable_Floater_V1/raw/package1/JPEGImages/0495.jpg,datasets/water/IWHR_AI_Lable_Floater_V1/raw/package1/JPEGImages/0777.jpg,package1,package1,image,image,True,False
near_duplicate_dhash,5,datasets/water/IWHR_AI_Lable_Floater_V1/raw/package1/JPEGImages/0495.jpg,datasets/water/IWHR_AI_Lable_Floater_V1/raw/package1/JPEGImages/0780.jpg,package1,package1,image,image,True,False
near_duplicate_dhash,3,datasets/water/IWHR_AI_Lable_Floater_V1/raw/package1/JPEGImages/0497.jpg,datasets/water/IWHR_AI_Lable_Floater_V1/raw/package1/JPEGImages/0540.jpg,package1,package1,image,image,True,False
near_duplicate_dhash,4,datasets/water/IWHR_AI_Lable_Floater_V1/raw/package1/JPEGImages/0498.jpg,datasets/water/IWHR_AI_Lable_Floater_V1/raw/package1/JPEGImages/0775.jpg,package1,package1,image,image,True,False
near_duplicate_dhash,3,datasets/water/IWHR_AI_Lable_Floater_V1/raw/package1/JPEGImages/0502.jpg,datasets/water/IWHR_AI_Lable_Floater_V1/raw/package1/JPEGImages/0763.jpg,package1,package1,image,image,True,False
near_duplicate_dhash,4,datasets/water/IWHR_AI_Lable_Floater_V1/raw/package1/JPEGImages/0502.jpg,datasets/water/IWHR_AI_Lable_Floater_V1/raw/package1/JPEGImages/0777.jpg,package1,package1,image,image,True,False
near_duplicate_dhash,3,datasets/water/IWHR_AI_Lable_Floater_V1/raw/package1/JPEGImages/0504.jpg,datasets/water/IWHR_AI_Lable_Floater_V1/raw/package1/JPEGImages/0511.jpg,package1,package1,image,image,True,False
near_duplicate_dhash,3,datasets/water/IWHR_AI_Lable_Floater_V1/raw/package1/JPEGImages/0505.jpg,datasets/water/IWHR_AI_Lable_Floater_V1/raw/package1/JPEGImages/0552.jpg,package1,package1,image,image,True,False
near_duplicate_dhash,5,datasets/water/IWHR_AI_Lable_Floater_V1/raw/package1/JPEGImages/0505.jpg,datasets/water/IWHR_AI_Lable_Floater_V1/raw/package1/JPEGImages/0613.jpg,package1,package1,image,image,True,False
near_duplicate_dhash,5,datasets/water/IWHR_AI_Lable_Floater_V1/raw/package1/JPEGImages/0506.jpg,datasets/water/IWHR_AI_Lable_Floater_V1/raw/package1/JPEGImages/0739.jpg,package1,package1,image,image,True,False
near_duplicate_dhash,5,datasets/water/IWHR_AI_Lable_Floater_V1/raw/package1/JPEGImages/0506.jpg,datasets/water/IWHR_AI_Lable_Floater_V1/raw/package1/JPEGImages/0763.jpg,package1,package1,image,image,True,False
near_duplicate_dhash,5,datasets/water/IWHR_AI_Lable_Floater_V1/raw/package1/JPEGImages/0508.jpg,datasets/water/IWHR_AI_Lable_Floater_V1/raw/package1/JPEGImages/0514.jpg,package1,package1,image,image,True,False
near_duplicate_dhash,4,datasets/water/IWHR_AI_Lable_Floater_V1/raw/package1/JPEGImages/0510.jpg,datasets/water/IWHR_AI_Lable_Floater_V1/raw/package1/JPEGImages/0734.jpg,package1,package1,image,image,True,False
near_duplicate_dhash,3,datasets/water/IWHR_AI_Lable_Floater_V1/raw/package1/JPEGImages/0513.jpg,datasets/water/IWHR_AI_Lable_Floater_V1/raw/package1/JPEGImages/0521.jpg,package1,package1,image,image,True,False
near_duplicate_dhash,3,datasets/water/IWHR_AI_Lable_Floater_V1/raw/package1/JPEGImages/0513.jpg,datasets/water/IWHR_AI_Lable_Floater_V1/raw/package1/JPEGImages/0633.jpg,package1,package1,image,image,True,False
near_duplicate_dhash,4,datasets/water/IWHR_AI_Lable_Floater_V1/raw/package1/JPEGImages/0518.jpg,datasets/water/IWHR_AI_Lable_Floater_V1/raw/package1/JPEGImages/0524.jpg,package1,package1,image,image,True,False
near_duplicate_dhash,5,datasets/water/IWHR_AI_Lable_Floater_V1/raw/package1/JPEGImages/0518.jpg,datasets/water/IWHR_AI_Lable_Floater_V1/raw/package1/JPEGImages/0528.jpg,package1,package1,image,image,True,False
near_duplicate_dhash,5,datasets/water/IWHR_AI_Lable_Floater_V1/raw/package1/JPEGImages/0520.jpg,datasets/water/IWHR_AI_Lable_Floater_V1/raw/package1/JPEGImages/0716.jpg,package1,package1,image,image,True,False
near_duplicate_dhash,4,datasets/water/IWHR_AI_Lable_Floater_V1/raw/package1/JPEGImages/0520.jpg,datasets/water/IWHR_AI_Lable_Floater_V1/raw/package1/JPEGImages/0734.jpg,package1,package1,image,image,True,False
near_duplicate_dhash,3,datasets/water/IWHR_AI_Lable_Floater_V1/raw/package1/JPEGImages/0524.jpg,datasets/water/IWHR_AI_Lable_Floater_V1/raw/package1/JPEGImages/0528.jpg,package1,package1,image,image,True,False
near_duplicate_dhash,5,datasets/water/IWHR_AI_Lable_Floater_V1/raw/package1/JPEGImages/0525.jpg,datasets/water/IWHR_AI_Lable_Floater_V1/raw/package1/JPEGImages/0530.jpg,package1,package1,image,image,True,False
near_duplicate_dhash,5,datasets/water/IWHR_AI_Lable_Floater_V1/raw/package1/JPEGImages/0525.jpg,datasets/water/IWHR_AI_Lable_Floater_V1/raw/package1/JPEGImages/0536.jpg,package1,package1,image,image,True,False
near_duplicate_dhash,4,datasets/water/IWHR_AI_Lable_Floater_V1/raw/package1/JPEGImages/0525.jpg,datasets/water/IWHR_AI_Lable_Floater_V1/raw/package1/JPEGImages/0702.jpg,package1,package1,image,image,True,False
near_duplicate_dhash,4,datasets/water/IWHR_AI_Lable_Floater_V1/raw/package1/JPEGImages/0526.jpg,datasets/water/IWHR_AI_Lable_Floater_V1/raw/package1/JPEGImages/0532.jpg,package1,package1,image,image,True,False
near_duplicate_dhash,5,datasets/water/IWHR_AI_Lable_Floater_V1/raw/package1/JPEGImages/0526.jpg,datasets/water/IWHR_AI_Lable_Floater_V1/raw/package1/JPEGImages/0605.jpg,package1,package1,image,image,True,False
near_duplicate_dhash,3,datasets/water/IWHR_AI_Lable_Floater_V1/raw/package1/JPEGImages/0526.jpg,datasets/water/IWHR_AI_Lable_Floater_V1/raw/package1/JPEGImages/0622.jpg,package1,package1,image,image,True,False
near_duplicate_dhash,3,datasets/water/IWHR_AI_Lable_Floater_V1/raw/package1/JPEGImages/0530.jpg,datasets/water/IWHR_AI_Lable_Floater_V1/raw/package1/JPEGImages/0702.jpg,package1,package1,image,image,True,False
near_duplicate_dhash,3,datasets/water/IWHR_AI_Lable_Floater_V1/raw/package1/JPEGImages/0532.jpg,datasets/water/IWHR_AI_Lable_Floater_V1/raw/package1/JPEGImages/0617.jpg,package1,package1,image,image,True,False
near_duplicate_dhash,4,datasets/water/IWHR_AI_Lable_Floater_V1/raw/package1/JPEGImages/0532.jpg,datasets/water/IWHR_AI_Lable_Floater_V1/raw/package1/JPEGImages/0621.jpg,package1,package1,image,image,True,False
near_duplicate_dhash,4,datasets/water/IWHR_AI_Lable_Floater_V1/raw/package1/JPEGImages/0532.jpg,datasets/water/IWHR_AI_Lable_Floater_V1/raw/package1/JPEGImages/0629.jpg,package1,package1,image,image,True,False
near_duplicate_dhash,5,datasets/water/IWHR_AI_Lable_Floater_V1/raw/package1/JPEGImages/0536.jpg,datasets/water/IWHR_AI_Lable_Floater_V1/raw/package1/JPEGImages/0697.jpg,package1,package1,image,image,True,False
near_duplicate_dhash,5,datasets/water/IWHR_AI_Lable_Floater_V1/raw/package1/JPEGImages/0536.jpg,datasets/water/IWHR_AI_Lable_Floater_V1/raw/package1/JPEGImages/0702.jpg,package1,package1,image,image,True,False
near_duplicate_dhash,3,datasets/water/IWHR_AI_Lable_Floater_V1/raw/package1/JPEGImages/0541.jpg,datasets/water/IWHR_AI_Lable_Floater_V1/raw/package1/JPEGImages/0583.jpg,package1,package1,image,image,True,False
near_duplicate_dhash,4,datasets/water/IWHR_AI_Lable_Floater_V1/raw/package1/JPEGImages/0542.jpg,datasets/water/IWHR_AI_Lable_Floater_V1/raw/package1/JPEGImages/0551.jpg,package1,package1,image,image,True,False
near_duplicate_dhash,3,datasets/water/IWHR_AI_Lable_Floater_V1/raw/package1/JPEGImages/0543.jpg,datasets/water/IWHR_AI_Lable_Floater_V1/raw/package1/JPEGImages/0683.jpg,package1,package1,image,image,True,False
near_duplicate_dhash,4,datasets/water/IWHR_AI_Lable_Floater_V1/raw/package1/JPEGImages/0545.jpg,datasets/water/IWHR_AI_Lable_Floater_V1/raw/package1/JPEGImages/0574.jpg,package1,package1,image,image,True,False
near_duplicate_dhash,5,datasets/water/IWHR_AI_Lable_Floater_V1/raw/package1/JPEGImages/0547.jpg,datasets/water/IWHR_AI_Lable_Floater_V1/raw/package1/JPEGImages/0555.jpg,package1,package1,image,image,True,False
near_duplicate_dhash,4,datasets/water/IWHR_AI_Lable_Floater_V1/raw/package1/JPEGImages/0548.jpg,datasets/water/IWHR_AI_Lable_Floater_V1/raw/package1/JPEGImages/0571.jpg,package1,package1,image,image,True,False
near_duplicate_dhash,5,datasets/water/IWHR_AI_Lable_Floater_V1/raw/package1/JPEGImages/0549.jpg,datasets/water/IWHR_AI_Lable_Floater_V1/raw/package1/JPEGImages/0663.jpg,package1,package1,image,image,True,False
near_duplicate_dhash,5,datasets/water/IWHR_AI_Lable_Floater_V1/raw/package1/JPEGImages/0549.jpg,datasets/water/IWHR_AI_Lable_Floater_V1/raw/package1/JPEGImages/0679.jpg,package1,package1,image,image,True,False
near_duplicate_dhash,5,datasets/water/IWHR_AI_Lable_Floater_V1/raw/package1/JPEGImages/0549.jpg,datasets/water/IWHR_AI_Lable_Floater_V1/raw/package1/JPEGImages/0683.jpg,package1,package1,image,image,True,False
near_duplicate_dhash,4,datasets/water/IWHR_AI_Lable_Floater_V1/raw/package1/JPEGImages/0550.jpg,datasets/water/IWHR_AI_Lable_Floater_V1/raw/package1/JPEGImages/0571.jpg,package1,package1,image,image,True,False
near_duplicate_dhash,3,datasets/water/IWHR_AI_Lable_Floater_V1/raw/package1/JPEGImages/0551.jpg,datasets/water/IWHR_AI_Lable_Floater_V1/raw/package1/JPEGImages/0556.jpg,package1,package1,image,image,True,False
near_duplicate_dhash,4,datasets/water/IWHR_AI_Lable_Floater_V1/raw/package1/JPEGImages/0554.jpg,datasets/water/IWHR_AI_Lable_Floater_V1/raw/package1/JPEGImages/0663.jpg,package1,package1,image,image,True,False
near_duplicate_dhash,5,datasets/water/IWHR_AI_Lable_Floater_V1/raw/package1/JPEGImages/0555.jpg,datasets/water/IWHR_AI_Lable_Floater_V1/raw/package1/JPEGImages/0559.jpg,package1,package1,image,image,True,False
near_duplicate_dhash,4,datasets/water/IWHR_AI_Lable_Floater_V1/raw/package1/JPEGImages/0555.jpg,datasets/water/IWHR_AI_Lable_Floater_V1/raw/package1/JPEGImages/0562.jpg,package1,package1,image,image,True,False
near_duplicate_dhash,4,datasets/water/IWHR_AI_Lable_Floater_V1/raw/package1/JPEGImages/0555.jpg,datasets/water/IWHR_AI_Lable_Floater_V1/raw/package1/JPEGImages/0576.jpg,package1,package1,image,image,True,False
near_duplicate_dhash,4,datasets/water/IWHR_AI_Lable_Floater_V1/raw/package1/JPEGImages/0555.jpg,datasets/water/IWHR_AI_Lable_Floater_V1/raw/package1/JPEGImages/0580.jpg,package1,package1,image,image,True,False
near_duplicate_dhash,4,datasets/water/IWHR_AI_Lable_Floater_V1/raw/package1/JPEGImages/0555.jpg,datasets/water/IWHR_AI_Lable_Floater_V1/raw/package1/JPEGImages/0587.jpg,package1,package1,image,image,True,False
near_duplicate_dhash,4,datasets/water/IWHR_AI_Lable_Floater_V1/raw/package1/JPEGImages/0555.jpg,datasets/water/IWHR_AI_Lable_Floater_V1/raw/package1/JPEGImages/0589.jpg,package1,package1,image,image,True,False
near_duplicate_dhash,5,datasets/water/IWHR_AI_Lable_Floater_V1/raw/package1/JPEGImages/0555.jpg,datasets/water/IWHR_AI_Lable_Floater_V1/raw/package1/JPEGImages/0597.jpg,package1,package1,image,image,True,False
near_duplicate_dhash,4,datasets/water/IWHR_AI_Lable_Floater_V1/raw/package1/JPEGImages/0557.jpg,datasets/water/IWHR_AI_Lable_Floater_V1/raw/package1/JPEGImages/0565.jpg,package1,package1,image,image,True,False
near_duplicate_dhash,4,datasets/water/IWHR_AI_Lable_Floater_V1/raw/package1/JPEGImages/0557.jpg,datasets/water/IWHR_AI_Lable_Floater_V1/raw/package1/JPEGImages/0569.jpg,package1,package1,image,image,True,False
near_duplicate_dhash,3,datasets/water/IWHR_AI_Lable_Floater_V1/raw/package1/JPEGImages/0559.jpg,datasets/water/IWHR_AI_Lable_Floater_V1/raw/package1/JPEGImages/0562.jpg,package1,package1,image,image,True,False
near_duplicate_dhash,3,datasets/water/IWHR_AI_Lable_Floater_V1/raw/package1/JPEGImages/0559.jpg,datasets/water/IWHR_AI_Lable_Floater_V1/raw/package1/JPEGImages/0567.jpg,package1,package1,image,image,True,False
near_duplicate_dhash,3,datasets/water/IWHR_AI_Lable_Floater_V1/raw/package1/JPEGImages/0559.jpg,datasets/water/IWHR_AI_Lable_Floater_V1/raw/package1/JPEGImages/0576.jpg,package1,package1,image,image,True,False
near_duplicate_dhash,3,datasets/water/IWHR_AI_Lable_Floater_V1/raw/package1/JPEGImages/0559.jpg,datasets/water/IWHR_AI_Lable_Floater_V1/raw/package1/JPEGImages/0580.jpg,package1,package1,image,image,True,False
near_duplicate_dhash,3,datasets/water/IWHR_AI_Lable_Floater_V1/raw/package1/JPEGImages/0559.jpg,datasets/water/IWHR_AI_Lable_Floater_V1/raw/package1/JPEGImages/0587.jpg,package1,package1,image,image,True,False
near_duplicate_dhash,3,datasets/water/IWHR_AI_Lable_Floater_V1/raw/package1/JPEGImages/0559.jpg,datasets/water/IWHR_AI_Lable_Floater_V1/raw/package1/JPEGImages/0589.jpg,package1,package1,image,image,True,False
near_duplicate_dhash,4,datasets/water/IWHR_AI_Lable_Floater_V1/raw/package1/JPEGImages/0559.jpg,datasets/water/IWHR_AI_Lable_Floater_V1/raw/package1/JPEGImages/0597.jpg,package1,package1,image,image,True,False
near_duplicate_dhash,5,datasets/water/IWHR_AI_Lable_Floater_V1/raw/package1/JPEGImages/0559.jpg,datasets/water/IWHR_AI_Lable_Floater_V1/raw/package1/JPEGImages/0606.jpg,package1,package1,image,image,True,False
near_duplicate_dhash,5,datasets/water/IWHR_AI_Lable_Floater_V1/raw/package1/JPEGImages/0559.jpg,datasets/water/IWHR_AI_Lable_Floater_V1/raw/package1/JPEGImages/0611.jpg,package1,package1,image,image,True,False
near_duplicate_dhash,4,datasets/water/IWHR_AI_Lable_Floater_V1/raw/package1/JPEGImages/0561.jpg,datasets/water/IWHR_AI_Lable_Floater_V1/raw/package1/JPEGImages/0566.jpg,package1,package1,image,image,True,False
near_duplicate_dhash,4,datasets/water/IWHR_AI_Lable_Floater_V1/raw/package1/JPEGImages/0563.jpg,datasets/water/IWHR_AI_Lable_Floater_V1/raw/package1/JPEGImages/0571.jpg,package1,package1,image,image,True,False
near_duplicate_dhash,4,datasets/water/IWHR_AI_Lable_Floater_V1/raw/package1/JPEGImages/0565.jpg,datasets/water/IWHR_AI_Lable_Floater_V1/raw/package1/JPEGImages/0569.jpg,package1,package1,image,image,True,False
near_duplicate_dhash,3,datasets/water/IWHR_AI_Lable_Floater_V1/raw/package1/JPEGImages/0567.jpg,datasets/water/IWHR_AI_Lable_Floater_V1/raw/package1/JPEGImages/0597.jpg,package1,package1,image,image,True,False
near_duplicate_dhash,4,datasets/water/IWHR_AI_Lable_Floater_V1/raw/package1/JPEGImages/0567.jpg,datasets/water/IWHR_AI_Lable_Floater_V1/raw/package1/JPEGImages/0606.jpg,package1,package1,image,image,True,False
near_duplicate_dhash,4,datasets/water/IWHR_AI_Lable_Floater_V1/raw/package1/JPEGImages/0567.jpg,datasets/water/IWHR_AI_Lable_Floater_V1/raw/package1/JPEGImages/0611.jpg,package1,package1,image,image,True,False
near_duplicate_dhash,4,datasets/water/IWHR_AI_Lable_Floater_V1/raw/package1/JPEGImages/0568.jpg,datasets/water/IWHR_AI_Lable_Floater_V1/raw/package1/JPEGImages/0571.jpg,package1,package1,image,image,True,False
near_duplicate_dhash,3,datasets/water/IWHR_AI_Lable_Floater_V1/raw/package1/JPEGImages/0572.jpg,datasets/water/IWHR_AI_Lable_Floater_V1/raw/package1/JPEGImages/0575.jpg,package1,package1,image,image,True,False
near_duplicate_dhash,3,datasets/water/IWHR_AI_Lable_Floater_V1/raw/package1/JPEGImages/0581.jpg,datasets/water/IWHR_AI_Lable_Floater_V1/raw/package1/JPEGImages/0583.jpg,package1,package1,image,image,True,False
near_duplicate_dhash,5,datasets/water/IWHR_AI_Lable_Floater_V1/raw/package1/JPEGImages/0584.jpg,datasets/water/IWHR_AI_Lable_Floater_V1/raw/package1/JPEGImages/0586.jpg,package1,package1,image,image,True,False
near_duplicate_dhash,3,datasets/water/IWHR_AI_Lable_Floater_V1/raw/package1/JPEGImages/0586.jpg,datasets/water/IWHR_AI_Lable_Floater_V1/raw/package1/JPEGImages/0592.jpg,package1,package1,image,image,True,False
near_duplicate_dhash,5,datasets/water/IWHR_AI_Lable_Floater_V1/raw/package1/JPEGImages/0586.jpg,datasets/water/IWHR_AI_Lable_Floater_V1/raw/package1/JPEGImages/0594.jpg,package1,package1,image,image,True,False
near_duplicate_dhash,4,datasets/water/IWHR_AI_Lable_Floater_V1/raw/package1/JPEGImages/0591.jpg,datasets/water/IWHR_AI_Lable_Floater_V1/raw/package1/JPEGImages/0599.jpg,package1,package1,image,image,True,False
near_duplicate_dhash,4,datasets/water/IWHR_AI_Lable_Floater_V1/raw/package1/JPEGImages/0605.jpg,datasets/water/IWHR_AI_Lable_Floater_V1/raw/package1/JPEGImages/0617.jpg,package1,package1,image,image,True,False
near_duplicate_dhash,5,datasets/water/IWHR_AI_Lable_Floater_V1/raw/package1/JPEGImages/0605.jpg,datasets/water/IWHR_AI_Lable_Floater_V1/raw/package1/JPEGImages/0621.jpg,package1,package1,image,image,True,False
near_duplicate_dhash,3,datasets/water/IWHR_AI_Lable_Floater_V1/raw/package1/JPEGImages/0605.jpg,datasets/water/IWHR_AI_Lable_Floater_V1/raw/package1/JPEGImages/0625.jpg,package1,package1,image,image,True,False
near_duplicate_dhash,5,datasets/water/IWHR_AI_Lable_Floater_V1/raw/package1/JPEGImages/0605.jpg,datasets/water/IWHR_AI_Lable_Floater_V1/raw/package1/JPEGImages/0629.jpg,package1,package1,image,image,True,False
near_duplicate_dhash,5,datasets/water/IWHR_AI_Lable_Floater_V1/raw/package1/JPEGImages/0607.jpg,datasets/water/IWHR_AI_Lable_Floater_V1/raw/package1/JPEGImages/0612.jpg,package1,package1,image,image,True,False
near_duplicate_dhash,5,datasets/water/IWHR_AI_Lable_Floater_V1/raw/package1/JPEGImages/0608.jpg,datasets/water/IWHR_AI_Lable_Floater_V1/raw/package1/JPEGImages/0617.jpg,package1,package1,image,image,True,False
near_duplicate_dhash,4,datasets/water/IWHR_AI_Lable_Floater_V1/raw/package1/JPEGImages/0608.jpg,datasets/water/IWHR_AI_Lable_Floater_V1/raw/package1/JPEGImages/0621.jpg,package1,package1,image,image,True,False
near_duplicate_dhash,5,datasets/water/IWHR_AI_Lable_Floater_V1/raw/package1/JPEGImages/0609.jpg,datasets/water/IWHR_AI_Lable_Floater_V1/raw/package1/JPEGImages/0613.jpg,package1,package1,image,image,True,False
near_duplicate_dhash,3,datasets/water/IWHR_AI_Lable_Floater_V1/raw/package1/JPEGImages/0614.jpg,datasets/water/IWHR_AI_Lable_Floater_V1/raw/package1/JPEGImages/0639.jpg,package1,package1,image,image,True,False
near_duplicate_dhash,4,datasets/water/IWHR_AI_Lable_Floater_V1/raw/package1/JPEGImages/0617.jpg,datasets/water/IWHR_AI_Lable_Floater_V1/raw/package1/JPEGImages/0622.jpg,package1,package1,image,image,True,False
near_duplicate_dhash,3,datasets/water/IWHR_AI_Lable_Floater_V1/raw/package1/JPEGImages/0618.jpg,datasets/water/IWHR_AI_Lable_Floater_V1/raw/package1/JPEGImages/0649.jpg,package1,package1,image,image,True,False
near_duplicate_dhash,5,datasets/water/IWHR_AI_Lable_Floater_V1/raw/package1/JPEGImages/0621.jpg,datasets/water/IWHR_AI_Lable_Floater_V1/raw/package1/JPEGImages/0622.jpg,package1,package1,image,image,True,False
near_duplicate_dhash,3,datasets/water/IWHR_AI_Lable_Floater_V1/raw/package1/JPEGImages/0622.jpg,datasets/water/IWHR_AI_Lable_Floater_V1/raw/package1/JPEGImages/0625.jpg,package1,package1,image,image,True,False
near_duplicate_dhash,3,datasets/water/IWHR_AI_Lable_Floater_V1/raw/package1/JPEGImages/0622.jpg,datasets/water/IWHR_AI_Lable_Floater_V1/raw/package1/JPEGImages/0629.jpg,package1,package1,image,image,True,False
near_duplicate_dhash,4,datasets/water/IWHR_AI_Lable_Floater_V1/raw/package1/JPEGImages/0627.jpg,datasets/water/IWHR_AI_Lable_Floater_V1/raw/package1/JPEGImages/0635.jpg,package1,package1,image,image,True,False
near_duplicate_dhash,3,datasets/water/IWHR_AI_Lable_Floater_V1/raw/package1/JPEGImages/0628.jpg,datasets/water/IWHR_AI_Lable_Floater_V1/raw/package1/JPEGImages/0631.jpg,package1,package1,image,image,True,False
near_duplicate_dhash,3,datasets/water/IWHR_AI_Lable_Floater_V1/raw/package1/JPEGImages/0628.jpg,datasets/water/IWHR_AI_Lable_Floater_V1/raw/package1/JPEGImages/0636.jpg,package1,package1,image,image,True,False
near_duplicate_dhash,5,datasets/water/IWHR_AI_Lable_Floater_V1/raw/package1/JPEGImages/0628.jpg,datasets/water/IWHR_AI_Lable_Floater_V1/raw/package1/JPEGImages/0652.jpg,package1,package1,image,image,True,False
near_duplicate_dhash,3,datasets/water/IWHR_AI_Lable_Floater_V1/raw/package1/JPEGImages/0628.jpg,datasets/water/IWHR_AI_Lable_Floater_V1/raw/package1/JPEGImages/0656.jpg,package1,package1,image,image,True,False
near_duplicate_dhash,4,datasets/water/IWHR_AI_Lable_Floater_V1/raw/package1/JPEGImages/0628.jpg,datasets/water/IWHR_AI_Lable_Floater_V1/raw/package1/JPEGImages/0660.jpg,package1,package1,image,image,True,False
near_duplicate_dhash,4,datasets/water/IWHR_AI_Lable_Floater_V1/raw/package1/JPEGImages/0631.jpg,datasets/water/IWHR_AI_Lable_Floater_V1/raw/package1/JPEGImages/0646.jpg,package1,package1,image,image,True,False
near_duplicate_dhash,4,datasets/water/IWHR_AI_Lable_Floater_V1/raw/package1/JPEGImages/0631.jpg,datasets/water/IWHR_AI_Lable_Floater_V1/raw/package1/JPEGImages/0652.jpg,package1,package1,image,image,True,False
near_duplicate_dhash,3,datasets/water/IWHR_AI_Lable_Floater_V1/raw/package1/JPEGImages/0631.jpg,datasets/water/IWHR_AI_Lable_Floater_V1/raw/package1/JPEGImages/0660.jpg,package1,package1,image,image,True,False
near_duplicate_dhash,4,datasets/water/IWHR_AI_Lable_Floater_V1/raw/package1/JPEGImages/0634.jpg,datasets/water/IWHR_AI_Lable_Floater_V1/raw/package1/JPEGImages/0726.jpg,package1,package1,image,image,True,False
near_duplicate_dhash,4,datasets/water/IWHR_AI_Lable_Floater_V1/raw/package1/JPEGImages/0635.jpg,datasets/water/IWHR_AI_Lable_Floater_V1/raw/package1/JPEGImages/0642.jpg,package1,package1,image,image,True,False
near_duplicate_dhash,5,datasets/water/IWHR_AI_Lable_Floater_V1/raw/package1/JPEGImages/0635.jpg,datasets/water/IWHR_AI_Lable_Floater_V1/raw/package1/JPEGImages/0645.jpg,package1,package1,image,image,True,False
near_duplicate_dhash,4,datasets/water/IWHR_AI_Lable_Floater_V1/raw/package1/JPEGImages/0636.jpg,datasets/water/IWHR_AI_Lable_Floater_V1/raw/package1/JPEGImages/0646.jpg,package1,package1,image,image,True,False
near_duplicate_dhash,4,datasets/water/IWHR_AI_Lable_Floater_V1/raw/package1/JPEGImages/0636.jpg,datasets/water/IWHR_AI_Lable_Floater_V1/raw/package1/JPEGImages/0652.jpg,package1,package1,image,image,True,False
near_duplicate_dhash,5,datasets/water/IWHR_AI_Lable_Floater_V1/raw/package1/JPEGImages/0636.jpg,datasets/water/IWHR_AI_Lable_Floater_V1/raw/package1/JPEGImages/0660.jpg,package1,package1,image,image,True,False
near_duplicate_dhash,5,datasets/water/IWHR_AI_Lable_Floater_V1/raw/package1/JPEGImages/0640.jpg,datasets/water/IWHR_AI_Lable_Floater_V1/raw/package1/JPEGImages/0645.jpg,package1,package1,image,image,True,False
near_duplicate_dhash,5,datasets/water/IWHR_AI_Lable_Floater_V1/raw/package1/JPEGImages/0642.jpg,datasets/water/IWHR_AI_Lable_Floater_V1/raw/package1/JPEGImages/0645.jpg,package1,package1,image,image,True,False
near_duplicate_dhash,4,datasets/water/IWHR_AI_Lable_Floater_V1/raw/package1/JPEGImages/0646.jpg,datasets/water/IWHR_AI_Lable_Floater_V1/raw/package1/JPEGImages/0652.jpg,package1,package1,image,image,True,False
near_duplicate_dhash,4,datasets/water/IWHR_AI_Lable_Floater_V1/raw/package1/JPEGImages/0646.jpg,datasets/water/IWHR_AI_Lable_Floater_V1/raw/package1/JPEGImages/0656.jpg,package1,package1,image,image,True,False
near_duplicate_dhash,5,datasets/water/IWHR_AI_Lable_Floater_V1/raw/package1/JPEGImages/0646.jpg,datasets/water/IWHR_AI_Lable_Floater_V1/raw/package1/JPEGImages/0660.jpg,package1,package1,image,image,True,False
near_duplicate_dhash,3,datasets/water/IWHR_AI_Lable_Floater_V1/raw/package1/JPEGImages/0648.jpg,datasets/water/IWHR_AI_Lable_Floater_V1/raw/package1/JPEGImages/0658.jpg,package1,package1,image,image,True,False
near_duplicate_dhash,5,datasets/water/IWHR_AI_Lable_Floater_V1/raw/package1/JPEGImages/0648.jpg,datasets/water/IWHR_AI_Lable_Floater_V1/raw/package1/JPEGImages/0662.jpg,package1,package1,image,image,True,False
near_duplicate_dhash,3,datasets/water/IWHR_AI_Lable_Floater_V1/raw/package1/JPEGImages/0651.jpg,datasets/water/IWHR_AI_Lable_Floater_V1/raw/package1/JPEGImages/0699.jpg,package1,package1,image,image,True,False
near_duplicate_dhash,4,datasets/water/IWHR_AI_Lable_Floater_V1/raw/package1/JPEGImages/0652.jpg,datasets/water/IWHR_AI_Lable_Floater_V1/raw/package1/JPEGImages/0656.jpg,package1,package1,image,image,True,False
near_duplicate_dhash,3,datasets/water/IWHR_AI_Lable_Floater_V1/raw/package1/JPEGImages/0656.jpg,datasets/water/IWHR_AI_Lable_Floater_V1/raw/package1/JPEGImages/0660.jpg,package1,package1,image,image,True,False
near_duplicate_dhash,4,datasets/water/IWHR_AI_Lable_Floater_V1/raw/package1/JPEGImages/0658.jpg,datasets/water/IWHR_AI_Lable_Floater_V1/raw/package1/JPEGImages/0662.jpg,package1,package1,image,image,True,False
near_duplicate_dhash,5,datasets/water/IWHR_AI_Lable_Floater_V1/raw/package1/JPEGImages/0661.jpg,datasets/water/IWHR_AI_Lable_Floater_V1/raw/package1/JPEGImages/0665.jpg,package1,package1,image,image,True,False
near_duplicate_dhash,3,datasets/water/IWHR_AI_Lable_Floater_V1/raw/package1/JPEGImages/0665.jpg,datasets/water/IWHR_AI_Lable_Floater_V1/raw/package1/JPEGImages/0668.jpg,package1,package1,image,image,True,False
near_duplicate_dhash,4,datasets/water/IWHR_AI_Lable_Floater_V1/raw/package1/JPEGImages/0666.jpg,datasets/water/IWHR_AI_Lable_Floater_V1/raw/package1/JPEGImages/0675.jpg,package1,package1,image,image,True,False
near_duplicate_dhash,4,datasets/water/IWHR_AI_Lable_Floater_V1/raw/package1/JPEGImages/0667.jpg,datasets/water/IWHR_AI_Lable_Floater_V1/raw/package1/JPEGImages/0669.jpg,package1,package1,image,image,True,False
near_duplicate_dhash,4,datasets/water/IWHR_AI_Lable_Floater_V1/raw/package1/JPEGImages/0672.jpg,datasets/water/IWHR_AI_Lable_Floater_V1/raw/package1/JPEGImages/0675.jpg,package1,package1,image,image,True,False
near_duplicate_dhash,5,datasets/water/IWHR_AI_Lable_Floater_V1/raw/package1/JPEGImages/0673.jpg,datasets/water/IWHR_AI_Lable_Floater_V1/raw/package1/JPEGImages/0690.jpg,package1,package1,image,image,True,False
near_duplicate_dhash,5,datasets/water/IWHR_AI_Lable_Floater_V1/raw/package1/JPEGImages/0674.jpg,datasets/water/IWHR_AI_Lable_Floater_V1/raw/package1/JPEGImages/0742.jpg,package1,package1,image,image,True,False
near_duplicate_dhash,3,datasets/water/IWHR_AI_Lable_Floater_V1/raw/package1/JPEGImages/0675.jpg,datasets/water/IWHR_AI_Lable_Floater_V1/raw/package1/JPEGImages/0678.jpg,package1,package1,image,image,True,False
near_duplicate_dhash,5,datasets/water/IWHR_AI_Lable_Floater_V1/raw/package1/JPEGImages/0675.jpg,datasets/water/IWHR_AI_Lable_Floater_V1/raw/package1/JPEGImages/0686.jpg,package1,package1,image,image,True,False
near_duplicate_dhash,4,datasets/water/IWHR_AI_Lable_Floater_V1/raw/package1/JPEGImages/0675.jpg,datasets/water/IWHR_AI_Lable_Floater_V1/raw/package1/JPEGImages/0696.jpg,package1,package1,image,image,True,False
near_duplicate_dhash,5,datasets/water/IWHR_AI_Lable_Floater_V1/raw/package1/JPEGImages/0676.jpg,datasets/water/IWHR_AI_Lable_Floater_V1/raw/package1/JPEGImages/0680.jpg,package1,package1,image,image,True,False
near_duplicate_dhash,5,datasets/water/IWHR_AI_Lable_Floater_V1/raw/package1/JPEGImages/0677.jpg,datasets/water/IWHR_AI_Lable_Floater_V1/raw/package1/JPEGImages/0690.jpg,package1,package1,image,image,True,False
near_duplicate_dhash,4,datasets/water/IWHR_AI_Lable_Floater_V1/raw/package1/JPEGImages/0678.jpg,datasets/water/IWHR_AI_Lable_Floater_V1/raw/package1/JPEGImages/0686.jpg,package1,package1,image,image,True,False
near_duplicate_dhash,3,datasets/water/IWHR_AI_Lable_Floater_V1/raw/package1/JPEGImages/0678.jpg,datasets/water/IWHR_AI_Lable_Floater_V1/raw/package1/JPEGImages/0696.jpg,package1,package1,image,image,True,False
near_duplicate_dhash,5,datasets/water/IWHR_AI_Lable_Floater_V1/raw/package1/JPEGImages/0678.jpg,datasets/water/IWHR_AI_Lable_Floater_V1/raw/package1/JPEGImages/0701.jpg,package1,package1,image,image,True,False
near_duplicate_dhash,5,datasets/water/IWHR_AI_Lable_Floater_V1/raw/package1/JPEGImages/0682.jpg,datasets/water/IWHR_AI_Lable_Floater_V1/raw/package1/JPEGImages/0742.jpg,package1,package1,image,image,True,False
near_duplicate_dhash,5,datasets/water/IWHR_AI_Lable_Floater_V1/raw/package1/JPEGImages/0686.jpg,datasets/water/IWHR_AI_Lable_Floater_V1/raw/package1/JPEGImages/0701.jpg,package1,package1,image,image,True,False
near_duplicate_dhash,5,datasets/water/IWHR_AI_Lable_Floater_V1/raw/package1/JPEGImages/0688.jpg,datasets/water/IWHR_AI_Lable_Floater_V1/raw/package1/JPEGImages/0698.jpg,package1,package1,image,image,True,False
near_duplicate_dhash,4,datasets/water/IWHR_AI_Lable_Floater_V1/raw/package1/JPEGImages/0688.jpg,datasets/water/IWHR_AI_Lable_Floater_V1/raw/package1/JPEGImages/0707.jpg,package1,package1,image,image,True,False
near_duplicate_dhash,4,datasets/water/IWHR_AI_Lable_Floater_V1/raw/package1/JPEGImages/0692.jpg,datasets/water/IWHR_AI_Lable_Floater_V1/raw/package1/JPEGImages/0710.jpg,package1,package1,image,image,True,False
near_duplicate_dhash,4,datasets/water/IWHR_AI_Lable_Floater_V1/raw/package1/JPEGImages/0694.jpg,datasets/water/IWHR_AI_Lable_Floater_V1/raw/package1/JPEGImages/0704.jpg,package1,package1,image,image,True,False
near_duplicate_dhash,5,datasets/water/IWHR_AI_Lable_Floater_V1/raw/package1/JPEGImages/0698.jpg,datasets/water/IWHR_AI_Lable_Floater_V1/raw/package1/JPEGImages/0795.jpg,package1,package1,image,image,True,False
near_duplicate_dhash,4,datasets/water/IWHR_AI_Lable_Floater_V1/raw/package1/JPEGImages/0700.jpg,datasets/water/IWHR_AI_Lable_Floater_V1/raw/package1/JPEGImages/0703.jpg,package1,package1,image,image,True,False
near_duplicate_dhash,4,datasets/water/IWHR_AI_Lable_Floater_V1/raw/package1/JPEGImages/0707.jpg,datasets/water/IWHR_AI_Lable_Floater_V1/raw/package1/JPEGImages/0795.jpg,package1,package1,image,image,True,False
near_duplicate_dhash,5,datasets/water/IWHR_AI_Lable_Floater_V1/raw/package1/JPEGImages/0711.jpg,datasets/water/IWHR_AI_Lable_Floater_V1/raw/package1/JPEGImages/0789.jpg,package1,package1,image,image,True,False
near_duplicate_dhash,4,datasets/water/IWHR_AI_Lable_Floater_V1/raw/package1/JPEGImages/0713.jpg,datasets/water/IWHR_AI_Lable_Floater_V1/raw/package1/JPEGImages/0723.jpg,package1,package1,image,image,True,False
near_duplicate_dhash,5,datasets/water/IWHR_AI_Lable_Floater_V1/raw/package1/JPEGImages/0715.jpg,datasets/water/IWHR_AI_Lable_Floater_V1/raw/package1/JPEGImages/0718.jpg,package1,package1,image,image,True,False
near_duplicate_dhash,5,datasets/water/IWHR_AI_Lable_Floater_V1/raw/package1/JPEGImages/0716.jpg,datasets/water/IWHR_AI_Lable_Floater_V1/raw/package1/JPEGImages/0734.jpg,package1,package1,image,image,True,False
near_duplicate_dhash,4,datasets/water/IWHR_AI_Lable_Floater_V1/raw/package1/JPEGImages/0720.jpg,datasets/water/IWHR_AI_Lable_Floater_V1/raw/package1/JPEGImages/0724.jpg,package1,package1,image,image,True,False
near_duplicate_dhash,3,datasets/water/IWHR_AI_Lable_Floater_V1/raw/package1/JPEGImages/0722.jpg,datasets/water/IWHR_AI_Lable_Floater_V1/raw/package1/JPEGImages/0727.jpg,package1,package1,image,image,True,False
near_duplicate_dhash,4,datasets/water/IWHR_AI_Lable_Floater_V1/raw/package1/JPEGImages/0722.jpg,datasets/water/IWHR_AI_Lable_Floater_V1/raw/package1/JPEGImages/0786.jpg,package1,package1,image,image,True,False
near_duplicate_dhash,3,datasets/water/IWHR_AI_Lable_Floater_V1/raw/package1/JPEGImages/0725.jpg,datasets/water/IWHR_AI_Lable_Floater_V1/raw/package1/JPEGImages/0733.jpg,package1,package1,image,image,True,False
near_duplicate_dhash,4,datasets/water/IWHR_AI_Lable_Floater_V1/raw/package1/JPEGImages/0725.jpg,datasets/water/IWHR_AI_Lable_Floater_V1/raw/package1/JPEGImages/0781.jpg,package1,package1,image,image,True,False
near_duplicate_dhash,3,datasets/water/IWHR_AI_Lable_Floater_V1/raw/package1/JPEGImages/0725.jpg,datasets/water/IWHR_AI_Lable_Floater_V1/raw/package1/JPEGImages/0785.jpg,package1,package1,image,image,True,False
near_duplicate_dhash,3,datasets/water/IWHR_AI_Lable_Floater_V1/raw/package1/JPEGImages/0727.jpg,datasets/water/IWHR_AI_Lable_Floater_V1/raw/package1/JPEGImages/0790.jpg,package1,package1,image,image,True,False
near_duplicate_dhash,3,datasets/water/IWHR_AI_Lable_Floater_V1/raw/package1/JPEGImages/0731.jpg,datasets/water/IWHR_AI_Lable_Floater_V1/raw/package1/JPEGImages/0740.jpg,package1,package1,image,image,True,False
near_duplicate_dhash,3,datasets/water/IWHR_AI_Lable_Floater_V1/raw/package1/JPEGImages/0732.jpg,datasets/water/IWHR_AI_Lable_Floater_V1/raw/package1/JPEGImages/0736.jpg,package1,package1,image,image,True,False
near_duplicate_dhash,5,datasets/water/IWHR_AI_Lable_Floater_V1/raw/package1/JPEGImages/0732.jpg,datasets/water/IWHR_AI_Lable_Floater_V1/raw/package1/JPEGImages/0741.jpg,package1,package1,image,image,True,False
near_duplicate_dhash,5,datasets/water/IWHR_AI_Lable_Floater_V1/raw/package1/JPEGImages/0733.jpg,datasets/water/IWHR_AI_Lable_Floater_V1/raw/package1/JPEGImages/0781.jpg,package1,package1,image,image,True,False
near_duplicate_dhash,4,datasets/water/IWHR_AI_Lable_Floater_V1/raw/package1/JPEGImages/0733.jpg,datasets/water/IWHR_AI_Lable_Floater_V1/raw/package1/JPEGImages/0785.jpg,package1,package1,image,image,True,False
near_duplicate_dhash,5,datasets/water/IWHR_AI_Lable_Floater_V1/raw/package1/JPEGImages/0737.jpg,datasets/water/IWHR_AI_Lable_Floater_V1/raw/package1/JPEGImages/0742.jpg,package1,package1,image,image,True,False
near_duplicate_dhash,5,datasets/water/IWHR_AI_Lable_Floater_V1/raw/package1/JPEGImages/0738.jpg,datasets/water/IWHR_AI_Lable_Floater_V1/raw/package1/JPEGImages/0743.jpg,package1,package1,image,image,True,False
near_duplicate_dhash,5,datasets/water/IWHR_AI_Lable_Floater_V1/raw/package1/JPEGImages/0738.jpg,datasets/water/IWHR_AI_Lable_Floater_V1/raw/package1/JPEGImages/0753.jpg,package1,package1,image,image,True,False
near_duplicate_dhash,5,datasets/water/IWHR_AI_Lable_Floater_V1/raw/package1/JPEGImages/0738.jpg,datasets/water/IWHR_AI_Lable_Floater_V1/raw/package1/JPEGImages/0773.jpg,package1,package1,image,image,True,False
near_duplicate_dhash,4,datasets/water/IWHR_AI_Lable_Floater_V1/raw/package1/JPEGImages/0738.jpg,datasets/water/IWHR_AI_Lable_Floater_V1/raw/package1/JPEGImages/0781.jpg,package1,package1,image,image,True,False
near_duplicate_dhash,5,datasets/water/IWHR_AI_Lable_Floater_V1/raw/package1/JPEGImages/0738.jpg,datasets/water/IWHR_AI_Lable_Floater_V1/raw/package1/JPEGImages/0785.jpg,package1,package1,image,image,True,False
near_duplicate_dhash,5,datasets/water/IWHR_AI_Lable_Floater_V1/raw/package1/JPEGImages/0743.jpg,datasets/water/IWHR_AI_Lable_Floater_V1/raw/package1/JPEGImages/0760.jpg,package1,package1,image,image,True,False
near_duplicate_dhash,4,datasets/water/IWHR_AI_Lable_Floater_V1/raw/package1/JPEGImages/0743.jpg,datasets/water/IWHR_AI_Lable_Floater_V1/raw/package1/JPEGImages/0770.jpg,package1,package1,image,image,True,False
near_duplicate_dhash,4,datasets/water/IWHR_AI_Lable_Floater_V1/raw/package1/JPEGImages/0743.jpg,datasets/water/IWHR_AI_Lable_Floater_V1/raw/package1/JPEGImages/0778.jpg,package1,package1,image,image,True,False
near_duplicate_dhash,4,datasets/water/IWHR_AI_Lable_Floater_V1/raw/package1/JPEGImages/0744.jpg,datasets/water/IWHR_AI_Lable_Floater_V1/raw/package1/JPEGImages/0751.jpg,package1,package1,image,image,True,False
near_duplicate_dhash,5,datasets/water/IWHR_AI_Lable_Floater_V1/raw/package1/JPEGImages/0744.jpg,datasets/water/IWHR_AI_Lable_Floater_V1/raw/package1/JPEGImages/0784.jpg,package1,package1,image,image,True,False
near_duplicate_dhash,3,datasets/water/IWHR_AI_Lable_Floater_V1/raw/package1/JPEGImages/0745.jpg,datasets/water/IWHR_AI_Lable_Floater_V1/raw/package1/JPEGImages/0769.jpg,package1,package1,image,image,True,False
near_duplicate_dhash,4,datasets/water/IWHR_AI_Lable_Floater_V1/raw/package1/JPEGImages/0749.jpg,datasets/water/IWHR_AI_Lable_Floater_V1/raw/package1/JPEGImages/0760.jpg,package1,package1,image,image,True,False
near_duplicate_dhash,3,datasets/water/IWHR_AI_Lable_Floater_V1/raw/package1/JPEGImages/0749.jpg,datasets/water/IWHR_AI_Lable_Floater_V1/raw/package1/JPEGImages/0770.jpg,package1,package1,image,image,True,False
near_duplicate_dhash,5,datasets/water/IWHR_AI_Lable_Floater_V1/raw/package1/JPEGImages/0749.jpg,datasets/water/IWHR_AI_Lable_Floater_V1/raw/package1/JPEGImages/0773.jpg,package1,package1,image,image,True,False
near_duplicate_dhash,5,datasets/water/IWHR_AI_Lable_Floater_V1/raw/package1/JPEGImages/0749.jpg,datasets/water/IWHR_AI_Lable_Floater_V1/raw/package1/JPEGImages/0778.jpg,package1,package1,image,image,True,False
near_duplicate_dhash,3,datasets/water/IWHR_AI_Lable_Floater_V1/raw/package1/JPEGImages/0750.jpg,datasets/water/IWHR_AI_Lable_Floater_V1/raw/package1/JPEGImages/0764.jpg,package1,package1,image,image,True,False
near_duplicate_dhash,5,datasets/water/IWHR_AI_Lable_Floater_V1/raw/package1/JPEGImages/0753.jpg,datasets/water/IWHR_AI_Lable_Floater_V1/raw/package1/JPEGImages/0760.jpg,package1,package1,image,image,True,False
near_duplicate_dhash,4,datasets/water/IWHR_AI_Lable_Floater_V1/raw/package1/JPEGImages/0753.jpg,datasets/water/IWHR_AI_Lable_Floater_V1/raw/package1/JPEGImages/0770.jpg,package1,package1,image,image,True,False
near_duplicate_dhash,4,datasets/water/IWHR_AI_Lable_Floater_V1/raw/package1/JPEGImages/0753.jpg,datasets/water/IWHR_AI_Lable_Floater_V1/raw/package1/JPEGImages/0778.jpg,package1,package1,image,image,True,False
near_duplicate_dhash,3,datasets/water/IWHR_AI_Lable_Floater_V1/raw/package1/JPEGImages/0754.jpg,datasets/water/IWHR_AI_Lable_Floater_V1/raw/package1/JPEGImages/0757.jpg,package1,package1,image,image,True,False
near_duplicate_dhash,4,datasets/water/IWHR_AI_Lable_Floater_V1/raw/package1/JPEGImages/0754.jpg,datasets/water/IWHR_AI_Lable_Floater_V1/raw/package1/JPEGImages/0760.jpg,package1,package1,image,image,True,False
near_duplicate_dhash,3,datasets/water/IWHR_AI_Lable_Floater_V1/raw/package1/JPEGImages/0754.jpg,datasets/water/IWHR_AI_Lable_Floater_V1/raw/package1/JPEGImages/0766.jpg,package1,package1,image,image,True,False
near_duplicate_dhash,3,datasets/water/IWHR_AI_Lable_Floater_V1/raw/package1/JPEGImages/0755.jpg,datasets/water/IWHR_AI_Lable_Floater_V1/raw/package1/JPEGImages/0764.jpg,package1,package1,image,image,True,False
near_duplicate_dhash,3,datasets/water/IWHR_AI_Lable_Floater_V1/raw/package1/JPEGImages/0757.jpg,datasets/water/IWHR_AI_Lable_Floater_V1/raw/package1/JPEGImages/0758.jpg,package1,package1,image,image,True,False
near_duplicate_dhash,3,datasets/water/IWHR_AI_Lable_Floater_V1/raw/package1/JPEGImages/0757.jpg,datasets/water/IWHR_AI_Lable_Floater_V1/raw/package1/JPEGImages/0760.jpg,package1,package1,image,image,True,False
near_duplicate_dhash,4,datasets/water/IWHR_AI_Lable_Floater_V1/raw/package1/JPEGImages/0757.jpg,datasets/water/IWHR_AI_Lable_Floater_V1/raw/package1/JPEGImages/0762.jpg,package1,package1,image,image,True,False
near_duplicate_dhash,4,datasets/water/IWHR_AI_Lable_Floater_V1/raw/package1/JPEGImages/0758.jpg,datasets/water/IWHR_AI_Lable_Floater_V1/raw/package1/JPEGImages/0760.jpg,package1,package1,image,image,True,False
near_duplicate_dhash,3,datasets/water/IWHR_AI_Lable_Floater_V1/raw/package1/JPEGImages/0758.jpg,datasets/water/IWHR_AI_Lable_Floater_V1/raw/package1/JPEGImages/0762.jpg,package1,package1,image,image,True,False
near_duplicate_dhash,5,datasets/water/IWHR_AI_Lable_Floater_V1/raw/package1/JPEGImages/0758.jpg,datasets/water/IWHR_AI_Lable_Floater_V1/raw/package1/JPEGImages/0766.jpg,package1,package1,image,image,True,False
near_duplicate_dhash,4,datasets/water/IWHR_AI_Lable_Floater_V1/raw/package1/JPEGImages/0759.jpg,datasets/water/IWHR_AI_Lable_Floater_V1/raw/package1/JPEGImages/0761.jpg,package1,package1,image,image,True,False
near_duplicate_dhash,5,datasets/water/IWHR_AI_Lable_Floater_V1/raw/package1/JPEGImages/0760.jpg,datasets/water/IWHR_AI_Lable_Floater_V1/raw/package1/JPEGImages/0762.jpg,package1,package1,image,image,True,False
near_duplicate_dhash,3,datasets/water/IWHR_AI_Lable_Floater_V1/raw/package1/JPEGImages/0760.jpg,datasets/water/IWHR_AI_Lable_Floater_V1/raw/package1/JPEGImages/0770.jpg,package1,package1,image,image,True,False
near_duplicate_dhash,5,datasets/water/IWHR_AI_Lable_Floater_V1/raw/package1/JPEGImages/0760.jpg,datasets/water/IWHR_AI_Lable_Floater_V1/raw/package1/JPEGImages/0773.jpg,package1,package1,image,image,True,False
near_duplicate_dhash,5,datasets/water/IWHR_AI_Lable_Floater_V1/raw/package1/JPEGImages/0762.jpg,datasets/water/IWHR_AI_Lable_Floater_V1/raw/package1/JPEGImages/0769.jpg,package1,package1,image,image,True,False
near_duplicate_dhash,5,datasets/water/IWHR_AI_Lable_Floater_V1/raw/package1/JPEGImages/0763.jpg,datasets/water/IWHR_AI_Lable_Floater_V1/raw/package1/JPEGImages/0780.jpg,package1,package1,image,image,True,False
near_duplicate_dhash,5,datasets/water/IWHR_AI_Lable_Floater_V1/raw/package1/JPEGImages/0766.jpg,datasets/water/IWHR_AI_Lable_Floater_V1/raw/package1/JPEGImages/0769.jpg,package1,package1,image,image,True,False
near_duplicate_dhash,5,datasets/water/IWHR_AI_Lable_Floater_V1/raw/package1/JPEGImages/0769.jpg,datasets/water/IWHR_AI_Lable_Floater_V1/raw/package1/JPEGImages/0789.jpg,package1,package1,image,image,True,False
near_duplicate_dhash,5,datasets/water/IWHR_AI_Lable_Floater_V1/raw/package1/JPEGImages/0773.jpg,datasets/water/IWHR_AI_Lable_Floater_V1/raw/package1/JPEGImages/0781.jpg,package1,package1,image,image,True,False
near_duplicate_dhash,5,datasets/water/IWHR_AI_Lable_Floater_V1/raw/package1/JPEGImages/0776.jpg,datasets/water/IWHR_AI_Lable_Floater_V1/raw/package1/JPEGImages/0789.jpg,package1,package1,image,image,True,False
near_duplicate_dhash,4,datasets/water/IWHR_AI_Lable_Floater_V1/raw/package1/JPEGImages/0777.jpg,datasets/water/IWHR_AI_Lable_Floater_V1/raw/package1/JPEGImages/0780.jpg,package1,package1,image,image,True,False
near_duplicate_dhash,5,datasets/water/IWHR_AI_Lable_Floater_V1/raw/package1/JPEGImages/0778.jpg,datasets/water/IWHR_AI_Lable_Floater_V1/raw/package1/JPEGImages/0781.jpg,package1,package1,image,image,True,False
near_duplicate_dhash,4,datasets/water/IWHR_AI_Lable_Floater_V1/raw/package1/JPEGImages/0778.jpg,datasets/water/IWHR_AI_Lable_Floater_V1/raw/package1/JPEGImages/0785.jpg,package1,package1,image,image,True,False
near_duplicate_dhash,5,datasets/water/IWHR_AI_Lable_Floater_V1/raw/package1/JPEGImages/0782.jpg,datasets/water/IWHR_AI_Lable_Floater_V1/raw/package1/JPEGImages/0789.jpg,package1,package1,image,image,True,False
near_duplicate_dhash,4,datasets/water/IWHR_AI_Lable_Floater_V1/raw/package1/JPEGImages/0789.jpg,datasets/water/IWHR_AI_Lable_Floater_V1/raw/package1/JPEGImages/0795.jpg,package1,package1,image,image,True,False
near_duplicate_dhash,5,datasets/water/IWHR_AI_Lable_Floater_V1/raw/package1/JPEGImages/0797.jpg,datasets/water/IWHR_AI_Lable_Floater_V1/raw/package1/JPEGImages/0823.jpg,package1,package1,rubbish,rubbish,True,False
near_duplicate_dhash,4,datasets/water/IWHR_AI_Lable_Floater_V1/raw/package1/JPEGImages/0798.jpg,datasets/water/IWHR_AI_Lable_Floater_V1/raw/package2/JPEGImages/1662.jpg,package1,package2,rubbish,fishing-1,False,True
near_duplicate_dhash,4,datasets/water/IWHR_AI_Lable_Floater_V1/raw/package1/JPEGImages/0799.jpg,datasets/water/IWHR_AI_Lable_Floater_V1/raw/package1/JPEGImages/0824.jpg,package1,package1,fishing-2,rubbish,False,False
near_duplicate_dhash,5,datasets/water/IWHR_AI_Lable_Floater_V1/raw/package1/JPEGImages/0800.jpg,datasets/water/IWHR_AI_Lable_Floater_V1/raw/package1/JPEGImages/0852.jpg,package1,package1,fishing-2,rubbish,False,False
near_duplicate_dhash,5,datasets/water/IWHR_AI_Lable_Floater_V1/raw/package1/JPEGImages/0800.jpg,datasets/water/IWHR_AI_Lable_Floater_V1/raw/package1/JPEGImages/1411.jpg,package1,package1,fishing-2,rubbish,False,False
near_duplicate_dhash,5,datasets/water/IWHR_AI_Lable_Floater_V1/raw/package1/JPEGImages/0802.jpg,datasets/water/IWHR_AI_Lable_Floater_V1/raw/package1/JPEGImages/1412.jpg,package1,package1,rubbish,rubbish,True,False
near_duplicate_dhash,3,datasets/water/IWHR_AI_Lable_Floater_V1/raw/package1/JPEGImages/0803.jpg,datasets/water/IWHR_AI_Lable_Floater_V1/raw/package1/JPEGImages/0827.jpg,package1,package1,rubbish,rubbish,True,False
near_duplicate_dhash,4,datasets/water/IWHR_AI_Lable_Floater_V1/raw/package1/JPEGImages/0804.jpg,datasets/water/IWHR_AI_Lable_Floater_V1/raw/package1/JPEGImages/1432.jpg,package1,package1,rubbish,rubbish,True,False
near_duplicate_dhash,4,datasets/water/IWHR_AI_Lable_Floater_V1/raw/package1/JPEGImages/0805.jpg,datasets/water/IWHR_AI_Lable_Floater_V1/raw/package1/JPEGImages/1390.jpg,package1,package1,rubbish,rubbish,True,False
near_duplicate_dhash,3,datasets/water/IWHR_AI_Lable_Floater_V1/raw/package1/JPEGImages/0805.jpg,datasets/water/IWHR_AI_Lable_Floater_V1/raw/package1/JPEGImages/1415.jpg,package1,package1,rubbish,rubbish,True,False
near_duplicate_dhash,5,datasets/water/IWHR_AI_Lable_Floater_V1/raw/package1/JPEGImages/0805.jpg,datasets/water/IWHR_AI_Lable_Floater_V1/raw/package1/JPEGImages/1468.jpg,package1,package1,rubbish,rubbish,True,False
near_duplicate_dhash,4,datasets/water/IWHR_AI_Lable_Floater_V1/raw/package1/JPEGImages/0807.jpg,datasets/water/IWHR_AI_Lable_Floater_V1/raw/package1/JPEGImages/1417.jpg,package1,package1,rubbish,rubbish,True,False
near_duplicate_dhash,4,datasets/water/IWHR_AI_Lable_Floater_V1/raw/package1/JPEGImages/0809.jpg,datasets/water/IWHR_AI_Lable_Floater_V1/raw/package1/JPEGImages/1435.jpg,package1,package1,rubbish,rubbish,True,False
near_duplicate_dhash,5,datasets/water/IWHR_AI_Lable_Floater_V1/raw/package1/JPEGImages/0810.jpg,datasets/water/IWHR_AI_Lable_Floater_V1/raw/package1/JPEGImages/0834.jpg,package1,package1,rubbish,rubbish,True,False
near_duplicate_dhash,3,datasets/water/IWHR_AI_Lable_Floater_V1/raw/package1/JPEGImages/0811.jpg,datasets/water/IWHR_AI_Lable_Floater_V1/raw/package1/JPEGImages/0909.jpg,package1,package1,rubbish,rubbish,True,False
near_duplicate_dhash,4,datasets/water/IWHR_AI_Lable_Floater_V1/raw/package1/JPEGImages/0811.jpg,datasets/water/IWHR_AI_Lable_Floater_V1/raw/package1/JPEGImages/0949.jpg,package1,package1,rubbish,rubbish,True,False
near_duplicate_dhash,3,datasets/water/IWHR_AI_Lable_Floater_V1/raw/package1/JPEGImages/0812.jpg,datasets/water/IWHR_AI_Lable_Floater_V1/raw/package1/JPEGImages/1397.jpg,package1,package1,rubbish,rubbish,True,False
near_duplicate_dhash,4,datasets/water/IWHR_AI_Lable_Floater_V1/raw/package1/JPEGImages/0814.jpg,datasets/water/IWHR_AI_Lable_Floater_V1/raw/package1/JPEGImages/0865.jpg,package1,package1,rubbish,rubbish,True,False
near_duplicate_dhash,4,datasets/water/IWHR_AI_Lable_Floater_V1/raw/package1/JPEGImages/0814.jpg,datasets/water/IWHR_AI_Lable_Floater_V1/raw/package1/JPEGImages/1421.jpg,package1,package1,rubbish,rubbish,True,False
near_duplicate_dhash,4,datasets/water/IWHR_AI_Lable_Floater_V1/raw/package1/JPEGImages/0816.jpg,datasets/water/IWHR_AI_Lable_Floater_V1/raw/package2/JPEGImages/1519.jpg,package1,package2,rubbish,fishing-1,False,True
near_duplicate_dhash,5,datasets/water/IWHR_AI_Lable_Floater_V1/raw/package1/JPEGImages/0817.jpg,datasets/water/IWHR_AI_Lable_Floater_V1/raw/package1/JPEGImages/0868.jpg,package1,package1,rubbish,rubbish,True,False
near_duplicate_dhash,5,datasets/water/IWHR_AI_Lable_Floater_V1/raw/package1/JPEGImages/0817.jpg,datasets/water/IWHR_AI_Lable_Floater_V1/raw/package1/JPEGImages/1446.jpg,package1,package1,rubbish,rubbish,True,False
near_duplicate_dhash,4,datasets/water/IWHR_AI_Lable_Floater_V1/raw/package1/JPEGImages/0819.jpg,datasets/water/IWHR_AI_Lable_Floater_V1/raw/package1/JPEGImages/0844.jpg,package1,package1,rubbish,rubbish,True,False
near_duplicate_dhash,3,datasets/water/IWHR_AI_Lable_Floater_V1/raw/package1/JPEGImages/0820.jpg,datasets/water/IWHR_AI_Lable_Floater_V1/raw/package2/JPEGImages/2972.jpg,package1,package2,rubbish,rubbish,True,True
near_duplicate_dhash,3,datasets/water/IWHR_AI_Lable_Floater_V1/raw/package1/JPEGImages/0821.jpg,datasets/water/IWHR_AI_Lable_Floater_V1/raw/package1/JPEGImages/1450.jpg,package1,package1,rubbish,rubbish,True,False
near_duplicate_dhash,3,datasets/water/IWHR_AI_Lable_Floater_V1/raw/package1/JPEGImages/0822.jpg,datasets/water/IWHR_AI_Lable_Floater_V1/raw/package1/JPEGImages/1427.jpg,package1,package1,rubbish,rubbish,True,False
near_duplicate_dhash,4,datasets/water/IWHR_AI_Lable_Floater_V1/raw/package1/JPEGImages/0823.jpg,datasets/water/IWHR_AI_Lable_Floater_V1/raw/package1/JPEGImages/0847.jpg,package1,package1,rubbish,rubbish,True,False
near_duplicate_dhash,3,datasets/water/IWHR_AI_Lable_Floater_V1/raw/package1/JPEGImages/0825.jpg,datasets/water/IWHR_AI_Lable_Floater_V1/raw/package1/JPEGImages/0852.jpg,package1,package1,rubbish,rubbish,True,False
near_duplicate_dhash,5,datasets/water/IWHR_AI_Lable_Floater_V1/raw/package1/JPEGImages/0826.jpg,datasets/water/IWHR_AI_Lable_Floater_V1/raw/package1/JPEGImages/0853.jpg,package1,package1,rubbish,rubbish,True,False
near_duplicate_dhash,5,datasets/water/IWHR_AI_Lable_Floater_V1/raw/package1/JPEGImages/0827.jpg,datasets/water/IWHR_AI_Lable_Floater_V1/raw/package1/JPEGImages/0854.jpg,package1,package1,rubbish,rubbish,True,False
near_duplicate_dhash,5,datasets/water/IWHR_AI_Lable_Floater_V1/raw/package1/JPEGImages/0830.jpg,datasets/water/IWHR_AI_Lable_Floater_V1/raw/package1/JPEGImages/1469.jpg,package1,package1,rubbish,rubbish,True,False
near_duplicate_dhash,5,datasets/water/IWHR_AI_Lable_Floater_V1/raw/package1/JPEGImages/0834.jpg,datasets/water/IWHR_AI_Lable_Floater_V1/raw/package1/JPEGImages/1474.jpg,package1,package1,rubbish,rubbish,True,False
near_duplicate_dhash,4,datasets/water/IWHR_AI_Lable_Floater_V1/raw/package1/JPEGImages/0836.jpg,datasets/water/IWHR_AI_Lable_Floater_V1/raw/package1/JPEGImages/1399.jpg,package1,package1,rubbish,rubbish,True,False
near_duplicate_dhash,3,datasets/water/IWHR_AI_Lable_Floater_V1/raw/package1/JPEGImages/0837.jpg,datasets/water/IWHR_AI_Lable_Floater_V1/raw/package1/JPEGImages/1442.jpg,package1,package1,rubbish,rubbish,True,False
near_duplicate_dhash,3,datasets/water/IWHR_AI_Lable_Floater_V1/raw/package1/JPEGImages/0838.jpg,datasets/water/IWHR_AI_Lable_Floater_V1/raw/package1/JPEGImages/1479.jpg,package1,package1,rubbish,rubbish,True,False
near_duplicate_dhash,4,datasets/water/IWHR_AI_Lable_Floater_V1/raw/package1/JPEGImages/0838.jpg,datasets/water/IWHR_AI_Lable_Floater_V1/raw/package2/JPEGImages/1590.jpg,package1,package2,rubbish,rubbish,True,True
near_duplicate_dhash,3,datasets/water/IWHR_AI_Lable_Floater_V1/raw/package1/JPEGImages/0842.jpg,datasets/water/IWHR_AI_Lable_Floater_V1/raw/package1/JPEGImages/0868.jpg,package1,package1,rubbish,rubbish,True,False
near_duplicate_dhash,4,datasets/water/IWHR_AI_Lable_Floater_V1/raw/package1/JPEGImages/0842.jpg,datasets/water/IWHR_AI_Lable_Floater_V1/raw/package1/JPEGImages/1481.jpg,package1,package1,rubbish,rubbish,True,False
near_duplicate_dhash,4,datasets/water/IWHR_AI_Lable_Floater_V1/raw/package1/JPEGImages/0844.jpg,datasets/water/IWHR_AI_Lable_Floater_V1/raw/package1/JPEGImages/0870.jpg,package1,package1,rubbish,rubbish,True,False
near_duplicate_dhash,5,datasets/water/IWHR_AI_Lable_Floater_V1/raw/package1/JPEGImages/0846.jpg,datasets/water/IWHR_AI_Lable_Floater_V1/raw/package2/JPEGImages/1526.jpg,package1,package2,rubbish,fishing-3,False,True
near_duplicate_dhash,3,datasets/water/IWHR_AI_Lable_Floater_V1/raw/package1/JPEGImages/0847.jpg,datasets/water/IWHR_AI_Lable_Floater_V1/raw/package1/JPEGImages/1462.jpg,package1,package1,rubbish,rubbish,True,False
near_duplicate_dhash,5,datasets/water/IWHR_AI_Lable_Floater_V1/raw/package1/JPEGImages/0848.jpg,datasets/water/IWHR_AI_Lable_Floater_V1/raw/package1/JPEGImages/1385.jpg,package1,package1,rubbish,rubbish,True,False
near_duplicate_dhash,5,datasets/water/IWHR_AI_Lable_Floater_V1/raw/package1/JPEGImages/0848.jpg,datasets/water/IWHR_AI_Lable_Floater_V1/raw/package1/JPEGImages/1486.jpg,package1,package1,rubbish,rubbish,True,False
near_duplicate_dhash,4,datasets/water/IWHR_AI_Lable_Floater_V1/raw/package1/JPEGImages/0849.jpg,datasets/water/IWHR_AI_Lable_Floater_V1/raw/package1/JPEGImages/0954.jpg,package1,package1,rubbish,rubbish,True,False
near_duplicate_dhash,3,datasets/water/IWHR_AI_Lable_Floater_V1/raw/package1/JPEGImages/0851.jpg,datasets/water/IWHR_AI_Lable_Floater_V1/raw/package1/JPEGImages/1463.jpg,package1,package1,rubbish,fishing-3,False,False
near_duplicate_dhash,5,datasets/water/IWHR_AI_Lable_Floater_V1/raw/package1/JPEGImages/0854.jpg,datasets/water/IWHR_AI_Lable_Floater_V1/raw/package1/JPEGImages/1466.jpg,package1,package1,rubbish,rubbish,True,False
near_duplicate_dhash,5,datasets/water/IWHR_AI_Lable_Floater_V1/raw/package1/JPEGImages/0856.jpg,datasets/water/IWHR_AI_Lable_Floater_V1/raw/package1/JPEGImages/1470.jpg,package1,package1,rubbish,rubbish,True,False
near_duplicate_dhash,4,datasets/water/IWHR_AI_Lable_Floater_V1/raw/package1/JPEGImages/0857.jpg,datasets/water/IWHR_AI_Lable_Floater_V1/raw/package1/JPEGImages/0913.jpg,package1,package1,rubbish,rubbish,True,False
near_duplicate_dhash,5,datasets/water/IWHR_AI_Lable_Floater_V1/raw/package1/JPEGImages/0858.jpg,datasets/water/IWHR_AI_Lable_Floater_V1/raw/package1/JPEGImages/1493.jpg,package1,package1,rubbish,rubbish,True,False
near_duplicate_dhash,3,datasets/water/IWHR_AI_Lable_Floater_V1/raw/package1/JPEGImages/0861.jpg,datasets/water/IWHR_AI_Lable_Floater_V1/raw/package1/JPEGImages/1474.jpg,package1,package1,rubbish,rubbish,True,False
near_duplicate_dhash,5,datasets/water/IWHR_AI_Lable_Floater_V1/raw/package1/JPEGImages/0864.jpg,datasets/water/IWHR_AI_Lable_Floater_V1/raw/package1/JPEGImages/1326.jpg,package1,package1,rubbish,rubbish,True,False
near_duplicate_dhash,3,datasets/water/IWHR_AI_Lable_Floater_V1/raw/package1/JPEGImages/0864.jpg,datasets/water/IWHR_AI_Lable_Floater_V1/raw/package2/JPEGImages/1517.jpg,package1,package2,rubbish,rubbish,True,True
near_duplicate_dhash,5,datasets/water/IWHR_AI_Lable_Floater_V1/raw/package1/JPEGImages/0865.jpg,datasets/water/IWHR_AI_Lable_Floater_V1/raw/package1/JPEGImages/1442.jpg,package1,package1,rubbish,rubbish,True,False
near_duplicate_dhash,4,datasets/water/IWHR_AI_Lable_Floater_V1/raw/package1/JPEGImages/0865.jpg,datasets/water/IWHR_AI_Lable_Floater_V1/raw/package1/JPEGImages/1478.jpg,package1,package1,rubbish,rubbish,True,False
near_duplicate_dhash,4,datasets/water/IWHR_AI_Lable_Floater_V1/raw/package1/JPEGImages/0869.jpg,datasets/water/IWHR_AI_Lable_Floater_V1/raw/package1/JPEGImages/1482.jpg,package1,package1,rubbish,rubbish,True,False
near_duplicate_dhash,3,datasets/water/IWHR_AI_Lable_Floater_V1/raw/package1/JPEGImages/0871.jpg,datasets/water/IWHR_AI_Lable_Floater_V1/raw/package1/JPEGImages/0902.jpg,package1,package1,rubbish,rubbish,True,False
near_duplicate_dhash,4,datasets/water/IWHR_AI_Lable_Floater_V1/raw/package1/JPEGImages/0871.jpg,datasets/water/IWHR_AI_Lable_Floater_V1/raw/package2/JPEGImages/2949.jpg,package1,package2,rubbish,fishing-1,False,True
near_duplicate_dhash,3,datasets/water/IWHR_AI_Lable_Floater_V1/raw/package1/JPEGImages/0872.jpg,datasets/water/IWHR_AI_Lable_Floater_V1/raw/package1/JPEGImages/0903.jpg,package1,package1,rubbish,rubbish,True,False
near_duplicate_dhash,4,datasets/water/IWHR_AI_Lable_Floater_V1/raw/package1/JPEGImages/0872.jpg,datasets/water/IWHR_AI_Lable_Floater_V1/raw/package2/JPEGImages/2926.jpg,package1,package2,rubbish,fishing-1,False,True
near_duplicate_dhash,3,datasets/water/IWHR_AI_Lable_Floater_V1/raw/package1/JPEGImages/0875.jpg,datasets/water/IWHR_AI_Lable_Floater_V1/raw/package1/JPEGImages/1135.jpg,package1,package1,rubbish,rubbish,True,False
near_duplicate_dhash,3,datasets/water/IWHR_AI_Lable_Floater_V1/raw/package1/JPEGImages/0875.jpg,datasets/water/IWHR_AI_Lable_Floater_V1/raw/package2/JPEGImages/2978.jpg,package1,package2,rubbish,rubbish,True,True
near_duplicate_dhash,4,datasets/water/IWHR_AI_Lable_Floater_V1/raw/package1/JPEGImages/0876.jpg,datasets/water/IWHR_AI_Lable_Floater_V1/raw/package1/JPEGImages/0905.jpg,package1,package1,rubbish,rubbish,True,False
near_duplicate_dhash,5,datasets/water/IWHR_AI_Lable_Floater_V1/raw/package1/JPEGImages/0876.jpg,datasets/water/IWHR_AI_Lable_Floater_V1/raw/package2/JPEGImages/2953.jpg,package1,package2,rubbish,fishing-1,False,True
near_duplicate_dhash,4,datasets/water/IWHR_AI_Lable_Floater_V1/raw/package1/JPEGImages/0878.jpg,datasets/water/IWHR_AI_Lable_Floater_V1/raw/package1/JPEGImages/0916.jpg,package1,package1,rubbish,rubbish,True,False
near_duplicate_dhash,3,datasets/water/IWHR_AI_Lable_Floater_V1/raw/package1/JPEGImages/0880.jpg,datasets/water/IWHR_AI_Lable_Floater_V1/raw/package1/JPEGImages/0910.jpg,package1,package1,rubbish,rubbish,True,False
near_duplicate_dhash,4,datasets/water/IWHR_AI_Lable_Floater_V1/raw/package1/JPEGImages/0880.jpg,datasets/water/IWHR_AI_Lable_Floater_V1/raw/package1/JPEGImages/0935.jpg,package1,package1,rubbish,rubbish,True,False
near_duplicate_dhash,4,datasets/water/IWHR_AI_Lable_Floater_V1/raw/package1/JPEGImages/0880.jpg,datasets/water/IWHR_AI_Lable_Floater_V1/raw/package1/JPEGImages/0950.jpg,package1,package1,rubbish,rubbish,True,False
near_duplicate_dhash,3,datasets/water/IWHR_AI_Lable_Floater_V1/raw/package1/JPEGImages/0880.jpg,datasets/water/IWHR_AI_Lable_Floater_V1/raw/package2/JPEGImages/2956.jpg,package1,package2,rubbish,fishing-1,False,True
near_duplicate_dhash,5,datasets/water/IWHR_AI_Lable_Floater_V1/raw/package1/JPEGImages/0881.jpg,datasets/water/IWHR_AI_Lable_Floater_V1/raw/package1/JPEGImages/0911.jpg,package1,package1,rubbish,rubbish,True,False
near_duplicate_dhash,3,datasets/water/IWHR_AI_Lable_Floater_V1/raw/package1/JPEGImages/0882.jpg,datasets/water/IWHR_AI_Lable_Floater_V1/raw/package1/JPEGImages/0953.jpg,package1,package1,rubbish,rubbish,True,False
near_duplicate_dhash,4,datasets/water/IWHR_AI_Lable_Floater_V1/raw/package1/JPEGImages/0882.jpg,datasets/water/IWHR_AI_Lable_Floater_V1/raw/package1/JPEGImages/1000.jpg,package1,package1,rubbish,rubbish,True,False
near_duplicate_dhash,4,datasets/water/IWHR_AI_Lable_Floater_V1/raw/package1/JPEGImages/0882.jpg,datasets/water/IWHR_AI_Lable_Floater_V1/raw/package2/JPEGImages/2958.jpg,package1,package2,rubbish,fishing-1,False,True
near_duplicate_dhash,4,datasets/water/IWHR_AI_Lable_Floater_V1/raw/package1/JPEGImages/0883.jpg,datasets/water/IWHR_AI_Lable_Floater_V1/raw/package1/JPEGImages/0912.jpg,package1,package1,rubbish,rubbish,True,False
near_duplicate_dhash,4,datasets/water/IWHR_AI_Lable_Floater_V1/raw/package1/JPEGImages/0885.jpg,datasets/water/IWHR_AI_Lable_Floater_V1/raw/package2/JPEGImages/1819.jpg,package1,package2,rubbish,rubbish,True,True
near_duplicate_dhash,4,datasets/water/IWHR_AI_Lable_Floater_V1/raw/package1/JPEGImages/0887.jpg,datasets/water/IWHR_AI_Lable_Floater_V1/raw/package2/JPEGImages/2906.jpg,package1,package2,rubbish,fishing-1,False,True
near_duplicate_dhash,4,datasets/water/IWHR_AI_Lable_Floater_V1/raw/package1/JPEGImages/0888.jpg,datasets/water/IWHR_AI_Lable_Floater_V1/raw/package1/JPEGImages/0937.jpg,package1,package1,rubbish,rubbish,True,False
near_duplicate_dhash,5,datasets/water/IWHR_AI_Lable_Floater_V1/raw/package1/JPEGImages/0890.jpg,datasets/water/IWHR_AI_Lable_Floater_V1/raw/package2/JPEGImages/2895.jpg,package1,package2,rubbish,fishing-1,False,True
near_duplicate_dhash,3,datasets/water/IWHR_AI_Lable_Floater_V1/raw/package1/JPEGImages/0890.jpg,datasets/water/IWHR_AI_Lable_Floater_V1/raw/package2/JPEGImages/2963.jpg,package1,package2,rubbish,fishing-1,False,True
near_duplicate_dhash,4,datasets/water/IWHR_AI_Lable_Floater_V1/raw/package1/JPEGImages/0893.jpg,datasets/water/IWHR_AI_Lable_Floater_V1/raw/package2/JPEGImages/2964.jpg,package1,package2,rubbish,fishing-1,False,True
near_duplicate_dhash,3,datasets/water/IWHR_AI_Lable_Floater_V1/raw/package1/JPEGImages/0895.jpg,datasets/water/IWHR_AI_Lable_Floater_V1/raw/package2/JPEGImages/1587.jpg,package1,package2,rubbish,fishing-1,False,True
near_duplicate_dhash,5,datasets/water/IWHR_AI_Lable_Floater_V1/raw/package1/JPEGImages/0895.jpg,datasets/water/IWHR_AI_Lable_Floater_V1/raw/package2/JPEGImages/1822.jpg,package1,package2,rubbish,rubbish,True,True
near_duplicate_dhash,4,datasets/water/IWHR_AI_Lable_Floater_V1/raw/package1/JPEGImages/0895.jpg,datasets/water/IWHR_AI_Lable_Floater_V1/raw/package2/JPEGImages/2979.jpg,package1,package2,rubbish,rubbish,True,True
near_duplicate_dhash,5,datasets/water/IWHR_AI_Lable_Floater_V1/raw/package1/JPEGImages/0896.jpg,datasets/water/IWHR_AI_Lable_Floater_V1/raw/package2/JPEGImages/2945.jpg,package1,package2,rubbish,fishing-1,False,True
near_duplicate_dhash,4,datasets/water/IWHR_AI_Lable_Floater_V1/raw/package1/JPEGImages/0896.jpg,datasets/water/IWHR_AI_Lable_Floater_V1/raw/package2/JPEGImages/2968.jpg,package1,package2,rubbish,fishing-1,False,True
near_duplicate_dhash,5,datasets/water/IWHR_AI_Lable_Floater_V1/raw/package1/JPEGImages/0898.jpg,datasets/water/IWHR_AI_Lable_Floater_V1/raw/package1/JPEGImages/1088.jpg,package1,package1,rubbish,rubbish,True,False
near_duplicate_dhash,5,datasets/water/IWHR_AI_Lable_Floater_V1/raw/package1/JPEGImages/0901.jpg,datasets/water/IWHR_AI_Lable_Floater_V1/raw/package2/JPEGImages/2963.jpg,package1,package2,rubbish,fishing-1,False,True
near_duplicate_dhash,5,datasets/water/IWHR_AI_Lable_Floater_V1/raw/package1/JPEGImages/0902.jpg,datasets/water/IWHR_AI_Lable_Floater_V1/raw/package1/JPEGImages/0926.jpg,package1,package1,rubbish,rubbish,True,False
near_duplicate_dhash,5,datasets/water/IWHR_AI_Lable_Floater_V1/raw/package1/JPEGImages/0903.jpg,datasets/water/IWHR_AI_Lable_Floater_V1/raw/package2/JPEGImages/2926.jpg,package1,package2,rubbish,fishing-1,False,True
near_duplicate_dhash,4,datasets/water/IWHR_AI_Lable_Floater_V1/raw/package1/JPEGImages/0903.jpg,datasets/water/IWHR_AI_Lable_Floater_V1/raw/package2/JPEGImages/2950.jpg,package1,package2,rubbish,fishing-1,False,True
near_duplicate_dhash,4,datasets/water/IWHR_AI_Lable_Floater_V1/raw/package1/JPEGImages/0905.jpg,datasets/water/IWHR_AI_Lable_Floater_V1/raw/package1/JPEGImages/0933.jpg,package1,package1,rubbish,rubbish,True,False
near_duplicate_dhash,3,datasets/water/IWHR_AI_Lable_Floater_V1/raw/package1/JPEGImages/0907.jpg,datasets/water/IWHR_AI_Lable_Floater_V1/raw/package2/JPEGImages/1602.jpg,package1,package2,rubbish,fishing-1,False,True
near_duplicate_dhash,4,datasets/water/IWHR_AI_Lable_Floater_V1/raw/package1/JPEGImages/0907.jpg,datasets/water/IWHR_AI_Lable_Floater_V1/raw/package2/JPEGImages/2609.jpg,package1,package2,rubbish,fishing-1,False,True
near_duplicate_dhash,4,datasets/water/IWHR_AI_Lable_Floater_V1/raw/package1/JPEGImages/0907.jpg,datasets/water/IWHR_AI_Lable_Floater_V1/raw/package2/JPEGImages/2900.jpg,package1,package2,rubbish,fishing-1,False,True
near_duplicate_dhash,3,datasets/water/IWHR_AI_Lable_Floater_V1/raw/package1/JPEGImages/0908.jpg,datasets/water/IWHR_AI_Lable_Floater_V1/raw/package1/JPEGImages/0972.jpg,package1,package1,rubbish,rubbish,True,False
near_duplicate_dhash,5,datasets/water/IWHR_AI_Lable_Floater_V1/raw/package1/JPEGImages/0910.jpg,datasets/water/IWHR_AI_Lable_Floater_V1/raw/package1/JPEGImages/0974.jpg,package1,package1,rubbish,rubbish,True,False
near_duplicate_dhash,5,datasets/water/IWHR_AI_Lable_Floater_V1/raw/package1/JPEGImages/0914.jpg,datasets/water/IWHR_AI_Lable_Floater_V1/raw/package2/JPEGImages/2916.jpg,package1,package2,rubbish,fishing-1,False,True
near_duplicate_dhash,5,datasets/water/IWHR_AI_Lable_Floater_V1/raw/package1/JPEGImages/0917.jpg,datasets/water/IWHR_AI_Lable_Floater_V1/raw/package2/JPEGImages/2895.jpg,package1,package2,rubbish,fishing-1,False,True
near_duplicate_dhash,3,datasets/water/IWHR_AI_Lable_Floater_V1/raw/package1/JPEGImages/0917.jpg,datasets/water/IWHR_AI_Lable_Floater_V1/raw/package2/JPEGImages/2963.jpg,package1,package2,rubbish,fishing-1,False,True
near_duplicate_dhash,3,datasets/water/IWHR_AI_Lable_Floater_V1/raw/package1/JPEGImages/0922.jpg,datasets/water/IWHR_AI_Lable_Floater_V1/raw/package1/JPEGImages/0936.jpg,package1,package1,rubbish,rubbish,True,False
near_duplicate_dhash,4,datasets/water/IWHR_AI_Lable_Floater_V1/raw/package1/JPEGImages/0924.jpg,datasets/water/IWHR_AI_Lable_Floater_V1/raw/package1/JPEGImages/0986.jpg,package1,package1,rubbish,rubbish,True,False
near_duplicate_dhash,5,datasets/water/IWHR_AI_Lable_Floater_V1/raw/package1/JPEGImages/0930.jpg,datasets/water/IWHR_AI_Lable_Floater_V1/raw/package1/JPEGImages/0968.jpg,package1,package1,rubbish,rubbish,True,False
near_duplicate_dhash,3,datasets/water/IWHR_AI_Lable_Floater_V1/raw/package1/JPEGImages/0930.jpg,datasets/water/IWHR_AI_Lable_Floater_V1/raw/package2/JPEGImages/2952.jpg,package1,package2,rubbish,fishing-1,False,True
near_duplicate_dhash,4,datasets/water/IWHR_AI_Lable_Floater_V1/raw/package1/JPEGImages/0935.jpg,datasets/water/IWHR_AI_Lable_Floater_V1/raw/package1/JPEGImages/0974.jpg,package1,package1,rubbish,rubbish,True,False
near_duplicate_dhash,5,datasets/water/IWHR_AI_Lable_Floater_V1/raw/package1/JPEGImages/0938.jpg,datasets/water/IWHR_AI_Lable_Floater_V1/raw/package1/JPEGImages/0982.jpg,package1,package1,rubbish,rubbish,True,False
near_duplicate_dhash,5,datasets/water/IWHR_AI_Lable_Floater_V1/raw/package1/JPEGImages/0940.jpg,datasets/water/IWHR_AI_Lable_Floater_V1/raw/package2/JPEGImages/2775.jpg,package1,package2,rubbish,fishing-1,False,True
near_duplicate_dhash,3,datasets/water/IWHR_AI_Lable_Floater_V1/raw/package1/JPEGImages/0940.jpg,datasets/water/IWHR_AI_Lable_Floater_V1/raw/package2/JPEGImages/2800.jpg,package1,package2,rubbish,fishing-1,False,True
near_duplicate_dhash,5,datasets/water/IWHR_AI_Lable_Floater_V1/raw/package1/JPEGImages/0940.jpg,datasets/water/IWHR_AI_Lable_Floater_V1/raw/package2/JPEGImages/2852.jpg,package1,package2,rubbish,fishing-1,False,True
near_duplicate_dhash,5,datasets/water/IWHR_AI_Lable_Floater_V1/raw/package1/JPEGImages/0943.jpg,datasets/water/IWHR_AI_Lable_Floater_V1/raw/package1/JPEGImages/0967.jpg,package1,package1,rubbish,rubbish,True,False
near_duplicate_dhash,3,datasets/water/IWHR_AI_Lable_Floater_V1/raw/package1/JPEGImages/0949.jpg,datasets/water/IWHR_AI_Lable_Floater_V1/raw/package1/JPEGImages/0973.jpg,package1,package1,rubbish,rubbish,True,False
near_duplicate_dhash,4,datasets/water/IWHR_AI_Lable_Floater_V1/raw/package1/JPEGImages/0950.jpg,datasets/water/IWHR_AI_Lable_Floater_V1/raw/package1/JPEGImages/0974.jpg,package1,package1,rubbish,rubbish,True,False
near_duplicate_dhash,4,datasets/water/IWHR_AI_Lable_Floater_V1/raw/package1/JPEGImages/0951.jpg,datasets/water/IWHR_AI_Lable_Floater_V1/raw/package1/JPEGImages/0999.jpg,package1,package1,rubbish,rubbish,True,False
near_duplicate_dhash,4,datasets/water/IWHR_AI_Lable_Floater_V1/raw/package1/JPEGImages/0952.jpg,datasets/water/IWHR_AI_Lable_Floater_V1/raw/package1/JPEGImages/1207.jpg,package1,package1,rubbish,rubbish,True,False
near_duplicate_dhash,4,datasets/water/IWHR_AI_Lable_Floater_V1/raw/package1/JPEGImages/0955.jpg,datasets/water/IWHR_AI_Lable_Floater_V1/raw/package1/JPEGImages/0977.jpg,package1,package1,rubbish,rubbish,True,False
near_duplicate_dhash,5,datasets/water/IWHR_AI_Lable_Floater_V1/raw/package1/JPEGImages/0955.jpg,datasets/water/IWHR_AI_Lable_Floater_V1/raw/package1/JPEGImages/1002.jpg,package1,package1,rubbish,rubbish,True,False
near_duplicate_dhash,5,datasets/water/IWHR_AI_Lable_Floater_V1/raw/package1/JPEGImages/0959.jpg,datasets/water/IWHR_AI_Lable_Floater_V1/raw/package1/JPEGImages/1008.jpg,package1,package1,rubbish,rubbish,True,False
near_duplicate_dhash,4,datasets/water/IWHR_AI_Lable_Floater_V1/raw/package1/JPEGImages/0960.jpg,datasets/water/IWHR_AI_Lable_Floater_V1/raw/package1/JPEGImages/1009.jpg,package1,package1,rubbish,rubbish,True,False
near_duplicate_dhash,3,datasets/water/IWHR_AI_Lable_Floater_V1/raw/package1/JPEGImages/0962.jpg,datasets/water/IWHR_AI_Lable_Floater_V1/raw/package1/JPEGImages/0982.jpg,package1,package1,rubbish,rubbish,True,False
near_duplicate_dhash,5,datasets/water/IWHR_AI_Lable_Floater_V1/raw/package1/JPEGImages/0964.jpg,datasets/water/IWHR_AI_Lable_Floater_V1/raw/package1/JPEGImages/0983.jpg,package1,package1,rubbish,rubbish,True,False
near_duplicate_dhash,4,datasets/water/IWHR_AI_Lable_Floater_V1/raw/package1/JPEGImages/0966.jpg,datasets/water/IWHR_AI_Lable_Floater_V1/raw/package1/JPEGImages/1017.jpg,package1,package1,rubbish,rubbish,True,False
near_duplicate_dhash,5,datasets/water/IWHR_AI_Lable_Floater_V1/raw/package1/JPEGImages/0968.jpg,datasets/water/IWHR_AI_Lable_Floater_V1/raw/package1/JPEGImages/1069.jpg,package1,package1,rubbish,rubbish,True,False
near_duplicate_dhash,5,datasets/water/IWHR_AI_Lable_Floater_V1/raw/package1/JPEGImages/0970.jpg,datasets/water/IWHR_AI_Lable_Floater_V1/raw/package1/JPEGImages/0995.jpg,package1,package1,rubbish,rubbish,True,False
near_duplicate_dhash,3,datasets/water/IWHR_AI_Lable_Floater_V1/raw/package1/JPEGImages/0972.jpg,datasets/water/IWHR_AI_Lable_Floater_V1/raw/package1/JPEGImages/1024.jpg,package1,package1,rubbish,rubbish,True,False
near_duplicate_dhash,5,datasets/water/IWHR_AI_Lable_Floater_V1/raw/package1/JPEGImages/0972.jpg,datasets/water/IWHR_AI_Lable_Floater_V1/raw/package1/JPEGImages/1073.jpg,package1,package1,rubbish,rubbish,True,False
near_duplicate_dhash,4,datasets/water/IWHR_AI_Lable_Floater_V1/raw/package1/JPEGImages/0974.jpg,datasets/water/IWHR_AI_Lable_Floater_V1/raw/package1/JPEGImages/1026.jpg,package1,package1,rubbish,rubbish,True,False
near_duplicate_dhash,3,datasets/water/IWHR_AI_Lable_Floater_V1/raw/package1/JPEGImages/0975.jpg,datasets/water/IWHR_AI_Lable_Floater_V1/raw/package1/JPEGImages/0999.jpg,package1,package1,rubbish,rubbish,True,False
near_duplicate_dhash,5,datasets/water/IWHR_AI_Lable_Floater_V1/raw/package1/JPEGImages/0978.jpg,datasets/water/IWHR_AI_Lable_Floater_V1/raw/package1/JPEGImages/1030.jpg,package1,package1,rubbish,rubbish,True,False
near_duplicate_dhash,4,datasets/water/IWHR_AI_Lable_Floater_V1/raw/package1/JPEGImages/0978.jpg,datasets/water/IWHR_AI_Lable_Floater_V1/raw/package1/JPEGImages/1180.jpg,package1,package1,rubbish,rubbish,True,False
near_duplicate_dhash,4,datasets/water/IWHR_AI_Lable_Floater_V1/raw/package1/JPEGImages/0978.jpg,datasets/water/IWHR_AI_Lable_Floater_V1/raw/package1/JPEGImages/1197.jpg,package1,package1,rubbish,rubbish,True,False
near_duplicate_dhash,5,datasets/water/IWHR_AI_Lable_Floater_V1/raw/package1/JPEGImages/0980.jpg,datasets/water/IWHR_AI_Lable_Floater_V1/raw/package1/JPEGImages/1033.jpg,package1,package1,rubbish,rubbish,True,False
near_duplicate_dhash,5,datasets/water/IWHR_AI_Lable_Floater_V1/raw/package1/JPEGImages/0981.jpg,datasets/water/IWHR_AI_Lable_Floater_V1/raw/package1/JPEGImages/1007.jpg,package1,package1,rubbish,rubbish,True,False
near_duplicate_dhash,5,datasets/water/IWHR_AI_Lable_Floater_V1/raw/package1/JPEGImages/0982.jpg,datasets/water/IWHR_AI_Lable_Floater_V1/raw/package1/JPEGImages/1011.jpg,package1,package1,rubbish,rubbish,True,False
near_duplicate_dhash,5,datasets/water/IWHR_AI_Lable_Floater_V1/raw/package1/JPEGImages/0985.jpg,datasets/water/IWHR_AI_Lable_Floater_V1/raw/package1/JPEGImages/1040.jpg,package1,package1,rubbish,rubbish,True,False
near_duplicate_dhash,3,datasets/water/IWHR_AI_Lable_Floater_V1/raw/package1/JPEGImages/0986.jpg,datasets/water/IWHR_AI_Lable_Floater_V1/raw/package1/JPEGImages/1062.jpg,package1,package1,rubbish,rubbish,True,False
near_duplicate_dhash,3,datasets/water/IWHR_AI_Lable_Floater_V1/raw/package1/JPEGImages/0989.jpg,datasets/water/IWHR_AI_Lable_Floater_V1/raw/package1/JPEGImages/1017.jpg,package1,package1,rubbish,rubbish,True,False
near_duplicate_dhash,5,datasets/water/IWHR_AI_Lable_Floater_V1/raw/package1/JPEGImages/0990.jpg,datasets/water/IWHR_AI_Lable_Floater_V1/raw/package1/JPEGImages/1018.jpg,package1,package1,rubbish,rubbish,True,False
near_duplicate_dhash,4,datasets/water/IWHR_AI_Lable_Floater_V1/raw/package1/JPEGImages/0991.jpg,datasets/water/IWHR_AI_Lable_Floater_V1/raw/package1/JPEGImages/1044.jpg,package1,package1,rubbish,rubbish,True,False
near_duplicate_dhash,3,datasets/water/IWHR_AI_Lable_Floater_V1/raw/package1/JPEGImages/0992.jpg,datasets/water/IWHR_AI_Lable_Floater_V1/raw/package1/JPEGImages/1019.jpg,package1,package1,rubbish,rubbish,True,False
near_duplicate_dhash,4,datasets/water/IWHR_AI_Lable_Floater_V1/raw/package1/JPEGImages/0994.jpg,datasets/water/IWHR_AI_Lable_Floater_V1/raw/package1/JPEGImages/1020.jpg,package1,package1,rubbish,rubbish,True,False
near_duplicate_dhash,3,datasets/water/IWHR_AI_Lable_Floater_V1/raw/package1/JPEGImages/0995.jpg,datasets/water/IWHR_AI_Lable_Floater_V1/raw/package1/JPEGImages/1021.jpg,package1,package1,rubbish,rubbish,True,False
near_duplicate_dhash,4,datasets/water/IWHR_AI_Lable_Floater_V1/raw/package1/JPEGImages/1001.jpg,datasets/water/IWHR_AI_Lable_Floater_V1/raw/package1/JPEGImages/1028.jpg,package1,package1,fishing-2,fishing-2,True,False
near_duplicate_dhash,5,datasets/water/IWHR_AI_Lable_Floater_V1/raw/package1/JPEGImages/1002.jpg,datasets/water/IWHR_AI_Lable_Floater_V1/raw/package1/JPEGImages/1029.jpg,package1,package1,rubbish,rubbish,True,False
near_duplicate_dhash,3,datasets/water/IWHR_AI_Lable_Floater_V1/raw/package1/JPEGImages/1004.jpg,datasets/water/IWHR_AI_Lable_Floater_V1/raw/package1/JPEGImages/1030.jpg,package1,package1,rubbish,rubbish,True,False
near_duplicate_dhash,4,datasets/water/IWHR_AI_Lable_Floater_V1/raw/package1/JPEGImages/1004.jpg,datasets/water/IWHR_AI_Lable_Floater_V1/raw/package1/JPEGImages/1053.jpg,package1,package1,rubbish,rubbish,True,False
near_duplicate_dhash,3,datasets/water/IWHR_AI_Lable_Floater_V1/raw/package1/JPEGImages/1005.jpg,datasets/water/IWHR_AI_Lable_Floater_V1/raw/package1/JPEGImages/1031.jpg,package1,package1,rubbish,rubbish,True,False
near_duplicate_dhash,3,datasets/water/IWHR_AI_Lable_Floater_V1/raw/package1/JPEGImages/1006.jpg,datasets/water/IWHR_AI_Lable_Floater_V1/raw/package1/JPEGImages/1033.jpg,package1,package1,rubbish,rubbish,True,False
near_duplicate_dhash,4,datasets/water/IWHR_AI_Lable_Floater_V1/raw/package1/JPEGImages/1007.jpg,datasets/water/IWHR_AI_Lable_Floater_V1/raw/package1/JPEGImages/1034.jpg,package1,package1,rubbish,rubbish,True,False
near_duplicate_dhash,5,datasets/water/IWHR_AI_Lable_Floater_V1/raw/package1/JPEGImages/1007.jpg,datasets/water/IWHR_AI_Lable_Floater_V1/raw/package1/JPEGImages/1055.jpg,package1,package1,rubbish,rubbish,True,False
near_duplicate_dhash,4,datasets/water/IWHR_AI_Lable_Floater_V1/raw/package1/JPEGImages/1010.jpg,datasets/water/IWHR_AI_Lable_Floater_V1/raw/package1/JPEGImages/1058.jpg,package1,package1,rubbish,rubbish,True,False
near_duplicate_dhash,3,datasets/water/IWHR_AI_Lable_Floater_V1/raw/package1/JPEGImages/1011.jpg,datasets/water/IWHR_AI_Lable_Floater_V1/raw/package1/JPEGImages/1036.jpg,package1,package1,rubbish,rubbish,True,False
near_duplicate_dhash,5,datasets/water/IWHR_AI_Lable_Floater_V1/raw/package1/JPEGImages/1014.jpg,datasets/water/IWHR_AI_Lable_Floater_V1/raw/package1/JPEGImages/1061.jpg,package1,package1,rubbish,rubbish,True,False
near_duplicate_dhash,3,datasets/water/IWHR_AI_Lable_Floater_V1/raw/package1/JPEGImages/1015.jpg,datasets/water/IWHR_AI_Lable_Floater_V1/raw/package1/JPEGImages/1088.jpg,package1,package1,rubbish,rubbish,True,False
near_duplicate_dhash,5,datasets/water/IWHR_AI_Lable_Floater_V1/raw/package1/JPEGImages/1016.jpg,datasets/water/IWHR_AI_Lable_Floater_V1/raw/package1/JPEGImages/1064.jpg,package1,package1,rubbish,rubbish,True,False
near_duplicate_dhash,3,datasets/water/IWHR_AI_Lable_Floater_V1/raw/package1/JPEGImages/1017.jpg,datasets/water/IWHR_AI_Lable_Floater_V1/raw/package1/JPEGImages/1041.jpg,package1,package1,rubbish,rubbish,True,False
near_duplicate_dhash,5,datasets/water/IWHR_AI_Lable_Floater_V1/raw/package1/JPEGImages/1017.jpg,datasets/water/IWHR_AI_Lable_Floater_V1/raw/package1/JPEGImages/1065.jpg,package1,package1,rubbish,rubbish,True,False
near_duplicate_dhash,5,datasets/water/IWHR_AI_Lable_Floater_V1/raw/package1/JPEGImages/1018.jpg,datasets/water/IWHR_AI_Lable_Floater_V1/raw/package1/JPEGImages/1066.jpg,package1,package1,rubbish,rubbish,True,False
near_duplicate_dhash,4,datasets/water/IWHR_AI_Lable_Floater_V1/raw/package1/JPEGImages/1023.jpg,datasets/water/IWHR_AI_Lable_Floater_V1/raw/package1/JPEGImages/1274.jpg,package1,package1,rubbish,rubbish,True,False
near_duplicate_dhash,4,datasets/water/IWHR_AI_Lable_Floater_V1/raw/package1/JPEGImages/1023.jpg,datasets/water/IWHR_AI_Lable_Floater_V1/raw/package2/JPEGImages/2997.jpg,package1,package2,rubbish,rubbish,True,True
near_duplicate_dhash,4,datasets/water/IWHR_AI_Lable_Floater_V1/raw/package1/JPEGImages/1025.jpg,datasets/water/IWHR_AI_Lable_Floater_V1/raw/package1/JPEGImages/1074.jpg,package1,package1,rubbish,rubbish,True,False
near_duplicate_dhash,5,datasets/water/IWHR_AI_Lable_Floater_V1/raw/package1/JPEGImages/1029.jpg,datasets/water/IWHR_AI_Lable_Floater_V1/raw/package1/JPEGImages/1131.jpg,package1,package1,rubbish,rubbish,True,False
near_duplicate_dhash,4,datasets/water/IWHR_AI_Lable_Floater_V1/raw/package1/JPEGImages/1030.jpg,datasets/water/IWHR_AI_Lable_Floater_V1/raw/package1/JPEGImages/1158.jpg,package1,package1,rubbish,rubbish,True,False
near_duplicate_dhash,4,datasets/water/IWHR_AI_Lable_Floater_V1/raw/package1/JPEGImages/1033.jpg,datasets/water/IWHR_AI_Lable_Floater_V1/raw/package1/JPEGImages/1054.jpg,package1,package1,rubbish,rubbish,True,False
near_duplicate_dhash,4,datasets/water/IWHR_AI_Lable_Floater_V1/raw/package1/JPEGImages/1034.jpg,datasets/water/IWHR_AI_Lable_Floater_V1/raw/package1/JPEGImages/1081.jpg,package1,package1,rubbish,rubbish,True,False
near_duplicate_dhash,5,datasets/water/IWHR_AI_Lable_Floater_V1/raw/package1/JPEGImages/1034.jpg,datasets/water/IWHR_AI_Lable_Floater_V1/raw/package1/JPEGImages/1111.jpg,package1,package1,rubbish,rubbish,True,False
near_duplicate_dhash,3,datasets/water/IWHR_AI_Lable_Floater_V1/raw/package1/JPEGImages/1037.jpg,datasets/water/IWHR_AI_Lable_Floater_V1/raw/package1/JPEGImages/1060.jpg,package1,package1,rubbish,rubbish,True,False
near_duplicate_dhash,5,datasets/water/IWHR_AI_Lable_Floater_V1/raw/package1/JPEGImages/1038.jpg,datasets/water/IWHR_AI_Lable_Floater_V1/raw/package1/JPEGImages/1061.jpg,package1,package1,rubbish,rubbish,True,False
near_duplicate_dhash,5,datasets/water/IWHR_AI_Lable_Floater_V1/raw/package1/JPEGImages/1039.jpg,datasets/water/IWHR_AI_Lable_Floater_V1/raw/package1/JPEGImages/1284.jpg,package1,package1,rubbish,rubbish,True,False
near_duplicate_dhash,4,datasets/water/IWHR_AI_Lable_Floater_V1/raw/package1/JPEGImages/1039.jpg,datasets/water/IWHR_AI_Lable_Floater_V1/raw/package2/JPEGImages/2998.jpg,package1,package2,rubbish,rubbish,True,True
near_duplicate_dhash,3,datasets/water/IWHR_AI_Lable_Floater_V1/raw/package1/JPEGImages/1040.jpg,datasets/water/IWHR_AI_Lable_Floater_V1/raw/package1/JPEGImages/1089.jpg,package1,package1,rubbish,rubbish,True,False
near_duplicate_dhash,4,datasets/water/IWHR_AI_Lable_Floater_V1/raw/package1/JPEGImages/1041.jpg,datasets/water/IWHR_AI_Lable_Floater_V1/raw/package1/JPEGImages/1092.jpg,package1,package1,rubbish,rubbish,True,False
near_duplicate_dhash,3,datasets/water/IWHR_AI_Lable_Floater_V1/raw/package1/JPEGImages/1042.jpg,datasets/water/IWHR_AI_Lable_Floater_V1/raw/package1/JPEGImages/1066.jpg,package1,package1,rubbish,rubbish,True,False
near_duplicate_dhash,3,datasets/water/IWHR_AI_Lable_Floater_V1/raw/package1/JPEGImages/1043.jpg,datasets/water/IWHR_AI_Lable_Floater_V1/raw/package1/JPEGImages/1295.jpg,package1,package1,rubbish,rubbish,True,False
near_duplicate_dhash,3,datasets/water/IWHR_AI_Lable_Floater_V1/raw/package1/JPEGImages/1043.jpg,datasets/water/IWHR_AI_Lable_Floater_V1/raw/package2/JPEGImages/2999.jpg,package1,package2,rubbish,rubbish,True,True
near_duplicate_dhash,3,datasets/water/IWHR_AI_Lable_Floater_V1/raw/package1/JPEGImages/1049.jpg,datasets/water/IWHR_AI_Lable_Floater_V1/raw/package1/JPEGImages/1074.jpg,package1,package1,rubbish,rubbish,True,False
near_duplicate_dhash,3,datasets/water/IWHR_AI_Lable_Floater_V1/raw/package1/JPEGImages/1050.jpg,datasets/water/IWHR_AI_Lable_Floater_V1/raw/package1/JPEGImages/1075.jpg,package1,package1,rubbish,rubbish,True,False
near_duplicate_dhash,5,datasets/water/IWHR_AI_Lable_Floater_V1/raw/package1/JPEGImages/1050.jpg,datasets/water/IWHR_AI_Lable_Floater_V1/raw/package1/JPEGImages/1105.jpg,package1,package1,rubbish,rubbish,True,False
near_duplicate_dhash,5,datasets/water/IWHR_AI_Lable_Floater_V1/raw/package1/JPEGImages/1052.jpg,datasets/water/IWHR_AI_Lable_Floater_V1/raw/package1/JPEGImages/1078.jpg,package1,package1,rubbish,rubbish,True,False
near_duplicate_dhash,3,datasets/water/IWHR_AI_Lable_Floater_V1/raw/package1/JPEGImages/1053.jpg,datasets/water/IWHR_AI_Lable_Floater_V1/raw/package1/JPEGImages/1158.jpg,package1,package1,rubbish,rubbish,True,False
near_duplicate_dhash,3,datasets/water/IWHR_AI_Lable_Floater_V1/raw/package1/JPEGImages/1055.jpg,datasets/water/IWHR_AI_Lable_Floater_V1/raw/package1/JPEGImages/1081.jpg,package1,package1,rubbish,rubbish,True,False
near_duplicate_dhash,4,datasets/water/IWHR_AI_Lable_Floater_V1/raw/package1/JPEGImages/1055.jpg,datasets/water/IWHR_AI_Lable_Floater_V1/raw/package1/JPEGImages/1111.jpg,package1,package1,rubbish,rubbish,True,False
near_duplicate_dhash,5,datasets/water/IWHR_AI_Lable_Floater_V1/raw/package1/JPEGImages/1056.jpg,datasets/water/IWHR_AI_Lable_Floater_V1/raw/package2/JPEGImages/2206.jpg,package1,package2,rubbish,rubbish,True,True
near_duplicate_dhash,4,datasets/water/IWHR_AI_Lable_Floater_V1/raw/package1/JPEGImages/1057.jpg,datasets/water/IWHR_AI_Lable_Floater_V1/raw/package1/JPEGImages/1082.jpg,package1,package1,rubbish,rubbish,True,False
near_duplicate_dhash,4,datasets/water/IWHR_AI_Lable_Floater_V1/raw/package1/JPEGImages/1058.jpg,datasets/water/IWHR_AI_Lable_Floater_V1/raw/package1/JPEGImages/1138.jpg,package1,package1,rubbish,rubbish,True,False
near_duplicate_dhash,4,datasets/water/IWHR_AI_Lable_Floater_V1/raw/package1/JPEGImages/1058.jpg,datasets/water/IWHR_AI_Lable_Floater_V1/raw/package1/JPEGImages/1185.jpg,package1,package1,rubbish,rubbish,True,False
near_duplicate_dhash,4,datasets/water/IWHR_AI_Lable_Floater_V1/raw/package1/JPEGImages/1066.jpg,datasets/water/IWHR_AI_Lable_Floater_V1/raw/package1/JPEGImages/1095.jpg,package1,package1,rubbish,rubbish,True,False
near_duplicate_dhash,4,datasets/water/IWHR_AI_Lable_Floater_V1/raw/package1/JPEGImages/1075.jpg,datasets/water/IWHR_AI_Lable_Floater_V1/raw/package1/JPEGImages/1127.jpg,package1,package1,rubbish,rubbish,True,False
near_duplicate_dhash,3,datasets/water/IWHR_AI_Lable_Floater_V1/raw/package1/JPEGImages/1076.jpg,datasets/water/IWHR_AI_Lable_Floater_V1/raw/package1/JPEGImages/1106.jpg,package1,package1,rubbish,rubbish,True,False
near_duplicate_dhash,4,datasets/water/IWHR_AI_Lable_Floater_V1/raw/package1/JPEGImages/1077.jpg,datasets/water/IWHR_AI_Lable_Floater_V1/raw/package1/JPEGImages/1328.jpg,package1,package1,rubbish,rubbish,True,False
near_duplicate_dhash,5,datasets/water/IWHR_AI_Lable_Floater_V1/raw/package1/JPEGImages/1079.jpg,datasets/water/IWHR_AI_Lable_Floater_V1/raw/package1/JPEGImages/1131.jpg,package1,package1,rubbish,rubbish,True,False
near_duplicate_dhash,3,datasets/water/IWHR_AI_Lable_Floater_V1/raw/package1/JPEGImages/1081.jpg,datasets/water/IWHR_AI_Lable_Floater_V1/raw/package1/JPEGImages/1111.jpg,package1,package1,rubbish,rubbish,True,False
near_duplicate_dhash,5,datasets/water/IWHR_AI_Lable_Floater_V1/raw/package1/JPEGImages/1084.jpg,datasets/water/IWHR_AI_Lable_Floater_V1/raw/package1/JPEGImages/1113.jpg,package1,package1,rubbish,rubbish,True,False
near_duplicate_dhash,4,datasets/water/IWHR_AI_Lable_Floater_V1/raw/package1/JPEGImages/1087.jpg,datasets/water/IWHR_AI_Lable_Floater_V1/raw/package1/JPEGImages/1141.jpg,package1,package1,rubbish,rubbish,True,False
near_duplicate_dhash,4,datasets/water/IWHR_AI_Lable_Floater_V1/raw/package1/JPEGImages/1088.jpg,datasets/water/IWHR_AI_Lable_Floater_V1/raw/package1/JPEGImages/1188.jpg,package1,package1,rubbish,rubbish,True,False
near_duplicate_dhash,3,datasets/water/IWHR_AI_Lable_Floater_V1/raw/package1/JPEGImages/1090.jpg,datasets/water/IWHR_AI_Lable_Floater_V1/raw/package1/JPEGImages/1142.jpg,package1,package1,rubbish,rubbish,True,False
near_duplicate_dhash,5,datasets/water/IWHR_AI_Lable_Floater_V1/raw/package1/JPEGImages/1091.jpg,datasets/water/IWHR_AI_Lable_Floater_V1/raw/package1/JPEGImages/1277.jpg,package1,package1,fishing-2,rubbish,False,False
near_duplicate_dhash,5,datasets/water/IWHR_AI_Lable_Floater_V1/raw/package1/JPEGImages/1094.jpg,datasets/water/IWHR_AI_Lable_Floater_V1/raw/package1/JPEGImages/1235.jpg,package1,package1,rubbish,rubbish,True,False
near_duplicate_dhash,5,datasets/water/IWHR_AI_Lable_Floater_V1/raw/package1/JPEGImages/1095.jpg,datasets/water/IWHR_AI_Lable_Floater_V1/raw/package1/JPEGImages/1119.jpg,package1,package1,rubbish,rubbish,True,False
near_duplicate_dhash,3,datasets/water/IWHR_AI_Lable_Floater_V1/raw/package1/JPEGImages/1096.jpg,datasets/water/IWHR_AI_Lable_Floater_V1/raw/package1/JPEGImages/1121.jpg,package1,package1,rubbish,rubbish,True,False
near_duplicate_dhash,4,datasets/water/IWHR_AI_Lable_Floater_V1/raw/package1/JPEGImages/1105.jpg,datasets/water/IWHR_AI_Lable_Floater_V1/raw/package1/JPEGImages/1153.jpg,package1,package1,rubbish,rubbish,True,False
near_duplicate_dhash,5,datasets/water/IWHR_AI_Lable_Floater_V1/raw/package1/JPEGImages/1106.jpg,datasets/water/IWHR_AI_Lable_Floater_V1/raw/package1/JPEGImages/1128.jpg,package1,package1,rubbish,rubbish,True,False
near_duplicate_dhash,3,datasets/water/IWHR_AI_Lable_Floater_V1/raw/package1/JPEGImages/1109.jpg,datasets/water/IWHR_AI_Lable_Floater_V1/raw/package1/JPEGImages/1359.jpg,package1,package1,rubbish,rubbish,True,False
near_duplicate_dhash,3,datasets/water/IWHR_AI_Lable_Floater_V1/raw/package1/JPEGImages/1113.jpg,datasets/water/IWHR_AI_Lable_Floater_V1/raw/package1/JPEGImages/1139.jpg,package1,package1,rubbish,rubbish,True,False
near_duplicate_dhash,3,datasets/water/IWHR_AI_Lable_Floater_V1/raw/package1/JPEGImages/1115.jpg,datasets/water/IWHR_AI_Lable_Floater_V1/raw/package1/JPEGImages/1141.jpg,package1,package1,rubbish,rubbish,True,False
near_duplicate_dhash,4,datasets/water/IWHR_AI_Lable_Floater_V1/raw/package1/JPEGImages/1116.jpg,datasets/water/IWHR_AI_Lable_Floater_V1/raw/package1/JPEGImages/1208.jpg,package1,package1,rubbish,rubbish,True,False
near_duplicate_dhash,3,datasets/water/IWHR_AI_Lable_Floater_V1/raw/package1/JPEGImages/1118.jpg,datasets/water/IWHR_AI_Lable_Floater_V1/raw/package2/JPEGImages/1559.jpg,package1,package2,rubbish,rubbish,True,True
near_duplicate_dhash,4,datasets/water/IWHR_AI_Lable_Floater_V1/raw/package1/JPEGImages/1118.jpg,datasets/water/IWHR_AI_Lable_Floater_V1/raw/package2/JPEGImages/2976.jpg,package1,package2,rubbish,rubbish,True,True
near_duplicate_dhash,3,datasets/water/IWHR_AI_Lable_Floater_V1/raw/package1/JPEGImages/1119.jpg,datasets/water/IWHR_AI_Lable_Floater_V1/raw/package1/JPEGImages/1144.jpg,package1,package1,rubbish,rubbish,True,False
near_duplicate_dhash,4,datasets/water/IWHR_AI_Lable_Floater_V1/raw/package1/JPEGImages/1120.jpg,datasets/water/IWHR_AI_Lable_Floater_V1/raw/package1/JPEGImages/1169.jpg,package1,package1,rubbish,rubbish,True,False
near_duplicate_dhash,5,datasets/water/IWHR_AI_Lable_Floater_V1/raw/package1/JPEGImages/1121.jpg,datasets/water/IWHR_AI_Lable_Floater_V1/raw/package1/JPEGImages/1145.jpg,package1,package1,rubbish,rubbish,True,False
near_duplicate_dhash,5,datasets/water/IWHR_AI_Lable_Floater_V1/raw/package1/JPEGImages/1122.jpg,datasets/water/IWHR_AI_Lable_Floater_V1/raw/package1/JPEGImages/1149.jpg,package1,package1,rubbish,rubbish,True,False
near_duplicate_dhash,4,datasets/water/IWHR_AI_Lable_Floater_V1/raw/package1/JPEGImages/1123.jpg,datasets/water/IWHR_AI_Lable_Floater_V1/raw/package1/JPEGImages/1150.jpg,package1,package1,rubbish,rubbish,True,False
near_duplicate_dhash,4,datasets/water/IWHR_AI_Lable_Floater_V1/raw/package1/JPEGImages/1126.jpg,datasets/water/IWHR_AI_Lable_Floater_V1/raw/package1/JPEGImages/1152.jpg,package1,package1,rubbish,rubbish,True,False
near_duplicate_dhash,4,datasets/water/IWHR_AI_Lable_Floater_V1/raw/package1/JPEGImages/1128.jpg,datasets/water/IWHR_AI_Lable_Floater_V1/raw/package1/JPEGImages/1154.jpg,package1,package1,rubbish,rubbish,True,False
near_duplicate_dhash,5,datasets/water/IWHR_AI_Lable_Floater_V1/raw/package1/JPEGImages/1130.jpg,datasets/water/IWHR_AI_Lable_Floater_V1/raw/package1/JPEGImages/1156.jpg,package1,package1,rubbish,rubbish,True,False
near_duplicate_dhash,5,datasets/water/IWHR_AI_Lable_Floater_V1/raw/package1/JPEGImages/1133.jpg,datasets/water/IWHR_AI_Lable_Floater_V1/raw/package1/JPEGImages/1159.jpg,package1,package1,rubbish,rubbish,True,False
near_duplicate_dhash,3,datasets/water/IWHR_AI_Lable_Floater_V1/raw/package1/JPEGImages/1135.jpg,datasets/water/IWHR_AI_Lable_Floater_V1/raw/package1/JPEGImages/1382.jpg,package1,package1,rubbish,rubbish,True,False
near_duplicate_dhash,4,datasets/water/IWHR_AI_Lable_Floater_V1/raw/package1/JPEGImages/1137.jpg,datasets/water/IWHR_AI_Lable_Floater_V1/raw/package1/JPEGImages/1161.jpg,package1,package1,rubbish,rubbish,True,False
near_duplicate_dhash,5,datasets/water/IWHR_AI_Lable_Floater_V1/raw/package1/JPEGImages/1141.jpg,datasets/water/IWHR_AI_Lable_Floater_V1/raw/package1/JPEGImages/1165.jpg,package1,package1,rubbish,rubbish,True,False
near_duplicate_dhash,3,datasets/water/IWHR_AI_Lable_Floater_V1/raw/package1/JPEGImages/1143.jpg,datasets/water/IWHR_AI_Lable_Floater_V1/raw/package1/JPEGImages/1210.jpg,package1,package1,rubbish,rubbish,True,False
near_duplicate_dhash,5,datasets/water/IWHR_AI_Lable_Floater_V1/raw/package1/JPEGImages/1145.jpg,datasets/water/IWHR_AI_Lable_Floater_V1/raw/package1/JPEGImages/1170.jpg,package1,package1,rubbish,rubbish,True,False
near_duplicate_dhash,4,datasets/water/IWHR_AI_Lable_Floater_V1/raw/package1/JPEGImages/1146.jpg,datasets/water/IWHR_AI_Lable_Floater_V1/raw/package2/JPEGImages/1822.jpg,package1,package2,rubbish,rubbish,True,True
near_duplicate_dhash,5,datasets/water/IWHR_AI_Lable_Floater_V1/raw/package1/JPEGImages/1146.jpg,datasets/water/IWHR_AI_Lable_Floater_V1/raw/package2/JPEGImages/2979.jpg,package1,package2,rubbish,rubbish,True,True
near_duplicate_dhash,4,datasets/water/IWHR_AI_Lable_Floater_V1/raw/package1/JPEGImages/1154.jpg,datasets/water/IWHR_AI_Lable_Floater_V1/raw/package1/JPEGImages/1195.jpg,package1,package1,rubbish,rubbish,True,False
near_duplicate_dhash,5,datasets/water/IWHR_AI_Lable_Floater_V1/raw/package1/JPEGImages/1158.jpg,datasets/water/IWHR_AI_Lable_Floater_V1/raw/package1/JPEGImages/1180.jpg,package1,package1,rubbish,rubbish,True,False
near_duplicate_dhash,5,datasets/water/IWHR_AI_Lable_Floater_V1/raw/package1/JPEGImages/1158.jpg,datasets/water/IWHR_AI_Lable_Floater_V1/raw/package1/JPEGImages/1197.jpg,package1,package1,rubbish,rubbish,True,False
near_duplicate_dhash,5,datasets/water/IWHR_AI_Lable_Floater_V1/raw/package1/JPEGImages/1160.jpg,datasets/water/IWHR_AI_Lable_Floater_V1/raw/package1/JPEGImages/1182.jpg,package1,package1,rubbish,rubbish,True,False
near_duplicate_dhash,3,datasets/water/IWHR_AI_Lable_Floater_V1/raw/package1/JPEGImages/1161.jpg,datasets/water/IWHR_AI_Lable_Floater_V1/raw/package1/JPEGImages/1183.jpg,package1,package1,rubbish,rubbish,True,False
near_duplicate_dhash,5,datasets/water/IWHR_AI_Lable_Floater_V1/raw/package1/JPEGImages/1162.jpg,datasets/water/IWHR_AI_Lable_Floater_V1/raw/package2/JPEGImages/2609.jpg,package1,package2,rubbish,fishing-1,False,True
near_duplicate_dhash,5,datasets/water/IWHR_AI_Lable_Floater_V1/raw/package1/JPEGImages/1162.jpg,datasets/water/IWHR_AI_Lable_Floater_V1/raw/package2/JPEGImages/2900.jpg,package1,package2,rubbish,fishing-1,False,True
near_duplicate_dhash,3,datasets/water/IWHR_AI_Lable_Floater_V1/raw/package1/JPEGImages/1162.jpg,datasets/water/IWHR_AI_Lable_Floater_V1/raw/package2/JPEGImages/2980.jpg,package1,package2,rubbish,rubbish,True,True
near_duplicate_dhash,4,datasets/water/IWHR_AI_Lable_Floater_V1/raw/package1/JPEGImages/1165.jpg,datasets/water/IWHR_AI_Lable_Floater_V1/raw/package1/JPEGImages/1187.jpg,package1,package1,rubbish,rubbish,True,False
near_duplicate_dhash,4,datasets/water/IWHR_AI_Lable_Floater_V1/raw/package1/JPEGImages/1166.jpg,datasets/water/IWHR_AI_Lable_Floater_V1/raw/package1/JPEGImages/1233.jpg,package1,package1,rubbish,rubbish,True,False
near_duplicate_dhash,3,datasets/water/IWHR_AI_Lable_Floater_V1/raw/package1/JPEGImages/1167.jpg,datasets/water/IWHR_AI_Lable_Floater_V1/raw/package2/JPEGImages/1610.jpg,package1,package2,rubbish,fishing-1,False,True
near_duplicate_dhash,3,datasets/water/IWHR_AI_Lable_Floater_V1/raw/package1/JPEGImages/1167.jpg,datasets/water/IWHR_AI_Lable_Floater_V1/raw/package2/JPEGImages/2981.jpg,package1,package2,rubbish,rubbish,True,True
near_duplicate_dhash,4,datasets/water/IWHR_AI_Lable_Floater_V1/raw/package1/JPEGImages/1171.jpg,datasets/water/IWHR_AI_Lable_Floater_V1/raw/package1/JPEGImages/1238.jpg,package1,package1,rubbish,rubbish,True,False
near_duplicate_dhash,3,datasets/water/IWHR_AI_Lable_Floater_V1/raw/package1/JPEGImages/1175.jpg,datasets/water/IWHR_AI_Lable_Floater_V1/raw/package1/JPEGImages/1218.jpg,package1,package1,rubbish,rubbish,True,False
near_duplicate_dhash,4,datasets/water/IWHR_AI_Lable_Floater_V1/raw/package1/JPEGImages/1176.jpg,datasets/water/IWHR_AI_Lable_Floater_V1/raw/package1/JPEGImages/1194.jpg,package1,package1,rubbish,rubbish,True,False
near_duplicate_dhash,4,datasets/water/IWHR_AI_Lable_Floater_V1/raw/package1/JPEGImages/1177.jpg,datasets/water/IWHR_AI_Lable_Floater_V1/raw/package1/JPEGImages/1220.jpg,package1,package1,rubbish,rubbish,True,False
near_duplicate_dhash,4,datasets/water/IWHR_AI_Lable_Floater_V1/raw/package1/JPEGImages/1188.jpg,datasets/water/IWHR_AI_Lable_Floater_V1/raw/package1/JPEGImages/1206.jpg,package1,package1,rubbish,rubbish,True,False
near_duplicate_dhash,5,datasets/water/IWHR_AI_Lable_Floater_V1/raw/package1/JPEGImages/1194.jpg,datasets/water/IWHR_AI_Lable_Floater_V1/raw/package1/JPEGImages/1219.jpg,package1,package1,rubbish,rubbish,True,False
near_duplicate_dhash,4,datasets/water/IWHR_AI_Lable_Floater_V1/raw/package1/JPEGImages/1195.jpg,datasets/water/IWHR_AI_Lable_Floater_V1/raw/package1/JPEGImages/1222.jpg,package1,package1,rubbish,rubbish,True,False
near_duplicate_dhash,3,datasets/water/IWHR_AI_Lable_Floater_V1/raw/package1/JPEGImages/1201.jpg,datasets/water/IWHR_AI_Lable_Floater_V1/raw/package1/JPEGImages/1228.jpg,package1,package1,rubbish,rubbish,True,False
near_duplicate_dhash,3,datasets/water/IWHR_AI_Lable_Floater_V1/raw/package1/JPEGImages/1203.jpg,datasets/water/IWHR_AI_Lable_Floater_V1/raw/package1/JPEGImages/1253.jpg,package1,package1,rubbish,rubbish,True,False
near_duplicate_dhash,3,datasets/water/IWHR_AI_Lable_Floater_V1/raw/package1/JPEGImages/1208.jpg,datasets/water/IWHR_AI_Lable_Floater_V1/raw/package1/JPEGImages/1324.jpg,package1,package1,rubbish,rubbish,True,False
near_duplicate_dhash,5,datasets/water/IWHR_AI_Lable_Floater_V1/raw/package1/JPEGImages/1209.jpg,datasets/water/IWHR_AI_Lable_Floater_V1/raw/package1/JPEGImages/1277.jpg,package1,package1,rubbish,rubbish,True,False
near_duplicate_dhash,4,datasets/water/IWHR_AI_Lable_Floater_V1/raw/package1/JPEGImages/1211.jpg,datasets/water/IWHR_AI_Lable_Floater_V1/raw/package2/JPEGImages/2825.jpg,package1,package2,rubbish,fishing-1,False,True
near_duplicate_dhash,3,datasets/water/IWHR_AI_Lable_Floater_V1/raw/package1/JPEGImages/1212.jpg,datasets/water/IWHR_AI_Lable_Floater_V1/raw/package1/JPEGImages/1236.jpg,package1,package1,rubbish,rubbish,True,False
near_duplicate_dhash,5,datasets/water/IWHR_AI_Lable_Floater_V1/raw/package1/JPEGImages/1220.jpg,datasets/water/IWHR_AI_Lable_Floater_V1/raw/package1/JPEGImages/1310.jpg,package1,package1,rubbish,rubbish,True,False
near_duplicate_dhash,5,datasets/water/IWHR_AI_Lable_Floater_V1/raw/package1/JPEGImages/1221.jpg,datasets/water/IWHR_AI_Lable_Floater_V1/raw/package2/JPEGImages/2990.jpg,package1,package2,rubbish,rubbish,True,True
near_duplicate_dhash,4,datasets/water/IWHR_AI_Lable_Floater_V1/raw/package1/JPEGImages/1222.jpg,datasets/water/IWHR_AI_Lable_Floater_V1/raw/package1/JPEGImages/1244.jpg,package1,package1,rubbish,rubbish,True,False
near_duplicate_dhash,3,datasets/water/IWHR_AI_Lable_Floater_V1/raw/package1/JPEGImages/1226.jpg,datasets/water/IWHR_AI_Lable_Floater_V1/raw/package1/JPEGImages/1248.jpg,package1,package1,rubbish,rubbish,True,False
near_duplicate_dhash,5,datasets/water/IWHR_AI_Lable_Floater_V1/raw/package1/JPEGImages/1227.jpg,datasets/water/IWHR_AI_Lable_Floater_V1/raw/package1/JPEGImages/1249.jpg,package1,package1,rubbish,rubbish,True,False
near_duplicate_dhash,3,datasets/water/IWHR_AI_Lable_Floater_V1/raw/package1/JPEGImages/1229.jpg,datasets/water/IWHR_AI_Lable_Floater_V1/raw/package1/JPEGImages/1251.jpg,package1,package1,rubbish,rubbish,True,False
near_duplicate_dhash,3,datasets/water/IWHR_AI_Lable_Floater_V1/raw/package1/JPEGImages/1229.jpg,datasets/water/IWHR_AI_Lable_Floater_V1/raw/package1/JPEGImages/1269.jpg,package1,package1,rubbish,rubbish,True,False
near_duplicate_dhash,4,datasets/water/IWHR_AI_Lable_Floater_V1/raw/package1/JPEGImages/1229.jpg,datasets/water/IWHR_AI_Lable_Floater_V1/raw/package1/JPEGImages/1292.jpg,package1,package1,rubbish,rubbish,True,False
near_duplicate_dhash,4,datasets/water/IWHR_AI_Lable_Floater_V1/raw/package1/JPEGImages/1235.jpg,datasets/water/IWHR_AI_Lable_Floater_V1/raw/package1/JPEGImages/1399.jpg,package1,package1,rubbish,rubbish,True,False
near_duplicate_dhash,5,datasets/water/IWHR_AI_Lable_Floater_V1/raw/package1/JPEGImages/1238.jpg,datasets/water/IWHR_AI_Lable_Floater_V1/raw/package1/JPEGImages/1330.jpg,package1,package1,rubbish,rubbish,True,False
near_duplicate_dhash,3,datasets/water/IWHR_AI_Lable_Floater_V1/raw/package1/JPEGImages/1239.jpg,datasets/water/IWHR_AI_Lable_Floater_V1/raw/package2/JPEGImages/1687.jpg,package1,package2,rubbish,fishing-1,False,True
near_duplicate_dhash,5,datasets/water/IWHR_AI_Lable_Floater_V1/raw/package1/JPEGImages/1239.jpg,datasets/water/IWHR_AI_Lable_Floater_V1/raw/package2/JPEGImages/1905.jpg,package1,package2,rubbish,fishing-1,False,True
near_duplicate_dhash,5,datasets/water/IWHR_AI_Lable_Floater_V1/raw/package1/JPEGImages/1241.jpg,datasets/water/IWHR_AI_Lable_Floater_V1/raw/package1/JPEGImages/1261.jpg,package1,package1,rubbish,rubbish,True,False
near_duplicate_dhash,4,datasets/water/IWHR_AI_Lable_Floater_V1/raw/package1/JPEGImages/1242.jpg,datasets/water/IWHR_AI_Lable_Floater_V1/raw/package1/JPEGImages/1262.jpg,package1,package1,rubbish,rubbish,True,False
near_duplicate_dhash,3,datasets/water/IWHR_AI_Lable_Floater_V1/raw/package1/JPEGImages/1243.jpg,datasets/water/IWHR_AI_Lable_Floater_V1/raw/package1/JPEGImages/1310.jpg,package1,package1,rubbish,rubbish,True,False
near_duplicate_dhash,5,datasets/water/IWHR_AI_Lable_Floater_V1/raw/package1/JPEGImages/1245.jpg,datasets/water/IWHR_AI_Lable_Floater_V1/raw/package1/JPEGImages/1264.jpg,package1,package1,rubbish,rubbish,True,False
near_duplicate_dhash,4,datasets/water/IWHR_AI_Lable_Floater_V1/raw/package1/JPEGImages/1247.jpg,datasets/water/IWHR_AI_Lable_Floater_V1/raw/package1/JPEGImages/1266.jpg,package1,package1,rubbish,rubbish,True,False
near_duplicate_dhash,3,datasets/water/IWHR_AI_Lable_Floater_V1/raw/package1/JPEGImages/1252.jpg,datasets/water/IWHR_AI_Lable_Floater_V1/raw/package1/JPEGImages/1270.jpg,package1,package1,rubbish,rubbish,True,False
near_duplicate_dhash,5,datasets/water/IWHR_AI_Lable_Floater_V1/raw/package1/JPEGImages/1253.jpg,datasets/water/IWHR_AI_Lable_Floater_V1/raw/package1/JPEGImages/1296.jpg,package1,package1,rubbish,rubbish,True,False
near_duplicate_dhash,5,datasets/water/IWHR_AI_Lable_Floater_V1/raw/package1/JPEGImages/1255.jpg,datasets/water/IWHR_AI_Lable_Floater_V1/raw/package1/JPEGImages/1273.jpg,package1,package1,rubbish,rubbish,True,False
near_duplicate_dhash,3,datasets/water/IWHR_AI_Lable_Floater_V1/raw/package1/JPEGImages/1262.jpg,datasets/water/IWHR_AI_Lable_Floater_V1/raw/package1/JPEGImages/1282.jpg,package1,package1,rubbish,rubbish,True,False
near_duplicate_dhash,5,datasets/water/IWHR_AI_Lable_Floater_V1/raw/package1/JPEGImages/1263.jpg,datasets/water/IWHR_AI_Lable_Floater_V1/raw/package1/JPEGImages/1283.jpg,package1,package1,rubbish,rubbish,True,False
near_duplicate_dhash,4,datasets/water/IWHR_AI_Lable_Floater_V1/raw/package1/JPEGImages/1266.jpg,datasets/water/IWHR_AI_Lable_Floater_V1/raw/package1/JPEGImages/1287.jpg,package1,package1,rubbish,rubbish,True,False
near_duplicate_dhash,4,datasets/water/IWHR_AI_Lable_Floater_V1/raw/package1/JPEGImages/1266.jpg,datasets/water/IWHR_AI_Lable_Floater_V1/raw/package1/JPEGImages/1314.jpg,package1,package1,rubbish,rubbish,True,False
near_duplicate_dhash,5,datasets/water/IWHR_AI_Lable_Floater_V1/raw/package1/JPEGImages/1267.jpg,datasets/water/IWHR_AI_Lable_Floater_V1/raw/package1/JPEGImages/1290.jpg,package1,package1,rubbish,rubbish,True,False
near_duplicate_dhash,4,datasets/water/IWHR_AI_Lable_Floater_V1/raw/package1/JPEGImages/1271.jpg,datasets/water/IWHR_AI_Lable_Floater_V1/raw/package2/JPEGImages/1882.jpg,package1,package2,rubbish,rubbish,True,True
near_duplicate_dhash,3,datasets/water/IWHR_AI_Lable_Floater_V1/raw/package1/JPEGImages/1271.jpg,datasets/water/IWHR_AI_Lable_Floater_V1/raw/package2/JPEGImages/2972.jpg,package1,package2,rubbish,rubbish,True,True
near_duplicate_dhash,4,datasets/water/IWHR_AI_Lable_Floater_V1/raw/package1/JPEGImages/1274.jpg,datasets/water/IWHR_AI_Lable_Floater_V1/raw/package2/JPEGImages/1721.jpg,package1,package2,rubbish,fishing-1,False,True
near_duplicate_dhash,4,datasets/water/IWHR_AI_Lable_Floater_V1/raw/package1/JPEGImages/1277.jpg,datasets/water/IWHR_AI_Lable_Floater_V1/raw/package1/JPEGImages/1440.jpg,package1,package1,rubbish,rubbish,True,False
near_duplicate_dhash,5,datasets/water/IWHR_AI_Lable_Floater_V1/raw/package1/JPEGImages/1278.jpg,datasets/water/IWHR_AI_Lable_Floater_V1/raw/package1/JPEGImages/1302.jpg,package1,package1,rubbish,rubbish,True,False
near_duplicate_dhash,5,datasets/water/IWHR_AI_Lable_Floater_V1/raw/package1/JPEGImages/1281.jpg,datasets/water/IWHR_AI_Lable_Floater_V1/raw/package1/JPEGImages/1308.jpg,package1,package1,rubbish,rubbish,True,False
near_duplicate_dhash,3,datasets/water/IWHR_AI_Lable_Floater_V1/raw/package1/JPEGImages/1282.jpg,datasets/water/IWHR_AI_Lable_Floater_V1/raw/package1/JPEGImages/1309.jpg,package1,package1,rubbish,rubbish,True,False
near_duplicate_dhash,4,datasets/water/IWHR_AI_Lable_Floater_V1/raw/package1/JPEGImages/1283.jpg,datasets/water/IWHR_AI_Lable_Floater_V1/raw/package1/JPEGImages/1311.jpg,package1,package1,rubbish,rubbish,True,False
near_duplicate_dhash,5,datasets/water/IWHR_AI_Lable_Floater_V1/raw/package1/JPEGImages/1284.jpg,datasets/water/IWHR_AI_Lable_Floater_V1/raw/package2/JPEGImages/1731.jpg,package1,package2,rubbish,fishing-1,False,True
near_duplicate_dhash,3,datasets/water/IWHR_AI_Lable_Floater_V1/raw/package1/JPEGImages/1285.jpg,datasets/water/IWHR_AI_Lable_Floater_V1/raw/package1/JPEGImages/1312.jpg,package1,package1,rubbish,rubbish,True,False
near_duplicate_dhash,5,datasets/water/IWHR_AI_Lable_Floater_V1/raw/package1/JPEGImages/1286.jpg,datasets/water/IWHR_AI_Lable_Floater_V1/raw/package1/JPEGImages/1313.jpg,package1,package1,rubbish,rubbish,True,False
near_duplicate_dhash,5,datasets/water/IWHR_AI_Lable_Floater_V1/raw/package1/JPEGImages/1292.jpg,datasets/water/IWHR_AI_Lable_Floater_V1/raw/package1/JPEGImages/1318.jpg,package1,package1,rubbish,rubbish,True,False
near_duplicate_dhash,5,datasets/water/IWHR_AI_Lable_Floater_V1/raw/package1/JPEGImages/1294.jpg,datasets/water/IWHR_AI_Lable_Floater_V1/raw/package1/JPEGImages/1370.jpg,package1,package1,rubbish,rubbish,True,False
near_duplicate_dhash,4,datasets/water/IWHR_AI_Lable_Floater_V1/raw/package1/JPEGImages/1296.jpg,datasets/water/IWHR_AI_Lable_Floater_V1/raw/package1/JPEGImages/1320.jpg,package1,package1,rubbish,rubbish,True,False
near_duplicate_dhash,4,datasets/water/IWHR_AI_Lable_Floater_V1/raw/package1/JPEGImages/1299.jpg,datasets/water/IWHR_AI_Lable_Floater_V1/raw/package1/JPEGImages/1396.jpg,package1,package1,rubbish,rubbish,True,False
near_duplicate_dhash,5,datasets/water/IWHR_AI_Lable_Floater_V1/raw/package1/JPEGImages/1300.jpg,datasets/water/IWHR_AI_Lable_Floater_V1/raw/package1/JPEGImages/1351.jpg,package1,package1,rubbish,rubbish,True,False
near_duplicate_dhash,5,datasets/water/IWHR_AI_Lable_Floater_V1/raw/package1/JPEGImages/1301.jpg,datasets/water/IWHR_AI_Lable_Floater_V1/raw/package1/JPEGImages/1354.jpg,package1,package1,rubbish,rubbish,True,False
near_duplicate_dhash,3,datasets/water/IWHR_AI_Lable_Floater_V1/raw/package1/JPEGImages/1302.jpg,datasets/water/IWHR_AI_Lable_Floater_V1/raw/package1/JPEGImages/1327.jpg,package1,package1,rubbish,rubbish,True,False
near_duplicate_dhash,3,datasets/water/IWHR_AI_Lable_Floater_V1/raw/package1/JPEGImages/1304.jpg,datasets/water/IWHR_AI_Lable_Floater_V1/raw/package1/JPEGImages/1329.jpg,package1,package1,rubbish,rubbish,True,False
near_duplicate_dhash,5,datasets/water/IWHR_AI_Lable_Floater_V1/raw/package1/JPEGImages/1306.jpg,datasets/water/IWHR_AI_Lable_Floater_V1/raw/package1/JPEGImages/1358.jpg,package1,package1,rubbish,rubbish,True,False
near_duplicate_dhash,3,datasets/water/IWHR_AI_Lable_Floater_V1/raw/package1/JPEGImages/1307.jpg,datasets/water/IWHR_AI_Lable_Floater_V1/raw/package1/JPEGImages/1331.jpg,package1,package1,rubbish,rubbish,True,False
near_duplicate_dhash,3,datasets/water/IWHR_AI_Lable_Floater_V1/raw/package1/JPEGImages/1308.jpg,datasets/water/IWHR_AI_Lable_Floater_V1/raw/package1/JPEGImages/1332.jpg,package1,package1,rubbish,rubbish,True,False
near_duplicate_dhash,3,datasets/water/IWHR_AI_Lable_Floater_V1/raw/package1/JPEGImages/1310.jpg,datasets/water/IWHR_AI_Lable_Floater_V1/raw/package1/JPEGImages/1363.jpg,package1,package1,rubbish,rubbish,True,False
near_duplicate_dhash,5,datasets/water/IWHR_AI_Lable_Floater_V1/raw/package1/JPEGImages/1311.jpg,datasets/water/IWHR_AI_Lable_Floater_V1/raw/package1/JPEGImages/1336.jpg,package1,package1,rubbish,rubbish,True,False
near_duplicate_dhash,5,datasets/water/IWHR_AI_Lable_Floater_V1/raw/package1/JPEGImages/1314.jpg,datasets/water/IWHR_AI_Lable_Floater_V1/raw/package1/JPEGImages/1339.jpg,package1,package1,rubbish,rubbish,True,False
near_duplicate_dhash,4,datasets/water/IWHR_AI_Lable_Floater_V1/raw/package1/JPEGImages/1315.jpg,datasets/water/IWHR_AI_Lable_Floater_V1/raw/package2/JPEGImages/1754.jpg,package1,package2,rubbish,fishing-1,False,True
near_duplicate_dhash,5,datasets/water/IWHR_AI_Lable_Floater_V1/raw/package1/JPEGImages/1316.jpg,datasets/water/IWHR_AI_Lable_Floater_V1/raw/package1/JPEGImages/1342.jpg,package1,package1,rubbish,rubbish,True,False
near_duplicate_dhash,3,datasets/water/IWHR_AI_Lable_Floater_V1/raw/package1/JPEGImages/1317.jpg,datasets/water/IWHR_AI_Lable_Floater_V1/raw/package1/JPEGImages/1343.jpg,package1,package1,rubbish,rubbish,True,False
near_duplicate_dhash,5,datasets/water/IWHR_AI_Lable_Floater_V1/raw/package1/JPEGImages/1320.jpg,datasets/water/IWHR_AI_Lable_Floater_V1/raw/package1/JPEGImages/1417.jpg,package1,package1,rubbish,rubbish,True,False
near_duplicate_dhash,5,datasets/water/IWHR_AI_Lable_Floater_V1/raw/package1/JPEGImages/1322.jpg,datasets/water/IWHR_AI_Lable_Floater_V1/raw/package1/JPEGImages/1348.jpg,package1,package1,rubbish,rubbish,True,False
near_duplicate_dhash,5,datasets/water/IWHR_AI_Lable_Floater_V1/raw/package1/JPEGImages/1324.jpg,datasets/water/IWHR_AI_Lable_Floater_V1/raw/package1/JPEGImages/1350.jpg,package1,package1,rubbish,rubbish,True,False
near_duplicate_dhash,4,datasets/water/IWHR_AI_Lable_Floater_V1/raw/package1/JPEGImages/1325.jpg,datasets/water/IWHR_AI_Lable_Floater_V1/raw/package1/JPEGImages/1351.jpg,package1,package1,rubbish,rubbish,True,False
near_duplicate_dhash,3,datasets/water/IWHR_AI_Lable_Floater_V1/raw/package1/JPEGImages/1326.jpg,datasets/water/IWHR_AI_Lable_Floater_V1/raw/package1/JPEGImages/1440.jpg,package1,package1,rubbish,rubbish,True,False
near_duplicate_dhash,3,datasets/water/IWHR_AI_Lable_Floater_V1/raw/package1/JPEGImages/1329.jpg,datasets/water/IWHR_AI_Lable_Floater_V1/raw/package1/JPEGImages/1423.jpg,package1,package1,rubbish,rubbish,True,False
near_duplicate_dhash,4,datasets/water/IWHR_AI_Lable_Floater_V1/raw/package1/JPEGImages/1329.jpg,datasets/water/IWHR_AI_Lable_Floater_V1/raw/package1/JPEGImages/1443.jpg,package1,package1,rubbish,rubbish,True,False
near_duplicate_dhash,5,datasets/water/IWHR_AI_Lable_Floater_V1/raw/package1/JPEGImages/1330.jpg,datasets/water/IWHR_AI_Lable_Floater_V1/raw/package1/JPEGImages/1402.jpg,package1,package1,rubbish,rubbish,True,False
near_duplicate_dhash,3,datasets/water/IWHR_AI_Lable_Floater_V1/raw/package1/JPEGImages/1331.jpg,datasets/water/IWHR_AI_Lable_Floater_V1/raw/package1/JPEGImages/1360.jpg,package1,package1,rubbish,rubbish,True,False
near_duplicate_dhash,4,datasets/water/IWHR_AI_Lable_Floater_V1/raw/package1/JPEGImages/1333.jpg,datasets/water/IWHR_AI_Lable_Floater_V1/raw/package1/JPEGImages/1408.jpg,package1,package1,rubbish,rubbish,True,False
near_duplicate_dhash,5,datasets/water/IWHR_AI_Lable_Floater_V1/raw/package1/JPEGImages/1333.jpg,datasets/water/IWHR_AI_Lable_Floater_V1/raw/package1/JPEGImages/1451.jpg,package1,package1,rubbish,rubbish,True,False
near_duplicate_dhash,4,datasets/water/IWHR_AI_Lable_Floater_V1/raw/package1/JPEGImages/1336.jpg,datasets/water/IWHR_AI_Lable_Floater_V1/raw/package1/JPEGImages/1364.jpg,package1,package1,rubbish,rubbish,True,False
near_duplicate_dhash,5,datasets/water/IWHR_AI_Lable_Floater_V1/raw/package1/JPEGImages/1336.jpg,datasets/water/IWHR_AI_Lable_Floater_V1/raw/package1/JPEGImages/1383.jpg,package1,package1,rubbish,rubbish,True,False
near_duplicate_dhash,5,datasets/water/IWHR_AI_Lable_Floater_V1/raw/package1/JPEGImages/1338.jpg,datasets/water/IWHR_AI_Lable_Floater_V1/raw/package1/JPEGImages/1366.jpg,package1,package1,rubbish,rubbish,True,False
near_duplicate_dhash,4,datasets/water/IWHR_AI_Lable_Floater_V1/raw/package1/JPEGImages/1346.jpg,datasets/water/IWHR_AI_Lable_Floater_V1/raw/package1/JPEGImages/1371.jpg,package1,package1,rubbish,rubbish,True,False
near_duplicate_dhash,5,datasets/water/IWHR_AI_Lable_Floater_V1/raw/package1/JPEGImages/1355.jpg,datasets/water/IWHR_AI_Lable_Floater_V1/raw/package1/JPEGImages/1378.jpg,package1,package1,rubbish,rubbish,True,False
near_duplicate_dhash,4,datasets/water/IWHR_AI_Lable_Floater_V1/raw/package1/JPEGImages/1361.jpg,datasets/water/IWHR_AI_Lable_Floater_V1/raw/package1/JPEGImages/1380.jpg,package1,package1,rubbish,rubbish,True,False
near_duplicate_dhash,5,datasets/water/IWHR_AI_Lable_Floater_V1/raw/package1/JPEGImages/1363.jpg,datasets/water/IWHR_AI_Lable_Floater_V1/raw/package1/JPEGImages/1427.jpg,package1,package1,rubbish,rubbish,True,False
near_duplicate_dhash,4,datasets/water/IWHR_AI_Lable_Floater_V1/raw/package1/JPEGImages/1364.jpg,datasets/water/IWHR_AI_Lable_Floater_V1/raw/package1/JPEGImages/1407.jpg,package1,package1,rubbish,rubbish,True,False
near_duplicate_dhash,5,datasets/water/IWHR_AI_Lable_Floater_V1/raw/package1/JPEGImages/1366.jpg,datasets/water/IWHR_AI_Lable_Floater_V1/raw/package1/JPEGImages/1386.jpg,package1,package1,rubbish,rubbish,True,False
near_duplicate_dhash,5,datasets/water/IWHR_AI_Lable_Floater_V1/raw/package1/JPEGImages/1369.jpg,datasets/water/IWHR_AI_Lable_Floater_V1/raw/package1/JPEGImages/1390.jpg,package1,package1,rubbish,rubbish,True,False
near_duplicate_dhash,4,datasets/water/IWHR_AI_Lable_Floater_V1/raw/package1/JPEGImages/1371.jpg,datasets/water/IWHR_AI_Lable_Floater_V1/raw/package1/JPEGImages/1391.jpg,package1,package1,rubbish,rubbish,True,False
near_duplicate_dhash,4,datasets/water/IWHR_AI_Lable_Floater_V1/raw/package1/JPEGImages/1374.jpg,datasets/water/IWHR_AI_Lable_Floater_V1/raw/package1/JPEGImages/1393.jpg,package1,package1,rubbish,rubbish,True,False
near_duplicate_dhash,4,datasets/water/IWHR_AI_Lable_Floater_V1/raw/package1/JPEGImages/1375.jpg,datasets/water/IWHR_AI_Lable_Floater_V1/raw/package1/JPEGImages/1420.jpg,package1,package1,rubbish,rubbish,True,False
near_duplicate_dhash,4,datasets/water/IWHR_AI_Lable_Floater_V1/raw/package1/JPEGImages/1376.jpg,datasets/water/IWHR_AI_Lable_Floater_V1/raw/package1/JPEGImages/1397.jpg,package1,package1,rubbish,rubbish,True,False
near_duplicate_dhash,4,datasets/water/IWHR_AI_Lable_Floater_V1/raw/package1/JPEGImages/1378.jpg,datasets/water/IWHR_AI_Lable_Floater_V1/raw/package1/JPEGImages/1421.jpg,package1,package1,rubbish,rubbish,True,False
near_duplicate_dhash,3,datasets/water/IWHR_AI_Lable_Floater_V1/raw/package1/JPEGImages/1383.jpg,datasets/water/IWHR_AI_Lable_Floater_V1/raw/package1/JPEGImages/1407.jpg,package1,package1,rubbish,rubbish,True,False
near_duplicate_dhash,5,datasets/water/IWHR_AI_Lable_Floater_V1/raw/package1/JPEGImages/1385.jpg,datasets/water/IWHR_AI_Lable_Floater_V1/raw/package1/JPEGImages/1429.jpg,package1,package1,rubbish,rubbish,True,False
near_duplicate_dhash,3,datasets/water/IWHR_AI_Lable_Floater_V1/raw/package1/JPEGImages/1387.jpg,datasets/water/IWHR_AI_Lable_Floater_V1/raw/package1/JPEGImages/1411.jpg,package1,package1,rubbish,rubbish,True,False
near_duplicate_dhash,3,datasets/water/IWHR_AI_Lable_Floater_V1/raw/package1/JPEGImages/1388.jpg,datasets/water/IWHR_AI_Lable_Floater_V1/raw/package1/JPEGImages/1413.jpg,package1,package1,rubbish,rubbish,True,False
near_duplicate_dhash,4,datasets/water/IWHR_AI_Lable_Floater_V1/raw/package1/JPEGImages/1395.jpg,datasets/water/IWHR_AI_Lable_Floater_V1/raw/package2/JPEGImages/1822.jpg,package1,package2,rubbish,rubbish,True,True
near_duplicate_dhash,5,datasets/water/IWHR_AI_Lable_Floater_V1/raw/package1/JPEGImages/1395.jpg,datasets/water/IWHR_AI_Lable_Floater_V1/raw/package2/JPEGImages/2979.jpg,package1,package2,rubbish,rubbish,True,True
near_duplicate_dhash,5,datasets/water/IWHR_AI_Lable_Floater_V1/raw/package1/JPEGImages/1400.jpg,datasets/water/IWHR_AI_Lable_Floater_V1/raw/package1/JPEGImages/1442.jpg,package1,package1,rubbish,rubbish,True,False
near_duplicate_dhash,5,datasets/water/IWHR_AI_Lable_Floater_V1/raw/package1/JPEGImages/1402.jpg,datasets/water/IWHR_AI_Lable_Floater_V1/raw/package1/JPEGImages/1446.jpg,package1,package1,rubbish,rubbish,True,False
near_duplicate_dhash,5,datasets/water/IWHR_AI_Lable_Floater_V1/raw/package1/JPEGImages/1404.jpg,datasets/water/IWHR_AI_Lable_Floater_V1/raw/package1/JPEGImages/1424.jpg,package1,package1,rubbish,rubbish,True,False
near_duplicate_dhash,4,datasets/water/IWHR_AI_Lable_Floater_V1/raw/package1/JPEGImages/1409.jpg,datasets/water/IWHR_AI_Lable_Floater_V1/raw/package2/JPEGImages/2980.jpg,package1,package2,rubbish,rubbish,True,True
near_duplicate_dhash,5,datasets/water/IWHR_AI_Lable_Floater_V1/raw/package1/JPEGImages/1420.jpg,datasets/water/IWHR_AI_Lable_Floater_V1/raw/package1/JPEGImages/1436.jpg,package1,package1,rubbish,rubbish,True,False
near_duplicate_dhash,3,datasets/water/IWHR_AI_Lable_Floater_V1/raw/package1/JPEGImages/1421.jpg,datasets/water/IWHR_AI_Lable_Floater_V1/raw/package1/JPEGImages/1442.jpg,package1,package1,rubbish,rubbish,True,False
near_duplicate_dhash,5,datasets/water/IWHR_AI_Lable_Floater_V1/raw/package1/JPEGImages/1424.jpg,datasets/water/IWHR_AI_Lable_Floater_V1/raw/package1/JPEGImages/1448.jpg,package1,package1,rubbish,rubbish,True,False
near_duplicate_dhash,4,datasets/water/IWHR_AI_Lable_Floater_V1/raw/package1/JPEGImages/1425.jpg,datasets/water/IWHR_AI_Lable_Floater_V1/raw/package1/JPEGImages/1449.jpg,package1,package1,rubbish,rubbish,True,False
near_duplicate_dhash,5,datasets/water/IWHR_AI_Lable_Floater_V1/raw/package1/JPEGImages/1426.jpg,datasets/water/IWHR_AI_Lable_Floater_V1/raw/package1/JPEGImages/1450.jpg,package1,package1,rubbish,rubbish,True,False
near_duplicate_dhash,3,datasets/water/IWHR_AI_Lable_Floater_V1/raw/package1/JPEGImages/1438.jpg,datasets/water/IWHR_AI_Lable_Floater_V1/raw/package1/JPEGImages/1476.jpg,package1,package1,rubbish,rubbish,True,False
near_duplicate_dhash,5,datasets/water/IWHR_AI_Lable_Floater_V1/raw/package1/JPEGImages/1440.jpg,datasets/water/IWHR_AI_Lable_Floater_V1/raw/package2/JPEGImages/1517.jpg,package1,package2,rubbish,rubbish,True,True
near_duplicate_dhash,3,datasets/water/IWHR_AI_Lable_Floater_V1/raw/package1/JPEGImages/1452.jpg,datasets/water/IWHR_AI_Lable_Floater_V1/raw/package2/JPEGImages/2773.jpg,package1,package2,rubbish,fishing-1,False,True
near_duplicate_dhash,3,datasets/water/IWHR_AI_Lable_Floater_V1/raw/package1/JPEGImages/1458.jpg,datasets/water/IWHR_AI_Lable_Floater_V1/raw/package2/JPEGImages/2180.jpg,package1,package2,fishing-1,fishing-1,True,True
near_duplicate_dhash,5,datasets/water/IWHR_AI_Lable_Floater_V1/raw/package1/JPEGImages/1461.jpg,datasets/water/IWHR_AI_Lable_Floater_V1/raw/package1/JPEGImages/1484.jpg,package1,package1,fishing-3,rubbish,False,False
near_duplicate_dhash,4,datasets/water/IWHR_AI_Lable_Floater_V1/raw/package1/JPEGImages/1462.jpg,datasets/water/IWHR_AI_Lable_Floater_V1/raw/package1/JPEGImages/1485.jpg,package1,package1,rubbish,rubbish,True,False
near_duplicate_dhash,5,datasets/water/IWHR_AI_Lable_Floater_V1/raw/package1/JPEGImages/1466.jpg,datasets/water/IWHR_AI_Lable_Floater_V1/raw/package1/JPEGImages/1491.jpg,package1,package1,rubbish,rubbish,True,False
near_duplicate_dhash,5,datasets/water/IWHR_AI_Lable_Floater_V1/raw/package1/JPEGImages/1467.jpg,datasets/water/IWHR_AI_Lable_Floater_V1/raw/package1/JPEGImages/1492.jpg,package1,package1,rubbish,rubbish,True,False
near_duplicate_dhash,4,datasets/water/IWHR_AI_Lable_Floater_V1/raw/package1/JPEGImages/1469.jpg,datasets/water/IWHR_AI_Lable_Floater_V1/raw/package2/JPEGImages/1510.jpg,package1,package2,rubbish,rubbish,True,True
near_duplicate_dhash,4,datasets/water/IWHR_AI_Lable_Floater_V1/raw/package1/JPEGImages/1471.jpg,datasets/water/IWHR_AI_Lable_Floater_V1/raw/package1/JPEGImages/1493.jpg,package1,package1,rubbish,rubbish,True,False
near_duplicate_dhash,3,datasets/water/IWHR_AI_Lable_Floater_V1/raw/package1/JPEGImages/1474.jpg,datasets/water/IWHR_AI_Lable_Floater_V1/raw/package1/JPEGImages/1497.jpg,package1,package1,rubbish,rubbish,True,False
near_duplicate_dhash,5,datasets/water/IWHR_AI_Lable_Floater_V1/raw/package1/JPEGImages/1475.jpg,datasets/water/IWHR_AI_Lable_Floater_V1/raw/package2/JPEGImages/1943.jpg,package1,package2,fishing-1,rubbish,False,True
near_duplicate_dhash,4,datasets/water/IWHR_AI_Lable_Floater_V1/raw/package1/JPEGImages/1476.jpg,datasets/water/IWHR_AI_Lable_Floater_V1/raw/package2/JPEGImages/1560.jpg,package1,package2,rubbish,rubbish,True,True
near_duplicate_dhash,5,datasets/water/IWHR_AI_Lable_Floater_V1/raw/package1/JPEGImages/1477.jpg,datasets/water/IWHR_AI_Lable_Floater_V1/raw/package1/JPEGImages/1498.jpg,package1,package1,rubbish,rubbish,True,False
near_duplicate_dhash,4,datasets/water/IWHR_AI_Lable_Floater_V1/raw/package1/JPEGImages/1479.jpg,datasets/water/IWHR_AI_Lable_Floater_V1/raw/package2/JPEGImages/1740.jpg,package1,package2,rubbish,rubbish,True,True
near_duplicate_dhash,5,datasets/water/IWHR_AI_Lable_Floater_V1/raw/package1/JPEGImages/1482.jpg,datasets/water/IWHR_AI_Lable_Floater_V1/raw/package2/JPEGImages/1501.jpg,package1,package2,rubbish,fishing-3,False,True
near_duplicate_dhash,4,datasets/water/IWHR_AI_Lable_Floater_V1/raw/package1/JPEGImages/1483.jpg,datasets/water/IWHR_AI_Lable_Floater_V1/raw/package2/JPEGImages/1502.jpg,package1,package2,rubbish,rubbish,True,True
near_duplicate_dhash,4,datasets/water/IWHR_AI_Lable_Floater_V1/raw/package1/JPEGImages/1488.jpg,datasets/water/IWHR_AI_Lable_Floater_V1/raw/package2/JPEGImages/1506.jpg,package1,package2,rubbish,rubbish,True,True
near_duplicate_dhash,5,datasets/water/IWHR_AI_Lable_Floater_V1/raw/package1/JPEGImages/1490.jpg,datasets/water/IWHR_AI_Lable_Floater_V1/raw/package2/JPEGImages/1530.jpg,package1,package2,rubbish,rubbish,True,True
near_duplicate_dhash,4,datasets/water/IWHR_AI_Lable_Floater_V1/raw/package1/JPEGImages/1491.jpg,datasets/water/IWHR_AI_Lable_Floater_V1/raw/package2/JPEGImages/1508.jpg,package1,package2,rubbish,fishing-3,False,True
near_duplicate_dhash,5,datasets/water/IWHR_AI_Lable_Floater_V1/raw/package1/JPEGImages/1491.jpg,datasets/water/IWHR_AI_Lable_Floater_V1/raw/package2/JPEGImages/1531.jpg,package1,package2,rubbish,rubbish,True,True
near_duplicate_dhash,5,datasets/water/IWHR_AI_Lable_Floater_V1/raw/package1/JPEGImages/1492.jpg,datasets/water/IWHR_AI_Lable_Floater_V1/raw/package2/JPEGImages/1509.jpg,package1,package2,rubbish,rubbish,True,True
near_duplicate_dhash,4,datasets/water/IWHR_AI_Lable_Floater_V1/raw/package1/JPEGImages/1493.jpg,datasets/water/IWHR_AI_Lable_Floater_V1/raw/package2/JPEGImages/1511.jpg,package1,package2,rubbish,rubbish,True,True
near_duplicate_dhash,4,datasets/water/IWHR_AI_Lable_Floater_V1/raw/package1/JPEGImages/1494.jpg,datasets/water/IWHR_AI_Lable_Floater_V1/raw/package2/JPEGImages/1738.jpg,package1,package2,fishing-1,fishing-1,True,True
near_duplicate_dhash,5,datasets/water/IWHR_AI_Lable_Floater_V1/raw/package1/JPEGImages/1494.jpg,datasets/water/IWHR_AI_Lable_Floater_V1/raw/package2/JPEGImages/1961.jpg,package1,package2,fishing-1,fishing-1,True,True
near_duplicate_dhash,5,datasets/water/IWHR_AI_Lable_Floater_V1/raw/package1/JPEGImages/1496.jpg,datasets/water/IWHR_AI_Lable_Floater_V1/raw/package2/JPEGImages/1513.jpg,package1,package2,rubbish,rubbish,True,True
near_duplicate_dhash,5,datasets/water/IWHR_AI_Lable_Floater_V1/raw/package1/JPEGImages/1497.jpg,datasets/water/IWHR_AI_Lable_Floater_V1/raw/package2/JPEGImages/1514.jpg,package1,package2,rubbish,fishing-3,False,True
near_duplicate_dhash,4,datasets/water/IWHR_AI_Lable_Floater_V1/raw/package1/JPEGImages/1499.jpg,datasets/water/IWHR_AI_Lable_Floater_V1/raw/package2/JPEGImages/1518.jpg,package1,package2,rubbish,rubbish,True,True
near_duplicate_dhash,5,datasets/water/IWHR_AI_Lable_Floater_V1/raw/package2/JPEGImages/1502.jpg,datasets/water/IWHR_AI_Lable_Floater_V1/raw/package2/JPEGImages/1524.jpg,package2,package2,rubbish,rubbish,True,False
near_duplicate_dhash,3,datasets/water/IWHR_AI_Lable_Floater_V1/raw/package2/JPEGImages/1503.jpg,datasets/water/IWHR_AI_Lable_Floater_V1/raw/package2/JPEGImages/1525.jpg,package2,package2,fishing-3,fishing-3,True,False
near_duplicate_dhash,5,datasets/water/IWHR_AI_Lable_Floater_V1/raw/package2/JPEGImages/1504.jpg,datasets/water/IWHR_AI_Lable_Floater_V1/raw/package2/JPEGImages/1569.jpg,package2,package2,rubbish,fishing-3,False,False
near_duplicate_dhash,5,datasets/water/IWHR_AI_Lable_Floater_V1/raw/package2/JPEGImages/1505.jpg,datasets/water/IWHR_AI_Lable_Floater_V1/raw/package2/JPEGImages/1528.jpg,package2,package2,fishing-3,rubbish,False,False
near_duplicate_dhash,4,datasets/water/IWHR_AI_Lable_Floater_V1/raw/package2/JPEGImages/1508.jpg,datasets/water/IWHR_AI_Lable_Floater_V1/raw/package2/JPEGImages/1552.jpg,package2,package2,fishing-3,fishing-3,True,False
near_duplicate_dhash,5,datasets/water/IWHR_AI_Lable_Floater_V1/raw/package2/JPEGImages/1511.jpg,datasets/water/IWHR_AI_Lable_Floater_V1/raw/package2/JPEGImages/1534.jpg,package2,package2,rubbish,rubbish,True,False
near_duplicate_dhash,4,datasets/water/IWHR_AI_Lable_Floater_V1/raw/package2/JPEGImages/1514.jpg,datasets/water/IWHR_AI_Lable_Floater_V1/raw/package2/JPEGImages/1538.jpg,package2,package2,fishing-3,rubbish,False,False
near_duplicate_dhash,5,datasets/water/IWHR_AI_Lable_Floater_V1/raw/package2/JPEGImages/1515.jpg,datasets/water/IWHR_AI_Lable_Floater_V1/raw/package2/JPEGImages/1760.jpg,package2,package2,fishing-1,fishing-1,True,False
near_duplicate_dhash,5,datasets/water/IWHR_AI_Lable_Floater_V1/raw/package2/JPEGImages/1517.jpg,datasets/water/IWHR_AI_Lable_Floater_V1/raw/package2/JPEGImages/1632.jpg,package2,package2,rubbish,rubbish,True,False
near_duplicate_dhash,5,datasets/water/IWHR_AI_Lable_Floater_V1/raw/package2/JPEGImages/1518.jpg,datasets/water/IWHR_AI_Lable_Floater_V1/raw/package2/JPEGImages/1562.jpg,package2,package2,rubbish,fishing-3,False,False
near_duplicate_dhash,4,datasets/water/IWHR_AI_Lable_Floater_V1/raw/package2/JPEGImages/1522.jpg,datasets/water/IWHR_AI_Lable_Floater_V1/raw/package2/JPEGImages/1544.jpg,package2,package2,rubbish,rubbish,True,False
near_duplicate_dhash,3,datasets/water/IWHR_AI_Lable_Floater_V1/raw/package2/JPEGImages/1523.jpg,datasets/water/IWHR_AI_Lable_Floater_V1/raw/package2/JPEGImages/1545.jpg,package2,package2,rubbish,fishing-3,False,False
near_duplicate_dhash,4,datasets/water/IWHR_AI_Lable_Floater_V1/raw/package2/JPEGImages/1524.jpg,datasets/water/IWHR_AI_Lable_Floater_V1/raw/package2/JPEGImages/1546.jpg,package2,package2,rubbish,rubbish,True,False
near_duplicate_dhash,5,datasets/water/IWHR_AI_Lable_Floater_V1/raw/package2/JPEGImages/1525.jpg,datasets/water/IWHR_AI_Lable_Floater_V1/raw/package2/JPEGImages/1568.jpg,package2,package2,fishing-3,rubbish,False,False
near_duplicate_dhash,4,datasets/water/IWHR_AI_Lable_Floater_V1/raw/package2/JPEGImages/1529.jpg,datasets/water/IWHR_AI_Lable_Floater_V1/raw/package2/JPEGImages/1551.jpg,package2,package2,rubbish,rubbish,True,False
near_duplicate_dhash,4,datasets/water/IWHR_AI_Lable_Floater_V1/raw/package2/JPEGImages/1530.jpg,datasets/water/IWHR_AI_Lable_Floater_V1/raw/package2/JPEGImages/1574.jpg,package2,package2,rubbish,rubbish,True,False
near_duplicate_dhash,3,datasets/water/IWHR_AI_Lable_Floater_V1/raw/package2/JPEGImages/1531.jpg,datasets/water/IWHR_AI_Lable_Floater_V1/raw/package2/JPEGImages/1552.jpg,package2,package2,rubbish,fishing-3,False,False
near_duplicate_dhash,3,datasets/water/IWHR_AI_Lable_Floater_V1/raw/package2/JPEGImages/1534.jpg,datasets/water/IWHR_AI_Lable_Floater_V1/raw/package2/JPEGImages/1555.jpg,package2,package2,rubbish,rubbish,True,False
near_duplicate_dhash,3,datasets/water/IWHR_AI_Lable_Floater_V1/raw/package2/JPEGImages/1541.jpg,datasets/water/IWHR_AI_Lable_Floater_V1/raw/package2/JPEGImages/1562.jpg,package2,package2,rubbish,fishing-3,False,False
near_duplicate_dhash,5,datasets/water/IWHR_AI_Lable_Floater_V1/raw/package2/JPEGImages/1541.jpg,datasets/water/IWHR_AI_Lable_Floater_V1/raw/package2/JPEGImages/1588.jpg,package2,package2,rubbish,fishing-3,False,False
near_duplicate_dhash,4,datasets/water/IWHR_AI_Lable_Floater_V1/raw/package2/JPEGImages/1543.jpg,datasets/water/IWHR_AI_Lable_Floater_V1/raw/package2/JPEGImages/1637.jpg,package2,package2,fishing-3,rubbish,False,False
near_duplicate_dhash,5,datasets/water/IWHR_AI_Lable_Floater_V1/raw/package2/JPEGImages/1543.jpg,datasets/water/IWHR_AI_Lable_Floater_V1/raw/package2/JPEGImages/1823.jpg,package2,package2,fishing-3,rubbish,False,False
near_duplicate_dhash,3,datasets/water/IWHR_AI_Lable_Floater_V1/raw/package2/JPEGImages/1546.jpg,datasets/water/IWHR_AI_Lable_Floater_V1/raw/package2/JPEGImages/1594.jpg,package2,package2,rubbish,fishing-3,False,False
near_duplicate_dhash,5,datasets/water/IWHR_AI_Lable_Floater_V1/raw/package2/JPEGImages/1547.jpg,datasets/water/IWHR_AI_Lable_Floater_V1/raw/package2/JPEGImages/1789.jpg,package2,package2,fishing-1,fishing-1,True,False
near_duplicate_dhash,5,datasets/water/IWHR_AI_Lable_Floater_V1/raw/package2/JPEGImages/1549.jpg,datasets/water/IWHR_AI_Lable_Floater_V1/raw/package2/JPEGImages/1572.jpg,package2,package2,fishing-3,fishing-3,True,False
near_duplicate_dhash,4,datasets/water/IWHR_AI_Lable_Floater_V1/raw/package2/JPEGImages/1554.jpg,datasets/water/IWHR_AI_Lable_Floater_V1/raw/package2/JPEGImages/1604.jpg,package2,package2,rubbish,fishing-3,False,False
near_duplicate_dhash,5,datasets/water/IWHR_AI_Lable_Floater_V1/raw/package2/JPEGImages/1558.jpg,datasets/water/IWHR_AI_Lable_Floater_V1/raw/package2/JPEGImages/1582.jpg,package2,package2,rubbish,rubbish,True,False
near_duplicate_dhash,5,datasets/water/IWHR_AI_Lable_Floater_V1/raw/package2/JPEGImages/1559.jpg,datasets/water/IWHR_AI_Lable_Floater_V1/raw/package2/JPEGImages/2976.jpg,package2,package2,rubbish,rubbish,True,False
near_duplicate_dhash,4,datasets/water/IWHR_AI_Lable_Floater_V1/raw/package2/JPEGImages/1562.jpg,datasets/water/IWHR_AI_Lable_Floater_V1/raw/package2/JPEGImages/1614.jpg,package2,package2,fishing-3,fishing-3,True,False
near_duplicate_dhash,3,datasets/water/IWHR_AI_Lable_Floater_V1/raw/package2/JPEGImages/1570.jpg,datasets/water/IWHR_AI_Lable_Floater_V1/raw/package2/JPEGImages/1597.jpg,package2,package2,rubbish,fishing-3,False,False
near_duplicate_dhash,5,datasets/water/IWHR_AI_Lable_Floater_V1/raw/package2/JPEGImages/1571.jpg,datasets/water/IWHR_AI_Lable_Floater_V1/raw/package2/JPEGImages/1812.jpg,package2,package2,fishing-1,rubbish,False,False
near_duplicate_dhash,4,datasets/water/IWHR_AI_Lable_Floater_V1/raw/package2/JPEGImages/1573.jpg,datasets/water/IWHR_AI_Lable_Floater_V1/raw/package2/JPEGImages/1599.jpg,package2,package2,rubbish,fishing-3,False,False
near_duplicate_dhash,4,datasets/water/IWHR_AI_Lable_Floater_V1/raw/package2/JPEGImages/1575.jpg,datasets/water/IWHR_AI_Lable_Floater_V1/raw/package2/JPEGImages/1601.jpg,package2,package2,rubbish,fishing-3,False,False
near_duplicate_dhash,5,datasets/water/IWHR_AI_Lable_Floater_V1/raw/package2/JPEGImages/1576.jpg,datasets/water/IWHR_AI_Lable_Floater_V1/raw/package2/JPEGImages/1626.jpg,package2,package2,rubbish,fishing-3,False,False
near_duplicate_dhash,5,datasets/water/IWHR_AI_Lable_Floater_V1/raw/package2/JPEGImages/1577.jpg,datasets/water/IWHR_AI_Lable_Floater_V1/raw/package2/JPEGImages/1733.jpg,package2,package2,rubbish,rubbish,True,False
near_duplicate_dhash,4,datasets/water/IWHR_AI_Lable_Floater_V1/raw/package2/JPEGImages/1582.jpg,datasets/water/IWHR_AI_Lable_Floater_V1/raw/package2/JPEGImages/1609.jpg,package2,package2,rubbish,rubbish,True,False
near_duplicate_dhash,4,datasets/water/IWHR_AI_Lable_Floater_V1/raw/package2/JPEGImages/1582.jpg,datasets/water/IWHR_AI_Lable_Floater_V1/raw/package2/JPEGImages/1630.jpg,package2,package2,rubbish,rubbish,True,False
near_duplicate_dhash,5,datasets/water/IWHR_AI_Lable_Floater_V1/raw/package2/JPEGImages/1585.jpg,datasets/water/IWHR_AI_Lable_Floater_V1/raw/package2/JPEGImages/1633.jpg,package2,package2,rubbish,rubbish,True,False
near_duplicate_dhash,5,datasets/water/IWHR_AI_Lable_Floater_V1/raw/package2/JPEGImages/1585.jpg,datasets/water/IWHR_AI_Lable_Floater_V1/raw/package2/JPEGImages/1958.jpg,package2,package2,rubbish,rubbish,True,False
near_duplicate_dhash,4,datasets/water/IWHR_AI_Lable_Floater_V1/raw/package2/JPEGImages/1585.jpg,datasets/water/IWHR_AI_Lable_Floater_V1/raw/package2/JPEGImages/1999.jpg,package2,package2,rubbish,rubbish,True,False
near_duplicate_dhash,3,datasets/water/IWHR_AI_Lable_Floater_V1/raw/package2/JPEGImages/1590.jpg,datasets/water/IWHR_AI_Lable_Floater_V1/raw/package2/JPEGImages/1740.jpg,package2,package2,rubbish,rubbish,True,False
near_duplicate_dhash,5,datasets/water/IWHR_AI_Lable_Floater_V1/raw/package2/JPEGImages/1590.jpg,datasets/water/IWHR_AI_Lable_Floater_V1/raw/package2/JPEGImages/1847.jpg,package2,package2,rubbish,rubbish,True,False
near_duplicate_dhash,4,datasets/water/IWHR_AI_Lable_Floater_V1/raw/package2/JPEGImages/1591.jpg,datasets/water/IWHR_AI_Lable_Floater_V1/raw/package2/JPEGImages/1615.jpg,package2,package2,fishing-3,fishing-3,True,False
near_duplicate_dhash,3,datasets/water/IWHR_AI_Lable_Floater_V1/raw/package2/JPEGImages/1593.jpg,datasets/water/IWHR_AI_Lable_Floater_V1/raw/package2/JPEGImages/1617.jpg,package2,package2,fishing-3,fishing-3,True,False
near_duplicate_dhash,4,datasets/water/IWHR_AI_Lable_Floater_V1/raw/package2/JPEGImages/1596.jpg,datasets/water/IWHR_AI_Lable_Floater_V1/raw/package2/JPEGImages/1620.jpg,package2,package2,fishing-3,rubbish,False,False
near_duplicate_dhash,4,datasets/water/IWHR_AI_Lable_Floater_V1/raw/package2/JPEGImages/1597.jpg,datasets/water/IWHR_AI_Lable_Floater_V1/raw/package2/JPEGImages/1621.jpg,package2,package2,fishing-3,fishing-3,True,False
near_duplicate_dhash,5,datasets/water/IWHR_AI_Lable_Floater_V1/raw/package2/JPEGImages/1600.jpg,datasets/water/IWHR_AI_Lable_Floater_V1/raw/package2/JPEGImages/1624.jpg,package2,package2,fishing-3,rubbish,False,False
near_duplicate_dhash,5,datasets/water/IWHR_AI_Lable_Floater_V1/raw/package2/JPEGImages/1602.jpg,datasets/water/IWHR_AI_Lable_Floater_V1/raw/package2/JPEGImages/1840.jpg,package2,package2,fishing-1,rubbish,False,False
near_duplicate_dhash,5,datasets/water/IWHR_AI_Lable_Floater_V1/raw/package2/JPEGImages/1602.jpg,datasets/water/IWHR_AI_Lable_Floater_V1/raw/package2/JPEGImages/2980.jpg,package2,package2,fishing-1,rubbish,False,False
near_duplicate_dhash,4,datasets/water/IWHR_AI_Lable_Floater_V1/raw/package2/JPEGImages/1603.jpg,datasets/water/IWHR_AI_Lable_Floater_V1/raw/package2/JPEGImages/1626.jpg,package2,package2,fishing-3,fishing-3,True,False
near_duplicate_dhash,4,datasets/water/IWHR_AI_Lable_Floater_V1/raw/package2/JPEGImages/1609.jpg,datasets/water/IWHR_AI_Lable_Floater_V1/raw/package2/JPEGImages/1680.jpg,package2,package2,rubbish,rubbish,True,False
near_duplicate_dhash,5,datasets/water/IWHR_AI_Lable_Floater_V1/raw/package2/JPEGImages/1615.jpg,datasets/water/IWHR_AI_Lable_Floater_V1/raw/package2/JPEGImages/1636.jpg,package2,package2,fishing-3,rubbish,False,False
near_duplicate_dhash,4,datasets/water/IWHR_AI_Lable_Floater_V1/raw/package2/JPEGImages/1619.jpg,datasets/water/IWHR_AI_Lable_Floater_V1/raw/package2/JPEGImages/1642.jpg,package2,package2,fishing-3,rubbish,False,False
near_duplicate_dhash,4,datasets/water/IWHR_AI_Lable_Floater_V1/raw/package2/JPEGImages/1624.jpg,datasets/water/IWHR_AI_Lable_Floater_V1/raw/package2/JPEGImages/1650.jpg,package2,package2,rubbish,rubbish,True,False
near_duplicate_dhash,5,datasets/water/IWHR_AI_Lable_Floater_V1/raw/package2/JPEGImages/1625.jpg,datasets/water/IWHR_AI_Lable_Floater_V1/raw/package2/JPEGImages/1673.jpg,package2,package2,fishing-3,fishing-3,True,False
near_duplicate_dhash,3,datasets/water/IWHR_AI_Lable_Floater_V1/raw/package2/JPEGImages/1626.jpg,datasets/water/IWHR_AI_Lable_Floater_V1/raw/package2/JPEGImages/1674.jpg,package2,package2,fishing-3,rubbish,False,False
near_duplicate_dhash,3,datasets/water/IWHR_AI_Lable_Floater_V1/raw/package2/JPEGImages/1628.jpg,datasets/water/IWHR_AI_Lable_Floater_V1/raw/package2/JPEGImages/1655.jpg,package2,package2,fishing-3,rubbish,False,False
near_duplicate_dhash,5,datasets/water/IWHR_AI_Lable_Floater_V1/raw/package2/JPEGImages/1632.jpg,datasets/water/IWHR_AI_Lable_Floater_V1/raw/package2/JPEGImages/1700.jpg,package2,package2,rubbish,rubbish,True,False
near_duplicate_dhash,4,datasets/water/IWHR_AI_Lable_Floater_V1/raw/package2/JPEGImages/1633.jpg,datasets/water/IWHR_AI_Lable_Floater_V1/raw/package2/JPEGImages/1958.jpg,package2,package2,rubbish,rubbish,True,False
near_duplicate_dhash,5,datasets/water/IWHR_AI_Lable_Floater_V1/raw/package2/JPEGImages/1635.jpg,datasets/water/IWHR_AI_Lable_Floater_V1/raw/package2/JPEGImages/1660.jpg,package2,package2,rubbish,rubbish,True,False
near_duplicate_dhash,3,datasets/water/IWHR_AI_Lable_Floater_V1/raw/package2/JPEGImages/1637.jpg,datasets/water/IWHR_AI_Lable_Floater_V1/raw/package2/JPEGImages/1823.jpg,package2,package2,rubbish,rubbish,True,False
near_duplicate_dhash,4,datasets/water/IWHR_AI_Lable_Floater_V1/raw/package2/JPEGImages/1644.jpg,datasets/water/IWHR_AI_Lable_Floater_V1/raw/package2/JPEGImages/1668.jpg,package2,package2,rubbish,rubbish,True,False
near_duplicate_dhash,4,datasets/water/IWHR_AI_Lable_Floater_V1/raw/package2/JPEGImages/1645.jpg,datasets/water/IWHR_AI_Lable_Floater_V1/raw/package2/JPEGImages/1726.jpg,package2,package2,rubbish,rubbish,True,False
near_duplicate_dhash,5,datasets/water/IWHR_AI_Lable_Floater_V1/raw/package2/JPEGImages/1646.jpg,datasets/water/IWHR_AI_Lable_Floater_V1/raw/package2/JPEGImages/1669.jpg,package2,package2,rubbish,rubbish,True,False
near_duplicate_dhash,4,datasets/water/IWHR_AI_Lable_Floater_V1/raw/package2/JPEGImages/1649.jpg,datasets/water/IWHR_AI_Lable_Floater_V1/raw/package2/JPEGImages/1671.jpg,package2,package2,rubbish,rubbish,True,False
near_duplicate_dhash,4,datasets/water/IWHR_AI_Lable_Floater_V1/raw/package2/JPEGImages/1650.jpg,datasets/water/IWHR_AI_Lable_Floater_V1/raw/package2/JPEGImages/1672.jpg,package2,package2,rubbish,rubbish,True,False
near_duplicate_dhash,5,datasets/water/IWHR_AI_Lable_Floater_V1/raw/package2/JPEGImages/1650.jpg,datasets/water/IWHR_AI_Lable_Floater_V1/raw/package2/JPEGImages/1693.jpg,package2,package2,rubbish,rubbish,True,False
near_duplicate_dhash,4,datasets/water/IWHR_AI_Lable_Floater_V1/raw/package2/JPEGImages/1651.jpg,datasets/water/IWHR_AI_Lable_Floater_V1/raw/package2/JPEGImages/1673.jpg,package2,package2,rubbish,fishing-3,False,False
near_duplicate_dhash,4,datasets/water/IWHR_AI_Lable_Floater_V1/raw/package2/JPEGImages/1652.jpg,datasets/water/IWHR_AI_Lable_Floater_V1/raw/package2/JPEGImages/1695.jpg,package2,package2,fishing-3,fishing-3,True,False
near_duplicate_dhash,5,datasets/water/IWHR_AI_Lable_Floater_V1/raw/package2/JPEGImages/1652.jpg,datasets/water/IWHR_AI_Lable_Floater_V1/raw/package2/JPEGImages/1712.jpg,package2,package2,fishing-3,rubbish,False,False
near_duplicate_dhash,5,datasets/water/IWHR_AI_Lable_Floater_V1/raw/package2/JPEGImages/1654.jpg,datasets/water/IWHR_AI_Lable_Floater_V1/raw/package2/JPEGImages/1676.jpg,package2,package2,rubbish,rubbish,True,False
near_duplicate_dhash,4,datasets/water/IWHR_AI_Lable_Floater_V1/raw/package2/JPEGImages/1655.jpg,datasets/water/IWHR_AI_Lable_Floater_V1/raw/package2/JPEGImages/1678.jpg,package2,package2,rubbish,fishing-3,False,False
near_duplicate_dhash,4,datasets/water/IWHR_AI_Lable_Floater_V1/raw/package2/JPEGImages/1658.jpg,datasets/water/IWHR_AI_Lable_Floater_V1/raw/package2/JPEGImages/1877.jpg,package2,package2,rubbish,rubbish,True,False
near_duplicate_dhash,3,datasets/water/IWHR_AI_Lable_Floater_V1/raw/package2/JPEGImages/1660.jpg,datasets/water/IWHR_AI_Lable_Floater_V1/raw/package2/JPEGImages/1682.jpg,package2,package2,rubbish,rubbish,True,False
near_duplicate_dhash,5,datasets/water/IWHR_AI_Lable_Floater_V1/raw/package2/JPEGImages/1660.jpg,datasets/water/IWHR_AI_Lable_Floater_V1/raw/package2/JPEGImages/1701.jpg,package2,package2,rubbish,rubbish,True,False
near_duplicate_dhash,4,datasets/water/IWHR_AI_Lable_Floater_V1/raw/package2/JPEGImages/1662.jpg,datasets/water/IWHR_AI_Lable_Floater_V1/raw/package2/JPEGImages/2359.jpg,package2,package2,fishing-1,rubbish,False,False
near_duplicate_dhash,5,datasets/water/IWHR_AI_Lable_Floater_V1/raw/package2/JPEGImages/1662.jpg,datasets/water/IWHR_AI_Lable_Floater_V1/raw/package2/JPEGImages/2951.jpg,package2,package2,fishing-1,fishing-1,True,False
near_duplicate_dhash,3,datasets/water/IWHR_AI_Lable_Floater_V1/raw/package2/JPEGImages/1662.jpg,datasets/water/IWHR_AI_Lable_Floater_V1/raw/package2/JPEGImages/2989.jpg,package2,package2,fishing-1,rubbish,False,False
near_duplicate_dhash,3,datasets/water/IWHR_AI_Lable_Floater_V1/raw/package2/JPEGImages/1663.jpg,datasets/water/IWHR_AI_Lable_Floater_V1/raw/package2/JPEGImages/1684.jpg,package2,package2,fishing-3,fishing-3,True,False
near_duplicate_dhash,5,datasets/water/IWHR_AI_Lable_Floater_V1/raw/package2/JPEGImages/1667.jpg,datasets/water/IWHR_AI_Lable_Floater_V1/raw/package2/JPEGImages/1688.jpg,package2,package2,rubbish,fishing-3,False,False
near_duplicate_dhash,3,datasets/water/IWHR_AI_Lable_Floater_V1/raw/package2/JPEGImages/1668.jpg,datasets/water/IWHR_AI_Lable_Floater_V1/raw/package2/JPEGImages/1689.jpg,package2,package2,rubbish,fishing-3,False,False
near_duplicate_dhash,5,datasets/water/IWHR_AI_Lable_Floater_V1/raw/package2/JPEGImages/1673.jpg,datasets/water/IWHR_AI_Lable_Floater_V1/raw/package2/JPEGImages/1694.jpg,package2,package2,fishing-3,rubbish,False,False
near_duplicate_dhash,3,datasets/water/IWHR_AI_Lable_Floater_V1/raw/package2/JPEGImages/1674.jpg,datasets/water/IWHR_AI_Lable_Floater_V1/raw/package2/JPEGImages/1695.jpg,package2,package2,rubbish,fishing-3,False,False
near_duplicate_dhash,4,datasets/water/IWHR_AI_Lable_Floater_V1/raw/package2/JPEGImages/1674.jpg,datasets/water/IWHR_AI_Lable_Floater_V1/raw/package2/JPEGImages/1712.jpg,package2,package2,rubbish,rubbish,True,False
near_duplicate_dhash,5,datasets/water/IWHR_AI_Lable_Floater_V1/raw/package2/JPEGImages/1678.jpg,datasets/water/IWHR_AI_Lable_Floater_V1/raw/package2/JPEGImages/1697.jpg,package2,package2,fishing-3,fishing-3,True,False
near_duplicate_dhash,4,datasets/water/IWHR_AI_Lable_Floater_V1/raw/package2/JPEGImages/1682.jpg,datasets/water/IWHR_AI_Lable_Floater_V1/raw/package2/JPEGImages/1701.jpg,package2,package2,rubbish,rubbish,True,False
near_duplicate_dhash,4,datasets/water/IWHR_AI_Lable_Floater_V1/raw/package2/JPEGImages/1686.jpg,datasets/water/IWHR_AI_Lable_Floater_V1/raw/package2/JPEGImages/1743.jpg,package2,package2,rubbish,rubbish,True,False
near_duplicate_dhash,4,datasets/water/IWHR_AI_Lable_Floater_V1/raw/package2/JPEGImages/1687.jpg,datasets/water/IWHR_AI_Lable_Floater_V1/raw/package2/JPEGImages/1905.jpg,package2,package2,fishing-1,fishing-1,True,False
near_duplicate_dhash,4,datasets/water/IWHR_AI_Lable_Floater_V1/raw/package2/JPEGImages/1688.jpg,datasets/water/IWHR_AI_Lable_Floater_V1/raw/package2/JPEGImages/1705.jpg,package2,package2,fishing-3,fishing-3,True,False
near_duplicate_dhash,5,datasets/water/IWHR_AI_Lable_Floater_V1/raw/package2/JPEGImages/1689.jpg,datasets/water/IWHR_AI_Lable_Floater_V1/raw/package2/JPEGImages/1706.jpg,package2,package2,fishing-3,rubbish,False,False
near_duplicate_dhash,5,datasets/water/IWHR_AI_Lable_Floater_V1/raw/package2/JPEGImages/1692.jpg,datasets/water/IWHR_AI_Lable_Floater_V1/raw/package2/JPEGImages/1710.jpg,package2,package2,rubbish,rubbish,True,False
near_duplicate_dhash,5,datasets/water/IWHR_AI_Lable_Floater_V1/raw/package2/JPEGImages/1694.jpg,datasets/water/IWHR_AI_Lable_Floater_V1/raw/package2/JPEGImages/1711.jpg,package2,package2,rubbish,rubbish,True,False
near_duplicate_dhash,5,datasets/water/IWHR_AI_Lable_Floater_V1/raw/package2/JPEGImages/1695.jpg,datasets/water/IWHR_AI_Lable_Floater_V1/raw/package2/JPEGImages/1732.jpg,package2,package2,fishing-3,rubbish,False,False
near_duplicate_dhash,4,datasets/water/IWHR_AI_Lable_Floater_V1/raw/package2/JPEGImages/1700.jpg,datasets/water/IWHR_AI_Lable_Floater_V1/raw/package2/JPEGImages/1778.jpg,package2,package2,rubbish,rubbish,True,False
near_duplicate_dhash,4,datasets/water/IWHR_AI_Lable_Floater_V1/raw/package2/JPEGImages/1701.jpg,datasets/water/IWHR_AI_Lable_Floater_V1/raw/package2/JPEGImages/1722.jpg,package2,package2,rubbish,fishing-3,False,False
near_duplicate_dhash,4,datasets/water/IWHR_AI_Lable_Floater_V1/raw/package2/JPEGImages/1703.jpg,datasets/water/IWHR_AI_Lable_Floater_V1/raw/package2/JPEGImages/1924.jpg,package2,package2,fishing-1,rubbish,False,False
near_duplicate_dhash,3,datasets/water/IWHR_AI_Lable_Floater_V1/raw/package2/JPEGImages/1706.jpg,datasets/water/IWHR_AI_Lable_Floater_V1/raw/package2/JPEGImages/1745.jpg,package2,package2,rubbish,rubbish,True,False
near_duplicate_dhash,4,datasets/water/IWHR_AI_Lable_Floater_V1/raw/package2/JPEGImages/1707.jpg,datasets/water/IWHR_AI_Lable_Floater_V1/raw/package2/JPEGImages/1788.jpg,package2,package2,rubbish,fishing-3,False,False
near_duplicate_dhash,3,datasets/water/IWHR_AI_Lable_Floater_V1/raw/package2/JPEGImages/1709.jpg,datasets/water/IWHR_AI_Lable_Floater_V1/raw/package2/JPEGImages/1768.jpg,package2,package2,fishing-3,rubbish,False,False
near_duplicate_dhash,4,datasets/water/IWHR_AI_Lable_Floater_V1/raw/package2/JPEGImages/1710.jpg,datasets/water/IWHR_AI_Lable_Floater_V1/raw/package2/JPEGImages/1728.jpg,package2,package2,rubbish,rubbish,True,False
near_duplicate_dhash,4,datasets/water/IWHR_AI_Lable_Floater_V1/raw/package2/JPEGImages/1712.jpg,datasets/water/IWHR_AI_Lable_Floater_V1/raw/package2/JPEGImages/1732.jpg,package2,package2,rubbish,rubbish,True,False
near_duplicate_dhash,3,datasets/water/IWHR_AI_Lable_Floater_V1/raw/package2/JPEGImages/1716.jpg,datasets/water/IWHR_AI_Lable_Floater_V1/raw/package2/JPEGImages/1735.jpg,package2,package2,rubbish,fishing-3,False,False
near_duplicate_dhash,4,datasets/water/IWHR_AI_Lable_Floater_V1/raw/package2/JPEGImages/1720.jpg,datasets/water/IWHR_AI_Lable_Floater_V1/raw/package2/JPEGImages/1759.jpg,package2,package2,rubbish,rubbish,True,False
near_duplicate_dhash,3,datasets/water/IWHR_AI_Lable_Floater_V1/raw/package2/JPEGImages/1721.jpg,datasets/water/IWHR_AI_Lable_Floater_V1/raw/package2/JPEGImages/1943.jpg,package2,package2,fishing-1,rubbish,False,False
near_duplicate_dhash,4,datasets/water/IWHR_AI_Lable_Floater_V1/raw/package2/JPEGImages/1724.jpg,datasets/water/IWHR_AI_Lable_Floater_V1/raw/package2/JPEGImages/1786.jpg,package2,package2,rubbish,fishing-3,False,False
near_duplicate_dhash,4,datasets/water/IWHR_AI_Lable_Floater_V1/raw/package2/JPEGImages/1725.jpg,datasets/water/IWHR_AI_Lable_Floater_V1/raw/package2/JPEGImages/1766.jpg,package2,package2,fishing-3,rubbish,False,False
near_duplicate_dhash,4,datasets/water/IWHR_AI_Lable_Floater_V1/raw/package2/JPEGImages/1726.jpg,datasets/water/IWHR_AI_Lable_Floater_V1/raw/package2/JPEGImages/1828.jpg,package2,package2,rubbish,rubbish,True,False
near_duplicate_dhash,5,datasets/water/IWHR_AI_Lable_Floater_V1/raw/package2/JPEGImages/1729.jpg,datasets/water/IWHR_AI_Lable_Floater_V1/raw/package2/JPEGImages/1749.jpg,package2,package2,rubbish,rubbish,True,False
near_duplicate_dhash,4,datasets/water/IWHR_AI_Lable_Floater_V1/raw/package2/JPEGImages/1730.jpg,datasets/water/IWHR_AI_Lable_Floater_V1/raw/package2/JPEGImages/1770.jpg,package2,package2,rubbish,rubbish,True,False
near_duplicate_dhash,4,datasets/water/IWHR_AI_Lable_Floater_V1/raw/package2/JPEGImages/1732.jpg,datasets/water/IWHR_AI_Lable_Floater_V1/raw/package2/JPEGImages/1751.jpg,package2,package2,rubbish,rubbish,True,False
near_duplicate_dhash,4,datasets/water/IWHR_AI_Lable_Floater_V1/raw/package2/JPEGImages/1733.jpg,datasets/water/IWHR_AI_Lable_Floater_V1/raw/package2/JPEGImages/1795.jpg,package2,package2,rubbish,rubbish,True,False
near_duplicate_dhash,3,datasets/water/IWHR_AI_Lable_Floater_V1/raw/package2/JPEGImages/1738.jpg,datasets/water/IWHR_AI_Lable_Floater_V1/raw/package2/JPEGImages/1961.jpg,package2,package2,fishing-1,fishing-1,True,False
near_duplicate_dhash,5,datasets/water/IWHR_AI_Lable_Floater_V1/raw/package2/JPEGImages/1739.jpg,datasets/water/IWHR_AI_Lable_Floater_V1/raw/package2/JPEGImages/1761.jpg,package2,package2,rubbish,rubbish,True,False
near_duplicate_dhash,4,datasets/water/IWHR_AI_Lable_Floater_V1/raw/package2/JPEGImages/1740.jpg,datasets/water/IWHR_AI_Lable_Floater_V1/raw/package2/JPEGImages/1847.jpg,package2,package2,rubbish,rubbish,True,False
near_duplicate_dhash,5,datasets/water/IWHR_AI_Lable_Floater_V1/raw/package2/JPEGImages/1741.jpg,datasets/water/IWHR_AI_Lable_Floater_V1/raw/package2/JPEGImages/1802.jpg,package2,package2,fishing-3,rubbish,False,False
near_duplicate_dhash,5,datasets/water/IWHR_AI_Lable_Floater_V1/raw/package2/JPEGImages/1744.jpg,datasets/water/IWHR_AI_Lable_Floater_V1/raw/package2/JPEGImages/1765.jpg,package2,package2,fishing-3,rubbish,False,False
near_duplicate_dhash,3,datasets/water/IWHR_AI_Lable_Floater_V1/raw/package2/JPEGImages/1745.jpg,datasets/water/IWHR_AI_Lable_Floater_V1/raw/package2/JPEGImages/1766.jpg,package2,package2,rubbish,rubbish,True,False
near_duplicate_dhash,4,datasets/water/IWHR_AI_Lable_Floater_V1/raw/package2/JPEGImages/1746.jpg,datasets/water/IWHR_AI_Lable_Floater_V1/raw/package2/JPEGImages/2206.jpg,package2,package2,fishing-1,rubbish,False,False
near_duplicate_dhash,4,datasets/water/IWHR_AI_Lable_Floater_V1/raw/package2/JPEGImages/1749.jpg,datasets/water/IWHR_AI_Lable_Floater_V1/raw/package2/JPEGImages/1792.jpg,package2,package2,rubbish,rubbish,True,False
near_duplicate_dhash,3,datasets/water/IWHR_AI_Lable_Floater_V1/raw/package2/JPEGImages/1750.jpg,datasets/water/IWHR_AI_Lable_Floater_V1/raw/package2/JPEGImages/1770.jpg,package2,package2,rubbish,rubbish,True,False
near_duplicate_dhash,3,datasets/water/IWHR_AI_Lable_Floater_V1/raw/package2/JPEGImages/1755.jpg,datasets/water/IWHR_AI_Lable_Floater_V1/raw/package2/JPEGImages/1774.jpg,package2,package2,fishing-3,rubbish,False,False
near_duplicate_dhash,3,datasets/water/IWHR_AI_Lable_Floater_V1/raw/package2/JPEGImages/1765.jpg,datasets/water/IWHR_AI_Lable_Floater_V1/raw/package2/JPEGImages/1785.jpg,package2,package2,rubbish,fishing-3,False,False
near_duplicate_dhash,3,datasets/water/IWHR_AI_Lable_Floater_V1/raw/package2/JPEGImages/1766.jpg,datasets/water/IWHR_AI_Lable_Floater_V1/raw/package2/JPEGImages/1787.jpg,package2,package2,rubbish,rubbish,True,False
near_duplicate_dhash,3,datasets/water/IWHR_AI_Lable_Floater_V1/raw/package2/JPEGImages/1768.jpg,datasets/water/IWHR_AI_Lable_Floater_V1/raw/package2/JPEGImages/1809.jpg,package2,package2,rubbish,rubbish,True,False
near_duplicate_dhash,3,datasets/water/IWHR_AI_Lable_Floater_V1/raw/package2/JPEGImages/1770.jpg,datasets/water/IWHR_AI_Lable_Floater_V1/raw/package2/JPEGImages/1793.jpg,package2,package2,rubbish,rubbish,True,False
near_duplicate_dhash,4,datasets/water/IWHR_AI_Lable_Floater_V1/raw/package2/JPEGImages/1771.jpg,datasets/water/IWHR_AI_Lable_Floater_V1/raw/package2/JPEGImages/1794.jpg,package2,package2,rubbish,rubbish,True,False
near_duplicate_dhash,5,datasets/water/IWHR_AI_Lable_Floater_V1/raw/package2/JPEGImages/1774.jpg,datasets/water/IWHR_AI_Lable_Floater_V1/raw/package2/JPEGImages/1797.jpg,package2,package2,rubbish,rubbish,True,False
near_duplicate_dhash,5,datasets/water/IWHR_AI_Lable_Floater_V1/raw/package2/JPEGImages/1776.jpg,datasets/water/IWHR_AI_Lable_Floater_V1/raw/package2/JPEGImages/2297.jpg,package2,package2,rubbish,fishing-4,False,False
near_duplicate_dhash,4,datasets/water/IWHR_AI_Lable_Floater_V1/raw/package2/JPEGImages/1779.jpg,datasets/water/IWHR_AI_Lable_Floater_V1/raw/package2/JPEGImages/1896.jpg,package2,package2,rubbish,rubbish,True,False
near_duplicate_dhash,4,datasets/water/IWHR_AI_Lable_Floater_V1/raw/package2/JPEGImages/1780.jpg,datasets/water/IWHR_AI_Lable_Floater_V1/raw/package2/JPEGImages/1821.jpg,package2,package2,rubbish,rubbish,True,False
near_duplicate_dhash,5,datasets/water/IWHR_AI_Lable_Floater_V1/raw/package2/JPEGImages/1780.jpg,datasets/water/IWHR_AI_Lable_Floater_V1/raw/package2/JPEGImages/1845.jpg,package2,package2,rubbish,rubbish,True,False
near_duplicate_dhash,4,datasets/water/IWHR_AI_Lable_Floater_V1/raw/package2/JPEGImages/1780.jpg,datasets/water/IWHR_AI_Lable_Floater_V1/raw/package2/JPEGImages/1862.jpg,package2,package2,rubbish,fishing-3,False,False
near_duplicate_dhash,4,datasets/water/IWHR_AI_Lable_Floater_V1/raw/package2/JPEGImages/1781.jpg,datasets/water/IWHR_AI_Lable_Floater_V1/raw/package2/JPEGImages/2009.jpg,package2,package2,fishing-1,rubbish,False,False
near_duplicate_dhash,3,datasets/water/IWHR_AI_Lable_Floater_V1/raw/package2/JPEGImages/1784.jpg,datasets/water/IWHR_AI_Lable_Floater_V1/raw/package2/JPEGImages/1804.jpg,package2,package2,rubbish,rubbish,True,False
near_duplicate_dhash,5,datasets/water/IWHR_AI_Lable_Floater_V1/raw/package2/JPEGImages/1786.jpg,datasets/water/IWHR_AI_Lable_Floater_V1/raw/package2/JPEGImages/1826.jpg,package2,package2,fishing-3,rubbish,False,False
near_duplicate_dhash,5,datasets/water/IWHR_AI_Lable_Floater_V1/raw/package2/JPEGImages/1787.jpg,datasets/water/IWHR_AI_Lable_Floater_V1/raw/package2/JPEGImages/1807.jpg,package2,package2,rubbish,rubbish,True,False
near_duplicate_dhash,3,datasets/water/IWHR_AI_Lable_Floater_V1/raw/package2/JPEGImages/1788.jpg,datasets/water/IWHR_AI_Lable_Floater_V1/raw/package2/JPEGImages/1829.jpg,package2,package2,fishing-3,rubbish,False,False
near_duplicate_dhash,5,datasets/water/IWHR_AI_Lable_Floater_V1/raw/package2/JPEGImages/1788.jpg,datasets/water/IWHR_AI_Lable_Floater_V1/raw/package2/JPEGImages/1946.jpg,package2,package2,fishing-3,rubbish,False,False
near_duplicate_dhash,5,datasets/water/IWHR_AI_Lable_Floater_V1/raw/package2/JPEGImages/1788.jpg,datasets/water/IWHR_AI_Lable_Floater_V1/raw/package2/JPEGImages/1986.jpg,package2,package2,fishing-3,rubbish,False,False
near_duplicate_dhash,4,datasets/water/IWHR_AI_Lable_Floater_V1/raw/package2/JPEGImages/1790.jpg,datasets/water/IWHR_AI_Lable_Floater_V1/raw/package2/JPEGImages/1808.jpg,package2,package2,rubbish,rubbish,True,False
near_duplicate_dhash,5,datasets/water/IWHR_AI_Lable_Floater_V1/raw/package2/JPEGImages/1793.jpg,datasets/water/IWHR_AI_Lable_Floater_V1/raw/package2/JPEGImages/1811.jpg,package2,package2,rubbish,rubbish,True,False
near_duplicate_dhash,5,datasets/water/IWHR_AI_Lable_Floater_V1/raw/package2/JPEGImages/1796.jpg,datasets/water/IWHR_AI_Lable_Floater_V1/raw/package2/JPEGImages/1814.jpg,package2,package2,rubbish,rubbish,True,False
near_duplicate_dhash,5,datasets/water/IWHR_AI_Lable_Floater_V1/raw/package2/JPEGImages/1799.jpg,datasets/water/IWHR_AI_Lable_Floater_V1/raw/package2/JPEGImages/1919.jpg,package2,package2,rubbish,rubbish,True,False
near_duplicate_dhash,3,datasets/water/IWHR_AI_Lable_Floater_V1/raw/package2/JPEGImages/1800.jpg,datasets/water/IWHR_AI_Lable_Floater_V1/raw/package2/JPEGImages/1821.jpg,package2,package2,rubbish,rubbish,True,False
near_duplicate_dhash,4,datasets/water/IWHR_AI_Lable_Floater_V1/raw/package2/JPEGImages/1800.jpg,datasets/water/IWHR_AI_Lable_Floater_V1/raw/package2/JPEGImages/1845.jpg,package2,package2,rubbish,rubbish,True,False
near_duplicate_dhash,3,datasets/water/IWHR_AI_Lable_Floater_V1/raw/package2/JPEGImages/1800.jpg,datasets/water/IWHR_AI_Lable_Floater_V1/raw/package2/JPEGImages/1862.jpg,package2,package2,rubbish,fishing-3,False,False
near_duplicate_dhash,3,datasets/water/IWHR_AI_Lable_Floater_V1/raw/package2/JPEGImages/1807.jpg,datasets/water/IWHR_AI_Lable_Floater_V1/raw/package2/JPEGImages/1827.jpg,package2,package2,rubbish,rubbish,True,False
near_duplicate_dhash,3,datasets/water/IWHR_AI_Lable_Floater_V1/raw/package2/JPEGImages/1807.jpg,datasets/water/IWHR_AI_Lable_Floater_V1/raw/package2/JPEGImages/1853.jpg,package2,package2,rubbish,rubbish,True,False
near_duplicate_dhash,5,datasets/water/IWHR_AI_Lable_Floater_V1/raw/package2/JPEGImages/1809.jpg,datasets/water/IWHR_AI_Lable_Floater_V1/raw/package2/JPEGImages/1927.jpg,package2,package2,rubbish,rubbish,True,False
near_duplicate_dhash,5,datasets/water/IWHR_AI_Lable_Floater_V1/raw/package2/JPEGImages/1813.jpg,datasets/water/IWHR_AI_Lable_Floater_V1/raw/package2/JPEGImages/1835.jpg,package2,package2,rubbish,rubbish,True,False
near_duplicate_dhash,5,datasets/water/IWHR_AI_Lable_Floater_V1/raw/package2/JPEGImages/1817.jpg,datasets/water/IWHR_AI_Lable_Floater_V1/raw/package2/JPEGImages/1842.jpg,package2,package2,rubbish,rubbish,True,False
near_duplicate_dhash,4,datasets/water/IWHR_AI_Lable_Floater_V1/raw/package2/JPEGImages/1818.jpg,datasets/water/IWHR_AI_Lable_Floater_V1/raw/package2/JPEGImages/1861.jpg,package2,package2,rubbish,rubbish,True,False
near_duplicate_dhash,5,datasets/water/IWHR_AI_Lable_Floater_V1/raw/package2/JPEGImages/1818.jpg,datasets/water/IWHR_AI_Lable_Floater_V1/raw/package2/JPEGImages/1876.jpg,package2,package2,rubbish,rubbish,True,False
near_duplicate_dhash,5,datasets/water/IWHR_AI_Lable_Floater_V1/raw/package2/JPEGImages/1821.jpg,datasets/water/IWHR_AI_Lable_Floater_V1/raw/package2/JPEGImages/1939.jpg,package2,package2,rubbish,fishing-3,False,False
near_duplicate_dhash,5,datasets/water/IWHR_AI_Lable_Floater_V1/raw/package2/JPEGImages/1822.jpg,datasets/water/IWHR_AI_Lable_Floater_V1/raw/package2/JPEGImages/2047.jpg,package2,package2,rubbish,fishing-1,False,False
near_duplicate_dhash,3,datasets/water/IWHR_AI_Lable_Floater_V1/raw/package2/JPEGImages/1825.jpg,datasets/water/IWHR_AI_Lable_Floater_V1/raw/package2/JPEGImages/1852.jpg,package2,package2,rubbish,rubbish,True,False
near_duplicate_dhash,5,datasets/water/IWHR_AI_Lable_Floater_V1/raw/package2/JPEGImages/1825.jpg,datasets/water/IWHR_AI_Lable_Floater_V1/raw/package2/JPEGImages/1865.jpg,package2,package2,rubbish,rubbish,True,False
near_duplicate_dhash,5,datasets/water/IWHR_AI_Lable_Floater_V1/raw/package2/JPEGImages/1826.jpg,datasets/water/IWHR_AI_Lable_Floater_V1/raw/package2/JPEGImages/1902.jpg,package2,package2,rubbish,rubbish,True,False
near_duplicate_dhash,4,datasets/water/IWHR_AI_Lable_Floater_V1/raw/package2/JPEGImages/1829.jpg,datasets/water/IWHR_AI_Lable_Floater_V1/raw/package2/JPEGImages/1986.jpg,package2,package2,rubbish,rubbish,True,False
near_duplicate_dhash,5,datasets/water/IWHR_AI_Lable_Floater_V1/raw/package2/JPEGImages/1830.jpg,datasets/water/IWHR_AI_Lable_Floater_V1/raw/package2/JPEGImages/2298.jpg,package2,package2,rubbish,fishing-1,False,False
near_duplicate_dhash,4,datasets/water/IWHR_AI_Lable_Floater_V1/raw/package2/JPEGImages/1834.jpg,datasets/water/IWHR_AI_Lable_Floater_V1/raw/package2/JPEGImages/1856.jpg,package2,package2,rubbish,rubbish,True,False
near_duplicate_dhash,4,datasets/water/IWHR_AI_Lable_Floater_V1/raw/package2/JPEGImages/1835.jpg,datasets/water/IWHR_AI_Lable_Floater_V1/raw/package2/JPEGImages/1857.jpg,package2,package2,rubbish,rubbish,True,False
near_duplicate_dhash,4,datasets/water/IWHR_AI_Lable_Floater_V1/raw/package2/JPEGImages/1835.jpg,datasets/water/IWHR_AI_Lable_Floater_V1/raw/package2/JPEGImages/1871.jpg,package2,package2,rubbish,rubbish,True,False
near_duplicate_dhash,3,datasets/water/IWHR_AI_Lable_Floater_V1/raw/package2/JPEGImages/1835.jpg,datasets/water/IWHR_AI_Lable_Floater_V1/raw/package2/JPEGImages/1888.jpg,package2,package2,rubbish,rubbish,True,False
near_duplicate_dhash,4,datasets/water/IWHR_AI_Lable_Floater_V1/raw/package2/JPEGImages/1835.jpg,datasets/water/IWHR_AI_Lable_Floater_V1/raw/package2/JPEGImages/1909.jpg,package2,package2,rubbish,rubbish,True,False
near_duplicate_dhash,4,datasets/water/IWHR_AI_Lable_Floater_V1/raw/package2/JPEGImages/1835.jpg,datasets/water/IWHR_AI_Lable_Floater_V1/raw/package2/JPEGImages/1930.jpg,package2,package2,rubbish,fishing-3,False,False
near_duplicate_dhash,5,datasets/water/IWHR_AI_Lable_Floater_V1/raw/package2/JPEGImages/1835.jpg,datasets/water/IWHR_AI_Lable_Floater_V1/raw/package2/JPEGImages/1951.jpg,package2,package2,rubbish,fishing-3,False,False
near_duplicate_dhash,5,datasets/water/IWHR_AI_Lable_Floater_V1/raw/package2/JPEGImages/1838.jpg,datasets/water/IWHR_AI_Lable_Floater_V1/raw/package2/JPEGImages/1971.jpg,package2,package2,rubbish,rubbish,True,False
near_duplicate_dhash,4,datasets/water/IWHR_AI_Lable_Floater_V1/raw/package2/JPEGImages/1840.jpg,datasets/water/IWHR_AI_Lable_Floater_V1/raw/package2/JPEGImages/2060.jpg,package2,package2,rubbish,fishing-1,False,False
near_duplicate_dhash,4,datasets/water/IWHR_AI_Lable_Floater_V1/raw/package2/JPEGImages/1841.jpg,datasets/water/IWHR_AI_Lable_Floater_V1/raw/package2/JPEGImages/1859.jpg,package2,package2,rubbish,rubbish,True,False
near_duplicate_dhash,4,datasets/water/IWHR_AI_Lable_Floater_V1/raw/package2/JPEGImages/1843.jpg,datasets/water/IWHR_AI_Lable_Floater_V1/raw/package2/JPEGImages/1875.jpg,package2,package2,rubbish,rubbish,True,False
near_duplicate_dhash,5,datasets/water/IWHR_AI_Lable_Floater_V1/raw/package2/JPEGImages/1851.jpg,datasets/water/IWHR_AI_Lable_Floater_V1/raw/package2/JPEGImages/1881.jpg,package2,package2,rubbish,rubbish,True,False
near_duplicate_dhash,5,datasets/water/IWHR_AI_Lable_Floater_V1/raw/package2/JPEGImages/1853.jpg,datasets/water/IWHR_AI_Lable_Floater_V1/raw/package2/JPEGImages/1866.jpg,package2,package2,rubbish,rubbish,True,False
near_duplicate_dhash,5,datasets/water/IWHR_AI_Lable_Floater_V1/raw/package2/JPEGImages/1854.jpg,datasets/water/IWHR_AI_Lable_Floater_V1/raw/package2/JPEGImages/1868.jpg,package2,package2,rubbish,rubbish,True,False
near_duplicate_dhash,3,datasets/water/IWHR_AI_Lable_Floater_V1/raw/package2/JPEGImages/1857.jpg,datasets/water/IWHR_AI_Lable_Floater_V1/raw/package2/JPEGImages/1951.jpg,package2,package2,rubbish,fishing-3,False,False
near_duplicate_dhash,5,datasets/water/IWHR_AI_Lable_Floater_V1/raw/package2/JPEGImages/1859.jpg,datasets/water/IWHR_AI_Lable_Floater_V1/raw/package2/JPEGImages/1873.jpg,package2,package2,rubbish,rubbish,True,False
near_duplicate_dhash,3,datasets/water/IWHR_AI_Lable_Floater_V1/raw/package2/JPEGImages/1860.jpg,datasets/water/IWHR_AI_Lable_Floater_V1/raw/package2/JPEGImages/1874.jpg,package2,package2,rubbish,rubbish,True,False
near_duplicate_dhash,5,datasets/water/IWHR_AI_Lable_Floater_V1/raw/package2/JPEGImages/1861.jpg,datasets/water/IWHR_AI_Lable_Floater_V1/raw/package2/JPEGImages/1893.jpg,package2,package2,rubbish,rubbish,True,False
near_duplicate_dhash,5,datasets/water/IWHR_AI_Lable_Floater_V1/raw/package2/JPEGImages/1861.jpg,datasets/water/IWHR_AI_Lable_Floater_V1/raw/package2/JPEGImages/2297.jpg,package2,package2,rubbish,fishing-4,False,False
near_duplicate_dhash,5,datasets/water/IWHR_AI_Lable_Floater_V1/raw/package2/JPEGImages/1862.jpg,datasets/water/IWHR_AI_Lable_Floater_V1/raw/package2/JPEGImages/1939.jpg,package2,package2,fishing-3,fishing-3,True,False
near_duplicate_dhash,3,datasets/water/IWHR_AI_Lable_Floater_V1/raw/package2/JPEGImages/1866.jpg,datasets/water/IWHR_AI_Lable_Floater_V1/raw/package2/JPEGImages/1884.jpg,package2,package2,rubbish,rubbish,True,False
near_duplicate_dhash,5,datasets/water/IWHR_AI_Lable_Floater_V1/raw/package2/JPEGImages/1866.jpg,datasets/water/IWHR_AI_Lable_Floater_V1/raw/package2/JPEGImages/1903.jpg,package2,package2,rubbish,rubbish,True,False
near_duplicate_dhash,3,datasets/water/IWHR_AI_Lable_Floater_V1/raw/package2/JPEGImages/1871.jpg,datasets/water/IWHR_AI_Lable_Floater_V1/raw/package2/JPEGImages/1951.jpg,package2,package2,rubbish,fishing-3,False,False
near_duplicate_dhash,4,datasets/water/IWHR_AI_Lable_Floater_V1/raw/package2/JPEGImages/1876.jpg,datasets/water/IWHR_AI_Lable_Floater_V1/raw/package2/JPEGImages/1893.jpg,package2,package2,rubbish,rubbish,True,False
near_duplicate_dhash,5,datasets/water/IWHR_AI_Lable_Floater_V1/raw/package2/JPEGImages/1876.jpg,datasets/water/IWHR_AI_Lable_Floater_V1/raw/package2/JPEGImages/2484.jpg,package2,package2,rubbish,rubbish,True,False
near_duplicate_dhash,5,datasets/water/IWHR_AI_Lable_Floater_V1/raw/package2/JPEGImages/1881.jpg,datasets/water/IWHR_AI_Lable_Floater_V1/raw/package2/JPEGImages/1900.jpg,package2,package2,rubbish,rubbish,True,False
near_duplicate_dhash,3,datasets/water/IWHR_AI_Lable_Floater_V1/raw/package2/JPEGImages/1884.jpg,datasets/water/IWHR_AI_Lable_Floater_V1/raw/package2/JPEGImages/1925.jpg,package2,package2,rubbish,rubbish,True,False
near_duplicate_dhash,4,datasets/water/IWHR_AI_Lable_Floater_V1/raw/package2/JPEGImages/1884.jpg,datasets/water/IWHR_AI_Lable_Floater_V1/raw/package2/JPEGImages/1945.jpg,package2,package2,rubbish,rubbish,True,False
near_duplicate_dhash,4,datasets/water/IWHR_AI_Lable_Floater_V1/raw/package2/JPEGImages/1887.jpg,datasets/water/IWHR_AI_Lable_Floater_V1/raw/package2/JPEGImages/1908.jpg,package2,package2,rubbish,rubbish,True,False
near_duplicate_dhash,5,datasets/water/IWHR_AI_Lable_Floater_V1/raw/package2/JPEGImages/1893.jpg,datasets/water/IWHR_AI_Lable_Floater_V1/raw/package2/JPEGImages/2451.jpg,package2,package2,rubbish,rubbish,True,False
near_duplicate_dhash,5,datasets/water/IWHR_AI_Lable_Floater_V1/raw/package2/JPEGImages/1893.jpg,datasets/water/IWHR_AI_Lable_Floater_V1/raw/package2/JPEGImages/2484.jpg,package2,package2,rubbish,rubbish,True,False
near_duplicate_dhash,4,datasets/water/IWHR_AI_Lable_Floater_V1/raw/package2/JPEGImages/1893.jpg,datasets/water/IWHR_AI_Lable_Floater_V1/raw/package2/JPEGImages/2518.jpg,package2,package2,rubbish,rubbish,True,False
near_duplicate_dhash,4,datasets/water/IWHR_AI_Lable_Floater_V1/raw/package2/JPEGImages/1894.jpg,datasets/water/IWHR_AI_Lable_Floater_V1/raw/package2/JPEGImages/1938.jpg,package2,package2,rubbish,rubbish,True,False
near_duplicate_dhash,4,datasets/water/IWHR_AI_Lable_Floater_V1/raw/package2/JPEGImages/1895.jpg,datasets/water/IWHR_AI_Lable_Floater_V1/raw/package2/JPEGImages/1977.jpg,package2,package2,rubbish,rubbish,True,False
near_duplicate_dhash,3,datasets/water/IWHR_AI_Lable_Floater_V1/raw/package2/JPEGImages/1898.jpg,datasets/water/IWHR_AI_Lable_Floater_V1/raw/package2/JPEGImages/1921.jpg,package2,package2,rubbish,rubbish,True,False
near_duplicate_dhash,5,datasets/water/IWHR_AI_Lable_Floater_V1/raw/package2/JPEGImages/1898.jpg,datasets/water/IWHR_AI_Lable_Floater_V1/raw/package2/JPEGImages/1941.jpg,package2,package2,rubbish,rubbish,True,False
near_duplicate_dhash,3,datasets/water/IWHR_AI_Lable_Floater_V1/raw/package2/JPEGImages/1900.jpg,datasets/water/IWHR_AI_Lable_Floater_V1/raw/package2/JPEGImages/1944.jpg,package2,package2,rubbish,rubbish,True,False
near_duplicate_dhash,5,datasets/water/IWHR_AI_Lable_Floater_V1/raw/package2/JPEGImages/1902.jpg,datasets/water/IWHR_AI_Lable_Floater_V1/raw/package2/JPEGImages/1985.jpg,package2,package2,rubbish,rubbish,True,False
near_duplicate_dhash,4,datasets/water/IWHR_AI_Lable_Floater_V1/raw/package2/JPEGImages/1903.jpg,datasets/water/IWHR_AI_Lable_Floater_V1/raw/package2/JPEGImages/1964.jpg,package2,package2,rubbish,rubbish,True,False
near_duplicate_dhash,3,datasets/water/IWHR_AI_Lable_Floater_V1/raw/package2/JPEGImages/1905.jpg,datasets/water/IWHR_AI_Lable_Floater_V1/raw/package2/JPEGImages/2992.jpg,package2,package2,fishing-1,rubbish,False,False
near_duplicate_dhash,3,datasets/water/IWHR_AI_Lable_Floater_V1/raw/package2/JPEGImages/1907.jpg,datasets/water/IWHR_AI_Lable_Floater_V1/raw/package2/JPEGImages/1968.jpg,package2,package2,rubbish,rubbish,True,False
near_duplicate_dhash,5,datasets/water/IWHR_AI_Lable_Floater_V1/raw/package2/JPEGImages/1910.jpg,datasets/water/IWHR_AI_Lable_Floater_V1/raw/package2/JPEGImages/1971.jpg,package2,package2,rubbish,rubbish,True,False
near_duplicate_dhash,3,datasets/water/IWHR_AI_Lable_Floater_V1/raw/package2/JPEGImages/1916.jpg,datasets/water/IWHR_AI_Lable_Floater_V1/raw/package2/JPEGImages/1976.jpg,package2,package2,rubbish,rubbish,True,False
near_duplicate_dhash,5,datasets/water/IWHR_AI_Lable_Floater_V1/raw/package2/JPEGImages/1917.jpg,datasets/water/IWHR_AI_Lable_Floater_V1/raw/package2/JPEGImages/2031.jpg,package2,package2,rubbish,rubbish,True,False
near_duplicate_dhash,5,datasets/water/IWHR_AI_Lable_Floater_V1/raw/package2/JPEGImages/1921.jpg,datasets/water/IWHR_AI_Lable_Floater_V1/raw/package2/JPEGImages/1963.jpg,package2,package2,rubbish,rubbish,True,False
near_duplicate_dhash,4,datasets/water/IWHR_AI_Lable_Floater_V1/raw/package2/JPEGImages/1924.jpg,datasets/water/IWHR_AI_Lable_Floater_V1/raw/package2/JPEGImages/2158.jpg,package2,package2,rubbish,fishing-1,False,False
near_duplicate_dhash,3,datasets/water/IWHR_AI_Lable_Floater_V1/raw/package2/JPEGImages/1925.jpg,datasets/water/IWHR_AI_Lable_Floater_V1/raw/package2/JPEGImages/1964.jpg,package2,package2,rubbish,rubbish,True,False
near_duplicate_dhash,4,datasets/water/IWHR_AI_Lable_Floater_V1/raw/package2/JPEGImages/1927.jpg,datasets/water/IWHR_AI_Lable_Floater_V1/raw/package2/JPEGImages/1988.jpg,package2,package2,rubbish,rubbish,True,False
near_duplicate_dhash,4,datasets/water/IWHR_AI_Lable_Floater_V1/raw/package2/JPEGImages/1931.jpg,datasets/water/IWHR_AI_Lable_Floater_V1/raw/package2/JPEGImages/1952.jpg,package2,package2,rubbish,rubbish,True,False
near_duplicate_dhash,3,datasets/water/IWHR_AI_Lable_Floater_V1/raw/package2/JPEGImages/1935.jpg,datasets/water/IWHR_AI_Lable_Floater_V1/raw/package2/JPEGImages/1955.jpg,package2,package2,rubbish,rubbish,True,False
near_duplicate_dhash,4,datasets/water/IWHR_AI_Lable_Floater_V1/raw/package2/JPEGImages/1937.jpg,datasets/water/IWHR_AI_Lable_Floater_V1/raw/package2/JPEGImages/2015.jpg,package2,package2,rubbish,fishing-3,False,False
near_duplicate_dhash,5,datasets/water/IWHR_AI_Lable_Floater_V1/raw/package2/JPEGImages/1937.jpg,datasets/water/IWHR_AI_Lable_Floater_V1/raw/package2/JPEGImages/2074.jpg,package2,package2,rubbish,fishing-4,False,False
near_duplicate_dhash,5,datasets/water/IWHR_AI_Lable_Floater_V1/raw/package2/JPEGImages/1939.jpg,datasets/water/IWHR_AI_Lable_Floater_V1/raw/package2/JPEGImages/1978.jpg,package2,package2,fishing-3,rubbish,False,False
near_duplicate_dhash,3,datasets/water/IWHR_AI_Lable_Floater_V1/raw/package2/JPEGImages/1940.jpg,datasets/water/IWHR_AI_Lable_Floater_V1/raw/package2/JPEGImages/1962.jpg,package2,package2,rubbish,rubbish,True,False
near_duplicate_dhash,5,datasets/water/IWHR_AI_Lable_Floater_V1/raw/package2/JPEGImages/1941.jpg,datasets/water/IWHR_AI_Lable_Floater_V1/raw/package2/JPEGImages/1963.jpg,package2,package2,rubbish,rubbish,True,False
near_duplicate_dhash,5,datasets/water/IWHR_AI_Lable_Floater_V1/raw/package2/JPEGImages/1943.jpg,datasets/water/IWHR_AI_Lable_Floater_V1/raw/package2/JPEGImages/2174.jpg,package2,package2,rubbish,fishing-1,False,False
near_duplicate_dhash,5,datasets/water/IWHR_AI_Lable_Floater_V1/raw/package2/JPEGImages/1945.jpg,datasets/water/IWHR_AI_Lable_Floater_V1/raw/package2/JPEGImages/1984.jpg,package2,package2,rubbish,rubbish,True,False
near_duplicate_dhash,3,datasets/water/IWHR_AI_Lable_Floater_V1/raw/package2/JPEGImages/1948.jpg,datasets/water/IWHR_AI_Lable_Floater_V1/raw/package2/JPEGImages/1967.jpg,package2,package2,rubbish,rubbish,True,False
near_duplicate_dhash,5,datasets/water/IWHR_AI_Lable_Floater_V1/raw/package2/JPEGImages/1950.jpg,datasets/water/IWHR_AI_Lable_Floater_V1/raw/package2/JPEGImages/1969.jpg,package2,package2,fishing-3,rubbish,False,False
near_duplicate_dhash,4,datasets/water/IWHR_AI_Lable_Floater_V1/raw/package2/JPEGImages/1957.jpg,datasets/water/IWHR_AI_Lable_Floater_V1/raw/package2/JPEGImages/2454.jpg,package2,package2,rubbish,rubbish,True,False
near_duplicate_dhash,5,datasets/water/IWHR_AI_Lable_Floater_V1/raw/package2/JPEGImages/1958.jpg,datasets/water/IWHR_AI_Lable_Floater_V1/raw/package2/JPEGImages/1999.jpg,package2,package2,rubbish,rubbish,True,False
near_duplicate_dhash,4,datasets/water/IWHR_AI_Lable_Floater_V1/raw/package2/JPEGImages/1963.jpg,datasets/water/IWHR_AI_Lable_Floater_V1/raw/package2/JPEGImages/1981.jpg,package2,package2,rubbish,rubbish,True,False
near_duplicate_dhash,3,datasets/water/IWHR_AI_Lable_Floater_V1/raw/package2/JPEGImages/1964.jpg,datasets/water/IWHR_AI_Lable_Floater_V1/raw/package2/JPEGImages/1984.jpg,package2,package2,rubbish,rubbish,True,False
near_duplicate_dhash,3,datasets/water/IWHR_AI_Lable_Floater_V1/raw/package2/JPEGImages/1966.jpg,datasets/water/IWHR_AI_Lable_Floater_V1/raw/package2/JPEGImages/2448.jpg,package2,package2,rubbish,rubbish,True,False
near_duplicate_dhash,3,datasets/water/IWHR_AI_Lable_Floater_V1/raw/package2/JPEGImages/1967.jpg,datasets/water/IWHR_AI_Lable_Floater_V1/raw/package2/JPEGImages/1989.jpg,package2,package2,rubbish,rubbish,True,False
near_duplicate_dhash,4,datasets/water/IWHR_AI_Lable_Floater_V1/raw/package2/JPEGImages/1969.jpg,datasets/water/IWHR_AI_Lable_Floater_V1/raw/package2/JPEGImages/1990.jpg,package2,package2,rubbish,rubbish,True,False
near_duplicate_dhash,3,datasets/water/IWHR_AI_Lable_Floater_V1/raw/package2/JPEGImages/1970.jpg,datasets/water/IWHR_AI_Lable_Floater_V1/raw/package2/JPEGImages/2026.jpg,package2,package2,rubbish,fishing-3,False,False
near_duplicate_dhash,5,datasets/water/IWHR_AI_Lable_Floater_V1/raw/package2/JPEGImages/1970.jpg,datasets/water/IWHR_AI_Lable_Floater_V1/raw/package2/JPEGImages/2044.jpg,package2,package2,rubbish,fishing-3,False,False
near_duplicate_dhash,5,datasets/water/IWHR_AI_Lable_Floater_V1/raw/package2/JPEGImages/1971.jpg,datasets/water/IWHR_AI_Lable_Floater_V1/raw/package2/JPEGImages/2046.jpg,package2,package2,rubbish,fishing-3,False,False
near_duplicate_dhash,3,datasets/water/IWHR_AI_Lable_Floater_V1/raw/package2/JPEGImages/1976.jpg,datasets/water/IWHR_AI_Lable_Floater_V1/raw/package2/JPEGImages/2015.jpg,package2,package2,rubbish,fishing-3,False,False
near_duplicate_dhash,4,datasets/water/IWHR_AI_Lable_Floater_V1/raw/package2/JPEGImages/1976.jpg,datasets/water/IWHR_AI_Lable_Floater_V1/raw/package2/JPEGImages/2074.jpg,package2,package2,rubbish,fishing-4,False,False
near_duplicate_dhash,4,datasets/water/IWHR_AI_Lable_Floater_V1/raw/package2/JPEGImages/1979.jpg,datasets/water/IWHR_AI_Lable_Floater_V1/raw/package2/JPEGImages/2213.jpg,package2,package2,rubbish,fishing-1,False,False
near_duplicate_dhash,5,datasets/water/IWHR_AI_Lable_Floater_V1/raw/package2/JPEGImages/1981.jpg,datasets/water/IWHR_AI_Lable_Floater_V1/raw/package2/JPEGImages/2002.jpg,package2,package2,rubbish,rubbish,True,False
near_duplicate_dhash,4,datasets/water/IWHR_AI_Lable_Floater_V1/raw/package2/JPEGImages/1984.jpg,datasets/water/IWHR_AI_Lable_Floater_V1/raw/package2/JPEGImages/2005.jpg,package2,package2,rubbish,fishing-3,False,False
near_duplicate_dhash,3,datasets/water/IWHR_AI_Lable_Floater_V1/raw/package2/JPEGImages/1987.jpg,datasets/water/IWHR_AI_Lable_Floater_V1/raw/package2/JPEGImages/2006.jpg,package2,package2,rubbish,fishing-3,False,False
near_duplicate_dhash,4,datasets/water/IWHR_AI_Lable_Floater_V1/raw/package2/JPEGImages/1988.jpg,datasets/water/IWHR_AI_Lable_Floater_V1/raw/package2/JPEGImages/2145.jpg,package2,package2,rubbish,fishing-4,False,False
near_duplicate_dhash,4,datasets/water/IWHR_AI_Lable_Floater_V1/raw/package2/JPEGImages/1990.jpg,datasets/water/IWHR_AI_Lable_Floater_V1/raw/package2/JPEGImages/2008.jpg,package2,package2,rubbish,rubbish,True,False
near_duplicate_dhash,3,datasets/water/IWHR_AI_Lable_Floater_V1/raw/package2/JPEGImages/1991.jpg,datasets/water/IWHR_AI_Lable_Floater_V1/raw/package2/JPEGImages/2026.jpg,package2,package2,rubbish,fishing-3,False,False
near_duplicate_dhash,5,datasets/water/IWHR_AI_Lable_Floater_V1/raw/package2/JPEGImages/1991.jpg,datasets/water/IWHR_AI_Lable_Floater_V1/raw/package2/JPEGImages/2044.jpg,package2,package2,rubbish,fishing-3,False,False
near_duplicate_dhash,4,datasets/water/IWHR_AI_Lable_Floater_V1/raw/package2/JPEGImages/1992.jpg,datasets/water/IWHR_AI_Lable_Floater_V1/raw/package2/JPEGImages/2045.jpg,package2,package2,rubbish,rubbish,True,False
near_duplicate_dhash,5,datasets/water/IWHR_AI_Lable_Floater_V1/raw/package2/JPEGImages/2001.jpg,datasets/water/IWHR_AI_Lable_Floater_V1/raw/package2/JPEGImages/2056.jpg,package2,package2,fishing-3,fishing-3,True,False
near_duplicate_dhash,5,datasets/water/IWHR_AI_Lable_Floater_V1/raw/package2/JPEGImages/2002.jpg,datasets/water/IWHR_AI_Lable_Floater_V1/raw/package2/JPEGImages/2020.jpg,package2,package2,rubbish,fishing-3,False,False
near_duplicate_dhash,3,datasets/water/IWHR_AI_Lable_Floater_V1/raw/package2/JPEGImages/2005.jpg,datasets/water/IWHR_AI_Lable_Floater_V1/raw/package2/JPEGImages/2022.jpg,package2,package2,fishing-3,fishing-3,True,False
near_duplicate_dhash,5,datasets/water/IWHR_AI_Lable_Floater_V1/raw/package2/JPEGImages/2005.jpg,datasets/water/IWHR_AI_Lable_Floater_V1/raw/package2/JPEGImages/2039.jpg,package2,package2,fishing-3,fishing-3,True,False
near_duplicate_dhash,4,datasets/water/IWHR_AI_Lable_Floater_V1/raw/package2/JPEGImages/2007.jpg,datasets/water/IWHR_AI_Lable_Floater_V1/raw/package2/JPEGImages/2024.jpg,package2,package2,rubbish,rubbish,True,False
near_duplicate_dhash,5,datasets/water/IWHR_AI_Lable_Floater_V1/raw/package2/JPEGImages/2009.jpg,datasets/water/IWHR_AI_Lable_Floater_V1/raw/package2/JPEGImages/2245.jpg,package2,package2,rubbish,fishing-1,False,False
near_duplicate_dhash,3,datasets/water/IWHR_AI_Lable_Floater_V1/raw/package2/JPEGImages/2014.jpg,datasets/water/IWHR_AI_Lable_Floater_V1/raw/package2/JPEGImages/2030.jpg,package2,package2,rubbish,fishing-3,False,False
near_duplicate_dhash,4,datasets/water/IWHR_AI_Lable_Floater_V1/raw/package2/JPEGImages/2022.jpg,datasets/water/IWHR_AI_Lable_Floater_V1/raw/package2/JPEGImages/2064.jpg,package2,package2,fishing-3,fishing-4,False,False
near_duplicate_dhash,3,datasets/water/IWHR_AI_Lable_Floater_V1/raw/package2/JPEGImages/2024.jpg,datasets/water/IWHR_AI_Lable_Floater_V1/raw/package2/JPEGImages/2041.jpg,package2,package2,rubbish,fishing-3,False,False
near_duplicate_dhash,3,datasets/water/IWHR_AI_Lable_Floater_V1/raw/package2/JPEGImages/2025.jpg,datasets/water/IWHR_AI_Lable_Floater_V1/raw/package2/JPEGImages/2043.jpg,package2,package2,fishing-3,rubbish,False,False
near_duplicate_dhash,5,datasets/water/IWHR_AI_Lable_Floater_V1/raw/package2/JPEGImages/2026.jpg,datasets/water/IWHR_AI_Lable_Floater_V1/raw/package2/JPEGImages/2068.jpg,package2,package2,fishing-3,fishing-4,False,False
near_duplicate_dhash,4,datasets/water/IWHR_AI_Lable_Floater_V1/raw/package2/JPEGImages/2031.jpg,datasets/water/IWHR_AI_Lable_Floater_V1/raw/package2/JPEGImages/2155.jpg,package2,package2,rubbish,rubbish,True,False
near_duplicate_dhash,5,datasets/water/IWHR_AI_Lable_Floater_V1/raw/package2/JPEGImages/2033.jpg,datasets/water/IWHR_AI_Lable_Floater_V1/raw/package2/JPEGImages/2053.jpg,package2,package2,fishing-3,fishing-3,True,False
near_duplicate_dhash,4,datasets/water/IWHR_AI_Lable_Floater_V1/raw/package2/JPEGImages/2035.jpg,datasets/water/IWHR_AI_Lable_Floater_V1/raw/package2/JPEGImages/2275.jpg,package2,package2,fishing-1,fishing-1,True,False
near_duplicate_dhash,4,datasets/water/IWHR_AI_Lable_Floater_V1/raw/package2/JPEGImages/2038.jpg,datasets/water/IWHR_AI_Lable_Floater_V1/raw/package2/JPEGImages/2063.jpg,package2,package2,fishing-3,fishing-4,False,False
near_duplicate_dhash,4,datasets/water/IWHR_AI_Lable_Floater_V1/raw/package2/JPEGImages/2042.jpg,datasets/water/IWHR_AI_Lable_Floater_V1/raw/package2/JPEGImages/2086.jpg,package2,package2,fishing-3,rubbish,False,False
near_duplicate_dhash,4,datasets/water/IWHR_AI_Lable_Floater_V1/raw/package2/JPEGImages/2043.jpg,datasets/water/IWHR_AI_Lable_Floater_V1/raw/package2/JPEGImages/2067.jpg,package2,package2,rubbish,fishing-4,False,False
near_duplicate_dhash,3,datasets/water/IWHR_AI_Lable_Floater_V1/raw/package2/JPEGImages/2044.jpg,datasets/water/IWHR_AI_Lable_Floater_V1/raw/package2/JPEGImages/2068.jpg,package2,package2,fishing-3,fishing-4,False,False
near_duplicate_dhash,4,datasets/water/IWHR_AI_Lable_Floater_V1/raw/package2/JPEGImages/2049.jpg,datasets/water/IWHR_AI_Lable_Floater_V1/raw/package2/JPEGImages/2071.jpg,package2,package2,rubbish,fishing-4,False,False
near_duplicate_dhash,3,datasets/water/IWHR_AI_Lable_Floater_V1/raw/package2/JPEGImages/2054.jpg,datasets/water/IWHR_AI_Lable_Floater_V1/raw/package2/JPEGImages/2098.jpg,package2,package2,fishing-3,fishing-4,False,False
near_duplicate_dhash,5,datasets/water/IWHR_AI_Lable_Floater_V1/raw/package2/JPEGImages/2054.jpg,datasets/water/IWHR_AI_Lable_Floater_V1/raw/package2/JPEGImages/2118.jpg,package2,package2,fishing-3,fishing-4,False,False
near_duplicate_dhash,5,datasets/water/IWHR_AI_Lable_Floater_V1/raw/package2/JPEGImages/2055.jpg,datasets/water/IWHR_AI_Lable_Floater_V1/raw/package2/JPEGImages/2138.jpg,package2,package2,fishing-3,fishing-4,False,False
near_duplicate_dhash,4,datasets/water/IWHR_AI_Lable_Floater_V1/raw/package2/JPEGImages/2058.jpg,datasets/water/IWHR_AI_Lable_Floater_V1/raw/package2/JPEGImages/2863.jpg,package2,package2,fishing-1,fishing-1,True,False
near_duplicate_dhash,4,datasets/water/IWHR_AI_Lable_Floater_V1/raw/package2/JPEGImages/2058.jpg,datasets/water/IWHR_AI_Lable_Floater_V1/raw/package2/JPEGImages/2976.jpg,package2,package2,fishing-1,rubbish,False,False
near_duplicate_dhash,5,datasets/water/IWHR_AI_Lable_Floater_V1/raw/package2/JPEGImages/2059.jpg,datasets/water/IWHR_AI_Lable_Floater_V1/raw/package2/JPEGImages/2843.jpg,package2,package2,fishing-1,fishing-1,True,False
near_duplicate_dhash,5,datasets/water/IWHR_AI_Lable_Floater_V1/raw/package2/JPEGImages/2060.jpg,datasets/water/IWHR_AI_Lable_Floater_V1/raw/package2/JPEGImages/2549.jpg,package2,package2,fishing-1,fishing-1,True,False
near_duplicate_dhash,5,datasets/water/IWHR_AI_Lable_Floater_V1/raw/package2/JPEGImages/2060.jpg,datasets/water/IWHR_AI_Lable_Floater_V1/raw/package2/JPEGImages/2675.jpg,package2,package2,fishing-1,fishing-1,True,False
near_duplicate_dhash,4,datasets/water/IWHR_AI_Lable_Floater_V1/raw/package2/JPEGImages/2061.jpg,datasets/water/IWHR_AI_Lable_Floater_V1/raw/package2/JPEGImages/2079.jpg,package2,package2,fishing-4,rubbish,False,False
near_duplicate_dhash,3,datasets/water/IWHR_AI_Lable_Floater_V1/raw/package2/JPEGImages/2062.jpg,datasets/water/IWHR_AI_Lable_Floater_V1/raw/package2/JPEGImages/2080.jpg,package2,package2,fishing-4,fishing-4,True,False
near_duplicate_dhash,5,datasets/water/IWHR_AI_Lable_Floater_V1/raw/package2/JPEGImages/2071.jpg,datasets/water/IWHR_AI_Lable_Floater_V1/raw/package2/JPEGImages/2091.jpg,package2,package2,fishing-4,rubbish,False,False
near_duplicate_dhash,5,datasets/water/IWHR_AI_Lable_Floater_V1/raw/package2/JPEGImages/2073.jpg,datasets/water/IWHR_AI_Lable_Floater_V1/raw/package2/JPEGImages/2093.jpg,package2,package2,rubbish,rubbish,True,False
near_duplicate_dhash,4,datasets/water/IWHR_AI_Lable_Floater_V1/raw/package2/JPEGImages/2080.jpg,datasets/water/IWHR_AI_Lable_Floater_V1/raw/package2/JPEGImages/2101.jpg,package2,package2,fishing-4,fishing-4,True,False
near_duplicate_dhash,4,datasets/water/IWHR_AI_Lable_Floater_V1/raw/package2/JPEGImages/2081.jpg,datasets/water/IWHR_AI_Lable_Floater_V1/raw/package2/JPEGImages/2102.jpg,package2,package2,rubbish,fishing-4,False,False
near_duplicate_dhash,5,datasets/water/IWHR_AI_Lable_Floater_V1/raw/package2/JPEGImages/2083.jpg,datasets/water/IWHR_AI_Lable_Floater_V1/raw/package2/JPEGImages/2124.jpg,package2,package2,rubbish,fishing-4,False,False
near_duplicate_dhash,4,datasets/water/IWHR_AI_Lable_Floater_V1/raw/package2/JPEGImages/2087.jpg,datasets/water/IWHR_AI_Lable_Floater_V1/raw/package2/JPEGImages/2107.jpg,package2,package2,rubbish,fishing-4,False,False
near_duplicate_dhash,5,datasets/water/IWHR_AI_Lable_Floater_V1/raw/package2/JPEGImages/2090.jpg,datasets/water/IWHR_AI_Lable_Floater_V1/raw/package2/JPEGImages/2110.jpg,package2,package2,fishing-4,rubbish,False,False
near_duplicate_dhash,5,datasets/water/IWHR_AI_Lable_Floater_V1/raw/package2/JPEGImages/2091.jpg,datasets/water/IWHR_AI_Lable_Floater_V1/raw/package2/JPEGImages/2111.jpg,package2,package2,rubbish,fishing-4,False,False
near_duplicate_dhash,4,datasets/water/IWHR_AI_Lable_Floater_V1/raw/package2/JPEGImages/2093.jpg,datasets/water/IWHR_AI_Lable_Floater_V1/raw/package2/JPEGImages/2114.jpg,package2,package2,rubbish,fishing-4,False,False
near_duplicate_dhash,4,datasets/water/IWHR_AI_Lable_Floater_V1/raw/package2/JPEGImages/2096.jpg,datasets/water/IWHR_AI_Lable_Floater_V1/raw/package2/JPEGImages/2175.jpg,package2,package2,fishing-4,rubbish,False,False
near_duplicate_dhash,4,datasets/water/IWHR_AI_Lable_Floater_V1/raw/package2/JPEGImages/2098.jpg,datasets/water/IWHR_AI_Lable_Floater_V1/raw/package2/JPEGImages/2137.jpg,package2,package2,fishing-4,rubbish,False,False
near_duplicate_dhash,5,datasets/water/IWHR_AI_Lable_Floater_V1/raw/package2/JPEGImages/2099.jpg,datasets/water/IWHR_AI_Lable_Floater_V1/raw/package2/JPEGImages/2119.jpg,package2,package2,fishing-4,rubbish,False,False
near_duplicate_dhash,5,datasets/water/IWHR_AI_Lable_Floater_V1/raw/package2/JPEGImages/2103.jpg,datasets/water/IWHR_AI_Lable_Floater_V1/raw/package2/JPEGImages/2122.jpg,package2,package2,fishing-4,fishing-4,True,False
near_duplicate_dhash,4,datasets/water/IWHR_AI_Lable_Floater_V1/raw/package2/JPEGImages/2104.jpg,datasets/water/IWHR_AI_Lable_Floater_V1/raw/package2/JPEGImages/2123.jpg,package2,package2,fishing-4,fishing-4,True,False
near_duplicate_dhash,3,datasets/water/IWHR_AI_Lable_Floater_V1/raw/package2/JPEGImages/2105.jpg,datasets/water/IWHR_AI_Lable_Floater_V1/raw/package2/JPEGImages/2125.jpg,package2,package2,rubbish,fishing-4,False,False
near_duplicate_dhash,4,datasets/water/IWHR_AI_Lable_Floater_V1/raw/package2/JPEGImages/2107.jpg,datasets/water/IWHR_AI_Lable_Floater_V1/raw/package2/JPEGImages/2127.jpg,package2,package2,fishing-4,fishing-4,True,False
near_duplicate_dhash,3,datasets/water/IWHR_AI_Lable_Floater_V1/raw/package2/JPEGImages/2108.jpg,datasets/water/IWHR_AI_Lable_Floater_V1/raw/package2/JPEGImages/2128.jpg,package2,package2,rubbish,rubbish,True,False
near_duplicate_dhash,5,datasets/water/IWHR_AI_Lable_Floater_V1/raw/package2/JPEGImages/2109.jpg,datasets/water/IWHR_AI_Lable_Floater_V1/raw/package2/JPEGImages/2355.jpg,package2,package2,fishing-1,rubbish,False,False
near_duplicate_dhash,3,datasets/water/IWHR_AI_Lable_Floater_V1/raw/package2/JPEGImages/2111.jpg,datasets/water/IWHR_AI_Lable_Floater_V1/raw/package2/JPEGImages/2133.jpg,package2,package2,fishing-4,rubbish,False,False
near_duplicate_dhash,5,datasets/water/IWHR_AI_Lable_Floater_V1/raw/package2/JPEGImages/2122.jpg,datasets/water/IWHR_AI_Lable_Floater_V1/raw/package2/JPEGImages/2142.jpg,package2,package2,fishing-4,fishing-4,True,False
near_duplicate_dhash,4,datasets/water/IWHR_AI_Lable_Floater_V1/raw/package2/JPEGImages/2124.jpg,datasets/water/IWHR_AI_Lable_Floater_V1/raw/package2/JPEGImages/2183.jpg,package2,package2,fishing-4,rubbish,False,False
near_duplicate_dhash,4,datasets/water/IWHR_AI_Lable_Floater_V1/raw/package2/JPEGImages/2127.jpg,datasets/water/IWHR_AI_Lable_Floater_V1/raw/package2/JPEGImages/2148.jpg,package2,package2,fishing-4,fishing-4,True,False
near_duplicate_dhash,4,datasets/water/IWHR_AI_Lable_Floater_V1/raw/package2/JPEGImages/2128.jpg,datasets/water/IWHR_AI_Lable_Floater_V1/raw/package2/JPEGImages/2149.jpg,package2,package2,rubbish,fishing-4,False,False
near_duplicate_dhash,5,datasets/water/IWHR_AI_Lable_Floater_V1/raw/package2/JPEGImages/2131.jpg,datasets/water/IWHR_AI_Lable_Floater_V1/raw/package2/JPEGImages/2190.jpg,package2,package2,rubbish,rubbish,True,False
near_duplicate_dhash,4,datasets/water/IWHR_AI_Lable_Floater_V1/raw/package2/JPEGImages/2134.jpg,datasets/water/IWHR_AI_Lable_Floater_V1/raw/package2/JPEGImages/2152.jpg,package2,package2,fishing-4,rubbish,False,False
near_duplicate_dhash,5,datasets/water/IWHR_AI_Lable_Floater_V1/raw/package2/JPEGImages/2135.jpg,datasets/water/IWHR_AI_Lable_Floater_V1/raw/package2/JPEGImages/2153.jpg,package2,package2,rubbish,rubbish,True,False
near_duplicate_dhash,3,datasets/water/IWHR_AI_Lable_Floater_V1/raw/package2/JPEGImages/2140.jpg,datasets/water/IWHR_AI_Lable_Floater_V1/raw/package2/JPEGImages/2160.jpg,package2,package2,rubbish,rubbish,True,False
near_duplicate_dhash,5,datasets/water/IWHR_AI_Lable_Floater_V1/raw/package2/JPEGImages/2146.jpg,datasets/water/IWHR_AI_Lable_Floater_V1/raw/package2/JPEGImages/2165.jpg,package2,package2,rubbish,rubbish,True,False
near_duplicate_dhash,5,datasets/water/IWHR_AI_Lable_Floater_V1/raw/package2/JPEGImages/2147.jpg,datasets/water/IWHR_AI_Lable_Floater_V1/raw/package2/JPEGImages/2308.jpg,package2,package2,rubbish,rubbish,True,False
near_duplicate_dhash,3,datasets/water/IWHR_AI_Lable_Floater_V1/raw/package2/JPEGImages/2149.jpg,datasets/water/IWHR_AI_Lable_Floater_V1/raw/package2/JPEGImages/2167.jpg,package2,package2,fishing-4,fishing-4,True,False
near_duplicate_dhash,4,datasets/water/IWHR_AI_Lable_Floater_V1/raw/package2/JPEGImages/2150.jpg,datasets/water/IWHR_AI_Lable_Floater_V1/raw/package2/JPEGImages/2169.jpg,package2,package2,rubbish,fishing-4,False,False
near_duplicate_dhash,4,datasets/water/IWHR_AI_Lable_Floater_V1/raw/package2/JPEGImages/2151.jpg,datasets/water/IWHR_AI_Lable_Floater_V1/raw/package2/JPEGImages/2192.jpg,package2,package2,fishing-4,rubbish,False,False
near_duplicate_dhash,3,datasets/water/IWHR_AI_Lable_Floater_V1/raw/package2/JPEGImages/2154.jpg,datasets/water/IWHR_AI_Lable_Floater_V1/raw/package2/JPEGImages/2297.jpg,package2,package2,rubbish,fishing-4,False,False
near_duplicate_dhash,3,datasets/water/IWHR_AI_Lable_Floater_V1/raw/package2/JPEGImages/2155.jpg,datasets/water/IWHR_AI_Lable_Floater_V1/raw/package2/JPEGImages/2214.jpg,package2,package2,rubbish,rubbish,True,False
near_duplicate_dhash,5,datasets/water/IWHR_AI_Lable_Floater_V1/raw/package2/JPEGImages/2155.jpg,datasets/water/IWHR_AI_Lable_Floater_V1/raw/package2/JPEGImages/2272.jpg,package2,package2,rubbish,rubbish,True,False
near_duplicate_dhash,3,datasets/water/IWHR_AI_Lable_Floater_V1/raw/package2/JPEGImages/2158.jpg,datasets/water/IWHR_AI_Lable_Floater_V1/raw/package2/JPEGImages/2407.jpg,package2,package2,fishing-1,rubbish,False,False
near_duplicate_dhash,4,datasets/water/IWHR_AI_Lable_Floater_V1/raw/package2/JPEGImages/2159.jpg,datasets/water/IWHR_AI_Lable_Floater_V1/raw/package2/JPEGImages/2277.jpg,package2,package2,fishing-4,rubbish,False,False
near_duplicate_dhash,4,datasets/water/IWHR_AI_Lable_Floater_V1/raw/package2/JPEGImages/2167.jpg,datasets/water/IWHR_AI_Lable_Floater_V1/raw/package2/JPEGImages/2187.jpg,package2,package2,fishing-4,fishing-4,True,False
near_duplicate_dhash,5,datasets/water/IWHR_AI_Lable_Floater_V1/raw/package2/JPEGImages/2170.jpg,datasets/water/IWHR_AI_Lable_Floater_V1/raw/package2/JPEGImages/2210.jpg,package2,package2,rubbish,rubbish,True,False
near_duplicate_dhash,5,datasets/water/IWHR_AI_Lable_Floater_V1/raw/package2/JPEGImages/2172.jpg,datasets/water/IWHR_AI_Lable_Floater_V1/raw/package2/JPEGImages/2195.jpg,package2,package2,rubbish,rubbish,True,False
near_duplicate_dhash,3,datasets/water/IWHR_AI_Lable_Floater_V1/raw/package2/JPEGImages/2174.jpg,datasets/water/IWHR_AI_Lable_Floater_V1/raw/package2/JPEGImages/2428.jpg,package2,package2,fishing-1,rubbish,False,False
near_duplicate_dhash,5,datasets/water/IWHR_AI_Lable_Floater_V1/raw/package2/JPEGImages/2175.jpg,datasets/water/IWHR_AI_Lable_Floater_V1/raw/package2/JPEGImages/2340.jpg,package2,package2,rubbish,rubbish,True,False
near_duplicate_dhash,5,datasets/water/IWHR_AI_Lable_Floater_V1/raw/package2/JPEGImages/2176.jpg,datasets/water/IWHR_AI_Lable_Floater_V1/raw/package2/JPEGImages/2198.jpg,package2,package2,fishing-4,rubbish,False,False
near_duplicate_dhash,4,datasets/water/IWHR_AI_Lable_Floater_V1/raw/package2/JPEGImages/2180.jpg,datasets/water/IWHR_AI_Lable_Floater_V1/raw/package2/JPEGImages/2850.jpg,package2,package2,fishing-1,fishing-1,True,False
near_duplicate_dhash,4,datasets/water/IWHR_AI_Lable_Floater_V1/raw/package2/JPEGImages/2181.jpg,datasets/water/IWHR_AI_Lable_Floater_V1/raw/package2/JPEGImages/2221.jpg,package2,package2,fishing-4,fishing-4,True,False
near_duplicate_dhash,3,datasets/water/IWHR_AI_Lable_Floater_V1/raw/package2/JPEGImages/2188.jpg,datasets/water/IWHR_AI_Lable_Floater_V1/raw/package2/JPEGImages/2454.jpg,package2,package2,rubbish,rubbish,True,False
near_duplicate_dhash,5,datasets/water/IWHR_AI_Lable_Floater_V1/raw/package2/JPEGImages/2188.jpg,datasets/water/IWHR_AI_Lable_Floater_V1/raw/package2/JPEGImages/2663.jpg,package2,package2,rubbish,fishing-1,False,False
near_duplicate_dhash,5,datasets/water/IWHR_AI_Lable_Floater_V1/raw/package2/JPEGImages/2191.jpg,datasets/water/IWHR_AI_Lable_Floater_V1/raw/package2/JPEGImages/2209.jpg,package2,package2,rubbish,fishing-4,False,False
near_duplicate_dhash,3,datasets/water/IWHR_AI_Lable_Floater_V1/raw/package2/JPEGImages/2192.jpg,datasets/water/IWHR_AI_Lable_Floater_V1/raw/package2/JPEGImages/2210.jpg,package2,package2,rubbish,rubbish,True,False
near_duplicate_dhash,5,datasets/water/IWHR_AI_Lable_Floater_V1/raw/package2/JPEGImages/2192.jpg,datasets/water/IWHR_AI_Lable_Floater_V1/raw/package2/JPEGImages/2229.jpg,package2,package2,rubbish,rubbish,True,False
near_duplicate_dhash,4,datasets/water/IWHR_AI_Lable_Floater_V1/raw/package2/JPEGImages/2197.jpg,datasets/water/IWHR_AI_Lable_Floater_V1/raw/package2/JPEGImages/2216.jpg,package2,package2,rubbish,rubbish,True,False
near_duplicate_dhash,5,datasets/water/IWHR_AI_Lable_Floater_V1/raw/package2/JPEGImages/2198.jpg,datasets/water/IWHR_AI_Lable_Floater_V1/raw/package2/JPEGImages/2217.jpg,package2,package2,rubbish,rubbish,True,False
near_duplicate_dhash,5,datasets/water/IWHR_AI_Lable_Floater_V1/raw/package2/JPEGImages/2202.jpg,datasets/water/IWHR_AI_Lable_Floater_V1/raw/package2/JPEGImages/2223.jpg,package2,package2,rubbish,rubbish,True,False
near_duplicate_dhash,3,datasets/water/IWHR_AI_Lable_Floater_V1/raw/package2/JPEGImages/2204.jpg,datasets/water/IWHR_AI_Lable_Floater_V1/raw/package2/JPEGImages/2308.jpg,package2,package2,rubbish,rubbish,True,False
near_duplicate_dhash,5,datasets/water/IWHR_AI_Lable_Floater_V1/raw/package2/JPEGImages/2205.jpg,datasets/water/IWHR_AI_Lable_Floater_V1/raw/package2/JPEGImages/2226.jpg,package2,package2,rubbish,rubbish,True,False
near_duplicate_dhash,3,datasets/water/IWHR_AI_Lable_Floater_V1/raw/package2/JPEGImages/2213.jpg,datasets/water/IWHR_AI_Lable_Floater_V1/raw/package2/JPEGImages/2465.jpg,package2,package2,fishing-1,rubbish,False,False
near_duplicate_dhash,4,datasets/water/IWHR_AI_Lable_Floater_V1/raw/package2/JPEGImages/2217.jpg,datasets/water/IWHR_AI_Lable_Floater_V1/raw/package2/JPEGImages/2234.jpg,package2,package2,rubbish,fishing-4,False,False
near_duplicate_dhash,3,datasets/water/IWHR_AI_Lable_Floater_V1/raw/package2/JPEGImages/2220.jpg,datasets/water/IWHR_AI_Lable_Floater_V1/raw/package2/JPEGImages/2281.jpg,package2,package2,rubbish,rubbish,True,False
near_duplicate_dhash,5,datasets/water/IWHR_AI_Lable_Floater_V1/raw/package2/JPEGImages/2221.jpg,datasets/water/IWHR_AI_Lable_Floater_V1/raw/package2/JPEGImages/2242.jpg,package2,package2,fishing-4,fishing-4,True,False
near_duplicate_dhash,4,datasets/water/IWHR_AI_Lable_Floater_V1/raw/package2/JPEGImages/2227.jpg,datasets/water/IWHR_AI_Lable_Floater_V1/raw/package2/JPEGImages/2249.jpg,package2,package2,rubbish,fishing-4,False,False
near_duplicate_dhash,4,datasets/water/IWHR_AI_Lable_Floater_V1/raw/package2/JPEGImages/2234.jpg,datasets/water/IWHR_AI_Lable_Floater_V1/raw/package2/JPEGImages/2258.jpg,package2,package2,fishing-4,fishing-4,True,False
near_duplicate_dhash,5,datasets/water/IWHR_AI_Lable_Floater_V1/raw/package2/JPEGImages/2234.jpg,datasets/water/IWHR_AI_Lable_Floater_V1/raw/package2/JPEGImages/2276.jpg,package2,package2,fishing-4,rubbish,False,False
near_duplicate_dhash,4,datasets/water/IWHR_AI_Lable_Floater_V1/raw/package2/JPEGImages/2237.jpg,datasets/water/IWHR_AI_Lable_Floater_V1/raw/package2/JPEGImages/2301.jpg,package2,package2,rubbish,rubbish,True,False
near_duplicate_dhash,4,datasets/water/IWHR_AI_Lable_Floater_V1/raw/package2/JPEGImages/2244.jpg,datasets/water/IWHR_AI_Lable_Floater_V1/raw/package2/JPEGImages/2325.jpg,package2,package2,rubbish,rubbish,True,False
near_duplicate_dhash,5,datasets/water/IWHR_AI_Lable_Floater_V1/raw/package2/JPEGImages/2246.jpg,datasets/water/IWHR_AI_Lable_Floater_V1/raw/package2/JPEGImages/2263.jpg,package2,package2,fishing-4,fishing-4,True,False
near_duplicate_dhash,3,datasets/water/IWHR_AI_Lable_Floater_V1/raw/package2/JPEGImages/2249.jpg,datasets/water/IWHR_AI_Lable_Floater_V1/raw/package2/JPEGImages/2266.jpg,package2,package2,fishing-4,rubbish,False,False
near_duplicate_dhash,5,datasets/water/IWHR_AI_Lable_Floater_V1/raw/package2/JPEGImages/2249.jpg,datasets/water/IWHR_AI_Lable_Floater_V1/raw/package2/JPEGImages/2289.jpg,package2,package2,fishing-4,rubbish,False,False
near_duplicate_dhash,4,datasets/water/IWHR_AI_Lable_Floater_V1/raw/package2/JPEGImages/2250.jpg,datasets/water/IWHR_AI_Lable_Floater_V1/raw/package2/JPEGImages/2267.jpg,package2,package2,fishing-4,fishing-4,True,False
near_duplicate_dhash,3,datasets/water/IWHR_AI_Lable_Floater_V1/raw/package2/JPEGImages/2252.jpg,datasets/water/IWHR_AI_Lable_Floater_V1/raw/package2/JPEGImages/2294.jpg,package2,package2,fishing-4,rubbish,False,False
near_duplicate_dhash,3,datasets/water/IWHR_AI_Lable_Floater_V1/raw/package2/JPEGImages/2257.jpg,datasets/water/IWHR_AI_Lable_Floater_V1/raw/package2/JPEGImages/2340.jpg,package2,package2,rubbish,rubbish,True,False
near_duplicate_dhash,4,datasets/water/IWHR_AI_Lable_Floater_V1/raw/package2/JPEGImages/2260.jpg,datasets/water/IWHR_AI_Lable_Floater_V1/raw/package2/JPEGImages/2280.jpg,package2,package2,fishing-4,fishing-4,True,False
near_duplicate_dhash,4,datasets/water/IWHR_AI_Lable_Floater_V1/raw/package2/JPEGImages/2263.jpg,datasets/water/IWHR_AI_Lable_Floater_V1/raw/package2/JPEGImages/2286.jpg,package2,package2,fishing-4,rubbish,False,False
near_duplicate_dhash,3,datasets/water/IWHR_AI_Lable_Floater_V1/raw/package2/JPEGImages/2269.jpg,datasets/water/IWHR_AI_Lable_Floater_V1/raw/package2/JPEGImages/2294.jpg,package2,package2,rubbish,rubbish,True,False
near_duplicate_dhash,4,datasets/water/IWHR_AI_Lable_Floater_V1/raw/package2/JPEGImages/2273.jpg,datasets/water/IWHR_AI_Lable_Floater_V1/raw/package2/JPEGImages/2318.jpg,package2,package2,rubbish,rubbish,True,False
near_duplicate_dhash,3,datasets/water/IWHR_AI_Lable_Floater_V1/raw/package2/JPEGImages/2274.jpg,datasets/water/IWHR_AI_Lable_Floater_V1/raw/package2/JPEGImages/2299.jpg,package2,package2,rubbish,rubbish,True,False
near_duplicate_dhash,5,datasets/water/IWHR_AI_Lable_Floater_V1/raw/package2/JPEGImages/2275.jpg,datasets/water/IWHR_AI_Lable_Floater_V1/raw/package2/JPEGImages/2672.jpg,package2,package2,fishing-1,fishing-1,True,False
near_duplicate_dhash,3,datasets/water/IWHR_AI_Lable_Floater_V1/raw/package2/JPEGImages/2293.jpg,datasets/water/IWHR_AI_Lable_Floater_V1/raw/package2/JPEGImages/2314.jpg,package2,package2,fishing-4,fishing-4,True,False
near_duplicate_dhash,3,datasets/water/IWHR_AI_Lable_Floater_V1/raw/package2/JPEGImages/2294.jpg,datasets/water/IWHR_AI_Lable_Floater_V1/raw/package2/JPEGImages/2315.jpg,package2,package2,rubbish,rubbish,True,False
near_duplicate_dhash,3,datasets/water/IWHR_AI_Lable_Floater_V1/raw/package2/JPEGImages/2296.jpg,datasets/water/IWHR_AI_Lable_Floater_V1/raw/package2/JPEGImages/2317.jpg,package2,package2,rubbish,rubbish,True,False
near_duplicate_dhash,4,datasets/water/IWHR_AI_Lable_Floater_V1/raw/package2/JPEGImages/2298.jpg,datasets/water/IWHR_AI_Lable_Floater_V1/raw/package2/JPEGImages/2674.jpg,package2,package2,fishing-1,fishing-1,True,False
near_duplicate_dhash,3,datasets/water/IWHR_AI_Lable_Floater_V1/raw/package2/JPEGImages/2304.jpg,datasets/water/IWHR_AI_Lable_Floater_V1/raw/package2/JPEGImages/2549.jpg,package2,package2,fishing-1,fishing-1,True,False
near_duplicate_dhash,3,datasets/water/IWHR_AI_Lable_Floater_V1/raw/package2/JPEGImages/2304.jpg,datasets/water/IWHR_AI_Lable_Floater_V1/raw/package2/JPEGImages/2675.jpg,package2,package2,fishing-1,fishing-1,True,False
near_duplicate_dhash,5,datasets/water/IWHR_AI_Lable_Floater_V1/raw/package2/JPEGImages/2308.jpg,datasets/water/IWHR_AI_Lable_Floater_V1/raw/package2/JPEGImages/2367.jpg,package2,package2,rubbish,rubbish,True,False
near_duplicate_dhash,5,datasets/water/IWHR_AI_Lable_Floater_V1/raw/package2/JPEGImages/2310.jpg,datasets/water/IWHR_AI_Lable_Floater_V1/raw/package2/JPEGImages/2330.jpg,package2,package2,rubbish,rubbish,True,False
near_duplicate_dhash,4,datasets/water/IWHR_AI_Lable_Floater_V1/raw/package2/JPEGImages/2311.jpg,datasets/water/IWHR_AI_Lable_Floater_V1/raw/package2/JPEGImages/2676.jpg,package2,package2,rubbish,fishing-1,False,False
near_duplicate_dhash,3,datasets/water/IWHR_AI_Lable_Floater_V1/raw/package2/JPEGImages/2314.jpg,datasets/water/IWHR_AI_Lable_Floater_V1/raw/package2/JPEGImages/2333.jpg,package2,package2,fishing-4,fishing-4,True,False
near_duplicate_dhash,4,datasets/water/IWHR_AI_Lable_Floater_V1/raw/package2/JPEGImages/2316.jpg,datasets/water/IWHR_AI_Lable_Floater_V1/raw/package2/JPEGImages/2336.jpg,package2,package2,fishing-4,rubbish,False,False
near_duplicate_dhash,5,datasets/water/IWHR_AI_Lable_Floater_V1/raw/package2/JPEGImages/2320.jpg,datasets/water/IWHR_AI_Lable_Floater_V1/raw/package2/JPEGImages/2341.jpg,package2,package2,rubbish,rubbish,True,False
near_duplicate_dhash,3,datasets/water/IWHR_AI_Lable_Floater_V1/raw/package2/JPEGImages/2334.jpg,datasets/water/IWHR_AI_Lable_Floater_V1/raw/package2/JPEGImages/2393.jpg,package2,package2,rubbish,rubbish,True,False
near_duplicate_dhash,5,datasets/water/IWHR_AI_Lable_Floater_V1/raw/package2/JPEGImages/2334.jpg,datasets/water/IWHR_AI_Lable_Floater_V1/raw/package2/JPEGImages/2431.jpg,package2,package2,rubbish,rubbish,True,False
near_duplicate_dhash,3,datasets/water/IWHR_AI_Lable_Floater_V1/raw/package2/JPEGImages/2341.jpg,datasets/water/IWHR_AI_Lable_Floater_V1/raw/package2/JPEGImages/2357.jpg,package2,package2,rubbish,rubbish,True,False
near_duplicate_dhash,5,datasets/water/IWHR_AI_Lable_Floater_V1/raw/package2/JPEGImages/2347.jpg,datasets/water/IWHR_AI_Lable_Floater_V1/raw/package2/JPEGImages/2365.jpg,package2,package2,rubbish,rubbish,True,False
near_duplicate_dhash,5,datasets/water/IWHR_AI_Lable_Floater_V1/raw/package2/JPEGImages/2349.jpg,datasets/water/IWHR_AI_Lable_Floater_V1/raw/package2/JPEGImages/2369.jpg,package2,package2,fishing-4,rubbish,False,False
near_duplicate_dhash,3,datasets/water/IWHR_AI_Lable_Floater_V1/raw/package2/JPEGImages/2352.jpg,datasets/water/IWHR_AI_Lable_Floater_V1/raw/package2/JPEGImages/2431.jpg,package2,package2,rubbish,rubbish,True,False
near_duplicate_dhash,4,datasets/water/IWHR_AI_Lable_Floater_V1/raw/package2/JPEGImages/2354.jpg,datasets/water/IWHR_AI_Lable_Floater_V1/raw/package2/JPEGImages/2376.jpg,package2,package2,fishing-4,rubbish,False,False
near_duplicate_dhash,4,datasets/water/IWHR_AI_Lable_Floater_V1/raw/package2/JPEGImages/2356.jpg,datasets/water/IWHR_AI_Lable_Floater_V1/raw/package2/JPEGImages/2378.jpg,package2,package2,rubbish,rubbish,True,False
near_duplicate_dhash,5,datasets/water/IWHR_AI_Lable_Floater_V1/raw/package2/JPEGImages/2357.jpg,datasets/water/IWHR_AI_Lable_Floater_V1/raw/package2/JPEGImages/2379.jpg,package2,package2,rubbish,rubbish,True,False
near_duplicate_dhash,4,datasets/water/IWHR_AI_Lable_Floater_V1/raw/package2/JPEGImages/2367.jpg,datasets/water/IWHR_AI_Lable_Floater_V1/raw/package2/JPEGImages/2424.jpg,package2,package2,rubbish,rubbish,True,False
near_duplicate_dhash,4,datasets/water/IWHR_AI_Lable_Floater_V1/raw/package2/JPEGImages/2369.jpg,datasets/water/IWHR_AI_Lable_Floater_V1/raw/package2/JPEGImages/2390.jpg,package2,package2,rubbish,rubbish,True,False
near_duplicate_dhash,3,datasets/water/IWHR_AI_Lable_Floater_V1/raw/package2/JPEGImages/2374.jpg,datasets/water/IWHR_AI_Lable_Floater_V1/raw/package2/JPEGImages/2722.jpg,package2,package2,fishing-1,fishing-1,True,False
near_duplicate_dhash,4,datasets/water/IWHR_AI_Lable_Floater_V1/raw/package2/JPEGImages/2374.jpg,datasets/water/IWHR_AI_Lable_Floater_V1/raw/package2/JPEGImages/2879.jpg,package2,package2,fishing-1,fishing-1,True,False
near_duplicate_dhash,5,datasets/water/IWHR_AI_Lable_Floater_V1/raw/package2/JPEGImages/2375.jpg,datasets/water/IWHR_AI_Lable_Floater_V1/raw/package2/JPEGImages/2680.jpg,package2,package2,rubbish,fishing-1,False,False
near_duplicate_dhash,5,datasets/water/IWHR_AI_Lable_Floater_V1/raw/package2/JPEGImages/2382.jpg,datasets/water/IWHR_AI_Lable_Floater_V1/raw/package2/JPEGImages/2402.jpg,package2,package2,rubbish,rubbish,True,False
near_duplicate_dhash,5,datasets/water/IWHR_AI_Lable_Floater_V1/raw/package2/JPEGImages/2387.jpg,datasets/water/IWHR_AI_Lable_Floater_V1/raw/package2/JPEGImages/2404.jpg,package2,package2,rubbish,rubbish,True,False
near_duplicate_dhash,3,datasets/water/IWHR_AI_Lable_Floater_V1/raw/package2/JPEGImages/2388.jpg,datasets/water/IWHR_AI_Lable_Floater_V1/raw/package2/JPEGImages/2681.jpg,package2,package2,fishing-1,fishing-1,True,False
near_duplicate_dhash,4,datasets/water/IWHR_AI_Lable_Floater_V1/raw/package2/JPEGImages/2392.jpg,datasets/water/IWHR_AI_Lable_Floater_V1/raw/package2/JPEGImages/2410.jpg,package2,package2,rubbish,rubbish,True,False
near_duplicate_dhash,5,datasets/water/IWHR_AI_Lable_Floater_V1/raw/package2/JPEGImages/2397.jpg,datasets/water/IWHR_AI_Lable_Floater_V1/raw/package2/JPEGImages/2415.jpg,package2,package2,rubbish,rubbish,True,False
near_duplicate_dhash,4,datasets/water/IWHR_AI_Lable_Floater_V1/raw/package2/JPEGImages/2398.jpg,datasets/water/IWHR_AI_Lable_Floater_V1/raw/package2/JPEGImages/2468.jpg,package2,package2,rubbish,rubbish,True,False
near_duplicate_dhash,5,datasets/water/IWHR_AI_Lable_Floater_V1/raw/package2/JPEGImages/2399.jpg,datasets/water/IWHR_AI_Lable_Floater_V1/raw/package2/JPEGImages/2416.jpg,package2,package2,rubbish,rubbish,True,False
near_duplicate_dhash,5,datasets/water/IWHR_AI_Lable_Floater_V1/raw/package2/JPEGImages/2401.jpg,datasets/water/IWHR_AI_Lable_Floater_V1/raw/package2/JPEGImages/2728.jpg,package2,package2,rubbish,fishing-1,False,False
near_duplicate_dhash,3,datasets/water/IWHR_AI_Lable_Floater_V1/raw/package2/JPEGImages/2406.jpg,datasets/water/IWHR_AI_Lable_Floater_V1/raw/package2/JPEGImages/2426.jpg,package2,package2,rubbish,rubbish,True,False
near_duplicate_dhash,3,datasets/water/IWHR_AI_Lable_Floater_V1/raw/package2/JPEGImages/2407.jpg,datasets/water/IWHR_AI_Lable_Floater_V1/raw/package2/JPEGImages/2631.jpg,package2,package2,rubbish,fishing-1,False,False
near_duplicate_dhash,5,datasets/water/IWHR_AI_Lable_Floater_V1/raw/package2/JPEGImages/2407.jpg,datasets/water/IWHR_AI_Lable_Floater_V1/raw/package2/JPEGImages/2683.jpg,package2,package2,rubbish,fishing-1,False,False
near_duplicate_dhash,3,datasets/water/IWHR_AI_Lable_Floater_V1/raw/package2/JPEGImages/2409.jpg,datasets/water/IWHR_AI_Lable_Floater_V1/raw/package2/JPEGImages/2446.jpg,package2,package2,rubbish,rubbish,True,False
near_duplicate_dhash,5,datasets/water/IWHR_AI_Lable_Floater_V1/raw/package2/JPEGImages/2413.jpg,datasets/water/IWHR_AI_Lable_Floater_V1/raw/package2/JPEGImages/2433.jpg,package2,package2,rubbish,rubbish,True,False
near_duplicate_dhash,3,datasets/water/IWHR_AI_Lable_Floater_V1/raw/package2/JPEGImages/2419.jpg,datasets/water/IWHR_AI_Lable_Floater_V1/raw/package2/JPEGImages/2438.jpg,package2,package2,rubbish,rubbish,True,False
near_duplicate_dhash,5,datasets/water/IWHR_AI_Lable_Floater_V1/raw/package2/JPEGImages/2427.jpg,datasets/water/IWHR_AI_Lable_Floater_V1/raw/package2/JPEGImages/2461.jpg,package2,package2,rubbish,rubbish,True,False
near_duplicate_dhash,4,datasets/water/IWHR_AI_Lable_Floater_V1/raw/package2/JPEGImages/2428.jpg,datasets/water/IWHR_AI_Lable_Floater_V1/raw/package2/JPEGImages/2646.jpg,package2,package2,rubbish,fishing-1,False,False
near_duplicate_dhash,5,datasets/water/IWHR_AI_Lable_Floater_V1/raw/package2/JPEGImages/2431.jpg,datasets/water/IWHR_AI_Lable_Floater_V1/raw/package2/JPEGImages/2499.jpg,package2,package2,rubbish,rubbish,True,False
near_duplicate_dhash,4,datasets/water/IWHR_AI_Lable_Floater_V1/raw/package2/JPEGImages/2432.jpg,datasets/water/IWHR_AI_Lable_Floater_V1/raw/package2/JPEGImages/2449.jpg,package2,package2,rubbish,fishing-4,False,False
near_duplicate_dhash,4,datasets/water/IWHR_AI_Lable_Floater_V1/raw/package2/JPEGImages/2435.jpg,datasets/water/IWHR_AI_Lable_Floater_V1/raw/package2/JPEGImages/2453.jpg,package2,package2,rubbish,rubbish,True,False
near_duplicate_dhash,5,datasets/water/IWHR_AI_Lable_Floater_V1/raw/package2/JPEGImages/2436.jpg,datasets/water/IWHR_AI_Lable_Floater_V1/raw/package2/JPEGImages/2455.jpg,package2,package2,rubbish,rubbish,True,False
near_duplicate_dhash,3,datasets/water/IWHR_AI_Lable_Floater_V1/raw/package2/JPEGImages/2440.jpg,datasets/water/IWHR_AI_Lable_Floater_V1/raw/package2/JPEGImages/2456.jpg,package2,package2,rubbish,rubbish,True,False
near_duplicate_dhash,5,datasets/water/IWHR_AI_Lable_Floater_V1/raw/package2/JPEGImages/2440.jpg,datasets/water/IWHR_AI_Lable_Floater_V1/raw/package2/JPEGImages/2472.jpg,package2,package2,rubbish,rubbish,True,False
near_duplicate_dhash,3,datasets/water/IWHR_AI_Lable_Floater_V1/raw/package2/JPEGImages/2444.jpg,datasets/water/IWHR_AI_Lable_Floater_V1/raw/package2/JPEGImages/2476.jpg,package2,package2,rubbish,rubbish,True,False
near_duplicate_dhash,5,datasets/water/IWHR_AI_Lable_Floater_V1/raw/package2/JPEGImages/2445.jpg,datasets/water/IWHR_AI_Lable_Floater_V1/raw/package2/JPEGImages/2478.jpg,package2,package2,fishing-4,fishing-4,True,False
near_duplicate_dhash,3,datasets/water/IWHR_AI_Lable_Floater_V1/raw/package2/JPEGImages/2448.jpg,datasets/water/IWHR_AI_Lable_Floater_V1/raw/package2/JPEGImages/2686.jpg,package2,package2,rubbish,fishing-1,False,False
near_duplicate_dhash,4,datasets/water/IWHR_AI_Lable_Floater_V1/raw/package2/JPEGImages/2450.jpg,datasets/water/IWHR_AI_Lable_Floater_V1/raw/package2/JPEGImages/2466.jpg,package2,package2,rubbish,rubbish,True,False
near_duplicate_dhash,5,datasets/water/IWHR_AI_Lable_Floater_V1/raw/package2/JPEGImages/2450.jpg,datasets/water/IWHR_AI_Lable_Floater_V1/raw/package2/JPEGImages/2483.jpg,package2,package2,rubbish,rubbish,True,False
near_duplicate_dhash,4,datasets/water/IWHR_AI_Lable_Floater_V1/raw/package2/JPEGImages/2451.jpg,datasets/water/IWHR_AI_Lable_Floater_V1/raw/package2/JPEGImages/2484.jpg,package2,package2,rubbish,rubbish,True,False
near_duplicate_dhash,5,datasets/water/IWHR_AI_Lable_Floater_V1/raw/package2/JPEGImages/2451.jpg,datasets/water/IWHR_AI_Lable_Floater_V1/raw/package2/JPEGImages/2518.jpg,package2,package2,rubbish,rubbish,True,False
near_duplicate_dhash,3,datasets/water/IWHR_AI_Lable_Floater_V1/raw/package2/JPEGImages/2452.jpg,datasets/water/IWHR_AI_Lable_Floater_V1/raw/package2/JPEGImages/2502.jpg,package2,package2,rubbish,rubbish,True,False
near_duplicate_dhash,4,datasets/water/IWHR_AI_Lable_Floater_V1/raw/package2/JPEGImages/2453.jpg,datasets/water/IWHR_AI_Lable_Floater_V1/raw/package2/JPEGImages/2467.jpg,package2,package2,rubbish,rubbish,True,False
near_duplicate_dhash,3,datasets/water/IWHR_AI_Lable_Floater_V1/raw/package2/JPEGImages/2457.jpg,datasets/water/IWHR_AI_Lable_Floater_V1/raw/package2/JPEGImages/2473.jpg,package2,package2,rubbish,rubbish,True,False
near_duplicate_dhash,4,datasets/water/IWHR_AI_Lable_Floater_V1/raw/package2/JPEGImages/2461.jpg,datasets/water/IWHR_AI_Lable_Floater_V1/raw/package2/JPEGImages/2495.jpg,package2,package2,rubbish,rubbish,True,False
near_duplicate_dhash,4,datasets/water/IWHR_AI_Lable_Floater_V1/raw/package2/JPEGImages/2463.jpg,datasets/water/IWHR_AI_Lable_Floater_V1/raw/package2/JPEGImages/2480.jpg,package2,package2,rubbish,rubbish,True,False
near_duplicate_dhash,3,datasets/water/IWHR_AI_Lable_Floater_V1/raw/package2/JPEGImages/2466.jpg,datasets/water/IWHR_AI_Lable_Floater_V1/raw/package2/JPEGImages/2483.jpg,package2,package2,rubbish,rubbish,True,False
near_duplicate_dhash,5,datasets/water/IWHR_AI_Lable_Floater_V1/raw/package2/JPEGImages/2469.jpg,datasets/water/IWHR_AI_Lable_Floater_V1/raw/package2/JPEGImages/2506.jpg,package2,package2,rubbish,rubbish,True,False
near_duplicate_dhash,4,datasets/water/IWHR_AI_Lable_Floater_V1/raw/package2/JPEGImages/2472.jpg,datasets/water/IWHR_AI_Lable_Floater_V1/raw/package2/JPEGImages/2490.jpg,package2,package2,rubbish,rubbish,True,False
near_duplicate_dhash,4,datasets/water/IWHR_AI_Lable_Floater_V1/raw/package2/JPEGImages/2479.jpg,datasets/water/IWHR_AI_Lable_Floater_V1/raw/package2/JPEGImages/2496.jpg,package2,package2,rubbish,rubbish,True,False
near_duplicate_dhash,3,datasets/water/IWHR_AI_Lable_Floater_V1/raw/package2/JPEGImages/2484.jpg,datasets/water/IWHR_AI_Lable_Floater_V1/raw/package2/JPEGImages/2518.jpg,package2,package2,rubbish,rubbish,True,False
near_duplicate_dhash,5,datasets/water/IWHR_AI_Lable_Floater_V1/raw/package2/JPEGImages/2486.jpg,datasets/water/IWHR_AI_Lable_Floater_V1/raw/package2/JPEGImages/2645.jpg,package2,package2,rubbish,fishing-4,False,False
near_duplicate_dhash,5,datasets/water/IWHR_AI_Lable_Floater_V1/raw/package2/JPEGImages/2488.jpg,datasets/water/IWHR_AI_Lable_Floater_V1/raw/package2/JPEGImages/2508.jpg,package2,package2,rubbish,rubbish,True,False
near_duplicate_dhash,5,datasets/water/IWHR_AI_Lable_Floater_V1/raw/package2/JPEGImages/2495.jpg,datasets/water/IWHR_AI_Lable_Floater_V1/raw/package2/JPEGImages/2543.jpg,package2,package2,rubbish,rubbish,True,False
near_duplicate_dhash,5,datasets/water/IWHR_AI_Lable_Floater_V1/raw/package2/JPEGImages/2496.jpg,datasets/water/IWHR_AI_Lable_Floater_V1/raw/package2/JPEGImages/2528.jpg,package2,package2,rubbish,rubbish,True,False
near_duplicate_dhash,5,datasets/water/IWHR_AI_Lable_Floater_V1/raw/package2/JPEGImages/2499.jpg,datasets/water/IWHR_AI_Lable_Floater_V1/raw/package2/JPEGImages/2574.jpg,package2,package2,rubbish,rubbish,True,False
near_duplicate_dhash,4,datasets/water/IWHR_AI_Lable_Floater_V1/raw/package2/JPEGImages/2500.jpg,datasets/water/IWHR_AI_Lable_Floater_V1/raw/package2/JPEGImages/2517.jpg,package2,package2,rubbish,rubbish,True,False
near_duplicate_dhash,4,datasets/water/IWHR_AI_Lable_Floater_V1/raw/package2/JPEGImages/2500.jpg,datasets/water/IWHR_AI_Lable_Floater_V1/raw/package2/JPEGImages/2531.jpg,package2,package2,rubbish,rubbish,True,False
near_duplicate_dhash,5,datasets/water/IWHR_AI_Lable_Floater_V1/raw/package2/JPEGImages/2504.jpg,datasets/water/IWHR_AI_Lable_Floater_V1/raw/package2/JPEGImages/2979.jpg,package2,package2,rubbish,rubbish,True,False
near_duplicate_dhash,5,datasets/water/IWHR_AI_Lable_Floater_V1/raw/package2/JPEGImages/2510.jpg,datasets/water/IWHR_AI_Lable_Floater_V1/raw/package2/JPEGImages/2607.jpg,package2,package2,rubbish,fishing-4,False,False
near_duplicate_dhash,5,datasets/water/IWHR_AI_Lable_Floater_V1/raw/package2/JPEGImages/2513.jpg,datasets/water/IWHR_AI_Lable_Floater_V1/raw/package2/JPEGImages/2526.jpg,package2,package2,rubbish,rubbish,True,False
near_duplicate_dhash,4,datasets/water/IWHR_AI_Lable_Floater_V1/raw/package2/JPEGImages/2516.jpg,datasets/water/IWHR_AI_Lable_Floater_V1/raw/package2/JPEGImages/2697.jpg,package2,package2,rubbish,fishing-1,False,False
near_duplicate_dhash,5,datasets/water/IWHR_AI_Lable_Floater_V1/raw/package2/JPEGImages/2519.jpg,datasets/water/IWHR_AI_Lable_Floater_V1/raw/package2/JPEGImages/2534.jpg,package2,package2,rubbish,rubbish,True,False
near_duplicate_dhash,4,datasets/water/IWHR_AI_Lable_Floater_V1/raw/package2/JPEGImages/2520.jpg,datasets/water/IWHR_AI_Lable_Floater_V1/raw/package2/JPEGImages/2671.jpg,package2,package2,rubbish,fishing-1,False,False
near_duplicate_dhash,3,datasets/water/IWHR_AI_Lable_Floater_V1/raw/package2/JPEGImages/2524.jpg,datasets/water/IWHR_AI_Lable_Floater_V1/raw/package2/JPEGImages/2540.jpg,package2,package2,rubbish,rubbish,True,False
near_duplicate_dhash,3,datasets/water/IWHR_AI_Lable_Floater_V1/raw/package2/JPEGImages/2525.jpg,datasets/water/IWHR_AI_Lable_Floater_V1/raw/package2/JPEGImages/2672.jpg,package2,package2,rubbish,fishing-1,False,False
near_duplicate_dhash,5,datasets/water/IWHR_AI_Lable_Floater_V1/raw/package2/JPEGImages/2526.jpg,datasets/water/IWHR_AI_Lable_Floater_V1/raw/package2/JPEGImages/2541.jpg,package2,package2,rubbish,rubbish,True,False
near_duplicate_dhash,3,datasets/water/IWHR_AI_Lable_Floater_V1/raw/package2/JPEGImages/2527.jpg,datasets/water/IWHR_AI_Lable_Floater_V1/raw/package2/JPEGImages/2542.jpg,package2,package2,rubbish,rubbish,True,False
near_duplicate_dhash,4,datasets/water/IWHR_AI_Lable_Floater_V1/raw/package2/JPEGImages/2534.jpg,datasets/water/IWHR_AI_Lable_Floater_V1/raw/package2/JPEGImages/2550.jpg,package2,package2,rubbish,rubbish,True,False
near_duplicate_dhash,5,datasets/water/IWHR_AI_Lable_Floater_V1/raw/package2/JPEGImages/2538.jpg,datasets/water/IWHR_AI_Lable_Floater_V1/raw/package2/JPEGImages/2555.jpg,package2,package2,rubbish,rubbish,True,False
near_duplicate_dhash,4,datasets/water/IWHR_AI_Lable_Floater_V1/raw/package2/JPEGImages/2540.jpg,datasets/water/IWHR_AI_Lable_Floater_V1/raw/package2/JPEGImages/2556.jpg,package2,package2,rubbish,rubbish,True,False
near_duplicate_dhash,4,datasets/water/IWHR_AI_Lable_Floater_V1/raw/package2/JPEGImages/2544.jpg,datasets/water/IWHR_AI_Lable_Floater_V1/raw/package2/JPEGImages/2558.jpg,package2,package2,rubbish,rubbish,True,False
near_duplicate_dhash,5,datasets/water/IWHR_AI_Lable_Floater_V1/raw/package2/JPEGImages/2545.jpg,datasets/water/IWHR_AI_Lable_Floater_V1/raw/package2/JPEGImages/2560.jpg,package2,package2,fishing-4,rubbish,False,False
near_duplicate_dhash,3,datasets/water/IWHR_AI_Lable_Floater_V1/raw/package2/JPEGImages/2546.jpg,datasets/water/IWHR_AI_Lable_Floater_V1/raw/package2/JPEGImages/2561.jpg,package2,package2,rubbish,rubbish,True,False
near_duplicate_dhash,4,datasets/water/IWHR_AI_Lable_Floater_V1/raw/package2/JPEGImages/2547.jpg,datasets/water/IWHR_AI_Lable_Floater_V1/raw/package2/JPEGImages/2642.jpg,package2,package2,rubbish,fishing-4,False,False
near_duplicate_dhash,4,datasets/water/IWHR_AI_Lable_Floater_V1/raw/package2/JPEGImages/2549.jpg,datasets/water/IWHR_AI_Lable_Floater_V1/raw/package2/JPEGImages/2700.jpg,package2,package2,fishing-1,fishing-1,True,False
near_duplicate_dhash,4,datasets/water/IWHR_AI_Lable_Floater_V1/raw/package2/JPEGImages/2549.jpg,datasets/water/IWHR_AI_Lable_Floater_V1/raw/package2/JPEGImages/2719.jpg,package2,package2,fishing-1,fishing-1,True,False
near_duplicate_dhash,5,datasets/water/IWHR_AI_Lable_Floater_V1/raw/package2/JPEGImages/2555.jpg,datasets/water/IWHR_AI_Lable_Floater_V1/raw/package2/JPEGImages/2568.jpg,package2,package2,rubbish,rubbish,True,False
near_duplicate_dhash,3,datasets/water/IWHR_AI_Lable_Floater_V1/raw/package2/JPEGImages/2556.jpg,datasets/water/IWHR_AI_Lable_Floater_V1/raw/package2/JPEGImages/2570.jpg,package2,package2,rubbish,rubbish,True,False
near_duplicate_dhash,3,datasets/water/IWHR_AI_Lable_Floater_V1/raw/package2/JPEGImages/2557.jpg,datasets/water/IWHR_AI_Lable_Floater_V1/raw/package2/JPEGImages/2571.jpg,package2,package2,rubbish,fishing-4,False,False
near_duplicate_dhash,4,datasets/water/IWHR_AI_Lable_Floater_V1/raw/package2/JPEGImages/2557.jpg,datasets/water/IWHR_AI_Lable_Floater_V1/raw/package2/JPEGImages/2585.jpg,package2,package2,rubbish,rubbish,True,False
near_duplicate_dhash,5,datasets/water/IWHR_AI_Lable_Floater_V1/raw/package2/JPEGImages/2558.jpg,datasets/water/IWHR_AI_Lable_Floater_V1/raw/package2/JPEGImages/2572.jpg,package2,package2,rubbish,rubbish,True,False
near_duplicate_dhash,5,datasets/water/IWHR_AI_Lable_Floater_V1/raw/package2/JPEGImages/2560.jpg,datasets/water/IWHR_AI_Lable_Floater_V1/raw/package2/JPEGImages/2573.jpg,package2,package2,rubbish,rubbish,True,False
near_duplicate_dhash,3,datasets/water/IWHR_AI_Lable_Floater_V1/raw/package2/JPEGImages/2561.jpg,datasets/water/IWHR_AI_Lable_Floater_V1/raw/package2/JPEGImages/2576.jpg,package2,package2,rubbish,rubbish,True,False
near_duplicate_dhash,5,datasets/water/IWHR_AI_Lable_Floater_V1/raw/package2/JPEGImages/2563.jpg,datasets/water/IWHR_AI_Lable_Floater_V1/raw/package2/JPEGImages/2577.jpg,package2,package2,rubbish,rubbish,True,False
near_duplicate_dhash,5,datasets/water/IWHR_AI_Lable_Floater_V1/raw/package2/JPEGImages/2568.jpg,datasets/water/IWHR_AI_Lable_Floater_V1/raw/package2/JPEGImages/2581.jpg,package2,package2,rubbish,rubbish,True,False
near_duplicate_dhash,3,datasets/water/IWHR_AI_Lable_Floater_V1/raw/package2/JPEGImages/2570.jpg,datasets/water/IWHR_AI_Lable_Floater_V1/raw/package2/JPEGImages/2583.jpg,package2,package2,rubbish,rubbish,True,False
near_duplicate_dhash,5,datasets/water/IWHR_AI_Lable_Floater_V1/raw/package2/JPEGImages/2570.jpg,datasets/water/IWHR_AI_Lable_Floater_V1/raw/package2/JPEGImages/2595.jpg,package2,package2,rubbish,fishing-4,False,False
near_duplicate_dhash,4,datasets/water/IWHR_AI_Lable_Floater_V1/raw/package2/JPEGImages/2576.jpg,datasets/water/IWHR_AI_Lable_Floater_V1/raw/package2/JPEGImages/2599.jpg,package2,package2,rubbish,fishing-4,False,False
near_duplicate_dhash,3,datasets/water/IWHR_AI_Lable_Floater_V1/raw/package2/JPEGImages/2577.jpg,datasets/water/IWHR_AI_Lable_Floater_V1/raw/package2/JPEGImages/2589.jpg,package2,package2,rubbish,fishing-4,False,False
near_duplicate_dhash,5,datasets/water/IWHR_AI_Lable_Floater_V1/raw/package2/JPEGImages/2577.jpg,datasets/water/IWHR_AI_Lable_Floater_V1/raw/package2/JPEGImages/2602.jpg,package2,package2,rubbish,fishing-4,False,False
near_duplicate_dhash,4,datasets/water/IWHR_AI_Lable_Floater_V1/raw/package2/JPEGImages/2579.jpg,datasets/water/IWHR_AI_Lable_Floater_V1/raw/package2/JPEGImages/2592.jpg,package2,package2,rubbish,fishing-4,False,False
near_duplicate_dhash,3,datasets/water/IWHR_AI_Lable_Floater_V1/raw/package2/JPEGImages/2582.jpg,datasets/water/IWHR_AI_Lable_Floater_V1/raw/package2/JPEGImages/2624.jpg,package2,package2,fishing-4,fishing-4,True,False
near_duplicate_dhash,3,datasets/water/IWHR_AI_Lable_Floater_V1/raw/package2/JPEGImages/2587.jpg,datasets/water/IWHR_AI_Lable_Floater_V1/raw/package2/JPEGImages/2598.jpg,package2,package2,rubbish,fishing-4,False,False
near_duplicate_dhash,5,datasets/water/IWHR_AI_Lable_Floater_V1/raw/package2/JPEGImages/2587.jpg,datasets/water/IWHR_AI_Lable_Floater_V1/raw/package2/JPEGImages/2614.jpg,package2,package2,rubbish,fishing-4,False,False
near_duplicate_dhash,4,datasets/water/IWHR_AI_Lable_Floater_V1/raw/package2/JPEGImages/2588.jpg,datasets/water/IWHR_AI_Lable_Floater_V1/raw/package2/JPEGImages/2679.jpg,package2,package2,fishing-1,fishing-1,True,False
near_duplicate_dhash,5,datasets/water/IWHR_AI_Lable_Floater_V1/raw/package2/JPEGImages/2594.jpg,datasets/water/IWHR_AI_Lable_Floater_V1/raw/package2/JPEGImages/2606.jpg,package2,package2,fishing-4,fishing-4,True,False
near_duplicate_dhash,5,datasets/water/IWHR_AI_Lable_Floater_V1/raw/package2/JPEGImages/2595.jpg,datasets/water/IWHR_AI_Lable_Floater_V1/raw/package2/JPEGImages/2608.jpg,package2,package2,fishing-4,fishing-4,True,False
near_duplicate_dhash,3,datasets/water/IWHR_AI_Lable_Floater_V1/raw/package2/JPEGImages/2596.jpg,datasets/water/IWHR_AI_Lable_Floater_V1/raw/package2/JPEGImages/2611.jpg,package2,package2,fishing-4,fishing-4,True,False
near_duplicate_dhash,5,datasets/water/IWHR_AI_Lable_Floater_V1/raw/package2/JPEGImages/2599.jpg,datasets/water/IWHR_AI_Lable_Floater_V1/raw/package2/JPEGImages/2629.jpg,package2,package2,fishing-4,fishing-4,True,False
near_duplicate_dhash,4,datasets/water/IWHR_AI_Lable_Floater_V1/raw/package2/JPEGImages/2603.jpg,datasets/water/IWHR_AI_Lable_Floater_V1/raw/package2/JPEGImages/2620.jpg,package2,package2,fishing-4,fishing-4,True,False
near_duplicate_dhash,5,datasets/water/IWHR_AI_Lable_Floater_V1/raw/package2/JPEGImages/2604.jpg,datasets/water/IWHR_AI_Lable_Floater_V1/raw/package2/JPEGImages/2621.jpg,package2,package2,fishing-4,fishing-4,True,False
near_duplicate_dhash,4,datasets/water/IWHR_AI_Lable_Floater_V1/raw/package2/JPEGImages/2608.jpg,datasets/water/IWHR_AI_Lable_Floater_V1/raw/package2/JPEGImages/2625.jpg,package2,package2,fishing-4,fishing-4,True,False
near_duplicate_dhash,3,datasets/water/IWHR_AI_Lable_Floater_V1/raw/package2/JPEGImages/2611.jpg,datasets/water/IWHR_AI_Lable_Floater_V1/raw/package2/JPEGImages/2626.jpg,package2,package2,fishing-4,fishing-4,True,False
near_duplicate_dhash,5,datasets/water/IWHR_AI_Lable_Floater_V1/raw/package2/JPEGImages/2612.jpg,datasets/water/IWHR_AI_Lable_Floater_V1/raw/package2/JPEGImages/2627.jpg,package2,package2,fishing-4,fishing-4,True,False
near_duplicate_dhash,4,datasets/water/IWHR_AI_Lable_Floater_V1/raw/package2/JPEGImages/2617.jpg,datasets/water/IWHR_AI_Lable_Floater_V1/raw/package2/JPEGImages/2642.jpg,package2,package2,fishing-4,fishing-4,True,False
near_duplicate_dhash,4,datasets/water/IWHR_AI_Lable_Floater_V1/raw/package2/JPEGImages/2618.jpg,datasets/water/IWHR_AI_Lable_Floater_V1/raw/package2/JPEGImages/2681.jpg,package2,package2,fishing-1,fishing-1,True,False
near_duplicate_dhash,5,datasets/water/IWHR_AI_Lable_Floater_V1/raw/package2/JPEGImages/2619.jpg,datasets/water/IWHR_AI_Lable_Floater_V1/raw/package2/JPEGImages/2630.jpg,package2,package2,fishing-4,fishing-4,True,False
near_duplicate_dhash,3,datasets/water/IWHR_AI_Lable_Floater_V1/raw/package2/JPEGImages/2625.jpg,datasets/water/IWHR_AI_Lable_Floater_V1/raw/package2/JPEGImages/2637.jpg,package2,package2,fishing-4,fishing-4,True,False
near_duplicate_dhash,3,datasets/water/IWHR_AI_Lable_Floater_V1/raw/package2/JPEGImages/2626.jpg,datasets/water/IWHR_AI_Lable_Floater_V1/raw/package2/JPEGImages/2638.jpg,package2,package2,fishing-4,fishing-4,True,False
near_duplicate_dhash,5,datasets/water/IWHR_AI_Lable_Floater_V1/raw/package2/JPEGImages/2631.jpg,datasets/water/IWHR_AI_Lable_Floater_V1/raw/package2/JPEGImages/2707.jpg,package2,package2,fishing-1,fishing-1,True,False
near_duplicate_dhash,4,datasets/water/IWHR_AI_Lable_Floater_V1/raw/package2/JPEGImages/2638.jpg,datasets/water/IWHR_AI_Lable_Floater_V1/raw/package2/JPEGImages/2654.jpg,package2,package2,fishing-4,fishing-4,True,False
near_duplicate_dhash,4,datasets/water/IWHR_AI_Lable_Floater_V1/raw/package2/JPEGImages/2646.jpg,datasets/water/IWHR_AI_Lable_Floater_V1/raw/package2/JPEGImages/2684.jpg,package2,package2,fishing-1,fishing-1,True,False
near_duplicate_dhash,4,datasets/water/IWHR_AI_Lable_Floater_V1/raw/package2/JPEGImages/2661.jpg,datasets/water/IWHR_AI_Lable_Floater_V1/raw/package2/JPEGImages/2685.jpg,package2,package2,fishing-1,fishing-1,True,False
near_duplicate_dhash,5,datasets/water/IWHR_AI_Lable_Floater_V1/raw/package2/JPEGImages/2667.jpg,datasets/water/IWHR_AI_Lable_Floater_V1/raw/package2/JPEGImages/2694.jpg,package2,package2,fishing-1,fishing-1,True,False
near_duplicate_dhash,5,datasets/water/IWHR_AI_Lable_Floater_V1/raw/package2/JPEGImages/2670.jpg,datasets/water/IWHR_AI_Lable_Floater_V1/raw/package2/JPEGImages/2786.jpg,package2,package2,fishing-1,rubbish,False,False
near_duplicate_dhash,4,datasets/water/IWHR_AI_Lable_Floater_V1/raw/package2/JPEGImages/2675.jpg,datasets/water/IWHR_AI_Lable_Floater_V1/raw/package2/JPEGImages/2700.jpg,package2,package2,fishing-1,fishing-1,True,False
near_duplicate_dhash,4,datasets/water/IWHR_AI_Lable_Floater_V1/raw/package2/JPEGImages/2675.jpg,datasets/water/IWHR_AI_Lable_Floater_V1/raw/package2/JPEGImages/2719.jpg,package2,package2,fishing-1,fishing-1,True,False
near_duplicate_dhash,4,datasets/water/IWHR_AI_Lable_Floater_V1/raw/package2/JPEGImages/2676.jpg,datasets/water/IWHR_AI_Lable_Floater_V1/raw/package2/JPEGImages/2794.jpg,package2,package2,fishing-1,fishing-1,True,False
near_duplicate_dhash,4,datasets/water/IWHR_AI_Lable_Floater_V1/raw/package2/JPEGImages/2681.jpg,datasets/water/IWHR_AI_Lable_Floater_V1/raw/package2/JPEGImages/2705.jpg,package2,package2,fishing-1,fishing-1,True,False
near_duplicate_dhash,3,datasets/water/IWHR_AI_Lable_Floater_V1/raw/package2/JPEGImages/2683.jpg,datasets/water/IWHR_AI_Lable_Floater_V1/raw/package2/JPEGImages/2707.jpg,package2,package2,fishing-1,fishing-1,True,False
near_duplicate_dhash,5,datasets/water/IWHR_AI_Lable_Floater_V1/raw/package2/JPEGImages/2688.jpg,datasets/water/IWHR_AI_Lable_Floater_V1/raw/package2/JPEGImages/2734.jpg,package2,package2,fishing-1,fishing-1,True,False
near_duplicate_dhash,3,datasets/water/IWHR_AI_Lable_Floater_V1/raw/package2/JPEGImages/2694.jpg,datasets/water/IWHR_AI_Lable_Floater_V1/raw/package2/JPEGImages/2716.jpg,package2,package2,fishing-1,fishing-1,True,False
near_duplicate_dhash,5,datasets/water/IWHR_AI_Lable_Floater_V1/raw/package2/JPEGImages/2694.jpg,datasets/water/IWHR_AI_Lable_Floater_V1/raw/package2/JPEGImages/2739.jpg,package2,package2,fishing-1,fishing-1,True,False
near_duplicate_dhash,4,datasets/water/IWHR_AI_Lable_Floater_V1/raw/package2/JPEGImages/2697.jpg,datasets/water/IWHR_AI_Lable_Floater_V1/raw/package2/JPEGImages/2741.jpg,package2,package2,fishing-1,fishing-1,True,False
near_duplicate_dhash,3,datasets/water/IWHR_AI_Lable_Floater_V1/raw/package2/JPEGImages/2699.jpg,datasets/water/IWHR_AI_Lable_Floater_V1/raw/package2/JPEGImages/2744.jpg,package2,package2,fishing-1,fishing-1,True,False
near_duplicate_dhash,5,datasets/water/IWHR_AI_Lable_Floater_V1/raw/package2/JPEGImages/2704.jpg,datasets/water/IWHR_AI_Lable_Floater_V1/raw/package2/JPEGImages/2725.jpg,package2,package2,fishing-1,fishing-1,True,False
near_duplicate_dhash,5,datasets/water/IWHR_AI_Lable_Floater_V1/raw/package2/JPEGImages/2705.jpg,datasets/water/IWHR_AI_Lable_Floater_V1/raw/package2/JPEGImages/2726.jpg,package2,package2,fishing-1,fishing-1,True,False
near_duplicate_dhash,4,datasets/water/IWHR_AI_Lable_Floater_V1/raw/package2/JPEGImages/2706.jpg,datasets/water/IWHR_AI_Lable_Floater_V1/raw/package2/JPEGImages/2993.jpg,package2,package2,fishing-1,rubbish,False,False
near_duplicate_dhash,3,datasets/water/IWHR_AI_Lable_Floater_V1/raw/package2/JPEGImages/2707.jpg,datasets/water/IWHR_AI_Lable_Floater_V1/raw/package2/JPEGImages/2729.jpg,package2,package2,fishing-1,fishing-1,True,False
near_duplicate_dhash,5,datasets/water/IWHR_AI_Lable_Floater_V1/raw/package2/JPEGImages/2708.jpg,datasets/water/IWHR_AI_Lable_Floater_V1/raw/package2/JPEGImages/2804.jpg,package2,package2,fishing-1,fishing-1,True,False
near_duplicate_dhash,4,datasets/water/IWHR_AI_Lable_Floater_V1/raw/package2/JPEGImages/2709.jpg,datasets/water/IWHR_AI_Lable_Floater_V1/raw/package2/JPEGImages/2731.jpg,package2,package2,fishing-1,fishing-1,True,False
near_duplicate_dhash,4,datasets/water/IWHR_AI_Lable_Floater_V1/raw/package2/JPEGImages/2711.jpg,datasets/water/IWHR_AI_Lable_Floater_V1/raw/package2/JPEGImages/2756.jpg,package2,package2,fishing-1,fishing-1,True,False
near_duplicate_dhash,4,datasets/water/IWHR_AI_Lable_Floater_V1/raw/package2/JPEGImages/2715.jpg,datasets/water/IWHR_AI_Lable_Floater_V1/raw/package2/JPEGImages/2738.jpg,package2,package2,fishing-1,fishing-1,True,False
near_duplicate_dhash,5,datasets/water/IWHR_AI_Lable_Floater_V1/raw/package2/JPEGImages/2721.jpg,datasets/water/IWHR_AI_Lable_Floater_V1/raw/package2/JPEGImages/2747.jpg,package2,package2,fishing-1,fishing-1,True,False
near_duplicate_dhash,4,datasets/water/IWHR_AI_Lable_Floater_V1/raw/package2/JPEGImages/2725.jpg,datasets/water/IWHR_AI_Lable_Floater_V1/raw/package2/JPEGImages/2750.jpg,package2,package2,fishing-1,fishing-1,True,False
near_duplicate_dhash,5,datasets/water/IWHR_AI_Lable_Floater_V1/raw/package2/JPEGImages/2726.jpg,datasets/water/IWHR_AI_Lable_Floater_V1/raw/package2/JPEGImages/2753.jpg,package2,package2,fishing-1,fishing-1,True,False
near_duplicate_dhash,4,datasets/water/IWHR_AI_Lable_Floater_V1/raw/package2/JPEGImages/2728.jpg,datasets/water/IWHR_AI_Lable_Floater_V1/raw/package2/JPEGImages/2776.jpg,package2,package2,fishing-1,fishing-1,True,False
near_duplicate_dhash,5,datasets/water/IWHR_AI_Lable_Floater_V1/raw/package2/JPEGImages/2730.jpg,datasets/water/IWHR_AI_Lable_Floater_V1/raw/package2/JPEGImages/2903.jpg,package2,package2,fishing-1,fishing-1,True,False
near_duplicate_dhash,3,datasets/water/IWHR_AI_Lable_Floater_V1/raw/package2/JPEGImages/2732.jpg,datasets/water/IWHR_AI_Lable_Floater_V1/raw/package2/JPEGImages/2756.jpg,package2,package2,fishing-1,fishing-1,True,False
near_duplicate_dhash,5,datasets/water/IWHR_AI_Lable_Floater_V1/raw/package2/JPEGImages/2734.jpg,datasets/water/IWHR_AI_Lable_Floater_V1/raw/package2/JPEGImages/2831.jpg,package2,package2,fishing-1,fishing-1,True,False
near_duplicate_dhash,5,datasets/water/IWHR_AI_Lable_Floater_V1/raw/package2/JPEGImages/2739.jpg,datasets/water/IWHR_AI_Lable_Floater_V1/raw/package2/JPEGImages/2763.jpg,package2,package2,fishing-1,fishing-1,True,False
near_duplicate_dhash,5,datasets/water/IWHR_AI_Lable_Floater_V1/raw/package2/JPEGImages/2740.jpg,datasets/water/IWHR_AI_Lable_Floater_V1/raw/package2/JPEGImages/2764.jpg,package2,package2,fishing-1,fishing-1,True,False
near_duplicate_dhash,4,datasets/water/IWHR_AI_Lable_Floater_V1/raw/package2/JPEGImages/2742.jpg,datasets/water/IWHR_AI_Lable_Floater_V1/raw/package2/JPEGImages/2765.jpg,package2,package2,fishing-1,fishing-1,True,False
near_duplicate_dhash,5,datasets/water/IWHR_AI_Lable_Floater_V1/raw/package2/JPEGImages/2743.jpg,datasets/water/IWHR_AI_Lable_Floater_V1/raw/package2/JPEGImages/2766.jpg,package2,package2,fishing-1,fishing-1,True,False
near_duplicate_dhash,3,datasets/water/IWHR_AI_Lable_Floater_V1/raw/package2/JPEGImages/2744.jpg,datasets/water/IWHR_AI_Lable_Floater_V1/raw/package2/JPEGImages/2768.jpg,package2,package2,fishing-1,fishing-1,True,False
near_duplicate_dhash,4,datasets/water/IWHR_AI_Lable_Floater_V1/raw/package2/JPEGImages/2746.jpg,datasets/water/IWHR_AI_Lable_Floater_V1/raw/package2/JPEGImages/2770.jpg,package2,package2,fishing-1,fishing-1,True,False
near_duplicate_dhash,4,datasets/water/IWHR_AI_Lable_Floater_V1/raw/package2/JPEGImages/2751.jpg,datasets/water/IWHR_AI_Lable_Floater_V1/raw/package2/JPEGImages/2946.jpg,package2,package2,fishing-1,fishing-1,True,False
near_duplicate_dhash,4,datasets/water/IWHR_AI_Lable_Floater_V1/raw/package2/JPEGImages/2752.jpg,datasets/water/IWHR_AI_Lable_Floater_V1/raw/package2/JPEGImages/2799.jpg,package2,package2,fishing-1,fishing-1,True,False
near_duplicate_dhash,5,datasets/water/IWHR_AI_Lable_Floater_V1/raw/package2/JPEGImages/2753.jpg,datasets/water/IWHR_AI_Lable_Floater_V1/raw/package2/JPEGImages/2775.jpg,package2,package2,fishing-1,fishing-1,True,False
near_duplicate_dhash,5,datasets/water/IWHR_AI_Lable_Floater_V1/raw/package2/JPEGImages/2754.jpg,datasets/water/IWHR_AI_Lable_Floater_V1/raw/package2/JPEGImages/2805.jpg,package2,package2,fishing-1,fishing-1,True,False
near_duplicate_dhash,5,datasets/water/IWHR_AI_Lable_Floater_V1/raw/package2/JPEGImages/2756.jpg,datasets/water/IWHR_AI_Lable_Floater_V1/raw/package2/JPEGImages/2806.jpg,package2,package2,fishing-1,fishing-1,True,False
near_duplicate_dhash,4,datasets/water/IWHR_AI_Lable_Floater_V1/raw/package2/JPEGImages/2759.jpg,datasets/water/IWHR_AI_Lable_Floater_V1/raw/package2/JPEGImages/2995.jpg,package2,package2,fishing-1,rubbish,False,False
near_duplicate_dhash,5,datasets/water/IWHR_AI_Lable_Floater_V1/raw/package2/JPEGImages/2760.jpg,datasets/water/IWHR_AI_Lable_Floater_V1/raw/package2/JPEGImages/2780.jpg,package2,package2,fishing-1,fishing-1,True,False
near_duplicate_dhash,4,datasets/water/IWHR_AI_Lable_Floater_V1/raw/package2/JPEGImages/2762.jpg,datasets/water/IWHR_AI_Lable_Floater_V1/raw/package2/JPEGImages/2783.jpg,package2,package2,fishing-1,fishing-1,True,False
near_duplicate_dhash,3,datasets/water/IWHR_AI_Lable_Floater_V1/raw/package2/JPEGImages/2763.jpg,datasets/water/IWHR_AI_Lable_Floater_V1/raw/package2/JPEGImages/2784.jpg,package2,package2,fishing-1,fishing-1,True,False
near_duplicate_dhash,4,datasets/water/IWHR_AI_Lable_Floater_V1/raw/package2/JPEGImages/2763.jpg,datasets/water/IWHR_AI_Lable_Floater_V1/raw/package2/JPEGImages/2813.jpg,package2,package2,fishing-1,fishing-1,True,False
near_duplicate_dhash,3,datasets/water/IWHR_AI_Lable_Floater_V1/raw/package2/JPEGImages/2766.jpg,datasets/water/IWHR_AI_Lable_Floater_V1/raw/package2/JPEGImages/2788.jpg,package2,package2,fishing-1,fishing-1,True,False
near_duplicate_dhash,3,datasets/water/IWHR_AI_Lable_Floater_V1/raw/package2/JPEGImages/2767.jpg,datasets/water/IWHR_AI_Lable_Floater_V1/raw/package2/JPEGImages/2996.jpg,package2,package2,fishing-1,rubbish,False,False
near_duplicate_dhash,5,datasets/water/IWHR_AI_Lable_Floater_V1/raw/package2/JPEGImages/2770.jpg,datasets/water/IWHR_AI_Lable_Floater_V1/raw/package2/JPEGImages/2821.jpg,package2,package2,fishing-1,fishing-1,True,False
near_duplicate_dhash,5,datasets/water/IWHR_AI_Lable_Floater_V1/raw/package2/JPEGImages/2772.jpg,datasets/water/IWHR_AI_Lable_Floater_V1/raw/package2/JPEGImages/2796.jpg,package2,package2,fishing-1,fishing-1,True,False
near_duplicate_dhash,5,datasets/water/IWHR_AI_Lable_Floater_V1/raw/package2/JPEGImages/2774.jpg,datasets/water/IWHR_AI_Lable_Floater_V1/raw/package2/JPEGImages/2798.jpg,package2,package2,fishing-1,rubbish,False,False
near_duplicate_dhash,5,datasets/water/IWHR_AI_Lable_Floater_V1/raw/package2/JPEGImages/2776.jpg,datasets/water/IWHR_AI_Lable_Floater_V1/raw/package2/JPEGImages/2853.jpg,package2,package2,fishing-1,fishing-1,True,False
near_duplicate_dhash,3,datasets/water/IWHR_AI_Lable_Floater_V1/raw/package2/JPEGImages/2778.jpg,datasets/water/IWHR_AI_Lable_Floater_V1/raw/package2/JPEGImages/2805.jpg,package2,package2,fishing-1,fishing-1,True,False
near_duplicate_dhash,5,datasets/water/IWHR_AI_Lable_Floater_V1/raw/package2/JPEGImages/2778.jpg,datasets/water/IWHR_AI_Lable_Floater_V1/raw/package2/JPEGImages/2829.jpg,package2,package2,fishing-1,fishing-1,True,False
near_duplicate_dhash,4,datasets/water/IWHR_AI_Lable_Floater_V1/raw/package2/JPEGImages/2782.jpg,datasets/water/IWHR_AI_Lable_Floater_V1/raw/package2/JPEGImages/2834.jpg,package2,package2,fishing-1,fishing-1,True,False
near_duplicate_dhash,5,datasets/water/IWHR_AI_Lable_Floater_V1/raw/package2/JPEGImages/2784.jpg,datasets/water/IWHR_AI_Lable_Floater_V1/raw/package2/JPEGImages/2837.jpg,package2,package2,fishing-1,fishing-1,True,False
near_duplicate_dhash,5,datasets/water/IWHR_AI_Lable_Floater_V1/raw/package2/JPEGImages/2785.jpg,datasets/water/IWHR_AI_Lable_Floater_V1/raw/package2/JPEGImages/2814.jpg,package2,package2,fishing-1,fishing-1,True,False
near_duplicate_dhash,4,datasets/water/IWHR_AI_Lable_Floater_V1/raw/package2/JPEGImages/2786.jpg,datasets/water/IWHR_AI_Lable_Floater_V1/raw/package2/JPEGImages/2866.jpg,package2,package2,rubbish,fishing-1,False,False
near_duplicate_dhash,4,datasets/water/IWHR_AI_Lable_Floater_V1/raw/package2/JPEGImages/2788.jpg,datasets/water/IWHR_AI_Lable_Floater_V1/raw/package2/JPEGImages/2817.jpg,package2,package2,fishing-1,fishing-1,True,False
near_duplicate_dhash,4,datasets/water/IWHR_AI_Lable_Floater_V1/raw/package2/JPEGImages/2789.jpg,datasets/water/IWHR_AI_Lable_Floater_V1/raw/package2/JPEGImages/2818.jpg,package2,package2,fishing-1,fishing-1,True,False
near_duplicate_dhash,3,datasets/water/IWHR_AI_Lable_Floater_V1/raw/package2/JPEGImages/2793.jpg,datasets/water/IWHR_AI_Lable_Floater_V1/raw/package2/JPEGImages/2821.jpg,package2,package2,fishing-1,fishing-1,True,False
near_duplicate_dhash,3,datasets/water/IWHR_AI_Lable_Floater_V1/raw/package2/JPEGImages/2797.jpg,datasets/water/IWHR_AI_Lable_Floater_V1/raw/package2/JPEGImages/3000.jpg,package2,package2,fishing-1,rubbish,False,False
near_duplicate_dhash,5,datasets/water/IWHR_AI_Lable_Floater_V1/raw/package2/JPEGImages/2798.jpg,datasets/water/IWHR_AI_Lable_Floater_V1/raw/package2/JPEGImages/2824.jpg,package2,package2,rubbish,fishing-1,False,False
near_duplicate_dhash,4,datasets/water/IWHR_AI_Lable_Floater_V1/raw/package2/JPEGImages/2800.jpg,datasets/water/IWHR_AI_Lable_Floater_V1/raw/package2/JPEGImages/2852.jpg,package2,package2,fishing-1,fishing-1,True,False
near_duplicate_dhash,4,datasets/water/IWHR_AI_Lable_Floater_V1/raw/package2/JPEGImages/2802.jpg,datasets/water/IWHR_AI_Lable_Floater_V1/raw/package2/JPEGImages/2827.jpg,package2,package2,fishing-1,fishing-1,True,False
near_duplicate_dhash,4,datasets/water/IWHR_AI_Lable_Floater_V1/raw/package2/JPEGImages/2805.jpg,datasets/water/IWHR_AI_Lable_Floater_V1/raw/package2/JPEGImages/2829.jpg,package2,package2,fishing-1,fishing-1,True,False
near_duplicate_dhash,3,datasets/water/IWHR_AI_Lable_Floater_V1/raw/package2/JPEGImages/2806.jpg,datasets/water/IWHR_AI_Lable_Floater_V1/raw/package2/JPEGImages/2830.jpg,package2,package2,fishing-1,fishing-1,True,False
near_duplicate_dhash,5,datasets/water/IWHR_AI_Lable_Floater_V1/raw/package2/JPEGImages/2812.jpg,datasets/water/IWHR_AI_Lable_Floater_V1/raw/package2/JPEGImages/2836.jpg,package2,package2,fishing-1,fishing-1,True,False
near_duplicate_dhash,4,datasets/water/IWHR_AI_Lable_Floater_V1/raw/package2/JPEGImages/2813.jpg,datasets/water/IWHR_AI_Lable_Floater_V1/raw/package2/JPEGImages/2837.jpg,package2,package2,fishing-1,fishing-1,True,False
near_duplicate_dhash,3,datasets/water/IWHR_AI_Lable_Floater_V1/raw/package2/JPEGImages/2815.jpg,datasets/water/IWHR_AI_Lable_Floater_V1/raw/package2/JPEGImages/2867.jpg,package2,package2,fishing-1,fishing-1,True,False
near_duplicate_dhash,4,datasets/water/IWHR_AI_Lable_Floater_V1/raw/package2/JPEGImages/2815.jpg,datasets/water/IWHR_AI_Lable_Floater_V1/raw/package2/JPEGImages/2890.jpg,package2,package2,fishing-1,fishing-1,True,False
near_duplicate_dhash,5,datasets/water/IWHR_AI_Lable_Floater_V1/raw/package2/JPEGImages/2816.jpg,datasets/water/IWHR_AI_Lable_Floater_V1/raw/package2/JPEGImages/2839.jpg,package2,package2,fishing-1,fishing-1,True,False
near_duplicate_dhash,5,datasets/water/IWHR_AI_Lable_Floater_V1/raw/package2/JPEGImages/2817.jpg,datasets/water/IWHR_AI_Lable_Floater_V1/raw/package2/JPEGImages/2840.jpg,package2,package2,fishing-1,fishing-1,True,False
near_duplicate_dhash,3,datasets/water/IWHR_AI_Lable_Floater_V1/raw/package2/JPEGImages/2821.jpg,datasets/water/IWHR_AI_Lable_Floater_V1/raw/package2/JPEGImages/2844.jpg,package2,package2,fishing-1,fishing-1,True,False
near_duplicate_dhash,5,datasets/water/IWHR_AI_Lable_Floater_V1/raw/package2/JPEGImages/2821.jpg,datasets/water/IWHR_AI_Lable_Floater_V1/raw/package2/JPEGImages/2873.jpg,package2,package2,fishing-1,fishing-1,True,False
near_duplicate_dhash,4,datasets/water/IWHR_AI_Lable_Floater_V1/raw/package2/JPEGImages/2824.jpg,datasets/water/IWHR_AI_Lable_Floater_V1/raw/package2/JPEGImages/2848.jpg,package2,package2,fishing-1,fishing-1,True,False
near_duplicate_dhash,4,datasets/water/IWHR_AI_Lable_Floater_V1/raw/package2/JPEGImages/2827.jpg,datasets/water/IWHR_AI_Lable_Floater_V1/raw/package2/JPEGImages/2854.jpg,package2,package2,fishing-1,fishing-1,True,False
near_duplicate_dhash,5,datasets/water/IWHR_AI_Lable_Floater_V1/raw/package2/JPEGImages/2828.jpg,datasets/water/IWHR_AI_Lable_Floater_V1/raw/package2/JPEGImages/2972.jpg,package2,package2,fishing-1,rubbish,False,False
near_duplicate_dhash,5,datasets/water/IWHR_AI_Lable_Floater_V1/raw/package2/JPEGImages/2829.jpg,datasets/water/IWHR_AI_Lable_Floater_V1/raw/package2/JPEGImages/2855.jpg,package2,package2,fishing-1,fishing-1,True,False
near_duplicate_dhash,5,datasets/water/IWHR_AI_Lable_Floater_V1/raw/package2/JPEGImages/2830.jpg,datasets/water/IWHR_AI_Lable_Floater_V1/raw/package2/JPEGImages/2857.jpg,package2,package2,fishing-1,fishing-1,True,False
near_duplicate_dhash,3,datasets/water/IWHR_AI_Lable_Floater_V1/raw/package2/JPEGImages/2832.jpg,datasets/water/IWHR_AI_Lable_Floater_V1/raw/package2/JPEGImages/2860.jpg,package2,package2,fishing-1,fishing-1,True,False
near_duplicate_dhash,5,datasets/water/IWHR_AI_Lable_Floater_V1/raw/package2/JPEGImages/2836.jpg,datasets/water/IWHR_AI_Lable_Floater_V1/raw/package2/JPEGImages/2862.jpg,package2,package2,fishing-1,rubbish,False,False
near_duplicate_dhash,3,datasets/water/IWHR_AI_Lable_Floater_V1/raw/package2/JPEGImages/2837.jpg,datasets/water/IWHR_AI_Lable_Floater_V1/raw/package2/JPEGImages/2887.jpg,package2,package2,fishing-1,fishing-1,True,False
near_duplicate_dhash,5,datasets/water/IWHR_AI_Lable_Floater_V1/raw/package2/JPEGImages/2837.jpg,datasets/water/IWHR_AI_Lable_Floater_V1/raw/package2/JPEGImages/2911.jpg,package2,package2,fishing-1,fishing-1,True,False
near_duplicate_dhash,3,datasets/water/IWHR_AI_Lable_Floater_V1/raw/package2/JPEGImages/2838.jpg,datasets/water/IWHR_AI_Lable_Floater_V1/raw/package2/JPEGImages/2865.jpg,package2,package2,fishing-1,fishing-1,True,False
near_duplicate_dhash,5,datasets/water/IWHR_AI_Lable_Floater_V1/raw/package2/JPEGImages/2840.jpg,datasets/water/IWHR_AI_Lable_Floater_V1/raw/package2/JPEGImages/2869.jpg,package2,package2,fishing-1,fishing-1,True,False
near_duplicate_dhash,5,datasets/water/IWHR_AI_Lable_Floater_V1/raw/package2/JPEGImages/2845.jpg,datasets/water/IWHR_AI_Lable_Floater_V1/raw/package2/JPEGImages/2896.jpg,package2,package2,fishing-1,fishing-1,True,False
near_duplicate_dhash,3,datasets/water/IWHR_AI_Lable_Floater_V1/raw/package2/JPEGImages/2849.jpg,datasets/water/IWHR_AI_Lable_Floater_V1/raw/package2/JPEGImages/2888.jpg,package2,package2,fishing-1,rubbish,False,False
near_duplicate_dhash,3,datasets/water/IWHR_AI_Lable_Floater_V1/raw/package2/JPEGImages/2853.jpg,datasets/water/IWHR_AI_Lable_Floater_V1/raw/package2/JPEGImages/2902.jpg,package2,package2,fishing-1,rubbish,False,False
near_duplicate_dhash,3,datasets/water/IWHR_AI_Lable_Floater_V1/raw/package2/JPEGImages/2857.jpg,datasets/water/IWHR_AI_Lable_Floater_V1/raw/package2/JPEGImages/2882.jpg,package2,package2,fishing-1,fishing-1,True,False
near_duplicate_dhash,4,datasets/water/IWHR_AI_Lable_Floater_V1/raw/package2/JPEGImages/2857.jpg,datasets/water/IWHR_AI_Lable_Floater_V1/raw/package2/JPEGImages/2905.jpg,package2,package2,fishing-1,fishing-1,True,False
near_duplicate_dhash,5,datasets/water/IWHR_AI_Lable_Floater_V1/raw/package2/JPEGImages/2860.jpg,datasets/water/IWHR_AI_Lable_Floater_V1/raw/package2/JPEGImages/2884.jpg,package2,package2,fishing-1,fishing-1,True,False
near_duplicate_dhash,3,datasets/water/IWHR_AI_Lable_Floater_V1/raw/package2/JPEGImages/2864.jpg,datasets/water/IWHR_AI_Lable_Floater_V1/raw/package2/JPEGImages/2911.jpg,package2,package2,fishing-1,fishing-1,True,False
near_duplicate_dhash,3,datasets/water/IWHR_AI_Lable_Floater_V1/raw/package2/JPEGImages/2867.jpg,datasets/water/IWHR_AI_Lable_Floater_V1/raw/package2/JPEGImages/2913.jpg,package2,package2,fishing-1,fishing-1,True,False
near_duplicate_dhash,4,datasets/water/IWHR_AI_Lable_Floater_V1/raw/package2/JPEGImages/2868.jpg,datasets/water/IWHR_AI_Lable_Floater_V1/raw/package2/JPEGImages/2891.jpg,package2,package2,fishing-1,fishing-1,True,False
near_duplicate_dhash,4,datasets/water/IWHR_AI_Lable_Floater_V1/raw/package2/JPEGImages/2869.jpg,datasets/water/IWHR_AI_Lable_Floater_V1/raw/package2/JPEGImages/2892.jpg,package2,package2,fishing-1,fishing-1,True,False
near_duplicate_dhash,4,datasets/water/IWHR_AI_Lable_Floater_V1/raw/package2/JPEGImages/2870.jpg,datasets/water/IWHR_AI_Lable_Floater_V1/raw/package2/JPEGImages/2916.jpg,package2,package2,fishing-1,fishing-1,True,False
near_duplicate_dhash,4,datasets/water/IWHR_AI_Lable_Floater_V1/raw/package2/JPEGImages/2873.jpg,datasets/water/IWHR_AI_Lable_Floater_V1/raw/package2/JPEGImages/2894.jpg,package2,package2,fishing-1,fishing-1,True,False
near_duplicate_dhash,3,datasets/water/IWHR_AI_Lable_Floater_V1/raw/package2/JPEGImages/2874.jpg,datasets/water/IWHR_AI_Lable_Floater_V1/raw/package2/JPEGImages/2977.jpg,package2,package2,fishing-1,rubbish,False,False
near_duplicate_dhash,5,datasets/water/IWHR_AI_Lable_Floater_V1/raw/package2/JPEGImages/2875.jpg,datasets/water/IWHR_AI_Lable_Floater_V1/raw/package2/JPEGImages/2897.jpg,package2,package2,rubbish,fishing-1,False,False
near_duplicate_dhash,5,datasets/water/IWHR_AI_Lable_Floater_V1/raw/package2/JPEGImages/2876.jpg,datasets/water/IWHR_AI_Lable_Floater_V1/raw/package2/JPEGImages/2921.jpg,package2,package2,fishing-1,fishing-1,True,False
near_duplicate_dhash,5,datasets/water/IWHR_AI_Lable_Floater_V1/raw/package2/JPEGImages/2881.jpg,datasets/water/IWHR_AI_Lable_Floater_V1/raw/package2/JPEGImages/2925.jpg,package2,package2,fishing-1,fishing-1,True,False
near_duplicate_dhash,3,datasets/water/IWHR_AI_Lable_Floater_V1/raw/package2/JPEGImages/2884.jpg,datasets/water/IWHR_AI_Lable_Floater_V1/raw/package2/JPEGImages/2908.jpg,package2,package2,fishing-1,fishing-1,True,False
near_duplicate_dhash,3,datasets/water/IWHR_AI_Lable_Floater_V1/raw/package2/JPEGImages/2886.jpg,datasets/water/IWHR_AI_Lable_Floater_V1/raw/package2/JPEGImages/2910.jpg,package2,package2,fishing-1,fishing-1,True,False
near_duplicate_dhash,5,datasets/water/IWHR_AI_Lable_Floater_V1/raw/package2/JPEGImages/2887.jpg,datasets/water/IWHR_AI_Lable_Floater_V1/raw/package2/JPEGImages/2933.jpg,package2,package2,fishing-1,fishing-1,True,False
near_duplicate_dhash,3,datasets/water/IWHR_AI_Lable_Floater_V1/raw/package2/JPEGImages/2888.jpg,datasets/water/IWHR_AI_Lable_Floater_V1/raw/package2/JPEGImages/2979.jpg,package2,package2,rubbish,rubbish,True,False
near_duplicate_dhash,4,datasets/water/IWHR_AI_Lable_Floater_V1/raw/package2/JPEGImages/2889.jpg,datasets/water/IWHR_AI_Lable_Floater_V1/raw/package2/JPEGImages/2912.jpg,package2,package2,rubbish,fishing-1,False,False
near_duplicate_dhash,3,datasets/water/IWHR_AI_Lable_Floater_V1/raw/package2/JPEGImages/2892.jpg,datasets/water/IWHR_AI_Lable_Floater_V1/raw/package2/JPEGImages/2915.jpg,package2,package2,fishing-1,fishing-1,True,False
near_duplicate_dhash,5,datasets/water/IWHR_AI_Lable_Floater_V1/raw/package2/JPEGImages/2893.jpg,datasets/water/IWHR_AI_Lable_Floater_V1/raw/package2/JPEGImages/2917.jpg,package2,package2,fishing-1,fishing-1,True,False
near_duplicate_dhash,3,datasets/water/IWHR_AI_Lable_Floater_V1/raw/package2/JPEGImages/2904.jpg,datasets/water/IWHR_AI_Lable_Floater_V1/raw/package2/JPEGImages/2925.jpg,package2,package2,fishing-1,fishing-1,True,False
near_duplicate_dhash,5,datasets/water/IWHR_AI_Lable_Floater_V1/raw/package2/JPEGImages/2905.jpg,datasets/water/IWHR_AI_Lable_Floater_V1/raw/package2/JPEGImages/2926.jpg,package2,package2,fishing-1,fishing-1,True,False
near_duplicate_dhash,4,datasets/water/IWHR_AI_Lable_Floater_V1/raw/package2/JPEGImages/2906.jpg,datasets/water/IWHR_AI_Lable_Floater_V1/raw/package2/JPEGImages/2981.jpg,package2,package2,fishing-1,rubbish,False,False
near_duplicate_dhash,5,datasets/water/IWHR_AI_Lable_Floater_V1/raw/package2/JPEGImages/2908.jpg,datasets/water/IWHR_AI_Lable_Floater_V1/raw/package2/JPEGImages/2930.jpg,package2,package2,fishing-1,fishing-1,True,False
near_duplicate_dhash,5,datasets/water/IWHR_AI_Lable_Floater_V1/raw/package2/JPEGImages/2909.jpg,datasets/water/IWHR_AI_Lable_Floater_V1/raw/package2/JPEGImages/2931.jpg,package2,package2,fishing-1,fishing-1,True,False
near_duplicate_dhash,5,datasets/water/IWHR_AI_Lable_Floater_V1/raw/package2/JPEGImages/2910.jpg,datasets/water/IWHR_AI_Lable_Floater_V1/raw/package2/JPEGImages/2932.jpg,package2,package2,fishing-1,fishing-1,True,False
near_duplicate_dhash,3,datasets/water/IWHR_AI_Lable_Floater_V1/raw/package2/JPEGImages/2911.jpg,datasets/water/IWHR_AI_Lable_Floater_V1/raw/package2/JPEGImages/2933.jpg,package2,package2,fishing-1,fishing-1,True,False
near_duplicate_dhash,4,datasets/water/IWHR_AI_Lable_Floater_V1/raw/package2/JPEGImages/2911.jpg,datasets/water/IWHR_AI_Lable_Floater_V1/raw/package2/JPEGImages/2956.jpg,package2,package2,fishing-1,fishing-1,True,False
near_duplicate_dhash,4,datasets/water/IWHR_AI_Lable_Floater_V1/raw/package2/JPEGImages/2913.jpg,datasets/water/IWHR_AI_Lable_Floater_V1/raw/package2/JPEGImages/2936.jpg,package2,package2,fishing-1,fishing-1,True,False
near_duplicate_dhash,4,datasets/water/IWHR_AI_Lable_Floater_V1/raw/package2/JPEGImages/2915.jpg,datasets/water/IWHR_AI_Lable_Floater_V1/raw/package2/JPEGImages/2938.jpg,package2,package2,fishing-1,fishing-1,True,False
near_duplicate_dhash,5,datasets/water/IWHR_AI_Lable_Floater_V1/raw/package2/JPEGImages/2918.jpg,datasets/water/IWHR_AI_Lable_Floater_V1/raw/package2/JPEGImages/2940.jpg,package2,package2,fishing-1,rubbish,False,False
near_duplicate_dhash,3,datasets/water/IWHR_AI_Lable_Floater_V1/raw/package2/JPEGImages/2925.jpg,datasets/water/IWHR_AI_Lable_Floater_V1/raw/package2/JPEGImages/2949.jpg,package2,package2,fishing-1,fishing-1,True,False
near_duplicate_dhash,3,datasets/water/IWHR_AI_Lable_Floater_V1/raw/package2/JPEGImages/2926.jpg,datasets/water/IWHR_AI_Lable_Floater_V1/raw/package2/JPEGImages/2950.jpg,package2,package2,fishing-1,fishing-1,True,False
near_duplicate_dhash,4,datasets/water/IWHR_AI_Lable_Floater_V1/raw/package2/JPEGImages/2927.jpg,datasets/water/IWHR_AI_Lable_Floater_V1/raw/package2/JPEGImages/2985.jpg,package2,package2,fishing-1,rubbish,False,False
near_duplicate_dhash,4,datasets/water/IWHR_AI_Lable_Floater_V1/raw/package2/JPEGImages/2931.jpg,datasets/water/IWHR_AI_Lable_Floater_V1/raw/package2/JPEGImages/2954.jpg,package2,package2,fishing-1,fishing-1,True,False
near_duplicate_dhash,3,datasets/water/IWHR_AI_Lable_Floater_V1/raw/package2/JPEGImages/2933.jpg,datasets/water/IWHR_AI_Lable_Floater_V1/raw/package2/JPEGImages/2956.jpg,package2,package2,fishing-1,fishing-1,True,False
near_duplicate_dhash,4,datasets/water/IWHR_AI_Lable_Floater_V1/raw/package2/JPEGImages/2936.jpg,datasets/water/IWHR_AI_Lable_Floater_V1/raw/package2/JPEGImages/2958.jpg,package2,package2,fishing-1,fishing-1,True,False
near_duplicate_dhash,4,datasets/water/IWHR_AI_Lable_Floater_V1/raw/package2/JPEGImages/2937.jpg,datasets/water/IWHR_AI_Lable_Floater_V1/raw/package2/JPEGImages/2960.jpg,package2,package2,fishing-1,fishing-1,True,False
near_duplicate_dhash,3,datasets/water/IWHR_AI_Lable_Floater_V1/raw/package2/JPEGImages/2938.jpg,datasets/water/IWHR_AI_Lable_Floater_V1/raw/package2/JPEGImages/2961.jpg,package2,package2,fishing-1,rubbish,False,False
near_duplicate_dhash,5,datasets/water/IWHR_AI_Lable_Floater_V1/raw/package2/JPEGImages/2940.jpg,datasets/water/IWHR_AI_Lable_Floater_V1/raw/package2/JPEGImages/2962.jpg,package2,package2,rubbish,fishing-1,False,False
near_duplicate_dhash,5,datasets/water/IWHR_AI_Lable_Floater_V1/raw/package2/JPEGImages/2941.jpg,datasets/water/IWHR_AI_Lable_Floater_V1/raw/package2/JPEGImages/2983.jpg,package2,package2,fishing-1,rubbish,False,False
near_duplicate_dhash,5,datasets/water/IWHR_AI_Lable_Floater_V1/raw/package2/JPEGImages/2943.jpg,datasets/water/IWHR_AI_Lable_Floater_V1/raw/package2/JPEGImages/2967.jpg,package2,package2,fishing-1,fishing-1,True,False
near_duplicate_dhash,3,datasets/water/IWHR_AI_Lable_Floater_V1/raw/package2/JPEGImages/2945.jpg,datasets/water/IWHR_AI_Lable_Floater_V1/raw/package2/JPEGImages/2968.jpg,package2,package2,fishing-1,fishing-1,True,False
near_duplicate_dhash,6,datasets/water/IWHR_AI_Lable_Floater_V1/raw/package1/JPEGImages/0001.jpg,datasets/water/IWHR_AI_Lable_Floater_V1/raw/package1/JPEGImages/0128.jpg,package1,package1,2022-06-18,2022-08-18,False,False
near_duplicate_dhash,8,datasets/water/IWHR_AI_Lable_Floater_V1/raw/package1/JPEGImages/0001.jpg,datasets/water/IWHR_AI_Lable_Floater_V1/raw/package1/JPEGImages/0129.jpg,package1,package1,2022-06-18,2022-08-18,False,False
near_duplicate_dhash,7,datasets/water/IWHR_AI_Lable_Floater_V1/raw/package1/JPEGImages/0001.jpg,datasets/water/IWHR_AI_Lable_Floater_V1/raw/package1/JPEGImages/0131.jpg,package1,package1,2022-06-18,2022-08-18,False,False
near_duplicate_dhash,6,datasets/water/IWHR_AI_Lable_Floater_V1/raw/package1/JPEGImages/0001.jpg,datasets/water/IWHR_AI_Lable_Floater_V1/raw/package1/JPEGImages/0134.jpg,package1,package1,2022-06-18,2022-08-18,False,False
near_duplicate_dhash,8,datasets/water/IWHR_AI_Lable_Floater_V1/raw/package1/JPEGImages/0001.jpg,datasets/water/IWHR_AI_Lable_Floater_V1/raw/package1/JPEGImages/0136.jpg,package1,package1,2022-06-18,2022-08-18,False,False
near_duplicate_dhash,7,datasets/water/IWHR_AI_Lable_Floater_V1/raw/package1/JPEGImages/0112.jpg,datasets/water/IWHR_AI_Lable_Floater_V1/raw/package1/JPEGImages/0113.jpg,package1,package1,2022-08-18,2022-08-18,True,False
near_duplicate_dhash,6,datasets/water/IWHR_AI_Lable_Floater_V1/raw/package1/JPEGImages/0112.jpg,datasets/water/IWHR_AI_Lable_Floater_V1/raw/package1/JPEGImages/0115.jpg,package1,package1,2022-08-18,2022-08-18,True,False
near_duplicate_dhash,7,datasets/water/IWHR_AI_Lable_Floater_V1/raw/package1/JPEGImages/0113.jpg,datasets/water/IWHR_AI_Lable_Floater_V1/raw/package1/JPEGImages/0118.jpg,package1,package1,2022-08-18,2022-08-18,True,False
near_duplicate_dhash,6,datasets/water/IWHR_AI_Lable_Floater_V1/raw/package1/JPEGImages/0114.jpg,datasets/water/IWHR_AI_Lable_Floater_V1/raw/package1/JPEGImages/0117.jpg,package1,package1,2022-08-18,2022-08-18,True,False
near_duplicate_dhash,8,datasets/water/IWHR_AI_Lable_Floater_V1/raw/package1/JPEGImages/0115.jpg,datasets/water/IWHR_AI_Lable_Floater_V1/raw/package1/JPEGImages/0118.jpg,package1,package1,2022-08-18,2022-08-18,True,False
near_duplicate_dhash,7,datasets/water/IWHR_AI_Lable_Floater_V1/raw/package1/JPEGImages/0116.jpg,datasets/water/IWHR_AI_Lable_Floater_V1/raw/package1/JPEGImages/0128.jpg,package1,package1,2022-08-18,2022-08-18,True,False
near_duplicate_dhash,7,datasets/water/IWHR_AI_Lable_Floater_V1/raw/package1/JPEGImages/0116.jpg,datasets/water/IWHR_AI_Lable_Floater_V1/raw/package1/JPEGImages/0129.jpg,package1,package1,2022-08-18,2022-08-18,True,False
near_duplicate_dhash,6,datasets/water/IWHR_AI_Lable_Floater_V1/raw/package1/JPEGImages/0116.jpg,datasets/water/IWHR_AI_Lable_Floater_V1/raw/package1/JPEGImages/0130.jpg,package1,package1,2022-08-18,2022-08-18,True,False
near_duplicate_dhash,6,datasets/water/IWHR_AI_Lable_Floater_V1/raw/package1/JPEGImages/0116.jpg,datasets/water/IWHR_AI_Lable_Floater_V1/raw/package1/JPEGImages/0131.jpg,package1,package1,2022-08-18,2022-08-18,True,False
near_duplicate_dhash,8,datasets/water/IWHR_AI_Lable_Floater_V1/raw/package1/JPEGImages/0116.jpg,datasets/water/IWHR_AI_Lable_Floater_V1/raw/package1/JPEGImages/0133.jpg,package1,package1,2022-08-18,2022-08-18,True,False
near_duplicate_dhash,7,datasets/water/IWHR_AI_Lable_Floater_V1/raw/package1/JPEGImages/0116.jpg,datasets/water/IWHR_AI_Lable_Floater_V1/raw/package1/JPEGImages/0136.jpg,package1,package1,2022-08-18,2022-08-18,True,False
near_duplicate_dhash,7,datasets/water/IWHR_AI_Lable_Floater_V1/raw/package1/JPEGImages/0117.jpg,datasets/water/IWHR_AI_Lable_Floater_V1/raw/package1/JPEGImages/0118.jpg,package1,package1,2022-08-18,2022-08-18,True,False
near_duplicate_dhash,7,datasets/water/IWHR_AI_Lable_Floater_V1/raw/package1/JPEGImages/0117.jpg,datasets/water/IWHR_AI_Lable_Floater_V1/raw/package1/JPEGImages/0260.jpg,package1,package1,2022-08-18,_bare_numeric,False,False
near_duplicate_dhash,8,datasets/water/IWHR_AI_Lable_Floater_V1/raw/package1/JPEGImages/0119.jpg,datasets/water/IWHR_AI_Lable_Floater_V1/raw/package1/JPEGImages/0123.jpg,package1,package1,2022-08-18,2022-08-18,True,False
near_duplicate_dhash,8,datasets/water/IWHR_AI_Lable_Floater_V1/raw/package1/JPEGImages/0119.jpg,datasets/water/IWHR_AI_Lable_Floater_V1/raw/package1/JPEGImages/0127.jpg,package1,package1,2022-08-18,2022-08-18,True,False
near_duplicate_dhash,8,datasets/water/IWHR_AI_Lable_Floater_V1/raw/package1/JPEGImages/0120.jpg,datasets/water/IWHR_AI_Lable_Floater_V1/raw/package1/JPEGImages/0126.jpg,package1,package1,2022-08-18,2022-08-18,True,False
near_duplicate_dhash,8,datasets/water/IWHR_AI_Lable_Floater_V1/raw/package1/JPEGImages/0121.jpg,datasets/water/IWHR_AI_Lable_Floater_V1/raw/package1/JPEGImages/0125.jpg,package1,package1,2022-08-18,2022-08-18,True,False
near_duplicate_dhash,8,datasets/water/IWHR_AI_Lable_Floater_V1/raw/package1/JPEGImages/0122.jpg,datasets/water/IWHR_AI_Lable_Floater_V1/raw/package1/JPEGImages/0126.jpg,package1,package1,2022-08-18,2022-08-18,True,False
near_duplicate_dhash,7,datasets/water/IWHR_AI_Lable_Floater_V1/raw/package1/JPEGImages/0124.jpg,datasets/water/IWHR_AI_Lable_Floater_V1/raw/package1/JPEGImages/0126.jpg,package1,package1,2022-08-18,2022-08-18,True,False
near_duplicate_dhash,8,datasets/water/IWHR_AI_Lable_Floater_V1/raw/package1/JPEGImages/0125.jpg,datasets/water/IWHR_AI_Lable_Floater_V1/raw/package1/JPEGImages/0126.jpg,package1,package1,2022-08-18,2022-08-18,True,False
near_duplicate_dhash,8,datasets/water/IWHR_AI_Lable_Floater_V1/raw/package1/JPEGImages/0128.jpg,datasets/water/IWHR_AI_Lable_Floater_V1/raw/package1/JPEGImages/0129.jpg,package1,package1,2022-08-18,2022-08-18,True,False
near_duplicate_dhash,7,datasets/water/IWHR_AI_Lable_Floater_V1/raw/package1/JPEGImages/0128.jpg,datasets/water/IWHR_AI_Lable_Floater_V1/raw/package1/JPEGImages/0130.jpg,package1,package1,2022-08-18,2022-08-18,True,False
near_duplicate_dhash,8,datasets/water/IWHR_AI_Lable_Floater_V1/raw/package1/JPEGImages/0128.jpg,datasets/water/IWHR_AI_Lable_Floater_V1/raw/package1/JPEGImages/0134.jpg,package1,package1,2022-08-18,2022-08-18,True,False
near_duplicate_dhash,6,datasets/water/IWHR_AI_Lable_Floater_V1/raw/package1/JPEGImages/0128.jpg,datasets/water/IWHR_AI_Lable_Floater_V1/raw/package1/JPEGImages/0173.jpg,package1,package1,2022-08-18,2022-08-18,True,False
near_duplicate_dhash,7,datasets/water/IWHR_AI_Lable_Floater_V1/raw/package1/JPEGImages/0129.jpg,datasets/water/IWHR_AI_Lable_Floater_V1/raw/package1/JPEGImages/0130.jpg,package1,package1,2022-08-18,2022-08-18,True,False
near_duplicate_dhash,7,datasets/water/IWHR_AI_Lable_Floater_V1/raw/package1/JPEGImages/0129.jpg,datasets/water/IWHR_AI_Lable_Floater_V1/raw/package1/JPEGImages/0131.jpg,package1,package1,2022-08-18,2022-08-18,True,False
near_duplicate_dhash,6,datasets/water/IWHR_AI_Lable_Floater_V1/raw/package1/JPEGImages/0129.jpg,datasets/water/IWHR_AI_Lable_Floater_V1/raw/package1/JPEGImages/0132.jpg,package1,package1,2022-08-18,2022-08-18,True,False
near_duplicate_dhash,7,datasets/water/IWHR_AI_Lable_Floater_V1/raw/package1/JPEGImages/0129.jpg,datasets/water/IWHR_AI_Lable_Floater_V1/raw/package1/JPEGImages/0133.jpg,package1,package1,2022-08-18,2022-08-18,True,False
near_duplicate_dhash,6,datasets/water/IWHR_AI_Lable_Floater_V1/raw/package1/JPEGImages/0129.jpg,datasets/water/IWHR_AI_Lable_Floater_V1/raw/package1/JPEGImages/0134.jpg,package1,package1,2022-08-18,2022-08-18,True,False
near_duplicate_dhash,7,datasets/water/IWHR_AI_Lable_Floater_V1/raw/package1/JPEGImages/0129.jpg,datasets/water/IWHR_AI_Lable_Floater_V1/raw/package1/JPEGImages/0135.jpg,package1,package1,2022-08-18,2022-08-18,True,False
near_duplicate_dhash,8,datasets/water/IWHR_AI_Lable_Floater_V1/raw/package1/JPEGImages/0129.jpg,datasets/water/IWHR_AI_Lable_Floater_V1/raw/package1/JPEGImages/0136.jpg,package1,package1,2022-08-18,2022-08-18,True,False
near_duplicate_dhash,8,datasets/water/IWHR_AI_Lable_Floater_V1/raw/package1/JPEGImages/0129.jpg,datasets/water/IWHR_AI_Lable_Floater_V1/raw/package1/JPEGImages/0137.jpg,package1,package1,2022-08-18,2022-08-18,True,False
near_duplicate_dhash,6,datasets/water/IWHR_AI_Lable_Floater_V1/raw/package1/JPEGImages/0129.jpg,datasets/water/IWHR_AI_Lable_Floater_V1/raw/package1/JPEGImages/0173.jpg,package1,package1,2022-08-18,2022-08-18,True,False
near_duplicate_dhash,7,datasets/water/IWHR_AI_Lable_Floater_V1/raw/package1/JPEGImages/0130.jpg,datasets/water/IWHR_AI_Lable_Floater_V1/raw/package1/JPEGImages/0132.jpg,package1,package1,2022-08-18,2022-08-18,True,False
near_duplicate_dhash,8,datasets/water/IWHR_AI_Lable_Floater_V1/raw/package1/JPEGImages/0130.jpg,datasets/water/IWHR_AI_Lable_Floater_V1/raw/package1/JPEGImages/0133.jpg,package1,package1,2022-08-18,2022-08-18,True,False
near_duplicate_dhash,7,datasets/water/IWHR_AI_Lable_Floater_V1/raw/package1/JPEGImages/0130.jpg,datasets/water/IWHR_AI_Lable_Floater_V1/raw/package1/JPEGImages/0134.jpg,package1,package1,2022-08-18,2022-08-18,True,False
near_duplicate_dhash,8,datasets/water/IWHR_AI_Lable_Floater_V1/raw/package1/JPEGImages/0130.jpg,datasets/water/IWHR_AI_Lable_Floater_V1/raw/package1/JPEGImages/0135.jpg,package1,package1,2022-08-18,2022-08-18,True,False
near_duplicate_dhash,7,datasets/water/IWHR_AI_Lable_Floater_V1/raw/package1/JPEGImages/0130.jpg,datasets/water/IWHR_AI_Lable_Floater_V1/raw/package1/JPEGImages/0137.jpg,package1,package1,2022-08-18,2022-08-18,True,False
near_duplicate_dhash,7,datasets/water/IWHR_AI_Lable_Floater_V1/raw/package1/JPEGImages/0130.jpg,datasets/water/IWHR_AI_Lable_Floater_V1/raw/package1/JPEGImages/0173.jpg,package1,package1,2022-08-18,2022-08-18,True,False
near_duplicate_dhash,8,datasets/water/IWHR_AI_Lable_Floater_V1/raw/package1/JPEGImages/0131.jpg,datasets/water/IWHR_AI_Lable_Floater_V1/raw/package1/JPEGImages/0160.jpg,package1,package1,2022-08-18,2022-08-18,True,False
near_duplicate_dhash,7,datasets/water/IWHR_AI_Lable_Floater_V1/raw/package1/JPEGImages/0131.jpg,datasets/water/IWHR_AI_Lable_Floater_V1/raw/package1/JPEGImages/0173.jpg,package1,package1,2022-08-18,2022-08-18,True,False
near_duplicate_dhash,6,datasets/water/IWHR_AI_Lable_Floater_V1/raw/package1/JPEGImages/0132.jpg,datasets/water/IWHR_AI_Lable_Floater_V1/raw/package1/JPEGImages/0136.jpg,package1,package1,2022-08-18,2022-08-18,True,False
near_duplicate_dhash,6,datasets/water/IWHR_AI_Lable_Floater_V1/raw/package1/JPEGImages/0132.jpg,datasets/water/IWHR_AI_Lable_Floater_V1/raw/package1/JPEGImages/0137.jpg,package1,package1,2022-08-18,2022-08-18,True,False
near_duplicate_dhash,7,datasets/water/IWHR_AI_Lable_Floater_V1/raw/package1/JPEGImages/0132.jpg,datasets/water/IWHR_AI_Lable_Floater_V1/raw/package1/JPEGImages/0160.jpg,package1,package1,2022-08-18,2022-08-18,True,False
near_duplicate_dhash,8,datasets/water/IWHR_AI_Lable_Floater_V1/raw/package1/JPEGImages/0132.jpg,datasets/water/IWHR_AI_Lable_Floater_V1/raw/package1/JPEGImages/0166.jpg,package1,package1,2022-08-18,2022-08-18,True,False
near_duplicate_dhash,8,datasets/water/IWHR_AI_Lable_Floater_V1/raw/package1/JPEGImages/0132.jpg,datasets/water/IWHR_AI_Lable_Floater_V1/raw/package1/JPEGImages/0173.jpg,package1,package1,2022-08-18,2022-08-18,True,False
near_duplicate_dhash,7,datasets/water/IWHR_AI_Lable_Floater_V1/raw/package1/JPEGImages/0133.jpg,datasets/water/IWHR_AI_Lable_Floater_V1/raw/package1/JPEGImages/0136.jpg,package1,package1,2022-08-18,2022-08-18,True,False
near_duplicate_dhash,8,datasets/water/IWHR_AI_Lable_Floater_V1/raw/package1/JPEGImages/0133.jpg,datasets/water/IWHR_AI_Lable_Floater_V1/raw/package1/JPEGImages/0160.jpg,package1,package1,2022-08-18,2022-08-18,True,False
near_duplicate_dhash,8,datasets/water/IWHR_AI_Lable_Floater_V1/raw/package1/JPEGImages/0133.jpg,datasets/water/IWHR_AI_Lable_Floater_V1/raw/package1/JPEGImages/0161.jpg,package1,package1,2022-08-18,2022-08-18,True,False
near_duplicate_dhash,8,datasets/water/IWHR_AI_Lable_Floater_V1/raw/package1/JPEGImages/0133.jpg,datasets/water/IWHR_AI_Lable_Floater_V1/raw/package1/JPEGImages/0163.jpg,package1,package1,2022-08-18,2022-08-18,True,False
near_duplicate_dhash,7,datasets/water/IWHR_AI_Lable_Floater_V1/raw/package1/JPEGImages/0133.jpg,datasets/water/IWHR_AI_Lable_Floater_V1/raw/package1/JPEGImages/0173.jpg,package1,package1,2022-08-18,2022-08-18,True,False
near_duplicate_dhash,6,datasets/water/IWHR_AI_Lable_Floater_V1/raw/package1/JPEGImages/0134.jpg,datasets/water/IWHR_AI_Lable_Floater_V1/raw/package1/JPEGImages/0136.jpg,package1,package1,2022-08-18,2022-08-18,True,False
near_duplicate_dhash,7,datasets/water/IWHR_AI_Lable_Floater_V1/raw/package1/JPEGImages/0134.jpg,datasets/water/IWHR_AI_Lable_Floater_V1/raw/package1/JPEGImages/0153.jpg,package1,package1,2022-08-18,2022-08-18,True,False
near_duplicate_dhash,6,datasets/water/IWHR_AI_Lable_Floater_V1/raw/package1/JPEGImages/0134.jpg,datasets/water/IWHR_AI_Lable_Floater_V1/raw/package1/JPEGImages/0159.jpg,package1,package1,2022-08-18,2022-08-18,True,False
near_duplicate_dhash,7,datasets/water/IWHR_AI_Lable_Floater_V1/raw/package1/JPEGImages/0134.jpg,datasets/water/IWHR_AI_Lable_Floater_V1/raw/package1/JPEGImages/0160.jpg,package1,package1,2022-08-18,2022-08-18,True,False
near_duplicate_dhash,7,datasets/water/IWHR_AI_Lable_Floater_V1/raw/package1/JPEGImages/0134.jpg,datasets/water/IWHR_AI_Lable_Floater_V1/raw/package1/JPEGImages/0161.jpg,package1,package1,2022-08-18,2022-08-18,True,False
near_duplicate_dhash,8,datasets/water/IWHR_AI_Lable_Floater_V1/raw/package1/JPEGImages/0134.jpg,datasets/water/IWHR_AI_Lable_Floater_V1/raw/package1/JPEGImages/0162.jpg,package1,package1,2022-08-18,2022-08-18,True,False
near_duplicate_dhash,7,datasets/water/IWHR_AI_Lable_Floater_V1/raw/package1/JPEGImages/0134.jpg,datasets/water/IWHR_AI_Lable_Floater_V1/raw/package1/JPEGImages/0163.jpg,package1,package1,2022-08-18,2022-08-18,True,False
near_duplicate_dhash,8,datasets/water/IWHR_AI_Lable_Floater_V1/raw/package1/JPEGImages/0134.jpg,datasets/water/IWHR_AI_Lable_Floater_V1/raw/package1/JPEGImages/0166.jpg,package1,package1,2022-08-18,2022-08-18,True,False
near_duplicate_dhash,8,datasets/water/IWHR_AI_Lable_Floater_V1/raw/package1/JPEGImages/0134.jpg,datasets/water/IWHR_AI_Lable_Floater_V1/raw/package1/JPEGImages/0172.jpg,package1,package1,2022-08-18,2022-08-18,True,False
near_duplicate_dhash,8,datasets/water/IWHR_AI_Lable_Floater_V1/raw/package1/JPEGImages/0135.jpg,datasets/water/IWHR_AI_Lable_Floater_V1/raw/package1/JPEGImages/0153.jpg,package1,package1,2022-08-18,2022-08-18,True,False
near_duplicate_dhash,6,datasets/water/IWHR_AI_Lable_Floater_V1/raw/package1/JPEGImages/0135.jpg,datasets/water/IWHR_AI_Lable_Floater_V1/raw/package1/JPEGImages/0160.jpg,package1,package1,2022-08-18,2022-08-18,True,False
near_duplicate_dhash,6,datasets/water/IWHR_AI_Lable_Floater_V1/raw/package1/JPEGImages/0135.jpg,datasets/water/IWHR_AI_Lable_Floater_V1/raw/package1/JPEGImages/0161.jpg,package1,package1,2022-08-18,2022-08-18,True,False
near_duplicate_dhash,7,datasets/water/IWHR_AI_Lable_Floater_V1/raw/package1/JPEGImages/0135.jpg,datasets/water/IWHR_AI_Lable_Floater_V1/raw/package1/JPEGImages/0162.jpg,package1,package1,2022-08-18,2022-08-18,True,False
near_duplicate_dhash,6,datasets/water/IWHR_AI_Lable_Floater_V1/raw/package1/JPEGImages/0135.jpg,datasets/water/IWHR_AI_Lable_Floater_V1/raw/package1/JPEGImages/0163.jpg,package1,package1,2022-08-18,2022-08-18,True,False
near_duplicate_dhash,8,datasets/water/IWHR_AI_Lable_Floater_V1/raw/package1/JPEGImages/0136.jpg,datasets/water/IWHR_AI_Lable_Floater_V1/raw/package1/JPEGImages/0158.jpg,package1,package1,2022-08-18,2022-08-18,True,False
near_duplicate_dhash,7,datasets/water/IWHR_AI_Lable_Floater_V1/raw/package1/JPEGImages/0136.jpg,datasets/water/IWHR_AI_Lable_Floater_V1/raw/package1/JPEGImages/0160.jpg,package1,package1,2022-08-18,2022-08-18,True,False
near_duplicate_dhash,7,datasets/water/IWHR_AI_Lable_Floater_V1/raw/package1/JPEGImages/0136.jpg,datasets/water/IWHR_AI_Lable_Floater_V1/raw/package1/JPEGImages/0161.jpg,package1,package1,2022-08-18,2022-08-18,True,False
near_duplicate_dhash,8,datasets/water/IWHR_AI_Lable_Floater_V1/raw/package1/JPEGImages/0136.jpg,datasets/water/IWHR_AI_Lable_Floater_V1/raw/package1/JPEGImages/0162.jpg,package1,package1,2022-08-18,2022-08-18,True,False
near_duplicate_dhash,7,datasets/water/IWHR_AI_Lable_Floater_V1/raw/package1/JPEGImages/0136.jpg,datasets/water/IWHR_AI_Lable_Floater_V1/raw/package1/JPEGImages/0163.jpg,package1,package1,2022-08-18,2022-08-18,True,False
near_duplicate_dhash,8,datasets/water/IWHR_AI_Lable_Floater_V1/raw/package1/JPEGImages/0136.jpg,datasets/water/IWHR_AI_Lable_Floater_V1/raw/package1/JPEGImages/0166.jpg,package1,package1,2022-08-18,2022-08-18,True,False
near_duplicate_dhash,6,datasets/water/IWHR_AI_Lable_Floater_V1/raw/package1/JPEGImages/0136.jpg,datasets/water/IWHR_AI_Lable_Floater_V1/raw/package1/JPEGImages/0172.jpg,package1,package1,2022-08-18,2022-08-18,True,False
near_duplicate_dhash,8,datasets/water/IWHR_AI_Lable_Floater_V1/raw/package1/JPEGImages/0136.jpg,datasets/water/IWHR_AI_Lable_Floater_V1/raw/package1/JPEGImages/0173.jpg,package1,package1,2022-08-18,2022-08-18,True,False
near_duplicate_dhash,7,datasets/water/IWHR_AI_Lable_Floater_V1/raw/package1/JPEGImages/0137.jpg,datasets/water/IWHR_AI_Lable_Floater_V1/raw/package1/JPEGImages/0153.jpg,package1,package1,2022-08-18,2022-08-18,True,False
near_duplicate_dhash,8,datasets/water/IWHR_AI_Lable_Floater_V1/raw/package1/JPEGImages/0137.jpg,datasets/water/IWHR_AI_Lable_Floater_V1/raw/package1/JPEGImages/0159.jpg,package1,package1,2022-08-18,2022-08-18,True,False
near_duplicate_dhash,7,datasets/water/IWHR_AI_Lable_Floater_V1/raw/package1/JPEGImages/0137.jpg,datasets/water/IWHR_AI_Lable_Floater_V1/raw/package1/JPEGImages/0160.jpg,package1,package1,2022-08-18,2022-08-18,True,False
near_duplicate_dhash,7,datasets/water/IWHR_AI_Lable_Floater_V1/raw/package1/JPEGImages/0137.jpg,datasets/water/IWHR_AI_Lable_Floater_V1/raw/package1/JPEGImages/0161.jpg,package1,package1,2022-08-18,2022-08-18,True,False
near_duplicate_dhash,8,datasets/water/IWHR_AI_Lable_Floater_V1/raw/package1/JPEGImages/0137.jpg,datasets/water/IWHR_AI_Lable_Floater_V1/raw/package1/JPEGImages/0162.jpg,package1,package1,2022-08-18,2022-08-18,True,False
near_duplicate_dhash,7,datasets/water/IWHR_AI_Lable_Floater_V1/raw/package1/JPEGImages/0137.jpg,datasets/water/IWHR_AI_Lable_Floater_V1/raw/package1/JPEGImages/0163.jpg,package1,package1,2022-08-18,2022-08-18,True,False
near_duplicate_dhash,8,datasets/water/IWHR_AI_Lable_Floater_V1/raw/package1/JPEGImages/0137.jpg,datasets/water/IWHR_AI_Lable_Floater_V1/raw/package1/JPEGImages/0166.jpg,package1,package1,2022-08-18,2022-08-18,True,False
near_duplicate_dhash,8,datasets/water/IWHR_AI_Lable_Floater_V1/raw/package1/JPEGImages/0137.jpg,datasets/water/IWHR_AI_Lable_Floater_V1/raw/package1/JPEGImages/0172.jpg,package1,package1,2022-08-18,2022-08-18,True,False
near_duplicate_dhash,8,datasets/water/IWHR_AI_Lable_Floater_V1/raw/package1/JPEGImages/0140.jpg,datasets/water/IWHR_AI_Lable_Floater_V1/raw/package1/JPEGImages/0164.jpg,package1,package1,2022-08-18,2022-08-18,True,False
near_duplicate_dhash,8,datasets/water/IWHR_AI_Lable_Floater_V1/raw/package1/JPEGImages/0149.jpg,datasets/water/IWHR_AI_Lable_Floater_V1/raw/package1/JPEGImages/0157.jpg,package1,package1,2022-08-18,2022-08-18,True,False
near_duplicate_dhash,7,datasets/water/IWHR_AI_Lable_Floater_V1/raw/package1/JPEGImages/0149.jpg,datasets/water/IWHR_AI_Lable_Floater_V1/raw/package1/JPEGImages/0159.jpg,package1,package1,2022-08-18,2022-08-18,True,False
near_duplicate_dhash,7,datasets/water/IWHR_AI_Lable_Floater_V1/raw/package1/JPEGImages/0150.jpg,datasets/water/IWHR_AI_Lable_Floater_V1/raw/package1/JPEGImages/0151.jpg,package1,package1,2022-08-18,2022-08-18,True,False
near_duplicate_dhash,6,datasets/water/IWHR_AI_Lable_Floater_V1/raw/package1/JPEGImages/0150.jpg,datasets/water/IWHR_AI_Lable_Floater_V1/raw/package1/JPEGImages/0159.jpg,package1,package1,2022-08-18,2022-08-18,True,False
near_duplicate_dhash,8,datasets/water/IWHR_AI_Lable_Floater_V1/raw/package1/JPEGImages/0151.jpg,datasets/water/IWHR_AI_Lable_Floater_V1/raw/package1/JPEGImages/0160.jpg,package1,package1,2022-08-18,2022-08-18,True,False
near_duplicate_dhash,8,datasets/water/IWHR_AI_Lable_Floater_V1/raw/package1/JPEGImages/0151.jpg,datasets/water/IWHR_AI_Lable_Floater_V1/raw/package1/JPEGImages/0161.jpg,package1,package1,2022-08-18,2022-08-18,True,False
near_duplicate_dhash,8,datasets/water/IWHR_AI_Lable_Floater_V1/raw/package1/JPEGImages/0151.jpg,datasets/water/IWHR_AI_Lable_Floater_V1/raw/package1/JPEGImages/0163.jpg,package1,package1,2022-08-18,2022-08-18,True,False
near_duplicate_dhash,6,datasets/water/IWHR_AI_Lable_Floater_V1/raw/package1/JPEGImages/0152.jpg,datasets/water/IWHR_AI_Lable_Floater_V1/raw/package1/JPEGImages/0153.jpg,package1,package1,2022-08-18,2022-08-18,True,False
near_duplicate_dhash,8,datasets/water/IWHR_AI_Lable_Floater_V1/raw/package1/JPEGImages/0152.jpg,datasets/water/IWHR_AI_Lable_Floater_V1/raw/package1/JPEGImages/0160.jpg,package1,package1,2022-08-18,2022-08-18,True,False
near_duplicate_dhash,8,datasets/water/IWHR_AI_Lable_Floater_V1/raw/package1/JPEGImages/0152.jpg,datasets/water/IWHR_AI_Lable_Floater_V1/raw/package1/JPEGImages/0161.jpg,package1,package1,2022-08-18,2022-08-18,True,False
near_duplicate_dhash,8,datasets/water/IWHR_AI_Lable_Floater_V1/raw/package1/JPEGImages/0152.jpg,datasets/water/IWHR_AI_Lable_Floater_V1/raw/package1/JPEGImages/0163.jpg,package1,package1,2022-08-18,2022-08-18,True,False
near_duplicate_dhash,8,datasets/water/IWHR_AI_Lable_Floater_V1/raw/package1/JPEGImages/0153.jpg,datasets/water/IWHR_AI_Lable_Floater_V1/raw/package1/JPEGImages/0160.jpg,package1,package1,2022-08-18,2022-08-18,True,False
near_duplicate_dhash,6,datasets/water/IWHR_AI_Lable_Floater_V1/raw/package1/JPEGImages/0153.jpg,datasets/water/IWHR_AI_Lable_Floater_V1/raw/package1/JPEGImages/0161.jpg,package1,package1,2022-08-18,2022-08-18,True,False
near_duplicate_dhash,8,datasets/water/IWHR_AI_Lable_Floater_V1/raw/package1/JPEGImages/0153.jpg,datasets/water/IWHR_AI_Lable_Floater_V1/raw/package1/JPEGImages/0163.jpg,package1,package1,2022-08-18,2022-08-18,True,False
near_duplicate_dhash,8,datasets/water/IWHR_AI_Lable_Floater_V1/raw/package1/JPEGImages/0153.jpg,datasets/water/IWHR_AI_Lable_Floater_V1/raw/package1/JPEGImages/0165.jpg,package1,package1,2022-08-18,2022-08-18,True,False
near_duplicate_dhash,7,datasets/water/IWHR_AI_Lable_Floater_V1/raw/package1/JPEGImages/0153.jpg,datasets/water/IWHR_AI_Lable_Floater_V1/raw/package1/JPEGImages/0173.jpg,package1,package1,2022-08-18,2022-08-18,True,False
near_duplicate_dhash,8,datasets/water/IWHR_AI_Lable_Floater_V1/raw/package1/JPEGImages/0153.jpg,datasets/water/IWHR_AI_Lable_Floater_V1/raw/package1/JPEGImages/0711.jpg,package1,package1,2022-08-18,image,False,False
near_duplicate_dhash,7,datasets/water/IWHR_AI_Lable_Floater_V1/raw/package1/JPEGImages/0153.jpg,datasets/water/IWHR_AI_Lable_Floater_V1/raw/package1/JPEGImages/0745.jpg,package1,package1,2022-08-18,image,False,False
near_duplicate_dhash,7,datasets/water/IWHR_AI_Lable_Floater_V1/raw/package1/JPEGImages/0153.jpg,datasets/water/IWHR_AI_Lable_Floater_V1/raw/package1/JPEGImages/0748.jpg,package1,package1,2022-08-18,image,False,False
near_duplicate_dhash,8,datasets/water/IWHR_AI_Lable_Floater_V1/raw/package1/JPEGImages/0153.jpg,datasets/water/IWHR_AI_Lable_Floater_V1/raw/package1/JPEGImages/0769.jpg,package1,package1,2022-08-18,image,False,False
near_duplicate_dhash,8,datasets/water/IWHR_AI_Lable_Floater_V1/raw/package1/JPEGImages/0153.jpg,datasets/water/IWHR_AI_Lable_Floater_V1/raw/package1/JPEGImages/0776.jpg,package1,package1,2022-08-18,image,False,False
near_duplicate_dhash,8,datasets/water/IWHR_AI_Lable_Floater_V1/raw/package1/JPEGImages/0153.jpg,datasets/water/IWHR_AI_Lable_Floater_V1/raw/package1/JPEGImages/0782.jpg,package1,package1,2022-08-18,image,False,False
near_duplicate_dhash,7,datasets/water/IWHR_AI_Lable_Floater_V1/raw/package1/JPEGImages/0154.jpg,datasets/water/IWHR_AI_Lable_Floater_V1/raw/package1/JPEGImages/0155.jpg,package1,package1,2022-08-18,2022-08-18,True,False
near_duplicate_dhash,6,datasets/water/IWHR_AI_Lable_Floater_V1/raw/package1/JPEGImages/0155.jpg,datasets/water/IWHR_AI_Lable_Floater_V1/raw/package1/JPEGImages/0156.jpg,package1,package1,2022-08-18,2022-08-18,True,False
near_duplicate_dhash,8,datasets/water/IWHR_AI_Lable_Floater_V1/raw/package1/JPEGImages/0155.jpg,datasets/water/IWHR_AI_Lable_Floater_V1/raw/package1/JPEGImages/0157.jpg,package1,package1,2022-08-18,2022-08-18,True,False
near_duplicate_dhash,6,datasets/water/IWHR_AI_Lable_Floater_V1/raw/package1/JPEGImages/0156.jpg,datasets/water/IWHR_AI_Lable_Floater_V1/raw/package1/JPEGImages/0157.jpg,package1,package1,2022-08-18,2022-08-18,True,False
near_duplicate_dhash,7,datasets/water/IWHR_AI_Lable_Floater_V1/raw/package1/JPEGImages/0156.jpg,datasets/water/IWHR_AI_Lable_Floater_V1/raw/package1/JPEGImages/0158.jpg,package1,package1,2022-08-18,2022-08-18,True,False
near_duplicate_dhash,7,datasets/water/IWHR_AI_Lable_Floater_V1/raw/package1/JPEGImages/0157.jpg,datasets/water/IWHR_AI_Lable_Floater_V1/raw/package1/JPEGImages/0159.jpg,package1,package1,2022-08-18,2022-08-18,True,False
near_duplicate_dhash,8,datasets/water/IWHR_AI_Lable_Floater_V1/raw/package1/JPEGImages/0158.jpg,datasets/water/IWHR_AI_Lable_Floater_V1/raw/package1/JPEGImages/0162.jpg,package1,package1,2022-08-18,2022-08-18,True,False
near_duplicate_dhash,7,datasets/water/IWHR_AI_Lable_Floater_V1/raw/package1/JPEGImages/0158.jpg,datasets/water/IWHR_AI_Lable_Floater_V1/raw/package1/JPEGImages/0163.jpg,package1,package1,2022-08-18,2022-08-18,True,False
near_duplicate_dhash,7,datasets/water/IWHR_AI_Lable_Floater_V1/raw/package1/JPEGImages/0159.jpg,datasets/water/IWHR_AI_Lable_Floater_V1/raw/package1/JPEGImages/0160.jpg,package1,package1,2022-08-18,2022-08-18,True,False
near_duplicate_dhash,8,datasets/water/IWHR_AI_Lable_Floater_V1/raw/package1/JPEGImages/0159.jpg,datasets/water/IWHR_AI_Lable_Floater_V1/raw/package1/JPEGImages/0173.jpg,package1,package1,2022-08-18,2022-08-18,True,False
near_duplicate_dhash,7,datasets/water/IWHR_AI_Lable_Floater_V1/raw/package1/JPEGImages/0160.jpg,datasets/water/IWHR_AI_Lable_Floater_V1/raw/package1/JPEGImages/0162.jpg,package1,package1,2022-08-18,2022-08-18,True,False
near_duplicate_dhash,6,datasets/water/IWHR_AI_Lable_Floater_V1/raw/package1/JPEGImages/0160.jpg,datasets/water/IWHR_AI_Lable_Floater_V1/raw/package1/JPEGImages/0163.jpg,package1,package1,2022-08-18,2022-08-18,True,False
near_duplicate_dhash,7,datasets/water/IWHR_AI_Lable_Floater_V1/raw/package1/JPEGImages/0160.jpg,datasets/water/IWHR_AI_Lable_Floater_V1/raw/package1/JPEGImages/0173.jpg,package1,package1,2022-08-18,2022-08-18,True,False
near_duplicate_dhash,7,datasets/water/IWHR_AI_Lable_Floater_V1/raw/package1/JPEGImages/0161.jpg,datasets/water/IWHR_AI_Lable_Floater_V1/raw/package1/JPEGImages/0173.jpg,package1,package1,2022-08-18,2022-08-18,True,False
near_duplicate_dhash,8,datasets/water/IWHR_AI_Lable_Floater_V1/raw/package1/JPEGImages/0161.jpg,datasets/water/IWHR_AI_Lable_Floater_V1/raw/package1/JPEGImages/0175.jpg,package1,package1,2022-08-18,2022-08-18,True,False
near_duplicate_dhash,8,datasets/water/IWHR_AI_Lable_Floater_V1/raw/package1/JPEGImages/0162.jpg,datasets/water/IWHR_AI_Lable_Floater_V1/raw/package1/JPEGImages/0173.jpg,package1,package1,2022-08-18,2022-08-18,True,False
near_duplicate_dhash,7,datasets/water/IWHR_AI_Lable_Floater_V1/raw/package1/JPEGImages/0163.jpg,datasets/water/IWHR_AI_Lable_Floater_V1/raw/package1/JPEGImages/0173.jpg,package1,package1,2022-08-18,2022-08-18,True,False
near_duplicate_dhash,6,datasets/water/IWHR_AI_Lable_Floater_V1/raw/package1/JPEGImages/0164.jpg,datasets/water/IWHR_AI_Lable_Floater_V1/raw/package1/JPEGImages/0165.jpg,package1,package1,2022-08-18,2022-08-18,True,False
near_duplicate_dhash,6,datasets/water/IWHR_AI_Lable_Floater_V1/raw/package1/JPEGImages/0166.jpg,datasets/water/IWHR_AI_Lable_Floater_V1/raw/package1/JPEGImages/0172.jpg,package1,package1,2022-08-18,2022-08-18,True,False
near_duplicate_dhash,7,datasets/water/IWHR_AI_Lable_Floater_V1/raw/package1/JPEGImages/0167.jpg,datasets/water/IWHR_AI_Lable_Floater_V1/raw/package1/JPEGImages/0172.jpg,package1,package1,2022-08-18,2022-08-18,True,False
near_duplicate_dhash,7,datasets/water/IWHR_AI_Lable_Floater_V1/raw/package1/JPEGImages/0212.jpg,datasets/water/IWHR_AI_Lable_Floater_V1/raw/package1/JPEGImages/0214.jpg,package1,package1,_bare_numeric,_bare_numeric,True,False
near_duplicate_dhash,6,datasets/water/IWHR_AI_Lable_Floater_V1/raw/package1/JPEGImages/0219.jpg,datasets/water/IWHR_AI_Lable_Floater_V1/raw/package1/JPEGImages/0220.jpg,package1,package1,_bare_numeric,_bare_numeric,True,False
near_duplicate_dhash,7,datasets/water/IWHR_AI_Lable_Floater_V1/raw/package1/JPEGImages/0219.jpg,datasets/water/IWHR_AI_Lable_Floater_V1/raw/package1/JPEGImages/0221.jpg,package1,package1,_bare_numeric,_bare_numeric,True,False
near_duplicate_dhash,8,datasets/water/IWHR_AI_Lable_Floater_V1/raw/package1/JPEGImages/0219.jpg,datasets/water/IWHR_AI_Lable_Floater_V1/raw/package1/JPEGImages/0222.jpg,package1,package1,_bare_numeric,_bare_numeric,True,False
near_duplicate_dhash,8,datasets/water/IWHR_AI_Lable_Floater_V1/raw/package1/JPEGImages/0219.jpg,datasets/water/IWHR_AI_Lable_Floater_V1/raw/package1/JPEGImages/0223.jpg,package1,package1,_bare_numeric,_bare_numeric,True,False
near_duplicate_dhash,6,datasets/water/IWHR_AI_Lable_Floater_V1/raw/package1/JPEGImages/0219.jpg,datasets/water/IWHR_AI_Lable_Floater_V1/raw/package1/JPEGImages/0224.jpg,package1,package1,_bare_numeric,_bare_numeric,True,False
near_duplicate_dhash,8,datasets/water/IWHR_AI_Lable_Floater_V1/raw/package1/JPEGImages/0220.jpg,datasets/water/IWHR_AI_Lable_Floater_V1/raw/package1/JPEGImages/0226.jpg,package1,package1,_bare_numeric,_bare_numeric,True,False
near_duplicate_dhash,7,datasets/water/IWHR_AI_Lable_Floater_V1/raw/package1/JPEGImages/0221.jpg,datasets/water/IWHR_AI_Lable_Floater_V1/raw/package1/JPEGImages/0226.jpg,package1,package1,_bare_numeric,_bare_numeric,True,False
near_duplicate_dhash,6,datasets/water/IWHR_AI_Lable_Floater_V1/raw/package1/JPEGImages/0222.jpg,datasets/water/IWHR_AI_Lable_Floater_V1/raw/package1/JPEGImages/0223.jpg,package1,package1,_bare_numeric,_bare_numeric,True,False
near_duplicate_dhash,8,datasets/water/IWHR_AI_Lable_Floater_V1/raw/package1/JPEGImages/0222.jpg,datasets/water/IWHR_AI_Lable_Floater_V1/raw/package1/JPEGImages/0226.jpg,package1,package1,_bare_numeric,_bare_numeric,True,False
near_duplicate_dhash,8,datasets/water/IWHR_AI_Lable_Floater_V1/raw/package1/JPEGImages/0252.jpg,datasets/water/IWHR_AI_Lable_Floater_V1/raw/package1/JPEGImages/0291.jpg,package1,package1,_bare_numeric,_bare_numeric,True,False
near_duplicate_dhash,8,datasets/water/IWHR_AI_Lable_Floater_V1/raw/package1/JPEGImages/0252.jpg,datasets/water/IWHR_AI_Lable_Floater_V1/raw/package1/JPEGImages/0293.jpg,package1,package1,_bare_numeric,_bare_numeric,True,False
near_duplicate_dhash,8,datasets/water/IWHR_AI_Lable_Floater_V1/raw/package1/JPEGImages/0252.jpg,datasets/water/IWHR_AI_Lable_Floater_V1/raw/package1/JPEGImages/0296.jpg,package1,package1,_bare_numeric,_bare_numeric,True,False
near_duplicate_dhash,8,datasets/water/IWHR_AI_Lable_Floater_V1/raw/package1/JPEGImages/0254.jpg,datasets/water/IWHR_AI_Lable_Floater_V1/raw/package1/JPEGImages/0260.jpg,package1,package1,_bare_numeric,_bare_numeric,True,False
near_duplicate_dhash,7,datasets/water/IWHR_AI_Lable_Floater_V1/raw/package1/JPEGImages/0256.jpg,datasets/water/IWHR_AI_Lable_Floater_V1/raw/package1/JPEGImages/0290.jpg,package1,package1,_bare_numeric,_bare_numeric,True,False
near_duplicate_dhash,7,datasets/water/IWHR_AI_Lable_Floater_V1/raw/package1/JPEGImages/0257.jpg,datasets/water/IWHR_AI_Lable_Floater_V1/raw/package1/JPEGImages/0290.jpg,package1,package1,_bare_numeric,_bare_numeric,True,False
near_duplicate_dhash,7,datasets/water/IWHR_AI_Lable_Floater_V1/raw/package1/JPEGImages/0259.jpg,datasets/water/IWHR_AI_Lable_Floater_V1/raw/package1/JPEGImages/0260.jpg,package1,package1,_bare_numeric,_bare_numeric,True,False
near_duplicate_dhash,8,datasets/water/IWHR_AI_Lable_Floater_V1/raw/package1/JPEGImages/0261.jpg,datasets/water/IWHR_AI_Lable_Floater_V1/raw/package1/JPEGImages/0263.jpg,package1,package1,_bare_numeric,_bare_numeric,True,False
near_duplicate_dhash,7,datasets/water/IWHR_AI_Lable_Floater_V1/raw/package1/JPEGImages/0261.jpg,datasets/water/IWHR_AI_Lable_Floater_V1/raw/package1/JPEGImages/0264.jpg,package1,package1,_bare_numeric,_bare_numeric,True,False
near_duplicate_dhash,8,datasets/water/IWHR_AI_Lable_Floater_V1/raw/package1/JPEGImages/0261.jpg,datasets/water/IWHR_AI_Lable_Floater_V1/raw/package1/JPEGImages/0299.jpg,package1,package1,_bare_numeric,_bare_numeric,True,False
near_duplicate_dhash,7,datasets/water/IWHR_AI_Lable_Floater_V1/raw/package1/JPEGImages/0261.jpg,datasets/water/IWHR_AI_Lable_Floater_V1/raw/package1/JPEGImages/0300.jpg,package1,package1,_bare_numeric,_bare_numeric,True,False
near_duplicate_dhash,7,datasets/water/IWHR_AI_Lable_Floater_V1/raw/package1/JPEGImages/0262.jpg,datasets/water/IWHR_AI_Lable_Floater_V1/raw/package1/JPEGImages/0263.jpg,package1,package1,_bare_numeric,_bare_numeric,True,False
near_duplicate_dhash,8,datasets/water/IWHR_AI_Lable_Floater_V1/raw/package1/JPEGImages/0262.jpg,datasets/water/IWHR_AI_Lable_Floater_V1/raw/package1/JPEGImages/0264.jpg,package1,package1,_bare_numeric,_bare_numeric,True,False
near_duplicate_dhash,7,datasets/water/IWHR_AI_Lable_Floater_V1/raw/package1/JPEGImages/0262.jpg,datasets/water/IWHR_AI_Lable_Floater_V1/raw/package1/JPEGImages/0299.jpg,package1,package1,_bare_numeric,_bare_numeric,True,False
near_duplicate_dhash,8,datasets/water/IWHR_AI_Lable_Floater_V1/raw/package1/JPEGImages/0262.jpg,datasets/water/IWHR_AI_Lable_Floater_V1/raw/package1/JPEGImages/0300.jpg,package1,package1,_bare_numeric,_bare_numeric,True,False
near_duplicate_dhash,6,datasets/water/IWHR_AI_Lable_Floater_V1/raw/package1/JPEGImages/0263.jpg,datasets/water/IWHR_AI_Lable_Floater_V1/raw/package1/JPEGImages/0299.jpg,package1,package1,_bare_numeric,_bare_numeric,True,False
near_duplicate_dhash,7,datasets/water/IWHR_AI_Lable_Floater_V1/raw/package1/JPEGImages/0265.jpg,datasets/water/IWHR_AI_Lable_Floater_V1/raw/package1/JPEGImages/0270.jpg,package1,package1,_bare_numeric,_bare_numeric,True,False
near_duplicate_dhash,7,datasets/water/IWHR_AI_Lable_Floater_V1/raw/package1/JPEGImages/0267.jpg,datasets/water/IWHR_AI_Lable_Floater_V1/raw/package1/JPEGImages/0302.jpg,package1,package1,_bare_numeric,_bare_numeric,True,False
near_duplicate_dhash,8,datasets/water/IWHR_AI_Lable_Floater_V1/raw/package1/JPEGImages/0271.jpg,datasets/water/IWHR_AI_Lable_Floater_V1/raw/package1/JPEGImages/0286.jpg,package1,package1,_bare_numeric,_bare_numeric,True,False
near_duplicate_dhash,8,datasets/water/IWHR_AI_Lable_Floater_V1/raw/package1/JPEGImages/0271.jpg,datasets/water/IWHR_AI_Lable_Floater_V1/raw/package1/JPEGImages/0325.jpg,package1,package1,_bare_numeric,_bare_numeric,True,False
near_duplicate_dhash,6,datasets/water/IWHR_AI_Lable_Floater_V1/raw/package1/JPEGImages/0272.jpg,datasets/water/IWHR_AI_Lable_Floater_V1/raw/package1/JPEGImages/0273.jpg,package1,package1,_bare_numeric,_bare_numeric,True,False
near_duplicate_dhash,6,datasets/water/IWHR_AI_Lable_Floater_V1/raw/package1/JPEGImages/0272.jpg,datasets/water/IWHR_AI_Lable_Floater_V1/raw/package1/JPEGImages/0274.jpg,package1,package1,_bare_numeric,_bare_numeric,True,False
near_duplicate_dhash,6,datasets/water/IWHR_AI_Lable_Floater_V1/raw/package1/JPEGImages/0272.jpg,datasets/water/IWHR_AI_Lable_Floater_V1/raw/package1/JPEGImages/0276.jpg,package1,package1,_bare_numeric,_bare_numeric,True,False
near_duplicate_dhash,7,datasets/water/IWHR_AI_Lable_Floater_V1/raw/package1/JPEGImages/0272.jpg,datasets/water/IWHR_AI_Lable_Floater_V1/raw/package1/JPEGImages/0304.jpg,package1,package1,_bare_numeric,_bare_numeric,True,False
near_duplicate_dhash,6,datasets/water/IWHR_AI_Lable_Floater_V1/raw/package1/JPEGImages/0273.jpg,datasets/water/IWHR_AI_Lable_Floater_V1/raw/package1/JPEGImages/0275.jpg,package1,package1,_bare_numeric,_bare_numeric,True,False
near_duplicate_dhash,8,datasets/water/IWHR_AI_Lable_Floater_V1/raw/package1/JPEGImages/0273.jpg,datasets/water/IWHR_AI_Lable_Floater_V1/raw/package1/JPEGImages/0303.jpg,package1,package1,_bare_numeric,_bare_numeric,True,False
near_duplicate_dhash,6,datasets/water/IWHR_AI_Lable_Floater_V1/raw/package1/JPEGImages/0274.jpg,datasets/water/IWHR_AI_Lable_Floater_V1/raw/package1/JPEGImages/0275.jpg,package1,package1,_bare_numeric,_bare_numeric,True,False
near_duplicate_dhash,7,datasets/water/IWHR_AI_Lable_Floater_V1/raw/package1/JPEGImages/0281.jpg,datasets/water/IWHR_AI_Lable_Floater_V1/raw/package1/JPEGImages/0309.jpg,package1,package1,_bare_numeric,_bare_numeric,True,False
near_duplicate_dhash,8,datasets/water/IWHR_AI_Lable_Floater_V1/raw/package1/JPEGImages/0283.jpg,datasets/water/IWHR_AI_Lable_Floater_V1/raw/package1/JPEGImages/0304.jpg,package1,package1,_bare_numeric,_bare_numeric,True,False
near_duplicate_dhash,8,datasets/water/IWHR_AI_Lable_Floater_V1/raw/package1/JPEGImages/0285.jpg,datasets/water/IWHR_AI_Lable_Floater_V1/raw/package1/JPEGImages/0287.jpg,package1,package1,_bare_numeric,_bare_numeric,True,False
near_duplicate_dhash,8,datasets/water/IWHR_AI_Lable_Floater_V1/raw/package1/JPEGImages/0286.jpg,datasets/water/IWHR_AI_Lable_Floater_V1/raw/package1/JPEGImages/0325.jpg,package1,package1,_bare_numeric,_bare_numeric,True,False
near_duplicate_dhash,8,datasets/water/IWHR_AI_Lable_Floater_V1/raw/package1/JPEGImages/0286.jpg,datasets/water/IWHR_AI_Lable_Floater_V1/raw/package1/JPEGImages/0326.jpg,package1,package1,_bare_numeric,_bare_numeric,True,False
near_duplicate_dhash,8,datasets/water/IWHR_AI_Lable_Floater_V1/raw/package1/JPEGImages/0287.jpg,datasets/water/IWHR_AI_Lable_Floater_V1/raw/package1/JPEGImages/0317.jpg,package1,package1,_bare_numeric,_bare_numeric,True,False
near_duplicate_dhash,7,datasets/water/IWHR_AI_Lable_Floater_V1/raw/package1/JPEGImages/0287.jpg,datasets/water/IWHR_AI_Lable_Floater_V1/raw/package1/JPEGImages/0318.jpg,package1,package1,_bare_numeric,_bare_numeric,True,False
near_duplicate_dhash,8,datasets/water/IWHR_AI_Lable_Floater_V1/raw/package1/JPEGImages/0287.jpg,datasets/water/IWHR_AI_Lable_Floater_V1/raw/package1/JPEGImages/0319.jpg,package1,package1,_bare_numeric,_bare_numeric,True,False
near_duplicate_dhash,8,datasets/water/IWHR_AI_Lable_Floater_V1/raw/package1/JPEGImages/0288.jpg,datasets/water/IWHR_AI_Lable_Floater_V1/raw/package1/JPEGImages/0318.jpg,package1,package1,_bare_numeric,_bare_numeric,True,False
near_duplicate_dhash,7,datasets/water/IWHR_AI_Lable_Floater_V1/raw/package1/JPEGImages/0291.jpg,datasets/water/IWHR_AI_Lable_Floater_V1/raw/package1/JPEGImages/0295.jpg,package1,package1,_bare_numeric,_bare_numeric,True,False
near_duplicate_dhash,8,datasets/water/IWHR_AI_Lable_Floater_V1/raw/package1/JPEGImages/0297.jpg,datasets/water/IWHR_AI_Lable_Floater_V1/raw/package1/JPEGImages/0298.jpg,package1,package1,_bare_numeric,_bare_numeric,True,False
near_duplicate_dhash,6,datasets/water/IWHR_AI_Lable_Floater_V1/raw/package1/JPEGImages/0313.jpg,datasets/water/IWHR_AI_Lable_Floater_V1/raw/package1/JPEGImages/0314.jpg,package1,package1,_bare_numeric,_bare_numeric,True,False
near_duplicate_dhash,8,datasets/water/IWHR_AI_Lable_Floater_V1/raw/package1/JPEGImages/0313.jpg,datasets/water/IWHR_AI_Lable_Floater_V1/raw/package1/JPEGImages/0318.jpg,package1,package1,_bare_numeric,_bare_numeric,True,False
near_duplicate_dhash,8,datasets/water/IWHR_AI_Lable_Floater_V1/raw/package1/JPEGImages/0314.jpg,datasets/water/IWHR_AI_Lable_Floater_V1/raw/package1/JPEGImages/0318.jpg,package1,package1,_bare_numeric,_bare_numeric,True,False
near_duplicate_dhash,7,datasets/water/IWHR_AI_Lable_Floater_V1/raw/package1/JPEGImages/0315.jpg,datasets/water/IWHR_AI_Lable_Floater_V1/raw/package1/JPEGImages/0324.jpg,package1,package1,_bare_numeric,_bare_numeric,True,False
near_duplicate_dhash,6,datasets/water/IWHR_AI_Lable_Floater_V1/raw/package1/JPEGImages/0316.jpg,datasets/water/IWHR_AI_Lable_Floater_V1/raw/package1/JPEGImages/0324.jpg,package1,package1,_bare_numeric,_bare_numeric,True,False
near_duplicate_dhash,8,datasets/water/IWHR_AI_Lable_Floater_V1/raw/package1/JPEGImages/0329.jpg,datasets/water/IWHR_AI_Lable_Floater_V1/raw/package1/JPEGImages/0330.jpg,package1,package1,_bare_numeric,_bare_numeric,True,False
near_duplicate_dhash,6,datasets/water/IWHR_AI_Lable_Floater_V1/raw/package1/JPEGImages/0356.jpg,datasets/water/IWHR_AI_Lable_Floater_V1/raw/package1/JPEGImages/0381.jpg,package1,package1,image,image,True,False
near_duplicate_dhash,6,datasets/water/IWHR_AI_Lable_Floater_V1/raw/package1/JPEGImages/0357.jpg,datasets/water/IWHR_AI_Lable_Floater_V1/raw/package1/JPEGImages/0510.jpg,package1,package1,image,image,True,False
near_duplicate_dhash,7,datasets/water/IWHR_AI_Lable_Floater_V1/raw/package1/JPEGImages/0357.jpg,datasets/water/IWHR_AI_Lable_Floater_V1/raw/package1/JPEGImages/0706.jpg,package1,package1,image,image,True,False
near_duplicate_dhash,8,datasets/water/IWHR_AI_Lable_Floater_V1/raw/package1/JPEGImages/0358.jpg,datasets/water/IWHR_AI_Lable_Floater_V1/raw/package1/JPEGImages/0379.jpg,package1,package1,image,image,True,False
near_duplicate_dhash,8,datasets/water/IWHR_AI_Lable_Floater_V1/raw/package1/JPEGImages/0360.jpg,datasets/water/IWHR_AI_Lable_Floater_V1/raw/package1/JPEGImages/0363.jpg,package1,package1,image,image,True,False
near_duplicate_dhash,8,datasets/water/IWHR_AI_Lable_Floater_V1/raw/package1/JPEGImages/0361.jpg,datasets/water/IWHR_AI_Lable_Floater_V1/raw/package1/JPEGImages/0367.jpg,package1,package1,image,image,True,False
near_duplicate_dhash,8,datasets/water/IWHR_AI_Lable_Floater_V1/raw/package1/JPEGImages/0363.jpg,datasets/water/IWHR_AI_Lable_Floater_V1/raw/package1/JPEGImages/0366.jpg,package1,package1,image,image,True,False
near_duplicate_dhash,7,datasets/water/IWHR_AI_Lable_Floater_V1/raw/package1/JPEGImages/0363.jpg,datasets/water/IWHR_AI_Lable_Floater_V1/raw/package1/JPEGImages/0437.jpg,package1,package1,image,image,True,False
near_duplicate_dhash,6,datasets/water/IWHR_AI_Lable_Floater_V1/raw/package1/JPEGImages/0363.jpg,datasets/water/IWHR_AI_Lable_Floater_V1/raw/package1/JPEGImages/0740.jpg,package1,package1,image,image,True,False
near_duplicate_dhash,7,datasets/water/IWHR_AI_Lable_Floater_V1/raw/package1/JPEGImages/0363.jpg,datasets/water/IWHR_AI_Lable_Floater_V1/raw/package1/JPEGImages/0751.jpg,package1,package1,image,image,True,False
near_duplicate_dhash,8,datasets/water/IWHR_AI_Lable_Floater_V1/raw/package1/JPEGImages/0363.jpg,datasets/water/IWHR_AI_Lable_Floater_V1/raw/package1/JPEGImages/0784.jpg,package1,package1,image,image,True,False
near_duplicate_dhash,8,datasets/water/IWHR_AI_Lable_Floater_V1/raw/package1/JPEGImages/0366.jpg,datasets/water/IWHR_AI_Lable_Floater_V1/raw/package1/JPEGImages/0378.jpg,package1,package1,image,image,True,False
near_duplicate_dhash,7,datasets/water/IWHR_AI_Lable_Floater_V1/raw/package1/JPEGImages/0366.jpg,datasets/water/IWHR_AI_Lable_Floater_V1/raw/package1/JPEGImages/0731.jpg,package1,package1,image,image,True,False
near_duplicate_dhash,6,datasets/water/IWHR_AI_Lable_Floater_V1/raw/package1/JPEGImages/0366.jpg,datasets/water/IWHR_AI_Lable_Floater_V1/raw/package1/JPEGImages/0740.jpg,package1,package1,image,image,True,False
near_duplicate_dhash,6,datasets/water/IWHR_AI_Lable_Floater_V1/raw/package1/JPEGImages/0373.jpg,datasets/water/IWHR_AI_Lable_Floater_V1/raw/package1/JPEGImages/0388.jpg,package1,package1,image,image,True,False
near_duplicate_dhash,7,datasets/water/IWHR_AI_Lable_Floater_V1/raw/package1/JPEGImages/0374.jpg,datasets/water/IWHR_AI_Lable_Floater_V1/raw/package1/JPEGImages/0378.jpg,package1,package1,image,image,True,False
near_duplicate_dhash,8,datasets/water/IWHR_AI_Lable_Floater_V1/raw/package1/JPEGImages/0374.jpg,datasets/water/IWHR_AI_Lable_Floater_V1/raw/package1/JPEGImages/0731.jpg,package1,package1,image,image,True,False
near_duplicate_dhash,7,datasets/water/IWHR_AI_Lable_Floater_V1/raw/package1/JPEGImages/0374.jpg,datasets/water/IWHR_AI_Lable_Floater_V1/raw/package1/JPEGImages/0740.jpg,package1,package1,image,image,True,False
near_duplicate_dhash,6,datasets/water/IWHR_AI_Lable_Floater_V1/raw/package1/JPEGImages/0376.jpg,datasets/water/IWHR_AI_Lable_Floater_V1/raw/package1/JPEGImages/0381.jpg,package1,package1,image,image,True,False
near_duplicate_dhash,8,datasets/water/IWHR_AI_Lable_Floater_V1/raw/package1/JPEGImages/0378.jpg,datasets/water/IWHR_AI_Lable_Floater_V1/raw/package1/JPEGImages/0383.jpg,package1,package1,image,image,True,False
near_duplicate_dhash,8,datasets/water/IWHR_AI_Lable_Floater_V1/raw/package1/JPEGImages/0378.jpg,datasets/water/IWHR_AI_Lable_Floater_V1/raw/package1/JPEGImages/0408.jpg,package1,package1,image,image,True,False
near_duplicate_dhash,6,datasets/water/IWHR_AI_Lable_Floater_V1/raw/package1/JPEGImages/0378.jpg,datasets/water/IWHR_AI_Lable_Floater_V1/raw/package1/JPEGImages/0735.jpg,package1,package1,image,image,True,False
near_duplicate_dhash,8,datasets/water/IWHR_AI_Lable_Floater_V1/raw/package1/JPEGImages/0379.jpg,datasets/water/IWHR_AI_Lable_Floater_V1/raw/package1/JPEGImages/0384.jpg,package1,package1,image,image,True,False
near_duplicate_dhash,8,datasets/water/IWHR_AI_Lable_Floater_V1/raw/package1/JPEGImages/0379.jpg,datasets/water/IWHR_AI_Lable_Floater_V1/raw/package1/JPEGImages/0389.jpg,package1,package1,image,image,True,False
near_duplicate_dhash,7,datasets/water/IWHR_AI_Lable_Floater_V1/raw/package1/JPEGImages/0386.jpg,datasets/water/IWHR_AI_Lable_Floater_V1/raw/package1/JPEGImages/0417.jpg,package1,package1,image,image,True,False
near_duplicate_dhash,6,datasets/water/IWHR_AI_Lable_Floater_V1/raw/package1/JPEGImages/0387.jpg,datasets/water/IWHR_AI_Lable_Floater_V1/raw/package1/JPEGImages/0394.jpg,package1,package1,image,image,True,False
near_duplicate_dhash,6,datasets/water/IWHR_AI_Lable_Floater_V1/raw/package1/JPEGImages/0388.jpg,datasets/water/IWHR_AI_Lable_Floater_V1/raw/package1/JPEGImages/0391.jpg,package1,package1,image,image,True,False
near_duplicate_dhash,6,datasets/water/IWHR_AI_Lable_Floater_V1/raw/package1/JPEGImages/0388.jpg,datasets/water/IWHR_AI_Lable_Floater_V1/raw/package1/JPEGImages/0421.jpg,package1,package1,image,image,True,False
near_duplicate_dhash,7,datasets/water/IWHR_AI_Lable_Floater_V1/raw/package1/JPEGImages/0388.jpg,datasets/water/IWHR_AI_Lable_Floater_V1/raw/package1/JPEGImages/0639.jpg,package1,package1,image,image,True,False
near_duplicate_dhash,8,datasets/water/IWHR_AI_Lable_Floater_V1/raw/package1/JPEGImages/0391.jpg,datasets/water/IWHR_AI_Lable_Floater_V1/raw/package1/JPEGImages/0427.jpg,package1,package1,image,image,True,False
near_duplicate_dhash,6,datasets/water/IWHR_AI_Lable_Floater_V1/raw/package1/JPEGImages/0391.jpg,datasets/water/IWHR_AI_Lable_Floater_V1/raw/package1/JPEGImages/0614.jpg,package1,package1,image,image,True,False
near_duplicate_dhash,8,datasets/water/IWHR_AI_Lable_Floater_V1/raw/package1/JPEGImages/0392.jpg,datasets/water/IWHR_AI_Lable_Floater_V1/raw/package1/JPEGImages/0706.jpg,package1,package1,image,image,True,False
near_duplicate_dhash,7,datasets/water/IWHR_AI_Lable_Floater_V1/raw/package1/JPEGImages/0398.jpg,datasets/water/IWHR_AI_Lable_Floater_V1/raw/package1/JPEGImages/0730.jpg,package1,package1,image,image,True,False
near_duplicate_dhash,8,datasets/water/IWHR_AI_Lable_Floater_V1/raw/package1/JPEGImages/0398.jpg,datasets/water/IWHR_AI_Lable_Floater_V1/raw/package1/JPEGImages/0739.jpg,package1,package1,image,image,True,False
near_duplicate_dhash,7,datasets/water/IWHR_AI_Lable_Floater_V1/raw/package1/JPEGImages/0402.jpg,datasets/water/IWHR_AI_Lable_Floater_V1/raw/package1/JPEGImages/0405.jpg,package1,package1,image,image,True,False
near_duplicate_dhash,6,datasets/water/IWHR_AI_Lable_Floater_V1/raw/package1/JPEGImages/0402.jpg,datasets/water/IWHR_AI_Lable_Floater_V1/raw/package1/JPEGImages/0502.jpg,package1,package1,image,image,True,False
near_duplicate_dhash,7,datasets/water/IWHR_AI_Lable_Floater_V1/raw/package1/JPEGImages/0402.jpg,datasets/water/IWHR_AI_Lable_Floater_V1/raw/package1/JPEGImages/0510.jpg,package1,package1,image,image,True,False
near_duplicate_dhash,8,datasets/water/IWHR_AI_Lable_Floater_V1/raw/package1/JPEGImages/0402.jpg,datasets/water/IWHR_AI_Lable_Floater_V1/raw/package1/JPEGImages/0780.jpg,package1,package1,image,image,True,False
near_duplicate_dhash,7,datasets/water/IWHR_AI_Lable_Floater_V1/raw/package1/JPEGImages/0405.jpg,datasets/water/IWHR_AI_Lable_Floater_V1/raw/package1/JPEGImages/0506.jpg,package1,package1,image,image,True,False
near_duplicate_dhash,8,datasets/water/IWHR_AI_Lable_Floater_V1/raw/package1/JPEGImages/0405.jpg,datasets/water/IWHR_AI_Lable_Floater_V1/raw/package1/JPEGImages/0739.jpg,package1,package1,image,image,True,False
near_duplicate_dhash,8,datasets/water/IWHR_AI_Lable_Floater_V1/raw/package1/JPEGImages/0407.jpg,datasets/water/IWHR_AI_Lable_Floater_V1/raw/package1/JPEGImages/0484.jpg,package1,package1,image,image,True,False
near_duplicate_dhash,6,datasets/water/IWHR_AI_Lable_Floater_V1/raw/package1/JPEGImages/0407.jpg,datasets/water/IWHR_AI_Lable_Floater_V1/raw/package1/JPEGImages/0792.jpg,package1,package1,image,image,True,False
near_duplicate_dhash,6,datasets/water/IWHR_AI_Lable_Floater_V1/raw/package1/JPEGImages/0409.jpg,datasets/water/IWHR_AI_Lable_Floater_V1/raw/package1/JPEGImages/0705.jpg,package1,package1,image,image,True,False
near_duplicate_dhash,6,datasets/water/IWHR_AI_Lable_Floater_V1/raw/package1/JPEGImages/0409.jpg,datasets/water/IWHR_AI_Lable_Floater_V1/raw/package1/JPEGImages/0718.jpg,package1,package1,image,image,True,False
near_duplicate_dhash,7,datasets/water/IWHR_AI_Lable_Floater_V1/raw/package1/JPEGImages/0413.jpg,datasets/water/IWHR_AI_Lable_Floater_V1/raw/package1/JPEGImages/0718.jpg,package1,package1,image,image,True,False
near_duplicate_dhash,8,datasets/water/IWHR_AI_Lable_Floater_V1/raw/package1/JPEGImages/0420.jpg,datasets/water/IWHR_AI_Lable_Floater_V1/raw/package1/JPEGImages/0432.jpg,package1,package1,image,image,True,False
near_duplicate_dhash,6,datasets/water/IWHR_AI_Lable_Floater_V1/raw/package1/JPEGImages/0421.jpg,datasets/water/IWHR_AI_Lable_Floater_V1/raw/package1/JPEGImages/0427.jpg,package1,package1,image,image,True,False
near_duplicate_dhash,8,datasets/water/IWHR_AI_Lable_Floater_V1/raw/package1/JPEGImages/0421.jpg,datasets/water/IWHR_AI_Lable_Floater_V1/raw/package1/JPEGImages/0655.jpg,package1,package1,image,image,True,False
near_duplicate_dhash,8,datasets/water/IWHR_AI_Lable_Floater_V1/raw/package1/JPEGImages/0422.jpg,datasets/water/IWHR_AI_Lable_Floater_V1/raw/package1/JPEGImages/0701.jpg,package1,package1,image,image,True,False
near_duplicate_dhash,8,datasets/water/IWHR_AI_Lable_Floater_V1/raw/package1/JPEGImages/0422.jpg,datasets/water/IWHR_AI_Lable_Floater_V1/raw/package1/JPEGImages/0705.jpg,package1,package1,image,image,True,False
near_duplicate_dhash,6,datasets/water/IWHR_AI_Lable_Floater_V1/raw/package1/JPEGImages/0427.jpg,datasets/water/IWHR_AI_Lable_Floater_V1/raw/package1/JPEGImages/0614.jpg,package1,package1,image,image,True,False
near_duplicate_dhash,8,datasets/water/IWHR_AI_Lable_Floater_V1/raw/package1/JPEGImages/0428.jpg,datasets/water/IWHR_AI_Lable_Floater_V1/raw/package1/JPEGImages/0435.jpg,package1,package1,image,image,True,False
near_duplicate_dhash,7,datasets/water/IWHR_AI_Lable_Floater_V1/raw/package1/JPEGImages/0429.jpg,datasets/water/IWHR_AI_Lable_Floater_V1/raw/package1/JPEGImages/0440.jpg,package1,package1,image,image,True,False
near_duplicate_dhash,7,datasets/water/IWHR_AI_Lable_Floater_V1/raw/package1/JPEGImages/0429.jpg,datasets/water/IWHR_AI_Lable_Floater_V1/raw/package1/JPEGImages/0666.jpg,package1,package1,image,image,True,False
near_duplicate_dhash,7,datasets/water/IWHR_AI_Lable_Floater_V1/raw/package1/JPEGImages/0429.jpg,datasets/water/IWHR_AI_Lable_Floater_V1/raw/package1/JPEGImages/0672.jpg,package1,package1,image,image,True,False
near_duplicate_dhash,7,datasets/water/IWHR_AI_Lable_Floater_V1/raw/package1/JPEGImages/0431.jpg,datasets/water/IWHR_AI_Lable_Floater_V1/raw/package1/JPEGImages/0438.jpg,package1,package1,image,image,True,False
near_duplicate_dhash,6,datasets/water/IWHR_AI_Lable_Floater_V1/raw/package1/JPEGImages/0435.jpg,datasets/water/IWHR_AI_Lable_Floater_V1/raw/package1/JPEGImages/0454.jpg,package1,package1,image,image,True,False
near_duplicate_dhash,6,datasets/water/IWHR_AI_Lable_Floater_V1/raw/package1/JPEGImages/0435.jpg,datasets/water/IWHR_AI_Lable_Floater_V1/raw/package1/JPEGImages/0509.jpg,package1,package1,image,image,True,False
near_duplicate_dhash,6,datasets/water/IWHR_AI_Lable_Floater_V1/raw/package1/JPEGImages/0436.jpg,datasets/water/IWHR_AI_Lable_Floater_V1/raw/package1/JPEGImages/0440.jpg,package1,package1,image,image,True,False
near_duplicate_dhash,6,datasets/water/IWHR_AI_Lable_Floater_V1/raw/package1/JPEGImages/0436.jpg,datasets/water/IWHR_AI_Lable_Floater_V1/raw/package1/JPEGImages/0675.jpg,package1,package1,image,image,True,False
near_duplicate_dhash,8,datasets/water/IWHR_AI_Lable_Floater_V1/raw/package1/JPEGImages/0436.jpg,datasets/water/IWHR_AI_Lable_Floater_V1/raw/package1/JPEGImages/0701.jpg,package1,package1,image,image,True,False
near_duplicate_dhash,6,datasets/water/IWHR_AI_Lable_Floater_V1/raw/package1/JPEGImages/0437.jpg,datasets/water/IWHR_AI_Lable_Floater_V1/raw/package1/JPEGImages/0744.jpg,package1,package1,image,image,True,False
near_duplicate_dhash,8,datasets/water/IWHR_AI_Lable_Floater_V1/raw/package1/JPEGImages/0437.jpg,datasets/water/IWHR_AI_Lable_Floater_V1/raw/package1/JPEGImages/0751.jpg,package1,package1,image,image,True,False
near_duplicate_dhash,8,datasets/water/IWHR_AI_Lable_Floater_V1/raw/package1/JPEGImages/0438.jpg,datasets/water/IWHR_AI_Lable_Floater_V1/raw/package1/JPEGImages/0444.jpg,package1,package1,image,image,True,False
near_duplicate_dhash,7,datasets/water/IWHR_AI_Lable_Floater_V1/raw/package1/JPEGImages/0440.jpg,datasets/water/IWHR_AI_Lable_Floater_V1/raw/package1/JPEGImages/0686.jpg,package1,package1,image,image,True,False
near_duplicate_dhash,6,datasets/water/IWHR_AI_Lable_Floater_V1/raw/package1/JPEGImages/0440.jpg,datasets/water/IWHR_AI_Lable_Floater_V1/raw/package1/JPEGImages/0696.jpg,package1,package1,image,image,True,False
near_duplicate_dhash,8,datasets/water/IWHR_AI_Lable_Floater_V1/raw/package1/JPEGImages/0441.jpg,datasets/water/IWHR_AI_Lable_Floater_V1/raw/package1/JPEGImages/0751.jpg,package1,package1,image,image,True,False
near_duplicate_dhash,7,datasets/water/IWHR_AI_Lable_Floater_V1/raw/package1/JPEGImages/0444.jpg,datasets/water/IWHR_AI_Lable_Floater_V1/raw/package1/JPEGImages/0456.jpg,package1,package1,image,image,True,False
near_duplicate_dhash,8,datasets/water/IWHR_AI_Lable_Floater_V1/raw/package1/JPEGImages/0446.jpg,datasets/water/IWHR_AI_Lable_Floater_V1/raw/package1/JPEGImages/0489.jpg,package1,package1,image,image,True,False
near_duplicate_dhash,7,datasets/water/IWHR_AI_Lable_Floater_V1/raw/package1/JPEGImages/0450.jpg,datasets/water/IWHR_AI_Lable_Floater_V1/raw/package1/JPEGImages/0792.jpg,package1,package1,image,image,True,False
near_duplicate_dhash,7,datasets/water/IWHR_AI_Lable_Floater_V1/raw/package1/JPEGImages/0451.jpg,datasets/water/IWHR_AI_Lable_Floater_V1/raw/package1/JPEGImages/0456.jpg,package1,package1,image,image,True,False
near_duplicate_dhash,8,datasets/water/IWHR_AI_Lable_Floater_V1/raw/package1/JPEGImages/0453.jpg,datasets/water/IWHR_AI_Lable_Floater_V1/raw/package1/JPEGImages/0458.jpg,package1,package1,image,image,True,False
near_duplicate_dhash,8,datasets/water/IWHR_AI_Lable_Floater_V1/raw/package1/JPEGImages/0453.jpg,datasets/water/IWHR_AI_Lable_Floater_V1/raw/package1/JPEGImages/0470.jpg,package1,package1,image,image,True,False
near_duplicate_dhash,6,datasets/water/IWHR_AI_Lable_Floater_V1/raw/package1/JPEGImages/0453.jpg,datasets/water/IWHR_AI_Lable_Floater_V1/raw/package1/JPEGImages/0484.jpg,package1,package1,image,image,True,False
near_duplicate_dhash,8,datasets/water/IWHR_AI_Lable_Floater_V1/raw/package1/JPEGImages/0454.jpg,datasets/water/IWHR_AI_Lable_Floater_V1/raw/package1/JPEGImages/0489.jpg,package1,package1,image,image,True,False
near_duplicate_dhash,6,datasets/water/IWHR_AI_Lable_Floater_V1/raw/package1/JPEGImages/0457.jpg,datasets/water/IWHR_AI_Lable_Floater_V1/raw/package1/JPEGImages/0501.jpg,package1,package1,image,image,True,False
near_duplicate_dhash,8,datasets/water/IWHR_AI_Lable_Floater_V1/raw/package1/JPEGImages/0458.jpg,datasets/water/IWHR_AI_Lable_Floater_V1/raw/package1/JPEGImages/0459.jpg,package1,package1,image,image,True,False
near_duplicate_dhash,7,datasets/water/IWHR_AI_Lable_Floater_V1/raw/package1/JPEGImages/0458.jpg,datasets/water/IWHR_AI_Lable_Floater_V1/raw/package1/JPEGImages/0474.jpg,package1,package1,image,image,True,False
near_duplicate_dhash,6,datasets/water/IWHR_AI_Lable_Floater_V1/raw/package1/JPEGImages/0458.jpg,datasets/water/IWHR_AI_Lable_Floater_V1/raw/package1/JPEGImages/0483.jpg,package1,package1,image,image,True,False
near_duplicate_dhash,7,datasets/water/IWHR_AI_Lable_Floater_V1/raw/package1/JPEGImages/0459.jpg,datasets/water/IWHR_AI_Lable_Floater_V1/raw/package1/JPEGImages/0465.jpg,package1,package1,image,image,True,False
near_duplicate_dhash,8,datasets/water/IWHR_AI_Lable_Floater_V1/raw/package1/JPEGImages/0459.jpg,datasets/water/IWHR_AI_Lable_Floater_V1/raw/package1/JPEGImages/0470.jpg,package1,package1,image,image,True,False
near_duplicate_dhash,8,datasets/water/IWHR_AI_Lable_Floater_V1/raw/package1/JPEGImages/0459.jpg,datasets/water/IWHR_AI_Lable_Floater_V1/raw/package1/JPEGImages/0512.jpg,package1,package1,image,image,True,False
near_duplicate_dhash,8,datasets/water/IWHR_AI_Lable_Floater_V1/raw/package1/JPEGImages/0461.jpg,datasets/water/IWHR_AI_Lable_Floater_V1/raw/package1/JPEGImages/0464.jpg,package1,package1,image,image,True,False
near_duplicate_dhash,8,datasets/water/IWHR_AI_Lable_Floater_V1/raw/package1/JPEGImages/0465.jpg,datasets/water/IWHR_AI_Lable_Floater_V1/raw/package1/JPEGImages/0474.jpg,package1,package1,image,image,True,False
near_duplicate_dhash,7,datasets/water/IWHR_AI_Lable_Floater_V1/raw/package1/JPEGImages/0466.jpg,datasets/water/IWHR_AI_Lable_Floater_V1/raw/package1/JPEGImages/0489.jpg,package1,package1,image,image,True,False
near_duplicate_dhash,8,datasets/water/IWHR_AI_Lable_Floater_V1/raw/package1/JPEGImages/0467.jpg,datasets/water/IWHR_AI_Lable_Floater_V1/raw/package1/JPEGImages/0485.jpg,package1,package1,image,image,True,False
near_duplicate_dhash,7,datasets/water/IWHR_AI_Lable_Floater_V1/raw/package1/JPEGImages/0470.jpg,datasets/water/IWHR_AI_Lable_Floater_V1/raw/package1/JPEGImages/0474.jpg,package1,package1,image,image,True,False
near_duplicate_dhash,7,datasets/water/IWHR_AI_Lable_Floater_V1/raw/package1/JPEGImages/0473.jpg,datasets/water/IWHR_AI_Lable_Floater_V1/raw/package1/JPEGImages/0488.jpg,package1,package1,image,image,True,False
near_duplicate_dhash,6,datasets/water/IWHR_AI_Lable_Floater_V1/raw/package1/JPEGImages/0479.jpg,datasets/water/IWHR_AI_Lable_Floater_V1/raw/package1/JPEGImages/0792.jpg,package1,package1,image,image,True,False
near_duplicate_dhash,8,datasets/water/IWHR_AI_Lable_Floater_V1/raw/package1/JPEGImages/0480.jpg,datasets/water/IWHR_AI_Lable_Floater_V1/raw/package1/JPEGImages/0485.jpg,package1,package1,image,image,True,False
near_duplicate_dhash,8,datasets/water/IWHR_AI_Lable_Floater_V1/raw/package1/JPEGImages/0484.jpg,datasets/water/IWHR_AI_Lable_Floater_V1/raw/package1/JPEGImages/0783.jpg,package1,package1,image,image,True,False
near_duplicate_dhash,8,datasets/water/IWHR_AI_Lable_Floater_V1/raw/package1/JPEGImages/0485.jpg,datasets/water/IWHR_AI_Lable_Floater_V1/raw/package1/JPEGImages/0513.jpg,package1,package1,image,image,True,False
near_duplicate_dhash,8,datasets/water/IWHR_AI_Lable_Floater_V1/raw/package1/JPEGImages/0485.jpg,datasets/water/IWHR_AI_Lable_Floater_V1/raw/package1/JPEGImages/0605.jpg,package1,package1,image,image,True,False
near_duplicate_dhash,7,datasets/water/IWHR_AI_Lable_Floater_V1/raw/package1/JPEGImages/0488.jpg,datasets/water/IWHR_AI_Lable_Floater_V1/raw/package1/JPEGImages/0494.jpg,package1,package1,image,image,True,False
near_duplicate_dhash,8,datasets/water/IWHR_AI_Lable_Floater_V1/raw/package1/JPEGImages/0489.jpg,datasets/water/IWHR_AI_Lable_Floater_V1/raw/package1/JPEGImages/0509.jpg,package1,package1,image,image,True,False
near_duplicate_dhash,8,datasets/water/IWHR_AI_Lable_Floater_V1/raw/package1/JPEGImages/0490.jpg,datasets/water/IWHR_AI_Lable_Floater_V1/raw/package1/JPEGImages/0502.jpg,package1,package1,image,image,True,False
near_duplicate_dhash,8,datasets/water/IWHR_AI_Lable_Floater_V1/raw/package1/JPEGImages/0493.jpg,datasets/water/IWHR_AI_Lable_Floater_V1/raw/package1/JPEGImages/0779.jpg,package1,package1,image,image,True,False
near_duplicate_dhash,6,datasets/water/IWHR_AI_Lable_Floater_V1/raw/package1/JPEGImages/0493.jpg,datasets/water/IWHR_AI_Lable_Floater_V1/raw/package1/JPEGImages/0788.jpg,package1,package1,image,image,True,False
near_duplicate_dhash,8,datasets/water/IWHR_AI_Lable_Floater_V1/raw/package1/JPEGImages/0495.jpg,datasets/water/IWHR_AI_Lable_Floater_V1/raw/package1/JPEGImages/0739.jpg,package1,package1,image,image,True,False
near_duplicate_dhash,8,datasets/water/IWHR_AI_Lable_Floater_V1/raw/package1/JPEGImages/0496.jpg,datasets/water/IWHR_AI_Lable_Floater_V1/raw/package1/JPEGImages/0526.jpg,package1,package1,image,image,True,False
near_duplicate_dhash,8,datasets/water/IWHR_AI_Lable_Floater_V1/raw/package1/JPEGImages/0496.jpg,datasets/water/IWHR_AI_Lable_Floater_V1/raw/package1/JPEGImages/0629.jpg,package1,package1,image,image,True,False
near_duplicate_dhash,6,datasets/water/IWHR_AI_Lable_Floater_V1/raw/package1/JPEGImages/0496.jpg,datasets/water/IWHR_AI_Lable_Floater_V1/raw/package1/JPEGImages/0648.jpg,package1,package1,image,image,True,False
near_duplicate_dhash,8,datasets/water/IWHR_AI_Lable_Floater_V1/raw/package1/JPEGImages/0498.jpg,datasets/water/IWHR_AI_Lable_Floater_V1/raw/package1/JPEGImages/0779.jpg,package1,package1,image,image,True,False
near_duplicate_dhash,6,datasets/water/IWHR_AI_Lable_Floater_V1/raw/package1/JPEGImages/0498.jpg,datasets/water/IWHR_AI_Lable_Floater_V1/raw/package1/JPEGImages/0788.jpg,package1,package1,image,image,True,False
near_duplicate_dhash,7,datasets/water/IWHR_AI_Lable_Floater_V1/raw/package1/JPEGImages/0499.jpg,datasets/water/IWHR_AI_Lable_Floater_V1/raw/package1/JPEGImages/0501.jpg,package1,package1,image,image,True,False
near_duplicate_dhash,7,datasets/water/IWHR_AI_Lable_Floater_V1/raw/package1/JPEGImages/0501.jpg,datasets/water/IWHR_AI_Lable_Floater_V1/raw/package1/JPEGImages/0505.jpg,package1,package1,image,image,True,False
near_duplicate_dhash,8,datasets/water/IWHR_AI_Lable_Floater_V1/raw/package1/JPEGImages/0501.jpg,datasets/water/IWHR_AI_Lable_Floater_V1/raw/package1/JPEGImages/0552.jpg,package1,package1,image,image,True,False
near_duplicate_dhash,6,datasets/water/IWHR_AI_Lable_Floater_V1/raw/package1/JPEGImages/0502.jpg,datasets/water/IWHR_AI_Lable_Floater_V1/raw/package1/JPEGImages/0506.jpg,package1,package1,image,image,True,False
near_duplicate_dhash,6,datasets/water/IWHR_AI_Lable_Floater_V1/raw/package1/JPEGImages/0502.jpg,datasets/water/IWHR_AI_Lable_Floater_V1/raw/package1/JPEGImages/0780.jpg,package1,package1,image,image,True,False
near_duplicate_dhash,7,datasets/water/IWHR_AI_Lable_Floater_V1/raw/package1/JPEGImages/0506.jpg,datasets/water/IWHR_AI_Lable_Floater_V1/raw/package1/JPEGImages/0510.jpg,package1,package1,image,image,True,False
near_duplicate_dhash,6,datasets/water/IWHR_AI_Lable_Floater_V1/raw/package1/JPEGImages/0506.jpg,datasets/water/IWHR_AI_Lable_Floater_V1/raw/package1/JPEGImages/0777.jpg,package1,package1,image,image,True,False
near_duplicate_dhash,7,datasets/water/IWHR_AI_Lable_Floater_V1/raw/package1/JPEGImages/0509.jpg,datasets/water/IWHR_AI_Lable_Floater_V1/raw/package1/JPEGImages/0512.jpg,package1,package1,image,image,True,False
near_duplicate_dhash,6,datasets/water/IWHR_AI_Lable_Floater_V1/raw/package1/JPEGImages/0510.jpg,datasets/water/IWHR_AI_Lable_Floater_V1/raw/package1/JPEGImages/0520.jpg,package1,package1,image,image,True,False
near_duplicate_dhash,7,datasets/water/IWHR_AI_Lable_Floater_V1/raw/package1/JPEGImages/0510.jpg,datasets/water/IWHR_AI_Lable_Floater_V1/raw/package1/JPEGImages/0716.jpg,package1,package1,image,image,True,False
near_duplicate_dhash,6,datasets/water/IWHR_AI_Lable_Floater_V1/raw/package1/JPEGImages/0510.jpg,datasets/water/IWHR_AI_Lable_Floater_V1/raw/package1/JPEGImages/0739.jpg,package1,package1,image,image,True,False
near_duplicate_dhash,8,datasets/water/IWHR_AI_Lable_Floater_V1/raw/package1/JPEGImages/0511.jpg,datasets/water/IWHR_AI_Lable_Floater_V1/raw/package1/JPEGImages/0518.jpg,package1,package1,image,image,True,False
near_duplicate_dhash,7,datasets/water/IWHR_AI_Lable_Floater_V1/raw/package1/JPEGImages/0513.jpg,datasets/water/IWHR_AI_Lable_Floater_V1/raw/package1/JPEGImages/0648.jpg,package1,package1,image,image,True,False
near_duplicate_dhash,8,datasets/water/IWHR_AI_Lable_Floater_V1/raw/package1/JPEGImages/0513.jpg,datasets/water/IWHR_AI_Lable_Floater_V1/raw/package1/JPEGImages/0662.jpg,package1,package1,image,image,True,False
near_duplicate_dhash,7,datasets/water/IWHR_AI_Lable_Floater_V1/raw/package1/JPEGImages/0515.jpg,datasets/water/IWHR_AI_Lable_Floater_V1/raw/package1/JPEGImages/0518.jpg,package1,package1,image,image,True,False
near_duplicate_dhash,6,datasets/water/IWHR_AI_Lable_Floater_V1/raw/package1/JPEGImages/0518.jpg,datasets/water/IWHR_AI_Lable_Floater_V1/raw/package1/JPEGImages/0538.jpg,package1,package1,image,image,True,False
near_duplicate_dhash,7,datasets/water/IWHR_AI_Lable_Floater_V1/raw/package1/JPEGImages/0519.jpg,datasets/water/IWHR_AI_Lable_Floater_V1/raw/package1/JPEGImages/0531.jpg,package1,package1,image,image,True,False
near_duplicate_dhash,7,datasets/water/IWHR_AI_Lable_Floater_V1/raw/package1/JPEGImages/0520.jpg,datasets/water/IWHR_AI_Lable_Floater_V1/raw/package1/JPEGImages/0706.jpg,package1,package1,image,image,True,False
near_duplicate_dhash,7,datasets/water/IWHR_AI_Lable_Floater_V1/raw/package1/JPEGImages/0520.jpg,datasets/water/IWHR_AI_Lable_Floater_V1/raw/package1/JPEGImages/0730.jpg,package1,package1,image,image,True,False
near_duplicate_dhash,6,datasets/water/IWHR_AI_Lable_Floater_V1/raw/package1/JPEGImages/0521.jpg,datasets/water/IWHR_AI_Lable_Floater_V1/raw/package1/JPEGImages/0526.jpg,package1,package1,image,image,True,False
near_duplicate_dhash,6,datasets/water/IWHR_AI_Lable_Floater_V1/raw/package1/JPEGImages/0521.jpg,datasets/water/IWHR_AI_Lable_Floater_V1/raw/package1/JPEGImages/0629.jpg,package1,package1,image,image,True,False
near_duplicate_dhash,6,datasets/water/IWHR_AI_Lable_Floater_V1/raw/package1/JPEGImages/0521.jpg,datasets/water/IWHR_AI_Lable_Floater_V1/raw/package1/JPEGImages/0648.jpg,package1,package1,image,image,True,False
near_duplicate_dhash,8,datasets/water/IWHR_AI_Lable_Floater_V1/raw/package1/JPEGImages/0524.jpg,datasets/water/IWHR_AI_Lable_Floater_V1/raw/package1/JPEGImages/0538.jpg,package1,package1,image,image,True,False
near_duplicate_dhash,6,datasets/water/IWHR_AI_Lable_Floater_V1/raw/package1/JPEGImages/0525.jpg,datasets/water/IWHR_AI_Lable_Floater_V1/raw/package1/JPEGImages/0706.jpg,package1,package1,image,image,True,False
near_duplicate_dhash,8,datasets/water/IWHR_AI_Lable_Floater_V1/raw/package1/JPEGImages/0525.jpg,datasets/water/IWHR_AI_Lable_Floater_V1/raw/package1/JPEGImages/0716.jpg,package1,package1,image,image,True,False
near_duplicate_dhash,8,datasets/water/IWHR_AI_Lable_Floater_V1/raw/package1/JPEGImages/0525.jpg,datasets/water/IWHR_AI_Lable_Floater_V1/raw/package1/JPEGImages/0730.jpg,package1,package1,image,image,True,False
near_duplicate_dhash,7,datasets/water/IWHR_AI_Lable_Floater_V1/raw/package1/JPEGImages/0526.jpg,datasets/water/IWHR_AI_Lable_Floater_V1/raw/package1/JPEGImages/0617.jpg,package1,package1,image,image,True,False
near_duplicate_dhash,8,datasets/water/IWHR_AI_Lable_Floater_V1/raw/package1/JPEGImages/0526.jpg,datasets/water/IWHR_AI_Lable_Floater_V1/raw/package1/JPEGImages/0621.jpg,package1,package1,image,image,True,False
near_duplicate_dhash,6,datasets/water/IWHR_AI_Lable_Floater_V1/raw/package1/JPEGImages/0526.jpg,datasets/water/IWHR_AI_Lable_Floater_V1/raw/package1/JPEGImages/0625.jpg,package1,package1,image,image,True,False
near_duplicate_dhash,6,datasets/water/IWHR_AI_Lable_Floater_V1/raw/package1/JPEGImages/0526.jpg,datasets/water/IWHR_AI_Lable_Floater_V1/raw/package1/JPEGImages/0633.jpg,package1,package1,image,image,True,False
near_duplicate_dhash,7,datasets/water/IWHR_AI_Lable_Floater_V1/raw/package1/JPEGImages/0526.jpg,datasets/water/IWHR_AI_Lable_Floater_V1/raw/package1/JPEGImages/0638.jpg,package1,package1,image,image,True,False
near_duplicate_dhash,8,datasets/water/IWHR_AI_Lable_Floater_V1/raw/package1/JPEGImages/0526.jpg,datasets/water/IWHR_AI_Lable_Floater_V1/raw/package1/JPEGImages/0644.jpg,package1,package1,image,image,True,False
near_duplicate_dhash,7,datasets/water/IWHR_AI_Lable_Floater_V1/raw/package1/JPEGImages/0528.jpg,datasets/water/IWHR_AI_Lable_Floater_V1/raw/package1/JPEGImages/0538.jpg,package1,package1,image,image,True,False
near_duplicate_dhash,6,datasets/water/IWHR_AI_Lable_Floater_V1/raw/package1/JPEGImages/0529.jpg,datasets/water/IWHR_AI_Lable_Floater_V1/raw/package1/JPEGImages/0531.jpg,package1,package1,image,image,True,False
near_duplicate_dhash,6,datasets/water/IWHR_AI_Lable_Floater_V1/raw/package1/JPEGImages/0530.jpg,datasets/water/IWHR_AI_Lable_Floater_V1/raw/package1/JPEGImages/0687.jpg,package1,package1,image,image,True,False
near_duplicate_dhash,7,datasets/water/IWHR_AI_Lable_Floater_V1/raw/package1/JPEGImages/0530.jpg,datasets/water/IWHR_AI_Lable_Floater_V1/raw/package1/JPEGImages/0697.jpg,package1,package1,image,image,True,False
near_duplicate_dhash,6,datasets/water/IWHR_AI_Lable_Floater_V1/raw/package1/JPEGImages/0532.jpg,datasets/water/IWHR_AI_Lable_Floater_V1/raw/package1/JPEGImages/0608.jpg,package1,package1,image,image,True,False
near_duplicate_dhash,8,datasets/water/IWHR_AI_Lable_Floater_V1/raw/package1/JPEGImages/0535.jpg,datasets/water/IWHR_AI_Lable_Floater_V1/raw/package1/JPEGImages/0546.jpg,package1,package1,image,image,True,False
near_duplicate_dhash,6,datasets/water/IWHR_AI_Lable_Floater_V1/raw/package1/JPEGImages/0536.jpg,datasets/water/IWHR_AI_Lable_Floater_V1/raw/package1/JPEGImages/0687.jpg,package1,package1,image,image,True,False
near_duplicate_dhash,6,datasets/water/IWHR_AI_Lable_Floater_V1/raw/package1/JPEGImages/0539.jpg,datasets/water/IWHR_AI_Lable_Floater_V1/raw/package1/JPEGImages/0683.jpg,package1,package1,image,image,True,False
near_duplicate_dhash,7,datasets/water/IWHR_AI_Lable_Floater_V1/raw/package1/JPEGImages/0539.jpg,datasets/water/IWHR_AI_Lable_Floater_V1/raw/package1/JPEGImages/0687.jpg,package1,package1,image,image,True,False
near_duplicate_dhash,6,datasets/water/IWHR_AI_Lable_Floater_V1/raw/package1/JPEGImages/0539.jpg,datasets/water/IWHR_AI_Lable_Floater_V1/raw/package1/JPEGImages/0697.jpg,package1,package1,image,image,True,False
near_duplicate_dhash,7,datasets/water/IWHR_AI_Lable_Floater_V1/raw/package1/JPEGImages/0541.jpg,datasets/water/IWHR_AI_Lable_Floater_V1/raw/package1/JPEGImages/0545.jpg,package1,package1,image,image,True,False
near_duplicate_dhash,7,datasets/water/IWHR_AI_Lable_Floater_V1/raw/package1/JPEGImages/0542.jpg,datasets/water/IWHR_AI_Lable_Floater_V1/raw/package1/JPEGImages/0556.jpg,package1,package1,image,image,True,False
near_duplicate_dhash,7,datasets/water/IWHR_AI_Lable_Floater_V1/raw/package1/JPEGImages/0543.jpg,datasets/water/IWHR_AI_Lable_Floater_V1/raw/package1/JPEGImages/0663.jpg,package1,package1,image,image,True,False
near_duplicate_dhash,7,datasets/water/IWHR_AI_Lable_Floater_V1/raw/package1/JPEGImages/0543.jpg,datasets/water/IWHR_AI_Lable_Floater_V1/raw/package1/JPEGImages/0679.jpg,package1,package1,image,image,True,False
near_duplicate_dhash,8,datasets/water/IWHR_AI_Lable_Floater_V1/raw/package1/JPEGImages/0545.jpg,datasets/water/IWHR_AI_Lable_Floater_V1/raw/package1/JPEGImages/0577.jpg,package1,package1,image,image,True,False
near_duplicate_dhash,7,datasets/water/IWHR_AI_Lable_Floater_V1/raw/package1/JPEGImages/0545.jpg,datasets/water/IWHR_AI_Lable_Floater_V1/raw/package1/JPEGImages/0581.jpg,package1,package1,image,image,True,False
near_duplicate_dhash,8,datasets/water/IWHR_AI_Lable_Floater_V1/raw/package1/JPEGImages/0545.jpg,datasets/water/IWHR_AI_Lable_Floater_V1/raw/package1/JPEGImages/0583.jpg,package1,package1,image,image,True,False
near_duplicate_dhash,8,datasets/water/IWHR_AI_Lable_Floater_V1/raw/package1/JPEGImages/0547.jpg,datasets/water/IWHR_AI_Lable_Floater_V1/raw/package1/JPEGImages/0559.jpg,package1,package1,image,image,True,False
near_duplicate_dhash,7,datasets/water/IWHR_AI_Lable_Floater_V1/raw/package1/JPEGImages/0547.jpg,datasets/water/IWHR_AI_Lable_Floater_V1/raw/package1/JPEGImages/0562.jpg,package1,package1,image,image,True,False
near_duplicate_dhash,7,datasets/water/IWHR_AI_Lable_Floater_V1/raw/package1/JPEGImages/0547.jpg,datasets/water/IWHR_AI_Lable_Floater_V1/raw/package1/JPEGImages/0567.jpg,package1,package1,image,image,True,False
near_duplicate_dhash,7,datasets/water/IWHR_AI_Lable_Floater_V1/raw/package1/JPEGImages/0547.jpg,datasets/water/IWHR_AI_Lable_Floater_V1/raw/package1/JPEGImages/0576.jpg,package1,package1,image,image,True,False
near_duplicate_dhash,7,datasets/water/IWHR_AI_Lable_Floater_V1/raw/package1/JPEGImages/0547.jpg,datasets/water/IWHR_AI_Lable_Floater_V1/raw/package1/JPEGImages/0580.jpg,package1,package1,image,image,True,False
near_duplicate_dhash,7,datasets/water/IWHR_AI_Lable_Floater_V1/raw/package1/JPEGImages/0547.jpg,datasets/water/IWHR_AI_Lable_Floater_V1/raw/package1/JPEGImages/0587.jpg,package1,package1,image,image,True,False
near_duplicate_dhash,7,datasets/water/IWHR_AI_Lable_Floater_V1/raw/package1/JPEGImages/0547.jpg,datasets/water/IWHR_AI_Lable_Floater_V1/raw/package1/JPEGImages/0589.jpg,package1,package1,image,image,True,False
near_duplicate_dhash,6,datasets/water/IWHR_AI_Lable_Floater_V1/raw/package1/JPEGImages/0547.jpg,datasets/water/IWHR_AI_Lable_Floater_V1/raw/package1/JPEGImages/0597.jpg,package1,package1,image,image,True,False
near_duplicate_dhash,7,datasets/water/IWHR_AI_Lable_Floater_V1/raw/package1/JPEGImages/0547.jpg,datasets/water/IWHR_AI_Lable_Floater_V1/raw/package1/JPEGImages/0606.jpg,package1,package1,image,image,True,False
near_duplicate_dhash,7,datasets/water/IWHR_AI_Lable_Floater_V1/raw/package1/JPEGImages/0547.jpg,datasets/water/IWHR_AI_Lable_Floater_V1/raw/package1/JPEGImages/0611.jpg,package1,package1,image,image,True,False
near_duplicate_dhash,6,datasets/water/IWHR_AI_Lable_Floater_V1/raw/package1/JPEGImages/0548.jpg,datasets/water/IWHR_AI_Lable_Floater_V1/raw/package1/JPEGImages/0550.jpg,package1,package1,image,image,True,False
near_duplicate_dhash,8,datasets/water/IWHR_AI_Lable_Floater_V1/raw/package1/JPEGImages/0548.jpg,datasets/water/IWHR_AI_Lable_Floater_V1/raw/package1/JPEGImages/0563.jpg,package1,package1,image,image,True,False
near_duplicate_dhash,8,datasets/water/IWHR_AI_Lable_Floater_V1/raw/package1/JPEGImages/0548.jpg,datasets/water/IWHR_AI_Lable_Floater_V1/raw/package1/JPEGImages/0568.jpg,package1,package1,image,image,True,False
near_duplicate_dhash,7,datasets/water/IWHR_AI_Lable_Floater_V1/raw/package1/JPEGImages/0549.jpg,datasets/water/IWHR_AI_Lable_Floater_V1/raw/package1/JPEGImages/0554.jpg,package1,package1,image,image,True,False
near_duplicate_dhash,6,datasets/water/IWHR_AI_Lable_Floater_V1/raw/package1/JPEGImages/0552.jpg,datasets/water/IWHR_AI_Lable_Floater_V1/raw/package1/JPEGImages/0613.jpg,package1,package1,image,image,True,False
near_duplicate_dhash,7,datasets/water/IWHR_AI_Lable_Floater_V1/raw/package1/JPEGImages/0554.jpg,datasets/water/IWHR_AI_Lable_Floater_V1/raw/package1/JPEGImages/0558.jpg,package1,package1,image,image,True,False
near_duplicate_dhash,6,datasets/water/IWHR_AI_Lable_Floater_V1/raw/package1/JPEGImages/0555.jpg,datasets/water/IWHR_AI_Lable_Floater_V1/raw/package1/JPEGImages/0606.jpg,package1,package1,image,image,True,False
near_duplicate_dhash,6,datasets/water/IWHR_AI_Lable_Floater_V1/raw/package1/JPEGImages/0555.jpg,datasets/water/IWHR_AI_Lable_Floater_V1/raw/package1/JPEGImages/0611.jpg,package1,package1,image,image,True,False
near_duplicate_dhash,8,datasets/water/IWHR_AI_Lable_Floater_V1/raw/package1/JPEGImages/0558.jpg,datasets/water/IWHR_AI_Lable_Floater_V1/raw/package1/JPEGImages/0561.jpg,package1,package1,image,image,True,False
near_duplicate_dhash,8,datasets/water/IWHR_AI_Lable_Floater_V1/raw/package1/JPEGImages/0566.jpg,datasets/water/IWHR_AI_Lable_Floater_V1/raw/package1/JPEGImages/0570.jpg,package1,package1,image,image,True,False
near_duplicate_dhash,8,datasets/water/IWHR_AI_Lable_Floater_V1/raw/package1/JPEGImages/0570.jpg,datasets/water/IWHR_AI_Lable_Floater_V1/raw/package1/JPEGImages/0579.jpg,package1,package1,image,image,True,False
near_duplicate_dhash,8,datasets/water/IWHR_AI_Lable_Floater_V1/raw/package1/JPEGImages/0570.jpg,datasets/water/IWHR_AI_Lable_Floater_V1/raw/package1/JPEGImages/0582.jpg,package1,package1,image,image,True,False
near_duplicate_dhash,8,datasets/water/IWHR_AI_Lable_Floater_V1/raw/package1/JPEGImages/0572.jpg,datasets/water/IWHR_AI_Lable_Floater_V1/raw/package1/JPEGImages/0578.jpg,package1,package1,image,image,True,False
near_duplicate_dhash,7,datasets/water/IWHR_AI_Lable_Floater_V1/raw/package1/JPEGImages/0573.jpg,datasets/water/IWHR_AI_Lable_Floater_V1/raw/package1/JPEGImages/0591.jpg,package1,package1,image,image,True,False
near_duplicate_dhash,7,datasets/water/IWHR_AI_Lable_Floater_V1/raw/package1/JPEGImages/0575.jpg,datasets/water/IWHR_AI_Lable_Floater_V1/raw/package1/JPEGImages/0578.jpg,package1,package1,image,image,True,False
near_duplicate_dhash,6,datasets/water/IWHR_AI_Lable_Floater_V1/raw/package1/JPEGImages/0578.jpg,datasets/water/IWHR_AI_Lable_Floater_V1/raw/package1/JPEGImages/0598.jpg,package1,package1,image,image,True,False
near_duplicate_dhash,6,datasets/water/IWHR_AI_Lable_Floater_V1/raw/package1/JPEGImages/0578.jpg,datasets/water/IWHR_AI_Lable_Floater_V1/raw/package1/JPEGImages/0602.jpg,package1,package1,image,image,True,False
near_duplicate_dhash,6,datasets/water/IWHR_AI_Lable_Floater_V1/raw/package1/JPEGImages/0579.jpg,datasets/water/IWHR_AI_Lable_Floater_V1/raw/package1/JPEGImages/0584.jpg,package1,package1,image,image,True,False
near_duplicate_dhash,6,datasets/water/IWHR_AI_Lable_Floater_V1/raw/package1/JPEGImages/0582.jpg,datasets/water/IWHR_AI_Lable_Floater_V1/raw/package1/JPEGImages/0584.jpg,package1,package1,image,image,True,False
near_duplicate_dhash,6,datasets/water/IWHR_AI_Lable_Floater_V1/raw/package1/JPEGImages/0584.jpg,datasets/water/IWHR_AI_Lable_Floater_V1/raw/package1/JPEGImages/0592.jpg,package1,package1,image,image,True,False
near_duplicate_dhash,6,datasets/water/IWHR_AI_Lable_Floater_V1/raw/package1/JPEGImages/0592.jpg,datasets/water/IWHR_AI_Lable_Floater_V1/raw/package1/JPEGImages/0594.jpg,package1,package1,image,image,True,False
near_duplicate_dhash,6,datasets/water/IWHR_AI_Lable_Floater_V1/raw/package1/JPEGImages/0594.jpg,datasets/water/IWHR_AI_Lable_Floater_V1/raw/package1/JPEGImages/0596.jpg,package1,package1,image,image,True,False
near_duplicate_dhash,7,datasets/water/IWHR_AI_Lable_Floater_V1/raw/package1/JPEGImages/0596.jpg,datasets/water/IWHR_AI_Lable_Floater_V1/raw/package1/JPEGImages/0600.jpg,package1,package1,image,image,True,False
near_duplicate_dhash,8,datasets/water/IWHR_AI_Lable_Floater_V1/raw/package1/JPEGImages/0598.jpg,datasets/water/IWHR_AI_Lable_Floater_V1/raw/package1/JPEGImages/0608.jpg,package1,package1,image,image,True,False
near_duplicate_dhash,6,datasets/water/IWHR_AI_Lable_Floater_V1/raw/package1/JPEGImages/0600.jpg,datasets/water/IWHR_AI_Lable_Floater_V1/raw/package1/JPEGImages/0604.jpg,package1,package1,image,image,True,False
near_duplicate_dhash,8,datasets/water/IWHR_AI_Lable_Floater_V1/raw/package1/JPEGImages/0602.jpg,datasets/water/IWHR_AI_Lable_Floater_V1/raw/package1/JPEGImages/0608.jpg,package1,package1,image,image,True,False
near_duplicate_dhash,7,datasets/water/IWHR_AI_Lable_Floater_V1/raw/package1/JPEGImages/0605.jpg,datasets/water/IWHR_AI_Lable_Floater_V1/raw/package1/JPEGImages/0608.jpg,package1,package1,image,image,True,False
near_duplicate_dhash,7,datasets/water/IWHR_AI_Lable_Floater_V1/raw/package1/JPEGImages/0608.jpg,datasets/water/IWHR_AI_Lable_Floater_V1/raw/package1/JPEGImages/0622.jpg,package1,package1,image,image,True,False
near_duplicate_dhash,6,datasets/water/IWHR_AI_Lable_Floater_V1/raw/package1/JPEGImages/0608.jpg,datasets/water/IWHR_AI_Lable_Floater_V1/raw/package1/JPEGImages/0625.jpg,package1,package1,image,image,True,False
near_duplicate_dhash,7,datasets/water/IWHR_AI_Lable_Floater_V1/raw/package1/JPEGImages/0610.jpg,datasets/water/IWHR_AI_Lable_Floater_V1/raw/package1/JPEGImages/0614.jpg,package1,package1,image,image,True,False
near_duplicate_dhash,8,datasets/water/IWHR_AI_Lable_Floater_V1/raw/package1/JPEGImages/0610.jpg,datasets/water/IWHR_AI_Lable_Floater_V1/raw/package1/JPEGImages/0639.jpg,package1,package1,image,image,True,False
near_duplicate_dhash,7,datasets/water/IWHR_AI_Lable_Floater_V1/raw/package1/JPEGImages/0613.jpg,datasets/water/IWHR_AI_Lable_Floater_V1/raw/package1/JPEGImages/0618.jpg,package1,package1,image,image,True,False
near_duplicate_dhash,7,datasets/water/IWHR_AI_Lable_Floater_V1/raw/package1/JPEGImages/0617.jpg,datasets/water/IWHR_AI_Lable_Floater_V1/raw/package1/JPEGImages/0629.jpg,package1,package1,image,image,True,False
near_duplicate_dhash,8,datasets/water/IWHR_AI_Lable_Floater_V1/raw/package1/JPEGImages/0618.jpg,datasets/water/IWHR_AI_Lable_Floater_V1/raw/package1/JPEGImages/0654.jpg,package1,package1,image,image,True,False
near_duplicate_dhash,8,datasets/water/IWHR_AI_Lable_Floater_V1/raw/package1/JPEGImages/0621.jpg,datasets/water/IWHR_AI_Lable_Floater_V1/raw/package1/JPEGImages/0629.jpg,package1,package1,image,image,True,False
near_duplicate_dhash,6,datasets/water/IWHR_AI_Lable_Floater_V1/raw/package1/JPEGImages/0625.jpg,datasets/water/IWHR_AI_Lable_Floater_V1/raw/package1/JPEGImages/0629.jpg,package1,package1,image,image,True,False
near_duplicate_dhash,6,datasets/water/IWHR_AI_Lable_Floater_V1/raw/package1/JPEGImages/0627.jpg,datasets/water/IWHR_AI_Lable_Floater_V1/raw/package1/JPEGImages/0640.jpg,package1,package1,image,image,True,False
near_duplicate_dhash,6,datasets/water/IWHR_AI_Lable_Floater_V1/raw/package1/JPEGImages/0627.jpg,datasets/water/IWHR_AI_Lable_Floater_V1/raw/package1/JPEGImages/0642.jpg,package1,package1,image,image,True,False
near_duplicate_dhash,7,datasets/water/IWHR_AI_Lable_Floater_V1/raw/package1/JPEGImages/0627.jpg,datasets/water/IWHR_AI_Lable_Floater_V1/raw/package1/JPEGImages/0645.jpg,package1,package1,image,image,True,False
near_duplicate_dhash,8,datasets/water/IWHR_AI_Lable_Floater_V1/raw/package1/JPEGImages/0627.jpg,datasets/water/IWHR_AI_Lable_Floater_V1/raw/package1/JPEGImages/0708.jpg,package1,package1,image,image,True,False
near_duplicate_dhash,7,datasets/water/IWHR_AI_Lable_Floater_V1/raw/package1/JPEGImages/0628.jpg,datasets/water/IWHR_AI_Lable_Floater_V1/raw/package1/JPEGImages/0646.jpg,package1,package1,image,image,True,False
near_duplicate_dhash,6,datasets/water/IWHR_AI_Lable_Floater_V1/raw/package1/JPEGImages/0629.jpg,datasets/water/IWHR_AI_Lable_Floater_V1/raw/package1/JPEGImages/0633.jpg,package1,package1,image,image,True,False
near_duplicate_dhash,7,datasets/water/IWHR_AI_Lable_Floater_V1/raw/package1/JPEGImages/0629.jpg,datasets/water/IWHR_AI_Lable_Floater_V1/raw/package1/JPEGImages/0638.jpg,package1,package1,image,image,True,False
near_duplicate_dhash,8,datasets/water/IWHR_AI_Lable_Floater_V1/raw/package1/JPEGImages/0629.jpg,datasets/water/IWHR_AI_Lable_Floater_V1/raw/package1/JPEGImages/0644.jpg,package1,package1,image,image,True,False
near_duplicate_dhash,8,datasets/water/IWHR_AI_Lable_Floater_V1/raw/package1/JPEGImages/0633.jpg,datasets/water/IWHR_AI_Lable_Floater_V1/raw/package1/JPEGImages/0648.jpg,package1,package1,image,image,True,False
near_duplicate_dhash,6,datasets/water/IWHR_AI_Lable_Floater_V1/raw/package1/JPEGImages/0637.jpg,datasets/water/IWHR_AI_Lable_Floater_V1/raw/package1/JPEGImages/0641.jpg,package1,package1,image,image,True,False
near_duplicate_dhash,7,datasets/water/IWHR_AI_Lable_Floater_V1/raw/package1/JPEGImages/0638.jpg,datasets/water/IWHR_AI_Lable_Floater_V1/raw/package1/JPEGImages/0648.jpg,package1,package1,image,image,True,False
near_duplicate_dhash,6,datasets/water/IWHR_AI_Lable_Floater_V1/raw/package1/JPEGImages/0639.jpg,datasets/water/IWHR_AI_Lable_Floater_V1/raw/package1/JPEGImages/0650.jpg,package1,package1,image,image,True,False
near_duplicate_dhash,6,datasets/water/IWHR_AI_Lable_Floater_V1/raw/package1/JPEGImages/0644.jpg,datasets/water/IWHR_AI_Lable_Floater_V1/raw/package1/JPEGImages/0648.jpg,package1,package1,image,image,True,False
near_duplicate_dhash,8,datasets/water/IWHR_AI_Lable_Floater_V1/raw/package1/JPEGImages/0645.jpg,datasets/water/IWHR_AI_Lable_Floater_V1/raw/package1/JPEGImages/0699.jpg,package1,package1,image,image,True,False
near_duplicate_dhash,7,datasets/water/IWHR_AI_Lable_Floater_V1/raw/package1/JPEGImages/0647.jpg,datasets/water/IWHR_AI_Lable_Floater_V1/raw/package1/JPEGImages/0657.jpg,package1,package1,image,image,True,False
near_duplicate_dhash,7,datasets/water/IWHR_AI_Lable_Floater_V1/raw/package1/JPEGImages/0650.jpg,datasets/water/IWHR_AI_Lable_Floater_V1/raw/package1/JPEGImages/0655.jpg,package1,package1,image,image,True,False
near_duplicate_dhash,7,datasets/water/IWHR_AI_Lable_Floater_V1/raw/package1/JPEGImages/0652.jpg,datasets/water/IWHR_AI_Lable_Floater_V1/raw/package1/JPEGImages/0660.jpg,package1,package1,image,image,True,False
near_duplicate_dhash,8,datasets/water/IWHR_AI_Lable_Floater_V1/raw/package1/JPEGImages/0655.jpg,datasets/water/IWHR_AI_Lable_Floater_V1/raw/package1/JPEGImages/0676.jpg,package1,package1,image,image,True,False
near_duplicate_dhash,8,datasets/water/IWHR_AI_Lable_Floater_V1/raw/package1/JPEGImages/0661.jpg,datasets/water/IWHR_AI_Lable_Floater_V1/raw/package1/JPEGImages/0668.jpg,package1,package1,image,image,True,False
near_duplicate_dhash,8,datasets/water/IWHR_AI_Lable_Floater_V1/raw/package1/JPEGImages/0662.jpg,datasets/water/IWHR_AI_Lable_Floater_V1/raw/package1/JPEGImages/0666.jpg,package1,package1,image,image,True,False
near_duplicate_dhash,7,datasets/water/IWHR_AI_Lable_Floater_V1/raw/package1/JPEGImages/0666.jpg,datasets/water/IWHR_AI_Lable_Floater_V1/raw/package1/JPEGImages/0678.jpg,package1,package1,image,image,True,False
near_duplicate_dhash,8,datasets/water/IWHR_AI_Lable_Floater_V1/raw/package1/JPEGImages/0666.jpg,datasets/water/IWHR_AI_Lable_Floater_V1/raw/package1/JPEGImages/0696.jpg,package1,package1,image,image,True,False
near_duplicate_dhash,7,datasets/water/IWHR_AI_Lable_Floater_V1/raw/package1/JPEGImages/0672.jpg,datasets/water/IWHR_AI_Lable_Floater_V1/raw/package1/JPEGImages/0678.jpg,package1,package1,image,image,True,False
near_duplicate_dhash,8,datasets/water/IWHR_AI_Lable_Floater_V1/raw/package1/JPEGImages/0672.jpg,datasets/water/IWHR_AI_Lable_Floater_V1/raw/package1/JPEGImages/0696.jpg,package1,package1,image,image,True,False
near_duplicate_dhash,6,datasets/water/IWHR_AI_Lable_Floater_V1/raw/package1/JPEGImages/0673.jpg,datasets/water/IWHR_AI_Lable_Floater_V1/raw/package1/JPEGImages/0681.jpg,package1,package1,image,image,True,False
near_duplicate_dhash,6,datasets/water/IWHR_AI_Lable_Floater_V1/raw/package1/JPEGImages/0673.jpg,datasets/water/IWHR_AI_Lable_Floater_V1/raw/package1/JPEGImages/0693.jpg,package1,package1,image,image,True,False
near_duplicate_dhash,8,datasets/water/IWHR_AI_Lable_Floater_V1/raw/package1/JPEGImages/0675.jpg,datasets/water/IWHR_AI_Lable_Floater_V1/raw/package1/JPEGImages/0701.jpg,package1,package1,image,image,True,False
near_duplicate_dhash,6,datasets/water/IWHR_AI_Lable_Floater_V1/raw/package1/JPEGImages/0677.jpg,datasets/water/IWHR_AI_Lable_Floater_V1/raw/package1/JPEGImages/0681.jpg,package1,package1,image,image,True,False
near_duplicate_dhash,6,datasets/water/IWHR_AI_Lable_Floater_V1/raw/package1/JPEGImages/0677.jpg,datasets/water/IWHR_AI_Lable_Floater_V1/raw/package1/JPEGImages/0693.jpg,package1,package1,image,image,True,False
near_duplicate_dhash,8,datasets/water/IWHR_AI_Lable_Floater_V1/raw/package1/JPEGImages/0683.jpg,datasets/water/IWHR_AI_Lable_Floater_V1/raw/package1/JPEGImages/0697.jpg,package1,package1,image,image,True,False
near_duplicate_dhash,7,datasets/water/IWHR_AI_Lable_Floater_V1/raw/package1/JPEGImages/0684.jpg,datasets/water/IWHR_AI_Lable_Floater_V1/raw/package1/JPEGImages/0688.jpg,package1,package1,image,image,True,False
near_duplicate_dhash,6,datasets/water/IWHR_AI_Lable_Floater_V1/raw/package1/JPEGImages/0684.jpg,datasets/water/IWHR_AI_Lable_Floater_V1/raw/package1/JPEGImages/0698.jpg,package1,package1,image,image,True,False
near_duplicate_dhash,6,datasets/water/IWHR_AI_Lable_Floater_V1/raw/package1/JPEGImages/0685.jpg,datasets/water/IWHR_AI_Lable_Floater_V1/raw/package1/JPEGImages/0729.jpg,package1,package1,image,image,True,False
near_duplicate_dhash,7,datasets/water/IWHR_AI_Lable_Floater_V1/raw/package1/JPEGImages/0687.jpg,datasets/water/IWHR_AI_Lable_Floater_V1/raw/package1/JPEGImages/0702.jpg,package1,package1,image,image,True,False
near_duplicate_dhash,6,datasets/water/IWHR_AI_Lable_Floater_V1/raw/package1/JPEGImages/0688.jpg,datasets/water/IWHR_AI_Lable_Floater_V1/raw/package1/JPEGImages/0795.jpg,package1,package1,image,image,True,False
near_duplicate_dhash,6,datasets/water/IWHR_AI_Lable_Floater_V1/raw/package1/JPEGImages/0691.jpg,datasets/water/IWHR_AI_Lable_Floater_V1/raw/package1/JPEGImages/0714.jpg,package1,package1,image,image,True,False
near_duplicate_dhash,8,datasets/water/IWHR_AI_Lable_Floater_V1/raw/package1/JPEGImages/0691.jpg,datasets/water/IWHR_AI_Lable_Floater_V1/raw/package1/JPEGImages/0720.jpg,package1,package1,image,image,True,False
near_duplicate_dhash,8,datasets/water/IWHR_AI_Lable_Floater_V1/raw/package1/JPEGImages/0692.jpg,datasets/water/IWHR_AI_Lable_Floater_V1/raw/package1/JPEGImages/0704.jpg,package1,package1,image,image,True,False
near_duplicate_dhash,6,datasets/water/IWHR_AI_Lable_Floater_V1/raw/package1/JPEGImages/0696.jpg,datasets/water/IWHR_AI_Lable_Floater_V1/raw/package1/JPEGImages/0701.jpg,package1,package1,image,image,True,False
near_duplicate_dhash,8,datasets/water/IWHR_AI_Lable_Floater_V1/raw/package1/JPEGImages/0697.jpg,datasets/water/IWHR_AI_Lable_Floater_V1/raw/package1/JPEGImages/0702.jpg,package1,package1,image,image,True,False
near_duplicate_dhash,7,datasets/water/IWHR_AI_Lable_Floater_V1/raw/package1/JPEGImages/0698.jpg,datasets/water/IWHR_AI_Lable_Floater_V1/raw/package1/JPEGImages/0707.jpg,package1,package1,image,image,True,False
near_duplicate_dhash,7,datasets/water/IWHR_AI_Lable_Floater_V1/raw/package1/JPEGImages/0698.jpg,datasets/water/IWHR_AI_Lable_Floater_V1/raw/package1/JPEGImages/0789.jpg,package1,package1,image,image,True,False
near_duplicate_dhash,7,datasets/water/IWHR_AI_Lable_Floater_V1/raw/package1/JPEGImages/0699.jpg,datasets/water/IWHR_AI_Lable_Floater_V1/raw/package1/JPEGImages/0708.jpg,package1,package1,image,image,True,False
near_duplicate_dhash,8,datasets/water/IWHR_AI_Lable_Floater_V1/raw/package1/JPEGImages/0701.jpg,datasets/water/IWHR_AI_Lable_Floater_V1/raw/package1/JPEGImages/0705.jpg,package1,package1,image,image,True,False
near_duplicate_dhash,6,datasets/water/IWHR_AI_Lable_Floater_V1/raw/package1/JPEGImages/0704.jpg,datasets/water/IWHR_AI_Lable_Floater_V1/raw/package1/JPEGImages/0710.jpg,package1,package1,image,image,True,False
near_duplicate_dhash,7,datasets/water/IWHR_AI_Lable_Floater_V1/raw/package1/JPEGImages/0705.jpg,datasets/water/IWHR_AI_Lable_Floater_V1/raw/package1/JPEGImages/0715.jpg,package1,package1,image,image,True,False
near_duplicate_dhash,6,datasets/water/IWHR_AI_Lable_Floater_V1/raw/package1/JPEGImages/0705.jpg,datasets/water/IWHR_AI_Lable_Floater_V1/raw/package1/JPEGImages/0718.jpg,package1,package1,image,image,True,False
near_duplicate_dhash,6,datasets/water/IWHR_AI_Lable_Floater_V1/raw/package1/JPEGImages/0706.jpg,datasets/water/IWHR_AI_Lable_Floater_V1/raw/package1/JPEGImages/0716.jpg,package1,package1,image,image,True,False
near_duplicate_dhash,6,datasets/water/IWHR_AI_Lable_Floater_V1/raw/package1/JPEGImages/0706.jpg,datasets/water/IWHR_AI_Lable_Floater_V1/raw/package1/JPEGImages/0730.jpg,package1,package1,image,image,True,False
near_duplicate_dhash,6,datasets/water/IWHR_AI_Lable_Floater_V1/raw/package1/JPEGImages/0707.jpg,datasets/water/IWHR_AI_Lable_Floater_V1/raw/package1/JPEGImages/0789.jpg,package1,package1,image,image,True,False
near_duplicate_dhash,8,datasets/water/IWHR_AI_Lable_Floater_V1/raw/package1/JPEGImages/0711.jpg,datasets/water/IWHR_AI_Lable_Floater_V1/raw/package1/JPEGImages/0754.jpg,package1,package1,image,image,True,False
near_duplicate_dhash,7,datasets/water/IWHR_AI_Lable_Floater_V1/raw/package1/JPEGImages/0711.jpg,datasets/water/IWHR_AI_Lable_Floater_V1/raw/package1/JPEGImages/0762.jpg,package1,package1,image,image,True,False
near_duplicate_dhash,7,datasets/water/IWHR_AI_Lable_Floater_V1/raw/package1/JPEGImages/0711.jpg,datasets/water/IWHR_AI_Lable_Floater_V1/raw/package1/JPEGImages/0766.jpg,package1,package1,image,image,True,False
near_duplicate_dhash,7,datasets/water/IWHR_AI_Lable_Floater_V1/raw/package1/JPEGImages/0711.jpg,datasets/water/IWHR_AI_Lable_Floater_V1/raw/package1/JPEGImages/0770.jpg,package1,package1,image,image,True,False
near_duplicate_dhash,6,datasets/water/IWHR_AI_Lable_Floater_V1/raw/package1/JPEGImages/0718.jpg,datasets/water/IWHR_AI_Lable_Floater_V1/raw/package1/JPEGImages/0721.jpg,package1,package1,image,image,True,False
near_duplicate_dhash,7,datasets/water/IWHR_AI_Lable_Floater_V1/raw/package1/JPEGImages/0721.jpg,datasets/water/IWHR_AI_Lable_Floater_V1/raw/package1/JPEGImages/0725.jpg,package1,package1,image,image,True,False
near_duplicate_dhash,6,datasets/water/IWHR_AI_Lable_Floater_V1/raw/package1/JPEGImages/0721.jpg,datasets/water/IWHR_AI_Lable_Floater_V1/raw/package1/JPEGImages/0733.jpg,package1,package1,image,image,True,False
near_duplicate_dhash,6,datasets/water/IWHR_AI_Lable_Floater_V1/raw/package1/JPEGImages/0722.jpg,datasets/water/IWHR_AI_Lable_Floater_V1/raw/package1/JPEGImages/0790.jpg,package1,package1,image,image,True,False
near_duplicate_dhash,8,datasets/water/IWHR_AI_Lable_Floater_V1/raw/package1/JPEGImages/0725.jpg,datasets/water/IWHR_AI_Lable_Floater_V1/raw/package1/JPEGImages/0738.jpg,package1,package1,image,image,True,False
near_duplicate_dhash,7,datasets/water/IWHR_AI_Lable_Floater_V1/raw/package1/JPEGImages/0725.jpg,datasets/water/IWHR_AI_Lable_Floater_V1/raw/package1/JPEGImages/0778.jpg,package1,package1,image,image,True,False
near_duplicate_dhash,7,datasets/water/IWHR_AI_Lable_Floater_V1/raw/package1/JPEGImages/0730.jpg,datasets/water/IWHR_AI_Lable_Floater_V1/raw/package1/JPEGImages/0734.jpg,package1,package1,image,image,True,False
near_duplicate_dhash,7,datasets/water/IWHR_AI_Lable_Floater_V1/raw/package1/JPEGImages/0731.jpg,datasets/water/IWHR_AI_Lable_Floater_V1/raw/package1/JPEGImages/0735.jpg,package1,package1,image,image,True,False
near_duplicate_dhash,7,datasets/water/IWHR_AI_Lable_Floater_V1/raw/package1/JPEGImages/0733.jpg,datasets/water/IWHR_AI_Lable_Floater_V1/raw/package1/JPEGImages/0738.jpg,package1,package1,image,image,True,False
near_duplicate_dhash,6,datasets/water/IWHR_AI_Lable_Floater_V1/raw/package1/JPEGImages/0733.jpg,datasets/water/IWHR_AI_Lable_Floater_V1/raw/package1/JPEGImages/0778.jpg,package1,package1,image,image,True,False
near_duplicate_dhash,8,datasets/water/IWHR_AI_Lable_Floater_V1/raw/package1/JPEGImages/0734.jpg,datasets/water/IWHR_AI_Lable_Floater_V1/raw/package1/JPEGImages/0739.jpg,package1,package1,image,image,True,False
near_duplicate_dhash,6,datasets/water/IWHR_AI_Lable_Floater_V1/raw/package1/JPEGImages/0735.jpg,datasets/water/IWHR_AI_Lable_Floater_V1/raw/package1/JPEGImages/0740.jpg,package1,package1,image,image,True,False
near_duplicate_dhash,6,datasets/water/IWHR_AI_Lable_Floater_V1/raw/package1/JPEGImages/0736.jpg,datasets/water/IWHR_AI_Lable_Floater_V1/raw/package1/JPEGImages/0741.jpg,package1,package1,image,image,True,False
near_duplicate_dhash,6,datasets/water/IWHR_AI_Lable_Floater_V1/raw/package1/JPEGImages/0738.jpg,datasets/water/IWHR_AI_Lable_Floater_V1/raw/package1/JPEGImages/0749.jpg,package1,package1,image,image,True,False
near_duplicate_dhash,7,datasets/water/IWHR_AI_Lable_Floater_V1/raw/package1/JPEGImages/0738.jpg,datasets/water/IWHR_AI_Lable_Floater_V1/raw/package1/JPEGImages/0770.jpg,package1,package1,image,image,True,False
near_duplicate_dhash,6,datasets/water/IWHR_AI_Lable_Floater_V1/raw/package1/JPEGImages/0739.jpg,datasets/water/IWHR_AI_Lable_Floater_V1/raw/package1/JPEGImages/0763.jpg,package1,package1,image,image,True,False
near_duplicate_dhash,7,datasets/water/IWHR_AI_Lable_Floater_V1/raw/package1/JPEGImages/0739.jpg,datasets/water/IWHR_AI_Lable_Floater_V1/raw/package1/JPEGImages/0777.jpg,package1,package1,image,image,True,False
near_duplicate_dhash,7,datasets/water/IWHR_AI_Lable_Floater_V1/raw/package1/JPEGImages/0743.jpg,datasets/water/IWHR_AI_Lable_Floater_V1/raw/package1/JPEGImages/0754.jpg,package1,package1,image,image,True,False
near_duplicate_dhash,6,datasets/water/IWHR_AI_Lable_Floater_V1/raw/package1/JPEGImages/0743.jpg,datasets/water/IWHR_AI_Lable_Floater_V1/raw/package1/JPEGImages/0757.jpg,package1,package1,image,image,True,False
near_duplicate_dhash,7,datasets/water/IWHR_AI_Lable_Floater_V1/raw/package1/JPEGImages/0743.jpg,datasets/water/IWHR_AI_Lable_Floater_V1/raw/package1/JPEGImages/0758.jpg,package1,package1,image,image,True,False
near_duplicate_dhash,8,datasets/water/IWHR_AI_Lable_Floater_V1/raw/package1/JPEGImages/0743.jpg,datasets/water/IWHR_AI_Lable_Floater_V1/raw/package1/JPEGImages/0762.jpg,package1,package1,image,image,True,False
near_duplicate_dhash,6,datasets/water/IWHR_AI_Lable_Floater_V1/raw/package1/JPEGImages/0743.jpg,datasets/water/IWHR_AI_Lable_Floater_V1/raw/package1/JPEGImages/0766.jpg,package1,package1,image,image,True,False
near_duplicate_dhash,6,datasets/water/IWHR_AI_Lable_Floater_V1/raw/package1/JPEGImages/0743.jpg,datasets/water/IWHR_AI_Lable_Floater_V1/raw/package1/JPEGImages/0773.jpg,package1,package1,image,image,True,False
near_duplicate_dhash,8,datasets/water/IWHR_AI_Lable_Floater_V1/raw/package1/JPEGImages/0743.jpg,datasets/water/IWHR_AI_Lable_Floater_V1/raw/package1/JPEGImages/0785.jpg,package1,package1,image,image,True,False
near_duplicate_dhash,8,datasets/water/IWHR_AI_Lable_Floater_V1/raw/package1/JPEGImages/0745.jpg,datasets/water/IWHR_AI_Lable_Floater_V1/raw/package1/JPEGImages/0762.jpg,package1,package1,image,image,True,False
near_duplicate_dhash,8,datasets/water/IWHR_AI_Lable_Floater_V1/raw/package1/JPEGImages/0745.jpg,datasets/water/IWHR_AI_Lable_Floater_V1/raw/package1/JPEGImages/0766.jpg,package1,package1,image,image,True,False
near_duplicate_dhash,8,datasets/water/IWHR_AI_Lable_Floater_V1/raw/package1/JPEGImages/0745.jpg,datasets/water/IWHR_AI_Lable_Floater_V1/raw/package1/JPEGImages/0770.jpg,package1,package1,image,image,True,False
near_duplicate_dhash,6,datasets/water/IWHR_AI_Lable_Floater_V1/raw/package1/JPEGImages/0745.jpg,datasets/water/IWHR_AI_Lable_Floater_V1/raw/package1/JPEGImages/0789.jpg,package1,package1,image,image,True,False
near_duplicate_dhash,7,datasets/water/IWHR_AI_Lable_Floater_V1/raw/package1/JPEGImages/0746.jpg,datasets/water/IWHR_AI_Lable_Floater_V1/raw/package1/JPEGImages/0767.jpg,package1,package1,image,image,True,False
near_duplicate_dhash,7,datasets/water/IWHR_AI_Lable_Floater_V1/raw/package1/JPEGImages/0748.jpg,datasets/water/IWHR_AI_Lable_Floater_V1/raw/package1/JPEGImages/0754.jpg,package1,package1,image,image,True,False
near_duplicate_dhash,6,datasets/water/IWHR_AI_Lable_Floater_V1/raw/package1/JPEGImages/0748.jpg,datasets/water/IWHR_AI_Lable_Floater_V1/raw/package1/JPEGImages/0762.jpg,package1,package1,image,image,True,False
near_duplicate_dhash,6,datasets/water/IWHR_AI_Lable_Floater_V1/raw/package1/JPEGImages/0748.jpg,datasets/water/IWHR_AI_Lable_Floater_V1/raw/package1/JPEGImages/0766.jpg,package1,package1,image,image,True,False
near_duplicate_dhash,6,datasets/water/IWHR_AI_Lable_Floater_V1/raw/package1/JPEGImages/0748.jpg,datasets/water/IWHR_AI_Lable_Floater_V1/raw/package1/JPEGImages/0770.jpg,package1,package1,image,image,True,False
near_duplicate_dhash,8,datasets/water/IWHR_AI_Lable_Floater_V1/raw/package1/JPEGImages/0748.jpg,datasets/water/IWHR_AI_Lable_Floater_V1/raw/package1/JPEGImages/0773.jpg,package1,package1,image,image,True,False
near_duplicate_dhash,6,datasets/water/IWHR_AI_Lable_Floater_V1/raw/package1/JPEGImages/0748.jpg,datasets/water/IWHR_AI_Lable_Floater_V1/raw/package1/JPEGImages/0789.jpg,package1,package1,image,image,True,False
near_duplicate_dhash,8,datasets/water/IWHR_AI_Lable_Floater_V1/raw/package1/JPEGImages/0749.jpg,datasets/water/IWHR_AI_Lable_Floater_V1/raw/package1/JPEGImages/0754.jpg,package1,package1,image,image,True,False
near_duplicate_dhash,7,datasets/water/IWHR_AI_Lable_Floater_V1/raw/package1/JPEGImages/0749.jpg,datasets/water/IWHR_AI_Lable_Floater_V1/raw/package1/JPEGImages/0757.jpg,package1,package1,image,image,True,False
near_duplicate_dhash,8,datasets/water/IWHR_AI_Lable_Floater_V1/raw/package1/JPEGImages/0749.jpg,datasets/water/IWHR_AI_Lable_Floater_V1/raw/package1/JPEGImages/0758.jpg,package1,package1,image,image,True,False
near_duplicate_dhash,7,datasets/water/IWHR_AI_Lable_Floater_V1/raw/package1/JPEGImages/0749.jpg,datasets/water/IWHR_AI_Lable_Floater_V1/raw/package1/JPEGImages/0766.jpg,package1,package1,image,image,True,False
near_duplicate_dhash,8,datasets/water/IWHR_AI_Lable_Floater_V1/raw/package1/JPEGImages/0749.jpg,datasets/water/IWHR_AI_Lable_Floater_V1/raw/package1/JPEGImages/0781.jpg,package1,package1,image,image,True,False
near_duplicate_dhash,7,datasets/water/IWHR_AI_Lable_Floater_V1/raw/package1/JPEGImages/0749.jpg,datasets/water/IWHR_AI_Lable_Floater_V1/raw/package1/JPEGImages/0785.jpg,package1,package1,image,image,True,False
near_duplicate_dhash,7,datasets/water/IWHR_AI_Lable_Floater_V1/raw/package1/JPEGImages/0753.jpg,datasets/water/IWHR_AI_Lable_Floater_V1/raw/package1/JPEGImages/0754.jpg,package1,package1,image,image,True,False
near_duplicate_dhash,6,datasets/water/IWHR_AI_Lable_Floater_V1/raw/package1/JPEGImages/0753.jpg,datasets/water/IWHR_AI_Lable_Floater_V1/raw/package1/JPEGImages/0757.jpg,package1,package1,image,image,True,False
near_duplicate_dhash,7,datasets/water/IWHR_AI_Lable_Floater_V1/raw/package1/JPEGImages/0753.jpg,datasets/water/IWHR_AI_Lable_Floater_V1/raw/package1/JPEGImages/0758.jpg,package1,package1,image,image,True,False
near_duplicate_dhash,8,datasets/water/IWHR_AI_Lable_Floater_V1/raw/package1/JPEGImages/0753.jpg,datasets/water/IWHR_AI_Lable_Floater_V1/raw/package1/JPEGImages/0762.jpg,package1,package1,image,image,True,False
near_duplicate_dhash,6,datasets/water/IWHR_AI_Lable_Floater_V1/raw/package1/JPEGImages/0753.jpg,datasets/water/IWHR_AI_Lable_Floater_V1/raw/package1/JPEGImages/0766.jpg,package1,package1,image,image,True,False
near_duplicate_dhash,6,datasets/water/IWHR_AI_Lable_Floater_V1/raw/package1/JPEGImages/0753.jpg,datasets/water/IWHR_AI_Lable_Floater_V1/raw/package1/JPEGImages/0773.jpg,package1,package1,image,image,True,False
near_duplicate_dhash,8,datasets/water/IWHR_AI_Lable_Floater_V1/raw/package1/JPEGImages/0753.jpg,datasets/water/IWHR_AI_Lable_Floater_V1/raw/package1/JPEGImages/0785.jpg,package1,package1,image,image,True,False
near_duplicate_dhash,6,datasets/water/IWHR_AI_Lable_Floater_V1/raw/package1/JPEGImages/0754.jpg,datasets/water/IWHR_AI_Lable_Floater_V1/raw/package1/JPEGImages/0769.jpg,package1,package1,image,image,True,False
near_duplicate_dhash,7,datasets/water/IWHR_AI_Lable_Floater_V1/raw/package1/JPEGImages/0754.jpg,datasets/water/IWHR_AI_Lable_Floater_V1/raw/package1/JPEGImages/0770.jpg,package1,package1,image,image,True,False
near_duplicate_dhash,8,datasets/water/IWHR_AI_Lable_Floater_V1/raw/package1/JPEGImages/0754.jpg,datasets/water/IWHR_AI_Lable_Floater_V1/raw/package1/JPEGImages/0776.jpg,package1,package1,image,image,True,False
near_duplicate_dhash,8,datasets/water/IWHR_AI_Lable_Floater_V1/raw/package1/JPEGImages/0754.jpg,datasets/water/IWHR_AI_Lable_Floater_V1/raw/package1/JPEGImages/0782.jpg,package1,package1,image,image,True,False
near_duplicate_dhash,6,datasets/water/IWHR_AI_Lable_Floater_V1/raw/package1/JPEGImages/0757.jpg,datasets/water/IWHR_AI_Lable_Floater_V1/raw/package1/JPEGImages/0766.jpg,package1,package1,image,image,True,False
near_duplicate_dhash,6,datasets/water/IWHR_AI_Lable_Floater_V1/raw/package1/JPEGImages/0757.jpg,datasets/water/IWHR_AI_Lable_Floater_V1/raw/package1/JPEGImages/0770.jpg,package1,package1,image,image,True,False
near_duplicate_dhash,6,datasets/water/IWHR_AI_Lable_Floater_V1/raw/package1/JPEGImages/0757.jpg,datasets/water/IWHR_AI_Lable_Floater_V1/raw/package1/JPEGImages/0773.jpg,package1,package1,image,image,True,False
near_duplicate_dhash,8,datasets/water/IWHR_AI_Lable_Floater_V1/raw/package1/JPEGImages/0757.jpg,datasets/water/IWHR_AI_Lable_Floater_V1/raw/package1/JPEGImages/0778.jpg,package1,package1,image,image,True,False
near_duplicate_dhash,8,datasets/water/IWHR_AI_Lable_Floater_V1/raw/package1/JPEGImages/0758.jpg,datasets/water/IWHR_AI_Lable_Floater_V1/raw/package1/JPEGImages/0769.jpg,package1,package1,image,image,True,False
near_duplicate_dhash,7,datasets/water/IWHR_AI_Lable_Floater_V1/raw/package1/JPEGImages/0758.jpg,datasets/water/IWHR_AI_Lable_Floater_V1/raw/package1/JPEGImages/0770.jpg,package1,package1,image,image,True,False
near_duplicate_dhash,7,datasets/water/IWHR_AI_Lable_Floater_V1/raw/package1/JPEGImages/0760.jpg,datasets/water/IWHR_AI_Lable_Floater_V1/raw/package1/JPEGImages/0766.jpg,package1,package1,image,image,True,False
near_duplicate_dhash,8,datasets/water/IWHR_AI_Lable_Floater_V1/raw/package1/JPEGImages/0761.jpg,datasets/water/IWHR_AI_Lable_Floater_V1/raw/package1/JPEGImages/0765.jpg,package1,package1,image,image,True,False
near_duplicate_dhash,8,datasets/water/IWHR_AI_Lable_Floater_V1/raw/package1/JPEGImages/0762.jpg,datasets/water/IWHR_AI_Lable_Floater_V1/raw/package1/JPEGImages/0770.jpg,package1,package1,image,image,True,False
near_duplicate_dhash,7,datasets/water/IWHR_AI_Lable_Floater_V1/raw/package1/JPEGImages/0762.jpg,datasets/water/IWHR_AI_Lable_Floater_V1/raw/package1/JPEGImages/0776.jpg,package1,package1,image,image,True,False
near_duplicate_dhash,7,datasets/water/IWHR_AI_Lable_Floater_V1/raw/package1/JPEGImages/0762.jpg,datasets/water/IWHR_AI_Lable_Floater_V1/raw/package1/JPEGImages/0782.jpg,package1,package1,image,image,True,False
near_duplicate_dhash,8,datasets/water/IWHR_AI_Lable_Floater_V1/raw/package1/JPEGImages/0762.jpg,datasets/water/IWHR_AI_Lable_Floater_V1/raw/package1/JPEGImages/0789.jpg,package1,package1,image,image,True,False
near_duplicate_dhash,8,datasets/water/IWHR_AI_Lable_Floater_V1/raw/package1/JPEGImages/0766.jpg,datasets/water/IWHR_AI_Lable_Floater_V1/raw/package1/JPEGImages/0770.jpg,package1,package1,image,image,True,False
near_duplicate_dhash,7,datasets/water/IWHR_AI_Lable_Floater_V1/raw/package1/JPEGImages/0766.jpg,datasets/water/IWHR_AI_Lable_Floater_V1/raw/package1/JPEGImages/0776.jpg,package1,package1,image,image,True,False
near_duplicate_dhash,7,datasets/water/IWHR_AI_Lable_Floater_V1/raw/package1/JPEGImages/0766.jpg,datasets/water/IWHR_AI_Lable_Floater_V1/raw/package1/JPEGImages/0782.jpg,package1,package1,image,image,True,False
near_duplicate_dhash,8,datasets/water/IWHR_AI_Lable_Floater_V1/raw/package1/JPEGImages/0766.jpg,datasets/water/IWHR_AI_Lable_Floater_V1/raw/package1/JPEGImages/0789.jpg,package1,package1,image,image,True,False
near_duplicate_dhash,7,datasets/water/IWHR_AI_Lable_Floater_V1/raw/package1/JPEGImages/0768.jpg,datasets/water/IWHR_AI_Lable_Floater_V1/raw/package1/JPEGImages/0772.jpg,package1,package1,image,image,True,False
near_duplicate_dhash,7,datasets/water/IWHR_AI_Lable_Floater_V1/raw/package1/JPEGImages/0769.jpg,datasets/water/IWHR_AI_Lable_Floater_V1/raw/package1/JPEGImages/0770.jpg,package1,package1,image,image,True,False
near_duplicate_dhash,7,datasets/water/IWHR_AI_Lable_Floater_V1/raw/package1/JPEGImages/0770.jpg,datasets/water/IWHR_AI_Lable_Floater_V1/raw/package1/JPEGImages/0776.jpg,package1,package1,image,image,True,False
near_duplicate_dhash,8,datasets/water/IWHR_AI_Lable_Floater_V1/raw/package1/JPEGImages/0770.jpg,datasets/water/IWHR_AI_Lable_Floater_V1/raw/package1/JPEGImages/0778.jpg,package1,package1,image,image,True,False
near_duplicate_dhash,7,datasets/water/IWHR_AI_Lable_Floater_V1/raw/package1/JPEGImages/0770.jpg,datasets/water/IWHR_AI_Lable_Floater_V1/raw/package1/JPEGImages/0781.jpg,package1,package1,image,image,True,False
near_duplicate_dhash,7,datasets/water/IWHR_AI_Lable_Floater_V1/raw/package1/JPEGImages/0770.jpg,datasets/water/IWHR_AI_Lable_Floater_V1/raw/package1/JPEGImages/0782.jpg,package1,package1,image,image,True,False
near_duplicate_dhash,8,datasets/water/IWHR_AI_Lable_Floater_V1/raw/package1/JPEGImages/0770.jpg,datasets/water/IWHR_AI_Lable_Floater_V1/raw/package1/JPEGImages/0785.jpg,package1,package1,image,image,True,False
near_duplicate_dhash,6,datasets/water/IWHR_AI_Lable_Floater_V1/raw/package1/JPEGImages/0773.jpg,datasets/water/IWHR_AI_Lable_Floater_V1/raw/package1/JPEGImages/0778.jpg,package1,package1,image,image,True,False
near_duplicate_dhash,6,datasets/water/IWHR_AI_Lable_Floater_V1/raw/package1/JPEGImages/0773.jpg,datasets/water/IWHR_AI_Lable_Floater_V1/raw/package1/JPEGImages/0785.jpg,package1,package1,image,image,True,False
near_duplicate_dhash,6,datasets/water/IWHR_AI_Lable_Floater_V1/raw/package1/JPEGImages/0775.jpg,datasets/water/IWHR_AI_Lable_Floater_V1/raw/package1/JPEGImages/0779.jpg,package1,package1,image,image,True,False
near_duplicate_dhash,8,datasets/water/IWHR_AI_Lable_Floater_V1/raw/package1/JPEGImages/0775.jpg,datasets/water/IWHR_AI_Lable_Floater_V1/raw/package1/JPEGImages/0788.jpg,package1,package1,image,image,True,False
near_duplicate_dhash,6,datasets/water/IWHR_AI_Lable_Floater_V1/raw/package1/JPEGImages/0779.jpg,datasets/water/IWHR_AI_Lable_Floater_V1/raw/package1/JPEGImages/0788.jpg,package1,package1,image,image,True,False
near_duplicate_dhash,6,datasets/water/IWHR_AI_Lable_Floater_V1/raw/package1/JPEGImages/0783.jpg,datasets/water/IWHR_AI_Lable_Floater_V1/raw/package1/JPEGImages/0792.jpg,package1,package1,image,image,True,False
near_duplicate_dhash,6,datasets/water/IWHR_AI_Lable_Floater_V1/raw/package1/JPEGImages/0797.jpg,datasets/water/IWHR_AI_Lable_Floater_V1/raw/package1/JPEGImages/1428.jpg,package1,package1,rubbish,rubbish,True,False
near_duplicate_dhash,8,datasets/water/IWHR_AI_Lable_Floater_V1/raw/package1/JPEGImages/0798.jpg,datasets/water/IWHR_AI_Lable_Floater_V1/raw/package1/JPEGImages/1206.jpg,package1,package1,rubbish,rubbish,True,False
near_duplicate_dhash,8,datasets/water/IWHR_AI_Lable_Floater_V1/raw/package1/JPEGImages/0798.jpg,datasets/water/IWHR_AI_Lable_Floater_V1/raw/package2/JPEGImages/2359.jpg,package1,package2,rubbish,rubbish,True,True
near_duplicate_dhash,7,datasets/water/IWHR_AI_Lable_Floater_V1/raw/package1/JPEGImages/0799.jpg,datasets/water/IWHR_AI_Lable_Floater_V1/raw/package1/JPEGImages/1430.jpg,package1,package1,fishing-2,rubbish,False,False
near_duplicate_dhash,8,datasets/water/IWHR_AI_Lable_Floater_V1/raw/package1/JPEGImages/0800.jpg,datasets/water/IWHR_AI_Lable_Floater_V1/raw/package1/JPEGImages/1387.jpg,package1,package1,fishing-2,rubbish,False,False
near_duplicate_dhash,7,datasets/water/IWHR_AI_Lable_Floater_V1/raw/package1/JPEGImages/0801.jpg,datasets/water/IWHR_AI_Lable_Floater_V1/raw/package1/JPEGImages/0826.jpg,package1,package1,rubbish,rubbish,True,False
near_duplicate_dhash,8,datasets/water/IWHR_AI_Lable_Floater_V1/raw/package1/JPEGImages/0801.jpg,datasets/water/IWHR_AI_Lable_Floater_V1/raw/package1/JPEGImages/1288.jpg,package1,package1,rubbish,rubbish,True,False
near_duplicate_dhash,6,datasets/water/IWHR_AI_Lable_Floater_V1/raw/package1/JPEGImages/0802.jpg,datasets/water/IWHR_AI_Lable_Floater_V1/raw/package1/JPEGImages/1490.jpg,package1,package1,rubbish,rubbish,True,False
near_duplicate_dhash,8,datasets/water/IWHR_AI_Lable_Floater_V1/raw/package1/JPEGImages/0803.jpg,datasets/water/IWHR_AI_Lable_Floater_V1/raw/package1/JPEGImages/0854.jpg,package1,package1,rubbish,rubbish,True,False
near_duplicate_dhash,6,datasets/water/IWHR_AI_Lable_Floater_V1/raw/package1/JPEGImages/0803.jpg,datasets/water/IWHR_AI_Lable_Floater_V1/raw/package1/JPEGImages/1431.jpg,package1,package1,rubbish,rubbish,True,False
near_duplicate_dhash,6,datasets/water/IWHR_AI_Lable_Floater_V1/raw/package1/JPEGImages/0804.jpg,datasets/water/IWHR_AI_Lable_Floater_V1/raw/package1/JPEGImages/0828.jpg,package1,package1,rubbish,rubbish,True,False
near_duplicate_dhash,8,datasets/water/IWHR_AI_Lable_Floater_V1/raw/package1/JPEGImages/0806.jpg,datasets/water/IWHR_AI_Lable_Floater_V1/raw/package1/JPEGImages/0856.jpg,package1,package1,rubbish,rubbish,True,False
near_duplicate_dhash,7,datasets/water/IWHR_AI_Lable_Floater_V1/raw/package1/JPEGImages/0807.jpg,datasets/water/IWHR_AI_Lable_Floater_V1/raw/package1/JPEGImages/0858.jpg,package1,package1,rubbish,rubbish,True,False
near_duplicate_dhash,8,datasets/water/IWHR_AI_Lable_Floater_V1/raw/package1/JPEGImages/0807.jpg,datasets/water/IWHR_AI_Lable_Floater_V1/raw/package1/JPEGImages/1471.jpg,package1,package1,rubbish,rubbish,True,False
near_duplicate_dhash,7,datasets/water/IWHR_AI_Lable_Floater_V1/raw/package1/JPEGImages/0809.jpg,datasets/water/IWHR_AI_Lable_Floater_V1/raw/package1/JPEGImages/0833.jpg,package1,package1,rubbish,rubbish,True,False
near_duplicate_dhash,7,datasets/water/IWHR_AI_Lable_Floater_V1/raw/package1/JPEGImages/0810.jpg,datasets/water/IWHR_AI_Lable_Floater_V1/raw/package1/JPEGImages/0861.jpg,package1,package1,rubbish,rubbish,True,False
near_duplicate_dhash,7,datasets/water/IWHR_AI_Lable_Floater_V1/raw/package1/JPEGImages/0810.jpg,datasets/water/IWHR_AI_Lable_Floater_V1/raw/package1/JPEGImages/1436.jpg,package1,package1,rubbish,rubbish,True,False
near_duplicate_dhash,8,datasets/water/IWHR_AI_Lable_Floater_V1/raw/package1/JPEGImages/0810.jpg,datasets/water/IWHR_AI_Lable_Floater_V1/raw/package1/JPEGImages/1474.jpg,package1,package1,rubbish,rubbish,True,False
near_duplicate_dhash,7,datasets/water/IWHR_AI_Lable_Floater_V1/raw/package1/JPEGImages/0811.jpg,datasets/water/IWHR_AI_Lable_Floater_V1/raw/package1/JPEGImages/0973.jpg,package1,package1,rubbish,rubbish,True,False
near_duplicate_dhash,6,datasets/water/IWHR_AI_Lable_Floater_V1/raw/package1/JPEGImages/0812.jpg,datasets/water/IWHR_AI_Lable_Floater_V1/raw/package1/JPEGImages/0862.jpg,package1,package1,rubbish,rubbish,True,False
near_duplicate_dhash,7,datasets/water/IWHR_AI_Lable_Floater_V1/raw/package1/JPEGImages/0812.jpg,datasets/water/IWHR_AI_Lable_Floater_V1/raw/package1/JPEGImages/1376.jpg,package1,package1,rubbish,rubbish,True,False
near_duplicate_dhash,8,datasets/water/IWHR_AI_Lable_Floater_V1/raw/package1/JPEGImages/0813.jpg,datasets/water/IWHR_AI_Lable_Floater_V1/raw/package1/JPEGImages/1323.jpg,package1,package1,rubbish,rubbish,True,False
near_duplicate_dhash,7,datasets/water/IWHR_AI_Lable_Floater_V1/raw/package1/JPEGImages/0813.jpg,datasets/water/IWHR_AI_Lable_Floater_V1/raw/package2/JPEGImages/2971.jpg,package1,package2,rubbish,rubbish,True,True
near_duplicate_dhash,8,datasets/water/IWHR_AI_Lable_Floater_V1/raw/package1/JPEGImages/0814.jpg,datasets/water/IWHR_AI_Lable_Floater_V1/raw/package1/JPEGImages/1378.jpg,package1,package1,rubbish,rubbish,True,False
near_duplicate_dhash,6,datasets/water/IWHR_AI_Lable_Floater_V1/raw/package1/JPEGImages/0814.jpg,datasets/water/IWHR_AI_Lable_Floater_V1/raw/package1/JPEGImages/1400.jpg,package1,package1,rubbish,rubbish,True,False
near_duplicate_dhash,8,datasets/water/IWHR_AI_Lable_Floater_V1/raw/package1/JPEGImages/0814.jpg,datasets/water/IWHR_AI_Lable_Floater_V1/raw/package1/JPEGImages/1478.jpg,package1,package1,rubbish,rubbish,True,False
near_duplicate_dhash,6,datasets/water/IWHR_AI_Lable_Floater_V1/raw/package1/JPEGImages/0815.jpg,datasets/water/IWHR_AI_Lable_Floater_V1/raw/package1/JPEGImages/0866.jpg,package1,package1,rubbish,rubbish,True,False
near_duplicate_dhash,7,datasets/water/IWHR_AI_Lable_Floater_V1/raw/package1/JPEGImages/0815.jpg,datasets/water/IWHR_AI_Lable_Floater_V1/raw/package1/JPEGImages/1422.jpg,package1,package1,rubbish,rubbish,True,False
near_duplicate_dhash,6,datasets/water/IWHR_AI_Lable_Floater_V1/raw/package1/JPEGImages/0817.jpg,datasets/water/IWHR_AI_Lable_Floater_V1/raw/package1/JPEGImages/1481.jpg,package1,package1,rubbish,rubbish,True,False
near_duplicate_dhash,6,datasets/water/IWHR_AI_Lable_Floater_V1/raw/package1/JPEGImages/0818.jpg,datasets/water/IWHR_AI_Lable_Floater_V1/raw/package1/JPEGImages/0843.jpg,package1,package1,rubbish,rubbish,True,False
near_duplicate_dhash,8,datasets/water/IWHR_AI_Lable_Floater_V1/raw/package1/JPEGImages/0819.jpg,datasets/water/IWHR_AI_Lable_Floater_V1/raw/package1/JPEGImages/0870.jpg,package1,package1,rubbish,rubbish,True,False
near_duplicate_dhash,6,datasets/water/IWHR_AI_Lable_Floater_V1/raw/package1/JPEGImages/0820.jpg,datasets/water/IWHR_AI_Lable_Floater_V1/raw/package1/JPEGImages/1271.jpg,package1,package1,rubbish,rubbish,True,False
near_duplicate_dhash,8,datasets/water/IWHR_AI_Lable_Floater_V1/raw/package1/JPEGImages/0820.jpg,datasets/water/IWHR_AI_Lable_Floater_V1/raw/package2/JPEGImages/2828.jpg,package1,package2,rubbish,fishing-1,False,True
near_duplicate_dhash,6,datasets/water/IWHR_AI_Lable_Floater_V1/raw/package1/JPEGImages/0821.jpg,datasets/water/IWHR_AI_Lable_Floater_V1/raw/package1/JPEGImages/0845.jpg,package1,package1,rubbish,rubbish,True,False
near_duplicate_dhash,8,datasets/water/IWHR_AI_Lable_Floater_V1/raw/package1/JPEGImages/0821.jpg,datasets/water/IWHR_AI_Lable_Floater_V1/raw/package1/JPEGImages/1426.jpg,package1,package1,rubbish,rubbish,True,False
near_duplicate_dhash,8,datasets/water/IWHR_AI_Lable_Floater_V1/raw/package1/JPEGImages/0822.jpg,datasets/water/IWHR_AI_Lable_Floater_V1/raw/package1/JPEGImages/1363.jpg,package1,package1,rubbish,rubbish,True,False
near_duplicate_dhash,6,datasets/water/IWHR_AI_Lable_Floater_V1/raw/package1/JPEGImages/0822.jpg,datasets/water/IWHR_AI_Lable_Floater_V1/raw/package2/JPEGImages/1503.jpg,package1,package2,rubbish,fishing-3,False,True
near_duplicate_dhash,7,datasets/water/IWHR_AI_Lable_Floater_V1/raw/package1/JPEGImages/0823.jpg,datasets/water/IWHR_AI_Lable_Floater_V1/raw/package1/JPEGImages/1462.jpg,package1,package1,rubbish,rubbish,True,False
near_duplicate_dhash,7,datasets/water/IWHR_AI_Lable_Floater_V1/raw/package1/JPEGImages/0825.jpg,datasets/water/IWHR_AI_Lable_Floater_V1/raw/package1/JPEGImages/1411.jpg,package1,package1,rubbish,rubbish,True,False
near_duplicate_dhash,6,datasets/water/IWHR_AI_Lable_Floater_V1/raw/package1/JPEGImages/0828.jpg,datasets/water/IWHR_AI_Lable_Floater_V1/raw/package1/JPEGImages/0855.jpg,package1,package1,rubbish,fishing-2,False,False
near_duplicate_dhash,7,datasets/water/IWHR_AI_Lable_Floater_V1/raw/package1/JPEGImages/0829.jpg,datasets/water/IWHR_AI_Lable_Floater_V1/raw/package1/JPEGImages/0911.jpg,package1,package1,rubbish,rubbish,True,False
near_duplicate_dhash,6,datasets/water/IWHR_AI_Lable_Floater_V1/raw/package1/JPEGImages/0829.jpg,datasets/water/IWHR_AI_Lable_Floater_V1/raw/package1/JPEGImages/0951.jpg,package1,package1,rubbish,rubbish,True,False
near_duplicate_dhash,7,datasets/water/IWHR_AI_Lable_Floater_V1/raw/package1/JPEGImages/0829.jpg,datasets/water/IWHR_AI_Lable_Floater_V1/raw/package1/JPEGImages/0975.jpg,package1,package1,rubbish,rubbish,True,False
near_duplicate_dhash,8,datasets/water/IWHR_AI_Lable_Floater_V1/raw/package1/JPEGImages/0830.jpg,datasets/water/IWHR_AI_Lable_Floater_V1/raw/package1/JPEGImages/1370.jpg,package1,package1,rubbish,rubbish,True,False
near_duplicate_dhash,7,datasets/water/IWHR_AI_Lable_Floater_V1/raw/package1/JPEGImages/0832.jpg,datasets/water/IWHR_AI_Lable_Floater_V1/raw/package2/JPEGImages/1536.jpg,package1,package2,rubbish,rubbish,True,True
near_duplicate_dhash,8,datasets/water/IWHR_AI_Lable_Floater_V1/raw/package1/JPEGImages/0834.jpg,datasets/water/IWHR_AI_Lable_Floater_V1/raw/package1/JPEGImages/1497.jpg,package1,package1,rubbish,rubbish,True,False
near_duplicate_dhash,6,datasets/water/IWHR_AI_Lable_Floater_V1/raw/package1/JPEGImages/0835.jpg,datasets/water/IWHR_AI_Lable_Floater_V1/raw/package2/JPEGImages/1585.jpg,package1,package2,rubbish,rubbish,True,True
near_duplicate_dhash,6,datasets/water/IWHR_AI_Lable_Floater_V1/raw/package1/JPEGImages/0835.jpg,datasets/water/IWHR_AI_Lable_Floater_V1/raw/package2/JPEGImages/1999.jpg,package1,package2,rubbish,rubbish,True,True
near_duplicate_dhash,6,datasets/water/IWHR_AI_Lable_Floater_V1/raw/package1/JPEGImages/0835.jpg,datasets/water/IWHR_AI_Lable_Floater_V1/raw/package2/JPEGImages/2017.jpg,package1,package2,rubbish,fishing-3,False,True
near_duplicate_dhash,8,datasets/water/IWHR_AI_Lable_Floater_V1/raw/package1/JPEGImages/0836.jpg,datasets/water/IWHR_AI_Lable_Floater_V1/raw/package1/JPEGImages/1235.jpg,package1,package1,rubbish,rubbish,True,False
near_duplicate_dhash,8,datasets/water/IWHR_AI_Lable_Floater_V1/raw/package1/JPEGImages/0837.jpg,datasets/water/IWHR_AI_Lable_Floater_V1/raw/package1/JPEGImages/1400.jpg,package1,package1,rubbish,rubbish,True,False
near_duplicate_dhash,6,datasets/water/IWHR_AI_Lable_Floater_V1/raw/package1/JPEGImages/0837.jpg,datasets/water/IWHR_AI_Lable_Floater_V1/raw/package1/JPEGImages/1421.jpg,package1,package1,rubbish,rubbish,True,False
near_duplicate_dhash,6,datasets/water/IWHR_AI_Lable_Floater_V1/raw/package1/JPEGImages/0837.jpg,datasets/water/IWHR_AI_Lable_Floater_V1/raw/package1/JPEGImages/1478.jpg,package1,package1,rubbish,rubbish,True,False
near_duplicate_dhash,8,datasets/water/IWHR_AI_Lable_Floater_V1/raw/package1/JPEGImages/0838.jpg,datasets/water/IWHR_AI_Lable_Floater_V1/raw/package1/JPEGImages/1443.jpg,package1,package1,rubbish,rubbish,True,False
near_duplicate_dhash,7,datasets/water/IWHR_AI_Lable_Floater_V1/raw/package1/JPEGImages/0838.jpg,datasets/water/IWHR_AI_Lable_Floater_V1/raw/package2/JPEGImages/1740.jpg,package1,package2,rubbish,rubbish,True,True
near_duplicate_dhash,6,datasets/water/IWHR_AI_Lable_Floater_V1/raw/package1/JPEGImages/0839.jpg,datasets/water/IWHR_AI_Lable_Floater_V1/raw/package1/JPEGImages/1447.jpg,package1,package1,rubbish,rubbish,True,False
near_duplicate_dhash,7,datasets/water/IWHR_AI_Lable_Floater_V1/raw/package1/JPEGImages/0840.jpg,datasets/water/IWHR_AI_Lable_Floater_V1/raw/package2/JPEGImages/2973.jpg,package1,package2,rubbish,rubbish,True,True
near_duplicate_dhash,7,datasets/water/IWHR_AI_Lable_Floater_V1/raw/package1/JPEGImages/0842.jpg,datasets/water/IWHR_AI_Lable_Floater_V1/raw/package1/JPEGImages/1446.jpg,package1,package1,rubbish,rubbish,True,False
near_duplicate_dhash,7,datasets/water/IWHR_AI_Lable_Floater_V1/raw/package1/JPEGImages/0845.jpg,datasets/water/IWHR_AI_Lable_Floater_V1/raw/package1/JPEGImages/1450.jpg,package1,package1,rubbish,rubbish,True,False
near_duplicate_dhash,7,datasets/water/IWHR_AI_Lable_Floater_V1/raw/package1/JPEGImages/0845.jpg,datasets/water/IWHR_AI_Lable_Floater_V1/raw/package1/JPEGImages/1461.jpg,package1,package1,rubbish,fishing-3,False,False
near_duplicate_dhash,7,datasets/water/IWHR_AI_Lable_Floater_V1/raw/package1/JPEGImages/0846.jpg,datasets/water/IWHR_AI_Lable_Floater_V1/raw/package1/JPEGImages/1408.jpg,package1,package1,rubbish,rubbish,True,False
near_duplicate_dhash,6,datasets/water/IWHR_AI_Lable_Floater_V1/raw/package1/JPEGImages/0846.jpg,datasets/water/IWHR_AI_Lable_Floater_V1/raw/package1/JPEGImages/1451.jpg,package1,package1,rubbish,rubbish,True,False
near_duplicate_dhash,7,datasets/water/IWHR_AI_Lable_Floater_V1/raw/package1/JPEGImages/0847.jpg,datasets/water/IWHR_AI_Lable_Floater_V1/raw/package1/JPEGImages/1485.jpg,package1,package1,rubbish,rubbish,True,False
near_duplicate_dhash,6,datasets/water/IWHR_AI_Lable_Floater_V1/raw/package1/JPEGImages/0848.jpg,datasets/water/IWHR_AI_Lable_Floater_V1/raw/package1/JPEGImages/1365.jpg,package1,package1,rubbish,rubbish,True,False
near_duplicate_dhash,6,datasets/water/IWHR_AI_Lable_Floater_V1/raw/package1/JPEGImages/0848.jpg,datasets/water/IWHR_AI_Lable_Floater_V1/raw/package1/JPEGImages/1429.jpg,package1,package1,rubbish,rubbish,True,False
near_duplicate_dhash,7,datasets/water/IWHR_AI_Lable_Floater_V1/raw/package1/JPEGImages/0848.jpg,datasets/water/IWHR_AI_Lable_Floater_V1/raw/package2/JPEGImages/1527.jpg,package1,package2,rubbish,rubbish,True,True
near_duplicate_dhash,6,datasets/water/IWHR_AI_Lable_Floater_V1/raw/package1/JPEGImages/0852.jpg,datasets/water/IWHR_AI_Lable_Floater_V1/raw/package1/JPEGImages/1464.jpg,package1,package1,rubbish,rubbish,True,False
near_duplicate_dhash,6,datasets/water/IWHR_AI_Lable_Floater_V1/raw/package1/JPEGImages/0852.jpg,datasets/water/IWHR_AI_Lable_Floater_V1/raw/package1/JPEGImages/1488.jpg,package1,package1,rubbish,rubbish,True,False
near_duplicate_dhash,8,datasets/water/IWHR_AI_Lable_Floater_V1/raw/package1/JPEGImages/0855.jpg,datasets/water/IWHR_AI_Lable_Floater_V1/raw/package1/JPEGImages/1467.jpg,package1,package1,fishing-2,rubbish,False,False
near_duplicate_dhash,6,datasets/water/IWHR_AI_Lable_Floater_V1/raw/package1/JPEGImages/0857.jpg,datasets/water/IWHR_AI_Lable_Floater_V1/raw/package1/JPEGImages/0955.jpg,package1,package1,rubbish,rubbish,True,False
near_duplicate_dhash,7,datasets/water/IWHR_AI_Lable_Floater_V1/raw/package1/JPEGImages/0858.jpg,datasets/water/IWHR_AI_Lable_Floater_V1/raw/package1/JPEGImages/1059.jpg,package1,package1,rubbish,rubbish,True,False
near_duplicate_dhash,8,datasets/water/IWHR_AI_Lable_Floater_V1/raw/package1/JPEGImages/0858.jpg,datasets/water/IWHR_AI_Lable_Floater_V1/raw/package1/JPEGImages/1084.jpg,package1,package1,rubbish,rubbish,True,False
near_duplicate_dhash,8,datasets/water/IWHR_AI_Lable_Floater_V1/raw/package1/JPEGImages/0860.jpg,datasets/water/IWHR_AI_Lable_Floater_V1/raw/package1/JPEGImages/1473.jpg,package1,package1,rubbish,rubbish,True,False
near_duplicate_dhash,6,datasets/water/IWHR_AI_Lable_Floater_V1/raw/package1/JPEGImages/0861.jpg,datasets/water/IWHR_AI_Lable_Floater_V1/raw/package1/JPEGImages/1497.jpg,package1,package1,rubbish,rubbish,True,False
near_duplicate_dhash,6,datasets/water/IWHR_AI_Lable_Floater_V1/raw/package1/JPEGImages/0864.jpg,datasets/water/IWHR_AI_Lable_Floater_V1/raw/package1/JPEGImages/1277.jpg,package1,package1,rubbish,rubbish,True,False
near_duplicate_dhash,6,datasets/water/IWHR_AI_Lable_Floater_V1/raw/package1/JPEGImages/0864.jpg,datasets/water/IWHR_AI_Lable_Floater_V1/raw/package2/JPEGImages/1632.jpg,package1,package2,rubbish,rubbish,True,True
near_duplicate_dhash,8,datasets/water/IWHR_AI_Lable_Floater_V1/raw/package1/JPEGImages/0865.jpg,datasets/water/IWHR_AI_Lable_Floater_V1/raw/package1/JPEGImages/1421.jpg,package1,package1,rubbish,rubbish,True,False
near_duplicate_dhash,7,datasets/water/IWHR_AI_Lable_Floater_V1/raw/package1/JPEGImages/0866.jpg,datasets/water/IWHR_AI_Lable_Floater_V1/raw/package2/JPEGImages/1542.jpg,package1,package2,rubbish,rubbish,True,True
near_duplicate_dhash,7,datasets/water/IWHR_AI_Lable_Floater_V1/raw/package1/JPEGImages/0867.jpg,datasets/water/IWHR_AI_Lable_Floater_V1/raw/package1/JPEGImages/0957.jpg,package1,package1,rubbish,rubbish,True,False
near_duplicate_dhash,8,datasets/water/IWHR_AI_Lable_Floater_V1/raw/package1/JPEGImages/0867.jpg,datasets/water/IWHR_AI_Lable_Floater_V1/raw/package1/JPEGImages/0979.jpg,package1,package1,rubbish,rubbish,True,False
near_duplicate_dhash,7,datasets/water/IWHR_AI_Lable_Floater_V1/raw/package1/JPEGImages/0868.jpg,datasets/water/IWHR_AI_Lable_Floater_V1/raw/package1/JPEGImages/1500.jpg,package1,package1,rubbish,rubbish,True,False
near_duplicate_dhash,8,datasets/water/IWHR_AI_Lable_Floater_V1/raw/package1/JPEGImages/0871.jpg,datasets/water/IWHR_AI_Lable_Floater_V1/raw/package1/JPEGImages/0926.jpg,package1,package1,rubbish,rubbish,True,False
near_duplicate_dhash,7,datasets/water/IWHR_AI_Lable_Floater_V1/raw/package1/JPEGImages/0871.jpg,datasets/water/IWHR_AI_Lable_Floater_V1/raw/package2/JPEGImages/2925.jpg,package1,package2,rubbish,fishing-1,False,True
near_duplicate_dhash,8,datasets/water/IWHR_AI_Lable_Floater_V1/raw/package1/JPEGImages/0872.jpg,datasets/water/IWHR_AI_Lable_Floater_V1/raw/package2/JPEGImages/2882.jpg,package1,package2,rubbish,fishing-1,False,True
near_duplicate_dhash,7,datasets/water/IWHR_AI_Lable_Floater_V1/raw/package1/JPEGImages/0872.jpg,datasets/water/IWHR_AI_Lable_Floater_V1/raw/package2/JPEGImages/2905.jpg,package1,package2,rubbish,fishing-1,False,True
near_duplicate_dhash,8,datasets/water/IWHR_AI_Lable_Floater_V1/raw/package1/JPEGImages/0873.jpg,datasets/water/IWHR_AI_Lable_Floater_V1/raw/package1/JPEGImages/0929.jpg,package1,package1,rubbish,rubbish,True,False
near_duplicate_dhash,7,datasets/water/IWHR_AI_Lable_Floater_V1/raw/package1/JPEGImages/0874.jpg,datasets/water/IWHR_AI_Lable_Floater_V1/raw/package1/JPEGImages/0904.jpg,package1,package1,rubbish,rubbish,True,False
near_duplicate_dhash,6,datasets/water/IWHR_AI_Lable_Floater_V1/raw/package1/JPEGImages/0875.jpg,datasets/water/IWHR_AI_Lable_Floater_V1/raw/package1/JPEGImages/1382.jpg,package1,package1,rubbish,rubbish,True,False
near_duplicate_dhash,8,datasets/water/IWHR_AI_Lable_Floater_V1/raw/package1/JPEGImages/0876.jpg,datasets/water/IWHR_AI_Lable_Floater_V1/raw/package1/JPEGImages/0933.jpg,package1,package1,rubbish,rubbish,True,False
near_duplicate_dhash,6,datasets/water/IWHR_AI_Lable_Floater_V1/raw/package1/JPEGImages/0878.jpg,datasets/water/IWHR_AI_Lable_Floater_V1/raw/package1/JPEGImages/0889.jpg,package1,package1,rubbish,rubbish,True,False
near_duplicate_dhash,8,datasets/water/IWHR_AI_Lable_Floater_V1/raw/package1/JPEGImages/0878.jpg,datasets/water/IWHR_AI_Lable_Floater_V1/raw/package1/JPEGImages/0981.jpg,package1,package1,rubbish,rubbish,True,False
near_duplicate_dhash,7,datasets/water/IWHR_AI_Lable_Floater_V1/raw/package1/JPEGImages/0879.jpg,datasets/water/IWHR_AI_Lable_Floater_V1/raw/package1/JPEGImages/0909.jpg,package1,package1,rubbish,rubbish,True,False
near_duplicate_dhash,7,datasets/water/IWHR_AI_Lable_Floater_V1/raw/package1/JPEGImages/0879.jpg,datasets/water/IWHR_AI_Lable_Floater_V1/raw/package2/JPEGImages/2955.jpg,package1,package2,rubbish,fishing-1,False,True
near_duplicate_dhash,8,datasets/water/IWHR_AI_Lable_Floater_V1/raw/package1/JPEGImages/0880.jpg,datasets/water/IWHR_AI_Lable_Floater_V1/raw/package1/JPEGImages/0974.jpg,package1,package1,rubbish,rubbish,True,False
near_duplicate_dhash,7,datasets/water/IWHR_AI_Lable_Floater_V1/raw/package1/JPEGImages/0880.jpg,datasets/water/IWHR_AI_Lable_Floater_V1/raw/package2/JPEGImages/2911.jpg,package1,package2,rubbish,fishing-1,False,True
near_duplicate_dhash,6,datasets/water/IWHR_AI_Lable_Floater_V1/raw/package1/JPEGImages/0880.jpg,datasets/water/IWHR_AI_Lable_Floater_V1/raw/package2/JPEGImages/2933.jpg,package1,package2,rubbish,fishing-1,False,True
near_duplicate_dhash,7,datasets/water/IWHR_AI_Lable_Floater_V1/raw/package1/JPEGImages/0881.jpg,datasets/water/IWHR_AI_Lable_Floater_V1/raw/package2/JPEGImages/2957.jpg,package1,package2,rubbish,fishing-1,False,True
near_duplicate_dhash,8,datasets/water/IWHR_AI_Lable_Floater_V1/raw/package1/JPEGImages/0882.jpg,datasets/water/IWHR_AI_Lable_Floater_V1/raw/package2/JPEGImages/2936.jpg,package1,package2,rubbish,fishing-1,False,True
near_duplicate_dhash,8,datasets/water/IWHR_AI_Lable_Floater_V1/raw/package1/JPEGImages/0883.jpg,datasets/water/IWHR_AI_Lable_Floater_V1/raw/package2/JPEGImages/2960.jpg,package1,package2,rubbish,fishing-1,False,True
near_duplicate_dhash,6,datasets/water/IWHR_AI_Lable_Floater_V1/raw/package1/JPEGImages/0884.jpg,datasets/water/IWHR_AI_Lable_Floater_V1/raw/package1/JPEGImages/0913.jpg,package1,package1,rubbish,rubbish,True,False
near_duplicate_dhash,6,datasets/water/IWHR_AI_Lable_Floater_V1/raw/package1/JPEGImages/0884.jpg,datasets/water/IWHR_AI_Lable_Floater_V1/raw/package2/JPEGImages/2961.jpg,package1,package2,rubbish,rubbish,True,True
near_duplicate_dhash,8,datasets/water/IWHR_AI_Lable_Floater_V1/raw/package1/JPEGImages/0887.jpg,datasets/water/IWHR_AI_Lable_Floater_V1/raw/package2/JPEGImages/2981.jpg,package1,package2,rubbish,rubbish,True,True
near_duplicate_dhash,7,datasets/water/IWHR_AI_Lable_Floater_V1/raw/package1/JPEGImages/0888.jpg,datasets/water/IWHR_AI_Lable_Floater_V1/raw/package2/JPEGImages/2939.jpg,package1,package2,rubbish,fishing-1,False,True
near_duplicate_dhash,8,datasets/water/IWHR_AI_Lable_Floater_V1/raw/package1/JPEGImages/0889.jpg,datasets/water/IWHR_AI_Lable_Floater_V1/raw/package1/JPEGImages/0958.jpg,package1,package1,rubbish,rubbish,True,False
near_duplicate_dhash,6,datasets/water/IWHR_AI_Lable_Floater_V1/raw/package1/JPEGImages/0889.jpg,datasets/water/IWHR_AI_Lable_Floater_V1/raw/package2/JPEGImages/2962.jpg,package1,package2,rubbish,fishing-1,False,True
near_duplicate_dhash,8,datasets/water/IWHR_AI_Lable_Floater_V1/raw/package1/JPEGImages/0890.jpg,datasets/water/IWHR_AI_Lable_Floater_V1/raw/package1/JPEGImages/0959.jpg,package1,package1,rubbish,rubbish,True,False
near_duplicate_dhash,8,datasets/water/IWHR_AI_Lable_Floater_V1/raw/package1/JPEGImages/0894.jpg,datasets/water/IWHR_AI_Lable_Floater_V1/raw/package2/JPEGImages/2967.jpg,package1,package2,rubbish,fishing-1,False,True
near_duplicate_dhash,8,datasets/water/IWHR_AI_Lable_Floater_V1/raw/package1/JPEGImages/0895.jpg,datasets/water/IWHR_AI_Lable_Floater_V1/raw/package2/JPEGImages/2047.jpg,package1,package2,rubbish,fishing-1,False,True
near_duplicate_dhash,7,datasets/water/IWHR_AI_Lable_Floater_V1/raw/package1/JPEGImages/0895.jpg,datasets/water/IWHR_AI_Lable_Floater_V1/raw/package2/JPEGImages/2888.jpg,package1,package2,rubbish,rubbish,True,True
near_duplicate_dhash,7,datasets/water/IWHR_AI_Lable_Floater_V1/raw/package1/JPEGImages/0896.jpg,datasets/water/IWHR_AI_Lable_Floater_V1/raw/package1/JPEGImages/0922.jpg,package1,package1,rubbish,rubbish,True,False
near_duplicate_dhash,7,datasets/water/IWHR_AI_Lable_Floater_V1/raw/package1/JPEGImages/0900.jpg,datasets/water/IWHR_AI_Lable_Floater_V1/raw/package2/JPEGImages/2902.jpg,package1,package2,rubbish,rubbish,True,True
near_duplicate_dhash,6,datasets/water/IWHR_AI_Lable_Floater_V1/raw/package1/JPEGImages/0901.jpg,datasets/water/IWHR_AI_Lable_Floater_V1/raw/package1/JPEGImages/0959.jpg,package1,package1,rubbish,rubbish,True,False
near_duplicate_dhash,7,datasets/water/IWHR_AI_Lable_Floater_V1/raw/package1/JPEGImages/0901.jpg,datasets/water/IWHR_AI_Lable_Floater_V1/raw/package2/JPEGImages/2895.jpg,package1,package2,rubbish,fishing-1,False,True
near_duplicate_dhash,7,datasets/water/IWHR_AI_Lable_Floater_V1/raw/package1/JPEGImages/0902.jpg,datasets/water/IWHR_AI_Lable_Floater_V1/raw/package1/JPEGImages/0943.jpg,package1,package1,rubbish,rubbish,True,False
near_duplicate_dhash,7,datasets/water/IWHR_AI_Lable_Floater_V1/raw/package1/JPEGImages/0902.jpg,datasets/water/IWHR_AI_Lable_Floater_V1/raw/package2/JPEGImages/2949.jpg,package1,package2,rubbish,fishing-1,False,True
near_duplicate_dhash,6,datasets/water/IWHR_AI_Lable_Floater_V1/raw/package1/JPEGImages/0903.jpg,datasets/water/IWHR_AI_Lable_Floater_V1/raw/package1/JPEGImages/0928.jpg,package1,package1,rubbish,rubbish,True,False
near_duplicate_dhash,7,datasets/water/IWHR_AI_Lable_Floater_V1/raw/package1/JPEGImages/0903.jpg,datasets/water/IWHR_AI_Lable_Floater_V1/raw/package1/JPEGImages/0944.jpg,package1,package1,rubbish,rubbish,True,False
near_duplicate_dhash,8,datasets/water/IWHR_AI_Lable_Floater_V1/raw/package1/JPEGImages/0903.jpg,datasets/water/IWHR_AI_Lable_Floater_V1/raw/package2/JPEGImages/2905.jpg,package1,package2,rubbish,fishing-1,False,True
near_duplicate_dhash,7,datasets/water/IWHR_AI_Lable_Floater_V1/raw/package1/JPEGImages/0904.jpg,datasets/water/IWHR_AI_Lable_Floater_V1/raw/package1/JPEGImages/0931.jpg,package1,package1,rubbish,rubbish,True,False
near_duplicate_dhash,7,datasets/water/IWHR_AI_Lable_Floater_V1/raw/package1/JPEGImages/0905.jpg,datasets/water/IWHR_AI_Lable_Floater_V1/raw/package2/JPEGImages/2953.jpg,package1,package2,rubbish,fishing-1,False,True
near_duplicate_dhash,8,datasets/water/IWHR_AI_Lable_Floater_V1/raw/package1/JPEGImages/0907.jpg,datasets/water/IWHR_AI_Lable_Floater_V1/raw/package2/JPEGImages/1840.jpg,package1,package2,rubbish,rubbish,True,True
near_duplicate_dhash,6,datasets/water/IWHR_AI_Lable_Floater_V1/raw/package1/JPEGImages/0908.jpg,datasets/water/IWHR_AI_Lable_Floater_V1/raw/package1/JPEGImages/1024.jpg,package1,package1,rubbish,rubbish,True,False
near_duplicate_dhash,8,datasets/water/IWHR_AI_Lable_Floater_V1/raw/package1/JPEGImages/0908.jpg,datasets/water/IWHR_AI_Lable_Floater_V1/raw/package1/JPEGImages/1073.jpg,package1,package1,rubbish,rubbish,True,False
near_duplicate_dhash,7,datasets/water/IWHR_AI_Lable_Floater_V1/raw/package1/JPEGImages/0909.jpg,datasets/water/IWHR_AI_Lable_Floater_V1/raw/package1/JPEGImages/0949.jpg,package1,package1,rubbish,rubbish,True,False
near_duplicate_dhash,7,datasets/water/IWHR_AI_Lable_Floater_V1/raw/package1/JPEGImages/0910.jpg,datasets/water/IWHR_AI_Lable_Floater_V1/raw/package1/JPEGImages/0998.jpg,package1,package1,rubbish,rubbish,True,False
near_duplicate_dhash,6,datasets/water/IWHR_AI_Lable_Floater_V1/raw/package1/JPEGImages/0910.jpg,datasets/water/IWHR_AI_Lable_Floater_V1/raw/package2/JPEGImages/2956.jpg,package1,package2,rubbish,fishing-1,False,True
near_duplicate_dhash,8,datasets/water/IWHR_AI_Lable_Floater_V1/raw/package1/JPEGImages/0913.jpg,datasets/water/IWHR_AI_Lable_Floater_V1/raw/package1/JPEGImages/0955.jpg,package1,package1,rubbish,rubbish,True,False
near_duplicate_dhash,8,datasets/water/IWHR_AI_Lable_Floater_V1/raw/package1/JPEGImages/0914.jpg,datasets/water/IWHR_AI_Lable_Floater_V1/raw/package1/JPEGImages/0956.jpg,package1,package1,rubbish,rubbish,True,False
near_duplicate_dhash,6,datasets/water/IWHR_AI_Lable_Floater_V1/raw/package1/JPEGImages/0916.jpg,datasets/water/IWHR_AI_Lable_Floater_V1/raw/package1/JPEGImages/0958.jpg,package1,package1,rubbish,rubbish,True,False
near_duplicate_dhash,8,datasets/water/IWHR_AI_Lable_Floater_V1/raw/package1/JPEGImages/0916.jpg,datasets/water/IWHR_AI_Lable_Floater_V1/raw/package2/JPEGImages/2962.jpg,package1,package2,rubbish,fishing-1,False,True
near_duplicate_dhash,8,datasets/water/IWHR_AI_Lable_Floater_V1/raw/package1/JPEGImages/0917.jpg,datasets/water/IWHR_AI_Lable_Floater_V1/raw/package1/JPEGImages/0959.jpg,package1,package1,rubbish,rubbish,True,False
near_duplicate_dhash,8,datasets/water/IWHR_AI_Lable_Floater_V1/raw/package1/JPEGImages/0918.jpg,datasets/water/IWHR_AI_Lable_Floater_V1/raw/package1/JPEGImages/0960.jpg,package1,package1,rubbish,rubbish,True,False
near_duplicate_dhash,7,datasets/water/IWHR_AI_Lable_Floater_V1/raw/package1/JPEGImages/0919.jpg,datasets/water/IWHR_AI_Lable_Floater_V1/raw/package1/JPEGImages/0938.jpg,package1,package1,rubbish,rubbish,True,False
near_duplicate_dhash,8,datasets/water/IWHR_AI_Lable_Floater_V1/raw/package1/JPEGImages/0920.jpg,datasets/water/IWHR_AI_Lable_Floater_V1/raw/package2/JPEGImages/2966.jpg,package1,package2,rubbish,fishing-1,False,True
near_duplicate_dhash,7,datasets/water/IWHR_AI_Lable_Floater_V1/raw/package1/JPEGImages/0921.jpg,datasets/water/IWHR_AI_Lable_Floater_V1/raw/package1/JPEGImages/0932.jpg,package1,package1,rubbish,rubbish,True,False
near_duplicate_dhash,8,datasets/water/IWHR_AI_Lable_Floater_V1/raw/package1/JPEGImages/0923.jpg,datasets/water/IWHR_AI_Lable_Floater_V1/raw/package2/JPEGImages/2826.jpg,package1,package2,rubbish,fishing-1,False,True
near_duplicate_dhash,7,datasets/water/IWHR_AI_Lable_Floater_V1/raw/package1/JPEGImages/0924.jpg,datasets/water/IWHR_AI_Lable_Floater_V1/raw/package1/JPEGImages/1062.jpg,package1,package1,rubbish,rubbish,True,False
near_duplicate_dhash,7,datasets/water/IWHR_AI_Lable_Floater_V1/raw/package1/JPEGImages/0925.jpg,datasets/water/IWHR_AI_Lable_Floater_V1/raw/package1/JPEGImages/1094.jpg,package1,package1,rubbish,rubbish,True,False
near_duplicate_dhash,7,datasets/water/IWHR_AI_Lable_Floater_V1/raw/package1/JPEGImages/0925.jpg,datasets/water/IWHR_AI_Lable_Floater_V1/raw/package2/JPEGImages/2903.jpg,package1,package2,rubbish,fishing-1,False,True
near_duplicate_dhash,7,datasets/water/IWHR_AI_Lable_Floater_V1/raw/package1/JPEGImages/0926.jpg,datasets/water/IWHR_AI_Lable_Floater_V1/raw/package1/JPEGImages/0967.jpg,package1,package1,rubbish,rubbish,True,False
near_duplicate_dhash,8,datasets/water/IWHR_AI_Lable_Floater_V1/raw/package1/JPEGImages/0927.jpg,datasets/water/IWHR_AI_Lable_Floater_V1/raw/package1/JPEGImages/0991.jpg,package1,package1,rubbish,rubbish,True,False
near_duplicate_dhash,6,datasets/water/IWHR_AI_Lable_Floater_V1/raw/package1/JPEGImages/0931.jpg,datasets/water/IWHR_AI_Lable_Floater_V1/raw/package1/JPEGImages/0946.jpg,package1,package1,rubbish,rubbish,True,False
near_duplicate_dhash,7,datasets/water/IWHR_AI_Lable_Floater_V1/raw/package1/JPEGImages/0933.jpg,datasets/water/IWHR_AI_Lable_Floater_V1/raw/package1/JPEGImages/0947.jpg,package1,package1,rubbish,rubbish,True,False
near_duplicate_dhash,6,datasets/water/IWHR_AI_Lable_Floater_V1/raw/package1/JPEGImages/0935.jpg,datasets/water/IWHR_AI_Lable_Floater_V1/raw/package1/JPEGImages/0998.jpg,package1,package1,rubbish,rubbish,True,False
near_duplicate_dhash,8,datasets/water/IWHR_AI_Lable_Floater_V1/raw/package1/JPEGImages/0935.jpg,datasets/water/IWHR_AI_Lable_Floater_V1/raw/package1/JPEGImages/1026.jpg,package1,package1,rubbish,rubbish,True,False
near_duplicate_dhash,7,datasets/water/IWHR_AI_Lable_Floater_V1/raw/package1/JPEGImages/0935.jpg,datasets/water/IWHR_AI_Lable_Floater_V1/raw/package2/JPEGImages/2956.jpg,package1,package2,rubbish,fishing-1,False,True
near_duplicate_dhash,8,datasets/water/IWHR_AI_Lable_Floater_V1/raw/package1/JPEGImages/0940.jpg,datasets/water/IWHR_AI_Lable_Floater_V1/raw/package2/JPEGImages/2753.jpg,package1,package2,rubbish,fishing-1,False,True
near_duplicate_dhash,7,datasets/water/IWHR_AI_Lable_Floater_V1/raw/package1/JPEGImages/0942.jpg,datasets/water/IWHR_AI_Lable_Floater_V1/raw/package1/JPEGImages/1093.jpg,package1,package1,rubbish,rubbish,True,False
near_duplicate_dhash,8,datasets/water/IWHR_AI_Lable_Floater_V1/raw/package1/JPEGImages/0944.jpg,datasets/water/IWHR_AI_Lable_Floater_V1/raw/package1/JPEGImages/1019.jpg,package1,package1,rubbish,rubbish,True,False
near_duplicate_dhash,7,datasets/water/IWHR_AI_Lable_Floater_V1/raw/package1/JPEGImages/0946.jpg,datasets/water/IWHR_AI_Lable_Floater_V1/raw/package1/JPEGImages/0969.jpg,package1,package1,rubbish,rubbish,True,False
near_duplicate_dhash,6,datasets/water/IWHR_AI_Lable_Floater_V1/raw/package1/JPEGImages/0950.jpg,datasets/water/IWHR_AI_Lable_Floater_V1/raw/package1/JPEGImages/0998.jpg,package1,package1,rubbish,rubbish,True,False
near_duplicate_dhash,8,datasets/water/IWHR_AI_Lable_Floater_V1/raw/package1/JPEGImages/0950.jpg,datasets/water/IWHR_AI_Lable_Floater_V1/raw/package1/JPEGImages/1026.jpg,package1,package1,rubbish,rubbish,True,False
near_duplicate_dhash,7,datasets/water/IWHR_AI_Lable_Floater_V1/raw/package1/JPEGImages/0950.jpg,datasets/water/IWHR_AI_Lable_Floater_V1/raw/package2/JPEGImages/2956.jpg,package1,package2,rubbish,fishing-1,False,True
near_duplicate_dhash,7,datasets/water/IWHR_AI_Lable_Floater_V1/raw/package1/JPEGImages/0952.jpg,datasets/water/IWHR_AI_Lable_Floater_V1/raw/package2/JPEGImages/2988.jpg,package1,package2,rubbish,rubbish,True,True
near_duplicate_dhash,7,datasets/water/IWHR_AI_Lable_Floater_V1/raw/package1/JPEGImages/0953.jpg,datasets/water/IWHR_AI_Lable_Floater_V1/raw/package2/JPEGImages/2958.jpg,package1,package2,rubbish,fishing-1,False,True
near_duplicate_dhash,6,datasets/water/IWHR_AI_Lable_Floater_V1/raw/package1/JPEGImages/0956.jpg,datasets/water/IWHR_AI_Lable_Floater_V1/raw/package1/JPEGImages/0978.jpg,package1,package1,rubbish,rubbish,True,False
near_duplicate_dhash,8,datasets/water/IWHR_AI_Lable_Floater_V1/raw/package1/JPEGImages/0956.jpg,datasets/water/IWHR_AI_Lable_Floater_V1/raw/package1/JPEGImages/1004.jpg,package1,package1,rubbish,rubbish,True,False
near_duplicate_dhash,6,datasets/water/IWHR_AI_Lable_Floater_V1/raw/package1/JPEGImages/0956.jpg,datasets/water/IWHR_AI_Lable_Floater_V1/raw/package1/JPEGImages/1226.jpg,package1,package1,rubbish,rubbish,True,False
near_duplicate_dhash,7,datasets/water/IWHR_AI_Lable_Floater_V1/raw/package1/JPEGImages/0956.jpg,datasets/water/IWHR_AI_Lable_Floater_V1/raw/package1/JPEGImages/1248.jpg,package1,package1,rubbish,rubbish,True,False
near_duplicate_dhash,6,datasets/water/IWHR_AI_Lable_Floater_V1/raw/package1/JPEGImages/0958.jpg,datasets/water/IWHR_AI_Lable_Floater_V1/raw/package1/JPEGImages/0981.jpg,package1,package1,rubbish,rubbish,True,False
near_duplicate_dhash,6,datasets/water/IWHR_AI_Lable_Floater_V1/raw/package1/JPEGImages/0959.jpg,datasets/water/IWHR_AI_Lable_Floater_V1/raw/package1/JPEGImages/1035.jpg,package1,package1,rubbish,rubbish,True,False
near_duplicate_dhash,8,datasets/water/IWHR_AI_Lable_Floater_V1/raw/package1/JPEGImages/0962.jpg,datasets/water/IWHR_AI_Lable_Floater_V1/raw/package1/JPEGImages/1011.jpg,package1,package1,rubbish,rubbish,True,False
near_duplicate_dhash,6,datasets/water/IWHR_AI_Lable_Floater_V1/raw/package1/JPEGImages/0965.jpg,datasets/water/IWHR_AI_Lable_Floater_V1/raw/package1/JPEGImages/0984.jpg,package1,package1,rubbish,rubbish,True,False
near_duplicate_dhash,7,datasets/water/IWHR_AI_Lable_Floater_V1/raw/package1/JPEGImages/0966.jpg,datasets/water/IWHR_AI_Lable_Floater_V1/raw/package1/JPEGImages/1041.jpg,package1,package1,rubbish,rubbish,True,False
near_duplicate_dhash,7,datasets/water/IWHR_AI_Lable_Floater_V1/raw/package1/JPEGImages/0966.jpg,datasets/water/IWHR_AI_Lable_Floater_V1/raw/package2/JPEGImages/2948.jpg,package1,package2,rubbish,fishing-1,False,True
near_duplicate_dhash,7,datasets/water/IWHR_AI_Lable_Floater_V1/raw/package1/JPEGImages/0967.jpg,datasets/water/IWHR_AI_Lable_Floater_V1/raw/package1/JPEGImages/0990.jpg,package1,package1,rubbish,rubbish,True,False
near_duplicate_dhash,6,datasets/water/IWHR_AI_Lable_Floater_V1/raw/package1/JPEGImages/0968.jpg,datasets/water/IWHR_AI_Lable_Floater_V1/raw/package2/JPEGImages/2952.jpg,package1,package2,rubbish,fishing-1,False,True
near_duplicate_dhash,6,datasets/water/IWHR_AI_Lable_Floater_V1/raw/package1/JPEGImages/0969.jpg,datasets/water/IWHR_AI_Lable_Floater_V1/raw/package1/JPEGImages/0994.jpg,package1,package1,rubbish,rubbish,True,False
near_duplicate_dhash,8,datasets/water/IWHR_AI_Lable_Floater_V1/raw/package1/JPEGImages/0969.jpg,datasets/water/IWHR_AI_Lable_Floater_V1/raw/package1/JPEGImages/1020.jpg,package1,package1,rubbish,rubbish,True,False
near_duplicate_dhash,8,datasets/water/IWHR_AI_Lable_Floater_V1/raw/package1/JPEGImages/0970.jpg,datasets/water/IWHR_AI_Lable_Floater_V1/raw/package1/JPEGImages/1021.jpg,package1,package1,rubbish,rubbish,True,False
near_duplicate_dhash,8,datasets/water/IWHR_AI_Lable_Floater_V1/raw/package1/JPEGImages/0976.jpg,datasets/water/IWHR_AI_Lable_Floater_V1/raw/package1/JPEGImages/1001.jpg,package1,package1,rubbish,fishing-2,False,False
near_duplicate_dhash,6,datasets/water/IWHR_AI_Lable_Floater_V1/raw/package1/JPEGImages/0977.jpg,datasets/water/IWHR_AI_Lable_Floater_V1/raw/package1/JPEGImages/1029.jpg,package1,package1,rubbish,rubbish,True,False
near_duplicate_dhash,8,datasets/water/IWHR_AI_Lable_Floater_V1/raw/package1/JPEGImages/0977.jpg,datasets/water/IWHR_AI_Lable_Floater_V1/raw/package1/JPEGImages/1079.jpg,package1,package1,rubbish,rubbish,True,False
near_duplicate_dhash,6,datasets/water/IWHR_AI_Lable_Floater_V1/raw/package1/JPEGImages/0978.jpg,datasets/water/IWHR_AI_Lable_Floater_V1/raw/package1/JPEGImages/1053.jpg,package1,package1,rubbish,rubbish,True,False
near_duplicate_dhash,7,datasets/water/IWHR_AI_Lable_Floater_V1/raw/package1/JPEGImages/0978.jpg,datasets/water/IWHR_AI_Lable_Floater_V1/raw/package1/JPEGImages/1158.jpg,package1,package1,rubbish,rubbish,True,False
near_duplicate_dhash,8,datasets/water/IWHR_AI_Lable_Floater_V1/raw/package1/JPEGImages/0978.jpg,datasets/water/IWHR_AI_Lable_Floater_V1/raw/package2/JPEGImages/2789.jpg,package1,package2,rubbish,fishing-1,False,True
near_duplicate_dhash,8,datasets/water/IWHR_AI_Lable_Floater_V1/raw/package1/JPEGImages/0978.jpg,datasets/water/IWHR_AI_Lable_Floater_V1/raw/package2/JPEGImages/2818.jpg,package1,package2,rubbish,fishing-1,False,True
near_duplicate_dhash,6,datasets/water/IWHR_AI_Lable_Floater_V1/raw/package1/JPEGImages/0978.jpg,datasets/water/IWHR_AI_Lable_Floater_V1/raw/package2/JPEGImages/2841.jpg,package1,package2,rubbish,fishing-1,False,True
near_duplicate_dhash,7,datasets/water/IWHR_AI_Lable_Floater_V1/raw/package1/JPEGImages/0981.jpg,datasets/water/IWHR_AI_Lable_Floater_V1/raw/package1/JPEGImages/1034.jpg,package1,package1,rubbish,rubbish,True,False
near_duplicate_dhash,8,datasets/water/IWHR_AI_Lable_Floater_V1/raw/package1/JPEGImages/0981.jpg,datasets/water/IWHR_AI_Lable_Floater_V1/raw/package1/JPEGImages/1055.jpg,package1,package1,rubbish,rubbish,True,False
near_duplicate_dhash,8,datasets/water/IWHR_AI_Lable_Floater_V1/raw/package1/JPEGImages/0982.jpg,datasets/water/IWHR_AI_Lable_Floater_V1/raw/package1/JPEGImages/1036.jpg,package1,package1,rubbish,rubbish,True,False
near_duplicate_dhash,8,datasets/water/IWHR_AI_Lable_Floater_V1/raw/package1/JPEGImages/0985.jpg,datasets/water/IWHR_AI_Lable_Floater_V1/raw/package1/JPEGImages/1089.jpg,package1,package1,rubbish,rubbish,True,False
near_duplicate_dhash,8,datasets/water/IWHR_AI_Lable_Floater_V1/raw/package1/JPEGImages/0987.jpg,datasets/water/IWHR_AI_Lable_Floater_V1/raw/package1/JPEGImages/1091.jpg,package1,package1,rubbish,fishing-2,False,False
near_duplicate_dhash,8,datasets/water/IWHR_AI_Lable_Floater_V1/raw/package1/JPEGImages/0987.jpg,datasets/water/IWHR_AI_Lable_Floater_V1/raw/package1/JPEGImages/1209.jpg,package1,package1,rubbish,rubbish,True,False
near_duplicate_dhash,8,datasets/water/IWHR_AI_Lable_Floater_V1/raw/package1/JPEGImages/0988.jpg,datasets/water/IWHR_AI_Lable_Floater_V1/raw/package1/JPEGImages/1134.jpg,package1,package1,rubbish,rubbish,True,False
near_duplicate_dhash,6,datasets/water/IWHR_AI_Lable_Floater_V1/raw/package1/JPEGImages/0988.jpg,datasets/water/IWHR_AI_Lable_Floater_V1/raw/package1/JPEGImages/1456.jpg,package1,package1,rubbish,fishing-1,False,False
near_duplicate_dhash,6,datasets/water/IWHR_AI_Lable_Floater_V1/raw/package1/JPEGImages/0989.jpg,datasets/water/IWHR_AI_Lable_Floater_V1/raw/package1/JPEGImages/1041.jpg,package1,package1,rubbish,rubbish,True,False
near_duplicate_dhash,8,datasets/water/IWHR_AI_Lable_Floater_V1/raw/package1/JPEGImages/0989.jpg,datasets/water/IWHR_AI_Lable_Floater_V1/raw/package1/JPEGImages/1065.jpg,package1,package1,rubbish,rubbish,True,False
near_duplicate_dhash,8,datasets/water/IWHR_AI_Lable_Floater_V1/raw/package1/JPEGImages/0989.jpg,datasets/water/IWHR_AI_Lable_Floater_V1/raw/package1/JPEGImages/1092.jpg,package1,package1,rubbish,rubbish,True,False
near_duplicate_dhash,6,datasets/water/IWHR_AI_Lable_Floater_V1/raw/package1/JPEGImages/0989.jpg,datasets/water/IWHR_AI_Lable_Floater_V1/raw/package2/JPEGImages/2948.jpg,package1,package2,rubbish,fishing-1,False,True
near_duplicate_dhash,7,datasets/water/IWHR_AI_Lable_Floater_V1/raw/package1/JPEGImages/0990.jpg,datasets/water/IWHR_AI_Lable_Floater_V1/raw/package1/JPEGImages/1042.jpg,package1,package1,rubbish,rubbish,True,False
near_duplicate_dhash,7,datasets/water/IWHR_AI_Lable_Floater_V1/raw/package1/JPEGImages/0997.jpg,datasets/water/IWHR_AI_Lable_Floater_V1/raw/package1/JPEGImages/1025.jpg,package1,package1,rubbish,rubbish,True,False
near_duplicate_dhash,8,datasets/water/IWHR_AI_Lable_Floater_V1/raw/package1/JPEGImages/0997.jpg,datasets/water/IWHR_AI_Lable_Floater_V1/raw/package1/JPEGImages/1049.jpg,package1,package1,rubbish,rubbish,True,False
near_duplicate_dhash,8,datasets/water/IWHR_AI_Lable_Floater_V1/raw/package1/JPEGImages/0998.jpg,datasets/water/IWHR_AI_Lable_Floater_V1/raw/package1/JPEGImages/1050.jpg,package1,package1,rubbish,rubbish,True,False
near_duplicate_dhash,7,datasets/water/IWHR_AI_Lable_Floater_V1/raw/package1/JPEGImages/0999.jpg,datasets/water/IWHR_AI_Lable_Floater_V1/raw/package1/JPEGImages/1027.jpg,package1,package1,rubbish,rubbish,True,False
near_duplicate_dhash,7,datasets/water/IWHR_AI_Lable_Floater_V1/raw/package1/JPEGImages/0999.jpg,datasets/water/IWHR_AI_Lable_Floater_V1/raw/package1/JPEGImages/1051.jpg,package1,package1,rubbish,rubbish,True,False
near_duplicate_dhash,8,datasets/water/IWHR_AI_Lable_Floater_V1/raw/package1/JPEGImages/1000.jpg,datasets/water/IWHR_AI_Lable_Floater_V1/raw/package1/JPEGImages/1107.jpg,package1,package1,rubbish,rubbish,True,False
near_duplicate_dhash,8,datasets/water/IWHR_AI_Lable_Floater_V1/raw/package1/JPEGImages/1000.jpg,datasets/water/IWHR_AI_Lable_Floater_V1/raw/package2/JPEGImages/2958.jpg,package1,package2,rubbish,fishing-1,False,True
near_duplicate_dhash,7,datasets/water/IWHR_AI_Lable_Floater_V1/raw/package1/JPEGImages/1002.jpg,datasets/water/IWHR_AI_Lable_Floater_V1/raw/package1/JPEGImages/1079.jpg,package1,package1,rubbish,rubbish,True,False
near_duplicate_dhash,7,datasets/water/IWHR_AI_Lable_Floater_V1/raw/package1/JPEGImages/1003.jpg,datasets/water/IWHR_AI_Lable_Floater_V1/raw/package1/JPEGImages/1457.jpg,package1,package1,rubbish,fishing-1,False,False
near_duplicate_dhash,7,datasets/water/IWHR_AI_Lable_Floater_V1/raw/package1/JPEGImages/1004.jpg,datasets/water/IWHR_AI_Lable_Floater_V1/raw/package1/JPEGImages/1158.jpg,package1,package1,rubbish,rubbish,True,False
near_duplicate_dhash,8,datasets/water/IWHR_AI_Lable_Floater_V1/raw/package1/JPEGImages/1004.jpg,datasets/water/IWHR_AI_Lable_Floater_V1/raw/package1/JPEGImages/1226.jpg,package1,package1,rubbish,rubbish,True,False
near_duplicate_dhash,8,datasets/water/IWHR_AI_Lable_Floater_V1/raw/package1/JPEGImages/1004.jpg,datasets/water/IWHR_AI_Lable_Floater_V1/raw/package2/JPEGImages/2841.jpg,package1,package2,rubbish,fishing-1,False,True
near_duplicate_dhash,7,datasets/water/IWHR_AI_Lable_Floater_V1/raw/package1/JPEGImages/1006.jpg,datasets/water/IWHR_AI_Lable_Floater_V1/raw/package1/JPEGImages/1054.jpg,package1,package1,rubbish,rubbish,True,False
near_duplicate_dhash,8,datasets/water/IWHR_AI_Lable_Floater_V1/raw/package1/JPEGImages/1007.jpg,datasets/water/IWHR_AI_Lable_Floater_V1/raw/package1/JPEGImages/1081.jpg,package1,package1,rubbish,rubbish,True,False
near_duplicate_dhash,8,datasets/water/IWHR_AI_Lable_Floater_V1/raw/package1/JPEGImages/1008.jpg,datasets/water/IWHR_AI_Lable_Floater_V1/raw/package1/JPEGImages/1057.jpg,package1,package1,rubbish,rubbish,True,False
near_duplicate_dhash,8,datasets/water/IWHR_AI_Lable_Floater_V1/raw/package1/JPEGImages/1010.jpg,datasets/water/IWHR_AI_Lable_Floater_V1/raw/package1/JPEGImages/1138.jpg,package1,package1,rubbish,rubbish,True,False
near_duplicate_dhash,8,datasets/water/IWHR_AI_Lable_Floater_V1/raw/package1/JPEGImages/1010.jpg,datasets/water/IWHR_AI_Lable_Floater_V1/raw/package1/JPEGImages/1185.jpg,package1,package1,rubbish,rubbish,True,False
near_duplicate_dhash,7,datasets/water/IWHR_AI_Lable_Floater_V1/raw/package1/JPEGImages/1013.jpg,datasets/water/IWHR_AI_Lable_Floater_V1/raw/package1/JPEGImages/1037.jpg,package1,package1,rubbish,rubbish,True,False
near_duplicate_dhash,7,datasets/water/IWHR_AI_Lable_Floater_V1/raw/package1/JPEGImages/1015.jpg,datasets/water/IWHR_AI_Lable_Floater_V1/raw/package1/JPEGImages/1188.jpg,package1,package1,rubbish,rubbish,True,False
near_duplicate_dhash,8,datasets/water/IWHR_AI_Lable_Floater_V1/raw/package1/JPEGImages/1015.jpg,datasets/water/IWHR_AI_Lable_Floater_V1/raw/package2/JPEGImages/2751.jpg,package1,package2,rubbish,fishing-1,False,True
near_duplicate_dhash,7,datasets/water/IWHR_AI_Lable_Floater_V1/raw/package1/JPEGImages/1017.jpg,datasets/water/IWHR_AI_Lable_Floater_V1/raw/package1/JPEGImages/1092.jpg,package1,package1,rubbish,rubbish,True,False
near_duplicate_dhash,8,datasets/water/IWHR_AI_Lable_Floater_V1/raw/package1/JPEGImages/1019.jpg,datasets/water/IWHR_AI_Lable_Floater_V1/raw/package1/JPEGImages/1045.jpg,package1,package1,rubbish,rubbish,True,False
near_duplicate_dhash,7,datasets/water/IWHR_AI_Lable_Floater_V1/raw/package1/JPEGImages/1020.jpg,datasets/water/IWHR_AI_Lable_Floater_V1/raw/package1/JPEGImages/1046.jpg,package1,package1,rubbish,rubbish,True,False
near_duplicate_dhash,8,datasets/water/IWHR_AI_Lable_Floater_V1/raw/package1/JPEGImages/1021.jpg,datasets/water/IWHR_AI_Lable_Floater_V1/raw/package1/JPEGImages/1047.jpg,package1,package1,rubbish,rubbish,True,False
near_duplicate_dhash,8,datasets/water/IWHR_AI_Lable_Floater_V1/raw/package1/JPEGImages/1022.jpg,datasets/water/IWHR_AI_Lable_Floater_V1/raw/package1/JPEGImages/1048.jpg,package1,package1,rubbish,rubbish,True,False
near_duplicate_dhash,6,datasets/water/IWHR_AI_Lable_Floater_V1/raw/package1/JPEGImages/1023.jpg,datasets/water/IWHR_AI_Lable_Floater_V1/raw/package1/JPEGImages/1475.jpg,package1,package1,rubbish,fishing-1,False,False
near_duplicate_dhash,6,datasets/water/IWHR_AI_Lable_Floater_V1/raw/package1/JPEGImages/1023.jpg,datasets/water/IWHR_AI_Lable_Floater_V1/raw/package2/JPEGImages/1721.jpg,package1,package2,rubbish,fishing-1,False,True
near_duplicate_dhash,8,datasets/water/IWHR_AI_Lable_Floater_V1/raw/package1/JPEGImages/1024.jpg,datasets/water/IWHR_AI_Lable_Floater_V1/raw/package1/JPEGImages/1125.jpg,package1,package1,rubbish,rubbish,True,False
near_duplicate_dhash,6,datasets/water/IWHR_AI_Lable_Floater_V1/raw/package1/JPEGImages/1026.jpg,datasets/water/IWHR_AI_Lable_Floater_V1/raw/package1/JPEGImages/1050.jpg,package1,package1,rubbish,rubbish,True,False
near_duplicate_dhash,8,datasets/water/IWHR_AI_Lable_Floater_V1/raw/package1/JPEGImages/1028.jpg,datasets/water/IWHR_AI_Lable_Floater_V1/raw/package1/JPEGImages/1052.jpg,package1,package1,fishing-2,rubbish,False,False
near_duplicate_dhash,7,datasets/water/IWHR_AI_Lable_Floater_V1/raw/package1/JPEGImages/1035.jpg,datasets/water/IWHR_AI_Lable_Floater_V1/raw/package1/JPEGImages/1057.jpg,package1,package1,rubbish,rubbish,True,False
near_duplicate_dhash,7,datasets/water/IWHR_AI_Lable_Floater_V1/raw/package1/JPEGImages/1042.jpg,datasets/water/IWHR_AI_Lable_Floater_V1/raw/package1/JPEGImages/1095.jpg,package1,package1,rubbish,rubbish,True,False
near_duplicate_dhash,8,datasets/water/IWHR_AI_Lable_Floater_V1/raw/package1/JPEGImages/1045.jpg,datasets/water/IWHR_AI_Lable_Floater_V1/raw/package1/JPEGImages/1096.jpg,package1,package1,rubbish,rubbish,True,False
near_duplicate_dhash,7,datasets/water/IWHR_AI_Lable_Floater_V1/raw/package1/JPEGImages/1046.jpg,datasets/water/IWHR_AI_Lable_Floater_V1/raw/package1/JPEGImages/1070.jpg,package1,package1,rubbish,rubbish,True,False
near_duplicate_dhash,6,datasets/water/IWHR_AI_Lable_Floater_V1/raw/package1/JPEGImages/1047.jpg,datasets/water/IWHR_AI_Lable_Floater_V1/raw/package1/JPEGImages/1071.jpg,package1,package1,rubbish,rubbish,True,False
near_duplicate_dhash,7,datasets/water/IWHR_AI_Lable_Floater_V1/raw/package1/JPEGImages/1048.jpg,datasets/water/IWHR_AI_Lable_Floater_V1/raw/package1/JPEGImages/1072.jpg,package1,package1,rubbish,rubbish,True,False
near_duplicate_dhash,7,datasets/water/IWHR_AI_Lable_Floater_V1/raw/package1/JPEGImages/1050.jpg,datasets/water/IWHR_AI_Lable_Floater_V1/raw/package1/JPEGImages/1127.jpg,package1,package1,rubbish,rubbish,True,False
near_duplicate_dhash,7,datasets/water/IWHR_AI_Lable_Floater_V1/raw/package1/JPEGImages/1054.jpg,datasets/water/IWHR_AI_Lable_Floater_V1/raw/package1/JPEGImages/1080.jpg,package1,package1,rubbish,rubbish,True,False
near_duplicate_dhash,7,datasets/water/IWHR_AI_Lable_Floater_V1/raw/package1/JPEGImages/1056.jpg,datasets/water/IWHR_AI_Lable_Floater_V1/raw/package2/JPEGImages/2811.jpg,package1,package2,rubbish,fishing-1,False,True
near_duplicate_dhash,7,datasets/water/IWHR_AI_Lable_Floater_V1/raw/package1/JPEGImages/1059.jpg,datasets/water/IWHR_AI_Lable_Floater_V1/raw/package1/JPEGImages/1084.jpg,package1,package1,rubbish,rubbish,True,False
near_duplicate_dhash,6,datasets/water/IWHR_AI_Lable_Floater_V1/raw/package1/JPEGImages/1059.jpg,datasets/water/IWHR_AI_Lable_Floater_V1/raw/package1/JPEGImages/1471.jpg,package1,package1,rubbish,rubbish,True,False
near_duplicate_dhash,8,datasets/water/IWHR_AI_Lable_Floater_V1/raw/package1/JPEGImages/1059.jpg,datasets/water/IWHR_AI_Lable_Floater_V1/raw/package1/JPEGImages/1493.jpg,package1,package1,rubbish,rubbish,True,False
near_duplicate_dhash,6,datasets/water/IWHR_AI_Lable_Floater_V1/raw/package1/JPEGImages/1062.jpg,datasets/water/IWHR_AI_Lable_Floater_V1/raw/package1/JPEGImages/1116.jpg,package1,package1,rubbish,rubbish,True,False
near_duplicate_dhash,8,datasets/water/IWHR_AI_Lable_Floater_V1/raw/package1/JPEGImages/1063.jpg,datasets/water/IWHR_AI_Lable_Floater_V1/raw/package1/JPEGImages/1098.jpg,package1,package1,rubbish,rubbish,True,False
near_duplicate_dhash,6,datasets/water/IWHR_AI_Lable_Floater_V1/raw/package1/JPEGImages/1067.jpg,datasets/water/IWHR_AI_Lable_Floater_V1/raw/package1/JPEGImages/1096.jpg,package1,package1,rubbish,rubbish,True,False
near_duplicate_dhash,6,datasets/water/IWHR_AI_Lable_Floater_V1/raw/package1/JPEGImages/1068.jpg,datasets/water/IWHR_AI_Lable_Floater_V1/raw/package1/JPEGImages/1323.jpg,package1,package1,rubbish,rubbish,True,False
near_duplicate_dhash,7,datasets/water/IWHR_AI_Lable_Floater_V1/raw/package1/JPEGImages/1069.jpg,datasets/water/IWHR_AI_Lable_Floater_V1/raw/package1/JPEGImages/1171.jpg,package1,package1,rubbish,rubbish,True,False
near_duplicate_dhash,7,datasets/water/IWHR_AI_Lable_Floater_V1/raw/package1/JPEGImages/1070.jpg,datasets/water/IWHR_AI_Lable_Floater_V1/raw/package1/JPEGImages/1100.jpg,package1,package1,rubbish,rubbish,True,False
near_duplicate_dhash,6,datasets/water/IWHR_AI_Lable_Floater_V1/raw/package1/JPEGImages/1071.jpg,datasets/water/IWHR_AI_Lable_Floater_V1/raw/package1/JPEGImages/1102.jpg,package1,package1,rubbish,rubbish,True,False
near_duplicate_dhash,6,datasets/water/IWHR_AI_Lable_Floater_V1/raw/package1/JPEGImages/1073.jpg,datasets/water/IWHR_AI_Lable_Floater_V1/raw/package1/JPEGImages/1125.jpg,package1,package1,rubbish,rubbish,True,False
near_duplicate_dhash,7,datasets/water/IWHR_AI_Lable_Floater_V1/raw/package1/JPEGImages/1074.jpg,datasets/water/IWHR_AI_Lable_Floater_V1/raw/package1/JPEGImages/1104.jpg,package1,package1,rubbish,rubbish,True,False
near_duplicate_dhash,6,datasets/water/IWHR_AI_Lable_Floater_V1/raw/package1/JPEGImages/1075.jpg,datasets/water/IWHR_AI_Lable_Floater_V1/raw/package1/JPEGImages/1153.jpg,package1,package1,rubbish,rubbish,True,False
near_duplicate_dhash,8,datasets/water/IWHR_AI_Lable_Floater_V1/raw/package1/JPEGImages/1076.jpg,datasets/water/IWHR_AI_Lable_Floater_V1/raw/package1/JPEGImages/1128.jpg,package1,package1,rubbish,rubbish,True,False
near_duplicate_dhash,7,datasets/water/IWHR_AI_Lable_Floater_V1/raw/package1/JPEGImages/1080.jpg,datasets/water/IWHR_AI_Lable_Floater_V1/raw/package1/JPEGImages/1110.jpg,package1,package1,rubbish,rubbish,True,False
near_duplicate_dhash,6,datasets/water/IWHR_AI_Lable_Floater_V1/raw/package1/JPEGImages/1082.jpg,datasets/water/IWHR_AI_Lable_Floater_V1/raw/package1/JPEGImages/1112.jpg,package1,package1,rubbish,rubbish,True,False
near_duplicate_dhash,8,datasets/water/IWHR_AI_Lable_Floater_V1/raw/package1/JPEGImages/1082.jpg,datasets/water/IWHR_AI_Lable_Floater_V1/raw/package1/JPEGImages/1137.jpg,package1,package1,rubbish,rubbish,True,False
near_duplicate_dhash,8,datasets/water/IWHR_AI_Lable_Floater_V1/raw/package1/JPEGImages/1084.jpg,datasets/water/IWHR_AI_Lable_Floater_V1/raw/package1/JPEGImages/1139.jpg,package1,package1,rubbish,rubbish,True,False
near_duplicate_dhash,7,datasets/water/IWHR_AI_Lable_Floater_V1/raw/package1/JPEGImages/1084.jpg,datasets/water/IWHR_AI_Lable_Floater_V1/raw/package1/JPEGImages/1471.jpg,package1,package1,rubbish,rubbish,True,False
near_duplicate_dhash,8,datasets/water/IWHR_AI_Lable_Floater_V1/raw/package1/JPEGImages/1086.jpg,datasets/water/IWHR_AI_Lable_Floater_V1/raw/package1/JPEGImages/1114.jpg,package1,package1,rubbish,rubbish,True,False
near_duplicate_dhash,8,datasets/water/IWHR_AI_Lable_Floater_V1/raw/package1/JPEGImages/1088.jpg,datasets/water/IWHR_AI_Lable_Floater_V1/raw/package1/JPEGImages/1206.jpg,package1,package1,rubbish,rubbish,True,False
near_duplicate_dhash,6,datasets/water/IWHR_AI_Lable_Floater_V1/raw/package1/JPEGImages/1091.jpg,datasets/water/IWHR_AI_Lable_Floater_V1/raw/package1/JPEGImages/1326.jpg,package1,package1,fishing-2,rubbish,False,False
near_duplicate_dhash,7,datasets/water/IWHR_AI_Lable_Floater_V1/raw/package1/JPEGImages/1092.jpg,datasets/water/IWHR_AI_Lable_Floater_V1/raw/package1/JPEGImages/1143.jpg,package1,package1,rubbish,rubbish,True,False
near_duplicate_dhash,8,datasets/water/IWHR_AI_Lable_Floater_V1/raw/package1/JPEGImages/1095.jpg,datasets/water/IWHR_AI_Lable_Floater_V1/raw/package1/JPEGImages/1144.jpg,package1,package1,rubbish,rubbish,True,False
near_duplicate_dhash,8,datasets/water/IWHR_AI_Lable_Floater_V1/raw/package1/JPEGImages/1096.jpg,datasets/water/IWHR_AI_Lable_Floater_V1/raw/package1/JPEGImages/1145.jpg,package1,package1,rubbish,rubbish,True,False
near_duplicate_dhash,6,datasets/water/IWHR_AI_Lable_Floater_V1/raw/package1/JPEGImages/1098.jpg,datasets/water/IWHR_AI_Lable_Floater_V1/raw/package2/JPEGImages/2139.jpg,package1,package2,rubbish,fishing-1,False,True
near_duplicate_dhash,6,datasets/water/IWHR_AI_Lable_Floater_V1/raw/package1/JPEGImages/1098.jpg,datasets/water/IWHR_AI_Lable_Floater_V1/raw/package2/JPEGImages/2735.jpg,package1,package2,rubbish,fishing-1,False,True
near_duplicate_dhash,7,datasets/water/IWHR_AI_Lable_Floater_V1/raw/package1/JPEGImages/1101.jpg,datasets/water/IWHR_AI_Lable_Floater_V1/raw/package1/JPEGImages/1352.jpg,package1,package1,rubbish,rubbish,True,False
near_duplicate_dhash,7,datasets/water/IWHR_AI_Lable_Floater_V1/raw/package1/JPEGImages/1102.jpg,datasets/water/IWHR_AI_Lable_Floater_V1/raw/package1/JPEGImages/1123.jpg,package1,package1,rubbish,rubbish,True,False
near_duplicate_dhash,7,datasets/water/IWHR_AI_Lable_Floater_V1/raw/package1/JPEGImages/1104.jpg,datasets/water/IWHR_AI_Lable_Floater_V1/raw/package1/JPEGImages/1126.jpg,package1,package1,rubbish,rubbish,True,False
near_duplicate_dhash,7,datasets/water/IWHR_AI_Lable_Floater_V1/raw/package1/JPEGImages/1107.jpg,datasets/water/IWHR_AI_Lable_Floater_V1/raw/package1/JPEGImages/1245.jpg,package1,package1,rubbish,rubbish,True,False
near_duplicate_dhash,8,datasets/water/IWHR_AI_Lable_Floater_V1/raw/package1/JPEGImages/1107.jpg,datasets/water/IWHR_AI_Lable_Floater_V1/raw/package1/JPEGImages/1264.jpg,package1,package1,rubbish,rubbish,True,False
near_duplicate_dhash,8,datasets/water/IWHR_AI_Lable_Floater_V1/raw/package1/JPEGImages/1108.jpg,datasets/water/IWHR_AI_Lable_Floater_V1/raw/package1/JPEGImages/1130.jpg,package1,package1,rubbish,rubbish,True,False
near_duplicate_dhash,7,datasets/water/IWHR_AI_Lable_Floater_V1/raw/package1/JPEGImages/1110.jpg,datasets/water/IWHR_AI_Lable_Floater_V1/raw/package1/JPEGImages/1133.jpg,package1,package1,rubbish,rubbish,True,False
near_duplicate_dhash,6,datasets/water/IWHR_AI_Lable_Floater_V1/raw/package1/JPEGImages/1112.jpg,datasets/water/IWHR_AI_Lable_Floater_V1/raw/package1/JPEGImages/1161.jpg,package1,package1,rubbish,rubbish,True,False
near_duplicate_dhash,8,datasets/water/IWHR_AI_Lable_Floater_V1/raw/package1/JPEGImages/1115.jpg,datasets/water/IWHR_AI_Lable_Floater_V1/raw/package1/JPEGImages/1165.jpg,package1,package1,rubbish,rubbish,True,False
near_duplicate_dhash,7,datasets/water/IWHR_AI_Lable_Floater_V1/raw/package1/JPEGImages/1116.jpg,datasets/water/IWHR_AI_Lable_Floater_V1/raw/package1/JPEGImages/1324.jpg,package1,package1,rubbish,rubbish,True,False
near_duplicate_dhash,8,datasets/water/IWHR_AI_Lable_Floater_V1/raw/package1/JPEGImages/1118.jpg,datasets/water/IWHR_AI_Lable_Floater_V1/raw/package2/JPEGImages/2058.jpg,package1,package2,rubbish,fishing-1,False,True
near_duplicate_dhash,8,datasets/water/IWHR_AI_Lable_Floater_V1/raw/package1/JPEGImages/1118.jpg,datasets/water/IWHR_AI_Lable_Floater_V1/raw/package2/JPEGImages/2516.jpg,package1,package2,rubbish,rubbish,True,True
near_duplicate_dhash,6,datasets/water/IWHR_AI_Lable_Floater_V1/raw/package1/JPEGImages/1118.jpg,datasets/water/IWHR_AI_Lable_Floater_V1/raw/package2/JPEGImages/2863.jpg,package1,package2,rubbish,fishing-1,False,True
near_duplicate_dhash,8,datasets/water/IWHR_AI_Lable_Floater_V1/raw/package1/JPEGImages/1121.jpg,datasets/water/IWHR_AI_Lable_Floater_V1/raw/package1/JPEGImages/1170.jpg,package1,package1,rubbish,rubbish,True,False
near_duplicate_dhash,6,datasets/water/IWHR_AI_Lable_Floater_V1/raw/package1/JPEGImages/1122.jpg,datasets/water/IWHR_AI_Lable_Floater_V1/raw/package1/JPEGImages/1172.jpg,package1,package1,rubbish,rubbish,True,False
near_duplicate_dhash,7,datasets/water/IWHR_AI_Lable_Floater_V1/raw/package1/JPEGImages/1125.jpg,datasets/water/IWHR_AI_Lable_Floater_V1/raw/package1/JPEGImages/1175.jpg,package1,package1,rubbish,rubbish,True,False
near_duplicate_dhash,6,datasets/water/IWHR_AI_Lable_Floater_V1/raw/package1/JPEGImages/1126.jpg,datasets/water/IWHR_AI_Lable_Floater_V1/raw/package1/JPEGImages/1176.jpg,package1,package1,rubbish,rubbish,True,False
near_duplicate_dhash,6,datasets/water/IWHR_AI_Lable_Floater_V1/raw/package1/JPEGImages/1128.jpg,datasets/water/IWHR_AI_Lable_Floater_V1/raw/package1/JPEGImages/1178.jpg,package1,package1,rubbish,rubbish,True,False
near_duplicate_dhash,8,datasets/water/IWHR_AI_Lable_Floater_V1/raw/package1/JPEGImages/1128.jpg,datasets/water/IWHR_AI_Lable_Floater_V1/raw/package1/JPEGImages/1195.jpg,package1,package1,rubbish,rubbish,True,False
near_duplicate_dhash,6,datasets/water/IWHR_AI_Lable_Floater_V1/raw/package1/JPEGImages/1135.jpg,datasets/water/IWHR_AI_Lable_Floater_V1/raw/package2/JPEGImages/2978.jpg,package1,package2,rubbish,rubbish,True,True
near_duplicate_dhash,7,datasets/water/IWHR_AI_Lable_Floater_V1/raw/package1/JPEGImages/1137.jpg,datasets/water/IWHR_AI_Lable_Floater_V1/raw/package1/JPEGImages/1183.jpg,package1,package1,rubbish,rubbish,True,False
near_duplicate_dhash,6,datasets/water/IWHR_AI_Lable_Floater_V1/raw/package1/JPEGImages/1138.jpg,datasets/water/IWHR_AI_Lable_Floater_V1/raw/package1/JPEGImages/1230.jpg,package1,package1,rubbish,rubbish,True,False
near_duplicate_dhash,6,datasets/water/IWHR_AI_Lable_Floater_V1/raw/package1/JPEGImages/1139.jpg,datasets/water/IWHR_AI_Lable_Floater_V1/raw/package1/JPEGImages/1203.jpg,package1,package1,rubbish,rubbish,True,False
near_duplicate_dhash,8,datasets/water/IWHR_AI_Lable_Floater_V1/raw/package1/JPEGImages/1140.jpg,datasets/water/IWHR_AI_Lable_Floater_V1/raw/package1/JPEGImages/1164.jpg,package1,package1,rubbish,rubbish,True,False
near_duplicate_dhash,6,datasets/water/IWHR_AI_Lable_Floater_V1/raw/package1/JPEGImages/1144.jpg,datasets/water/IWHR_AI_Lable_Floater_V1/raw/package1/JPEGImages/1168.jpg,package1,package1,rubbish,rubbish,True,False
near_duplicate_dhash,7,datasets/water/IWHR_AI_Lable_Floater_V1/raw/package1/JPEGImages/1144.jpg,datasets/water/IWHR_AI_Lable_Floater_V1/raw/package1/JPEGImages/1190.jpg,package1,package1,rubbish,rubbish,True,False
near_duplicate_dhash,8,datasets/water/IWHR_AI_Lable_Floater_V1/raw/package1/JPEGImages/1146.jpg,datasets/water/IWHR_AI_Lable_Floater_V1/raw/package2/JPEGImages/2888.jpg,package1,package2,rubbish,rubbish,True,True
near_duplicate_dhash,6,datasets/water/IWHR_AI_Lable_Floater_V1/raw/package1/JPEGImages/1151.jpg,datasets/water/IWHR_AI_Lable_Floater_V1/raw/package1/JPEGImages/1174.jpg,package1,package1,rubbish,rubbish,True,False
near_duplicate_dhash,6,datasets/water/IWHR_AI_Lable_Floater_V1/raw/package1/JPEGImages/1152.jpg,datasets/water/IWHR_AI_Lable_Floater_V1/raw/package1/JPEGImages/1194.jpg,package1,package1,rubbish,rubbish,True,False
near_duplicate_dhash,7,datasets/water/IWHR_AI_Lable_Floater_V1/raw/package1/JPEGImages/1153.jpg,datasets/water/IWHR_AI_Lable_Floater_V1/raw/package1/JPEGImages/1177.jpg,package1,package1,rubbish,rubbish,True,False
near_duplicate_dhash,8,datasets/water/IWHR_AI_Lable_Floater_V1/raw/package1/JPEGImages/1154.jpg,datasets/water/IWHR_AI_Lable_Floater_V1/raw/package1/JPEGImages/1222.jpg,package1,package1,rubbish,rubbish,True,False
near_duplicate_dhash,6,datasets/water/IWHR_AI_Lable_Floater_V1/raw/package1/JPEGImages/1157.jpg,datasets/water/IWHR_AI_Lable_Floater_V1/raw/package1/JPEGImages/1225.jpg,package1,package1,rubbish,rubbish,True,False
near_duplicate_dhash,7,datasets/water/IWHR_AI_Lable_Floater_V1/raw/package1/JPEGImages/1162.jpg,datasets/water/IWHR_AI_Lable_Floater_V1/raw/package2/JPEGImages/1840.jpg,package1,package2,rubbish,rubbish,True,True
near_duplicate_dhash,8,datasets/water/IWHR_AI_Lable_Floater_V1/raw/package1/JPEGImages/1167.jpg,datasets/water/IWHR_AI_Lable_Floater_V1/raw/package2/JPEGImages/2311.jpg,package1,package2,rubbish,rubbish,True,True
near_duplicate_dhash,7,datasets/water/IWHR_AI_Lable_Floater_V1/raw/package1/JPEGImages/1167.jpg,datasets/water/IWHR_AI_Lable_Floater_V1/raw/package2/JPEGImages/2906.jpg,package1,package2,rubbish,fishing-1,False,True
near_duplicate_dhash,7,datasets/water/IWHR_AI_Lable_Floater_V1/raw/package1/JPEGImages/1168.jpg,datasets/water/IWHR_AI_Lable_Floater_V1/raw/package1/JPEGImages/1212.jpg,package1,package1,rubbish,rubbish,True,False
near_duplicate_dhash,8,datasets/water/IWHR_AI_Lable_Floater_V1/raw/package1/JPEGImages/1169.jpg,datasets/water/IWHR_AI_Lable_Floater_V1/raw/package1/JPEGImages/1213.jpg,package1,package1,rubbish,rubbish,True,False
near_duplicate_dhash,6,datasets/water/IWHR_AI_Lable_Floater_V1/raw/package1/JPEGImages/1170.jpg,datasets/water/IWHR_AI_Lable_Floater_V1/raw/package1/JPEGImages/1237.jpg,package1,package1,rubbish,rubbish,True,False
near_duplicate_dhash,6,datasets/water/IWHR_AI_Lable_Floater_V1/raw/package1/JPEGImages/1177.jpg,datasets/water/IWHR_AI_Lable_Floater_V1/raw/package1/JPEGImages/1243.jpg,package1,package1,rubbish,rubbish,True,False
near_duplicate_dhash,6,datasets/water/IWHR_AI_Lable_Floater_V1/raw/package1/JPEGImages/1178.jpg,datasets/water/IWHR_AI_Lable_Floater_V1/raw/package1/JPEGImages/1222.jpg,package1,package1,rubbish,rubbish,True,False
near_duplicate_dhash,8,datasets/water/IWHR_AI_Lable_Floater_V1/raw/package1/JPEGImages/1180.jpg,datasets/water/IWHR_AI_Lable_Floater_V1/raw/package1/JPEGImages/1226.jpg,package1,package1,rubbish,rubbish,True,False
near_duplicate_dhash,6,datasets/water/IWHR_AI_Lable_Floater_V1/raw/package1/JPEGImages/1181.jpg,datasets/water/IWHR_AI_Lable_Floater_V1/raw/package1/JPEGImages/1200.jpg,package1,package1,rubbish,rubbish,True,False
near_duplicate_dhash,7,datasets/water/IWHR_AI_Lable_Floater_V1/raw/package1/JPEGImages/1182.jpg,datasets/water/IWHR_AI_Lable_Floater_V1/raw/package1/JPEGImages/1201.jpg,package1,package1,rubbish,rubbish,True,False
near_duplicate_dhash,6,datasets/water/IWHR_AI_Lable_Floater_V1/raw/package1/JPEGImages/1183.jpg,datasets/water/IWHR_AI_Lable_Floater_V1/raw/package1/JPEGImages/1202.jpg,package1,package1,rubbish,rubbish,True,False
near_duplicate_dhash,6,datasets/water/IWHR_AI_Lable_Floater_V1/raw/package1/JPEGImages/1185.jpg,datasets/water/IWHR_AI_Lable_Floater_V1/raw/package1/JPEGImages/1230.jpg,package1,package1,rubbish,rubbish,True,False
near_duplicate_dhash,7,datasets/water/IWHR_AI_Lable_Floater_V1/raw/package1/JPEGImages/1187.jpg,datasets/water/IWHR_AI_Lable_Floater_V1/raw/package1/JPEGImages/1205.jpg,package1,package1,rubbish,rubbish,True,False
near_duplicate_dhash,8,datasets/water/IWHR_AI_Lable_Floater_V1/raw/package1/JPEGImages/1188.jpg,datasets/water/IWHR_AI_Lable_Floater_V1/raw/package2/JPEGImages/1662.jpg,package1,package2,rubbish,fishing-1,False,True
near_duplicate_dhash,6,datasets/water/IWHR_AI_Lable_Floater_V1/raw/package1/JPEGImages/1190.jpg,datasets/water/IWHR_AI_Lable_Floater_V1/raw/package1/JPEGImages/1212.jpg,package1,package1,rubbish,rubbish,True,False
near_duplicate_dhash,6,datasets/water/IWHR_AI_Lable_Floater_V1/raw/package1/JPEGImages/1192.jpg,datasets/water/IWHR_AI_Lable_Floater_V1/raw/package1/JPEGImages/1217.jpg,package1,package1,rubbish,rubbish,True,False
near_duplicate_dhash,8,datasets/water/IWHR_AI_Lable_Floater_V1/raw/package1/JPEGImages/1194.jpg,datasets/water/IWHR_AI_Lable_Floater_V1/raw/package1/JPEGImages/1443.jpg,package1,package1,rubbish,rubbish,True,False
near_duplicate_dhash,8,datasets/water/IWHR_AI_Lable_Floater_V1/raw/package1/JPEGImages/1195.jpg,datasets/water/IWHR_AI_Lable_Floater_V1/raw/package1/JPEGImages/1244.jpg,package1,package1,rubbish,rubbish,True,False
near_duplicate_dhash,7,datasets/water/IWHR_AI_Lable_Floater_V1/raw/package1/JPEGImages/1196.jpg,datasets/water/IWHR_AI_Lable_Floater_V1/raw/package1/JPEGImages/1224.jpg,package1,package1,rubbish,rubbish,True,False
near_duplicate_dhash,8,datasets/water/IWHR_AI_Lable_Floater_V1/raw/package1/JPEGImages/1197.jpg,datasets/water/IWHR_AI_Lable_Floater_V1/raw/package1/JPEGImages/1226.jpg,package1,package1,rubbish,rubbish,True,False
near_duplicate_dhash,7,datasets/water/IWHR_AI_Lable_Floater_V1/raw/package1/JPEGImages/1199.jpg,datasets/water/IWHR_AI_Lable_Floater_V1/raw/package2/JPEGImages/2987.jpg,package1,package2,rubbish,rubbish,True,True
near_duplicate_dhash,7,datasets/water/IWHR_AI_Lable_Floater_V1/raw/package1/JPEGImages/1201.jpg,datasets/water/IWHR_AI_Lable_Floater_V1/raw/package1/JPEGImages/1250.jpg,package1,package1,rubbish,rubbish,True,False
near_duplicate_dhash,7,datasets/water/IWHR_AI_Lable_Floater_V1/raw/package1/JPEGImages/1202.jpg,datasets/water/IWHR_AI_Lable_Floater_V1/raw/package1/JPEGImages/1229.jpg,package1,package1,rubbish,rubbish,True,False
near_duplicate_dhash,8,datasets/water/IWHR_AI_Lable_Floater_V1/raw/package1/JPEGImages/1203.jpg,datasets/water/IWHR_AI_Lable_Floater_V1/raw/package1/JPEGImages/1296.jpg,package1,package1,rubbish,rubbish,True,False
near_duplicate_dhash,7,datasets/water/IWHR_AI_Lable_Floater_V1/raw/package1/JPEGImages/1205.jpg,datasets/water/IWHR_AI_Lable_Floater_V1/raw/package1/JPEGImages/1232.jpg,package1,package1,rubbish,rubbish,True,False
near_duplicate_dhash,8,datasets/water/IWHR_AI_Lable_Floater_V1/raw/package1/JPEGImages/1206.jpg,datasets/water/IWHR_AI_Lable_Floater_V1/raw/package2/JPEGImages/1662.jpg,package1,package2,rubbish,fishing-1,False,True
near_duplicate_dhash,8,datasets/water/IWHR_AI_Lable_Floater_V1/raw/package1/JPEGImages/1206.jpg,datasets/water/IWHR_AI_Lable_Floater_V1/raw/package2/JPEGImages/2359.jpg,package1,package2,rubbish,rubbish,True,True
near_duplicate_dhash,7,datasets/water/IWHR_AI_Lable_Floater_V1/raw/package1/JPEGImages/1206.jpg,datasets/water/IWHR_AI_Lable_Floater_V1/raw/package2/JPEGImages/2951.jpg,package1,package2,rubbish,fishing-1,False,True
near_duplicate_dhash,7,datasets/water/IWHR_AI_Lable_Floater_V1/raw/package1/JPEGImages/1207.jpg,datasets/water/IWHR_AI_Lable_Floater_V1/raw/package1/JPEGImages/1453.jpg,package1,package1,rubbish,rubbish,True,False
near_duplicate_dhash,8,datasets/water/IWHR_AI_Lable_Floater_V1/raw/package1/JPEGImages/1208.jpg,datasets/water/IWHR_AI_Lable_Floater_V1/raw/package1/JPEGImages/1350.jpg,package1,package1,rubbish,rubbish,True,False
near_duplicate_dhash,6,datasets/water/IWHR_AI_Lable_Floater_V1/raw/package1/JPEGImages/1209.jpg,datasets/water/IWHR_AI_Lable_Floater_V1/raw/package1/JPEGImages/1326.jpg,package1,package1,rubbish,rubbish,True,False
near_duplicate_dhash,7,datasets/water/IWHR_AI_Lable_Floater_V1/raw/package1/JPEGImages/1215.jpg,datasets/water/IWHR_AI_Lable_Floater_V1/raw/package1/JPEGImages/1306.jpg,package1,package1,rubbish,rubbish,True,False
near_duplicate_dhash,7,datasets/water/IWHR_AI_Lable_Floater_V1/raw/package1/JPEGImages/1216.jpg,datasets/water/IWHR_AI_Lable_Floater_V1/raw/package1/JPEGImages/1240.jpg,package1,package1,rubbish,rubbish,True,False
near_duplicate_dhash,8,datasets/water/IWHR_AI_Lable_Floater_V1/raw/package1/JPEGImages/1220.jpg,datasets/water/IWHR_AI_Lable_Floater_V1/raw/package1/JPEGImages/1363.jpg,package1,package1,rubbish,rubbish,True,False
near_duplicate_dhash,8,datasets/water/IWHR_AI_Lable_Floater_V1/raw/package1/JPEGImages/1221.jpg,datasets/water/IWHR_AI_Lable_Floater_V1/raw/package2/JPEGImages/2366.jpg,package1,package2,rubbish,rubbish,True,True
near_duplicate_dhash,7,datasets/water/IWHR_AI_Lable_Floater_V1/raw/package1/JPEGImages/1221.jpg,datasets/water/IWHR_AI_Lable_Floater_V1/raw/package2/JPEGImages/2959.jpg,package1,package2,rubbish,fishing-1,False,True
near_duplicate_dhash,7,datasets/water/IWHR_AI_Lable_Floater_V1/raw/package1/JPEGImages/1223.jpg,datasets/water/IWHR_AI_Lable_Floater_V1/raw/package1/JPEGImages/1264.jpg,package1,package1,rubbish,rubbish,True,False
near_duplicate_dhash,7,datasets/water/IWHR_AI_Lable_Floater_V1/raw/package1/JPEGImages/1224.jpg,datasets/water/IWHR_AI_Lable_Floater_V1/raw/package1/JPEGImages/1246.jpg,package1,package1,rubbish,rubbish,True,False
near_duplicate_dhash,6,datasets/water/IWHR_AI_Lable_Floater_V1/raw/package1/JPEGImages/1225.jpg,datasets/water/IWHR_AI_Lable_Floater_V1/raw/package1/JPEGImages/1247.jpg,package1,package1,rubbish,rubbish,True,False
near_duplicate_dhash,6,datasets/water/IWHR_AI_Lable_Floater_V1/raw/package1/JPEGImages/1228.jpg,datasets/water/IWHR_AI_Lable_Floater_V1/raw/package1/JPEGImages/1250.jpg,package1,package1,rubbish,rubbish,True,False
near_duplicate_dhash,7,datasets/water/IWHR_AI_Lable_Floater_V1/raw/package1/JPEGImages/1232.jpg,datasets/water/IWHR_AI_Lable_Floater_V1/raw/package1/JPEGImages/1255.jpg,package1,package1,rubbish,rubbish,True,False
near_duplicate_dhash,8,datasets/water/IWHR_AI_Lable_Floater_V1/raw/package1/JPEGImages/1236.jpg,datasets/water/IWHR_AI_Lable_Floater_V1/raw/package1/JPEGImages/1258.jpg,package1,package1,rubbish,rubbish,True,False
near_duplicate_dhash,6,datasets/water/IWHR_AI_Lable_Floater_V1/raw/package1/JPEGImages/1240.jpg,datasets/water/IWHR_AI_Lable_Floater_V1/raw/package1/JPEGImages/1260.jpg,package1,package1,rubbish,rubbish,True,False
near_duplicate_dhash,7,datasets/water/IWHR_AI_Lable_Floater_V1/raw/package1/JPEGImages/1242.jpg,datasets/water/IWHR_AI_Lable_Floater_V1/raw/package1/JPEGImages/1282.jpg,package1,package1,rubbish,rubbish,True,False
near_duplicate_dhash,8,datasets/water/IWHR_AI_Lable_Floater_V1/raw/package1/JPEGImages/1242.jpg,datasets/water/IWHR_AI_Lable_Floater_V1/raw/package1/JPEGImages/1309.jpg,package1,package1,rubbish,rubbish,True,False
near_duplicate_dhash,6,datasets/water/IWHR_AI_Lable_Floater_V1/raw/package1/JPEGImages/1243.jpg,datasets/water/IWHR_AI_Lable_Floater_V1/raw/package1/JPEGImages/1363.jpg,package1,package1,rubbish,rubbish,True,False
near_duplicate_dhash,8,datasets/water/IWHR_AI_Lable_Floater_V1/raw/package1/JPEGImages/1247.jpg,datasets/water/IWHR_AI_Lable_Floater_V1/raw/package1/JPEGImages/1287.jpg,package1,package1,rubbish,rubbish,True,False
near_duplicate_dhash,8,datasets/water/IWHR_AI_Lable_Floater_V1/raw/package1/JPEGImages/1247.jpg,datasets/water/IWHR_AI_Lable_Floater_V1/raw/package1/JPEGImages/1314.jpg,package1,package1,rubbish,rubbish,True,False
near_duplicate_dhash,8,datasets/water/IWHR_AI_Lable_Floater_V1/raw/package1/JPEGImages/1248.jpg,datasets/water/IWHR_AI_Lable_Floater_V1/raw/package1/JPEGImages/1288.jpg,package1,package1,rubbish,rubbish,True,False
near_duplicate_dhash,7,datasets/water/IWHR_AI_Lable_Floater_V1/raw/package1/JPEGImages/1250.jpg,datasets/water/IWHR_AI_Lable_Floater_V1/raw/package1/JPEGImages/1268.jpg,package1,package1,rubbish,rubbish,True,False
near_duplicate_dhash,6,datasets/water/IWHR_AI_Lable_Floater_V1/raw/package1/JPEGImages/1251.jpg,datasets/water/IWHR_AI_Lable_Floater_V1/raw/package1/JPEGImages/1318.jpg,package1,package1,rubbish,rubbish,True,False
near_duplicate_dhash,8,datasets/water/IWHR_AI_Lable_Floater_V1/raw/package1/JPEGImages/1251.jpg,datasets/water/IWHR_AI_Lable_Floater_V1/raw/package1/JPEGImages/1344.jpg,package1,package1,rubbish,rubbish,True,False
near_duplicate_dhash,7,datasets/water/IWHR_AI_Lable_Floater_V1/raw/package1/JPEGImages/1254.jpg,datasets/water/IWHR_AI_Lable_Floater_V1/raw/package1/JPEGImages/1272.jpg,package1,package1,rubbish,rubbish,True,False
near_duplicate_dhash,7,datasets/water/IWHR_AI_Lable_Floater_V1/raw/package1/JPEGImages/1258.jpg,datasets/water/IWHR_AI_Lable_Floater_V1/raw/package1/JPEGImages/1302.jpg,package1,package1,rubbish,rubbish,True,False
near_duplicate_dhash,7,datasets/water/IWHR_AI_Lable_Floater_V1/raw/package1/JPEGImages/1260.jpg,datasets/water/IWHR_AI_Lable_Floater_V1/raw/package1/JPEGImages/1280.jpg,package1,package1,rubbish,rubbish,True,False
near_duplicate_dhash,7,datasets/water/IWHR_AI_Lable_Floater_V1/raw/package1/JPEGImages/1261.jpg,datasets/water/IWHR_AI_Lable_Floater_V1/raw/package1/JPEGImages/1281.jpg,package1,package1,rubbish,rubbish,True,False
near_duplicate_dhash,6,datasets/water/IWHR_AI_Lable_Floater_V1/raw/package1/JPEGImages/1262.jpg,datasets/water/IWHR_AI_Lable_Floater_V1/raw/package1/JPEGImages/1309.jpg,package1,package1,rubbish,rubbish,True,False
near_duplicate_dhash,7,datasets/water/IWHR_AI_Lable_Floater_V1/raw/package1/JPEGImages/1264.jpg,datasets/water/IWHR_AI_Lable_Floater_V1/raw/package1/JPEGImages/1285.jpg,package1,package1,rubbish,rubbish,True,False
near_duplicate_dhash,7,datasets/water/IWHR_AI_Lable_Floater_V1/raw/package1/JPEGImages/1268.jpg,datasets/water/IWHR_AI_Lable_Floater_V1/raw/package1/JPEGImages/1291.jpg,package1,package1,rubbish,rubbish,True,False
near_duplicate_dhash,6,datasets/water/IWHR_AI_Lable_Floater_V1/raw/package1/JPEGImages/1269.jpg,datasets/water/IWHR_AI_Lable_Floater_V1/raw/package1/JPEGImages/1318.jpg,package1,package1,rubbish,rubbish,True,False
near_duplicate_dhash,8,datasets/water/IWHR_AI_Lable_Floater_V1/raw/package1/JPEGImages/1269.jpg,datasets/water/IWHR_AI_Lable_Floater_V1/raw/package1/JPEGImages/1344.jpg,package1,package1,rubbish,rubbish,True,False
near_duplicate_dhash,6,datasets/water/IWHR_AI_Lable_Floater_V1/raw/package1/JPEGImages/1270.jpg,datasets/water/IWHR_AI_Lable_Floater_V1/raw/package1/JPEGImages/1293.jpg,package1,package1,rubbish,rubbish,True,False
near_duplicate_dhash,6,datasets/water/IWHR_AI_Lable_Floater_V1/raw/package1/JPEGImages/1273.jpg,datasets/water/IWHR_AI_Lable_Floater_V1/raw/package1/JPEGImages/1298.jpg,package1,package1,rubbish,rubbish,True,False
near_duplicate_dhash,7,datasets/water/IWHR_AI_Lable_Floater_V1/raw/package1/JPEGImages/1274.jpg,datasets/water/IWHR_AI_Lable_Floater_V1/raw/package2/JPEGImages/1943.jpg,package1,package2,rubbish,rubbish,True,True
near_duplicate_dhash,8,datasets/water/IWHR_AI_Lable_Floater_V1/raw/package1/JPEGImages/1274.jpg,datasets/water/IWHR_AI_Lable_Floater_V1/raw/package2/JPEGImages/2997.jpg,package1,package2,rubbish,rubbish,True,True
near_duplicate_dhash,7,datasets/water/IWHR_AI_Lable_Floater_V1/raw/package1/JPEGImages/1275.jpg,datasets/water/IWHR_AI_Lable_Floater_V1/raw/package1/JPEGImages/1300.jpg,package1,package1,rubbish,rubbish,True,False
near_duplicate_dhash,8,datasets/water/IWHR_AI_Lable_Floater_V1/raw/package1/JPEGImages/1275.jpg,datasets/water/IWHR_AI_Lable_Floater_V1/raw/package1/JPEGImages/1325.jpg,package1,package1,rubbish,rubbish,True,False
near_duplicate_dhash,8,datasets/water/IWHR_AI_Lable_Floater_V1/raw/package1/JPEGImages/1278.jpg,datasets/water/IWHR_AI_Lable_Floater_V1/raw/package1/JPEGImages/1327.jpg,package1,package1,rubbish,rubbish,True,False
near_duplicate_dhash,7,datasets/water/IWHR_AI_Lable_Floater_V1/raw/package1/JPEGImages/1279.jpg,datasets/water/IWHR_AI_Lable_Floater_V1/raw/package1/JPEGImages/1304.jpg,package1,package1,rubbish,rubbish,True,False
near_duplicate_dhash,8,datasets/water/IWHR_AI_Lable_Floater_V1/raw/package1/JPEGImages/1279.jpg,datasets/water/IWHR_AI_Lable_Floater_V1/raw/package1/JPEGImages/1329.jpg,package1,package1,rubbish,rubbish,True,False
near_duplicate_dhash,8,datasets/water/IWHR_AI_Lable_Floater_V1/raw/package1/JPEGImages/1281.jpg,datasets/water/IWHR_AI_Lable_Floater_V1/raw/package1/JPEGImages/1332.jpg,package1,package1,rubbish,rubbish,True,False
near_duplicate_dhash,7,datasets/water/IWHR_AI_Lable_Floater_V1/raw/package1/JPEGImages/1287.jpg,datasets/water/IWHR_AI_Lable_Floater_V1/raw/package1/JPEGImages/1339.jpg,package1,package1,rubbish,rubbish,True,False
near_duplicate_dhash,8,datasets/water/IWHR_AI_Lable_Floater_V1/raw/package1/JPEGImages/1289.jpg,datasets/water/IWHR_AI_Lable_Floater_V1/raw/package1/JPEGImages/1412.jpg,package1,package1,rubbish,rubbish,True,False
near_duplicate_dhash,6,datasets/water/IWHR_AI_Lable_Floater_V1/raw/package1/JPEGImages/1290.jpg,datasets/water/IWHR_AI_Lable_Floater_V1/raw/package1/JPEGImages/1316.jpg,package1,package1,rubbish,rubbish,True,False
near_duplicate_dhash,8,datasets/water/IWHR_AI_Lable_Floater_V1/raw/package1/JPEGImages/1291.jpg,datasets/water/IWHR_AI_Lable_Floater_V1/raw/package1/JPEGImages/1317.jpg,package1,package1,rubbish,rubbish,True,False
near_duplicate_dhash,7,datasets/water/IWHR_AI_Lable_Floater_V1/raw/package1/JPEGImages/1292.jpg,datasets/water/IWHR_AI_Lable_Floater_V1/raw/package1/JPEGImages/1344.jpg,package1,package1,rubbish,rubbish,True,False
near_duplicate_dhash,8,datasets/water/IWHR_AI_Lable_Floater_V1/raw/package1/JPEGImages/1293.jpg,datasets/water/IWHR_AI_Lable_Floater_V1/raw/package1/JPEGImages/1319.jpg,package1,package1,rubbish,rubbish,True,False
near_duplicate_dhash,6,datasets/water/IWHR_AI_Lable_Floater_V1/raw/package1/JPEGImages/1295.jpg,datasets/water/IWHR_AI_Lable_Floater_V1/raw/package1/JPEGImages/1494.jpg,package1,package1,rubbish,fishing-1,False,False
near_duplicate_dhash,6,datasets/water/IWHR_AI_Lable_Floater_V1/raw/package1/JPEGImages/1295.jpg,datasets/water/IWHR_AI_Lable_Floater_V1/raw/package2/JPEGImages/2999.jpg,package1,package2,rubbish,rubbish,True,True
near_duplicate_dhash,7,datasets/water/IWHR_AI_Lable_Floater_V1/raw/package1/JPEGImages/1300.jpg,datasets/water/IWHR_AI_Lable_Floater_V1/raw/package1/JPEGImages/1376.jpg,package1,package1,rubbish,rubbish,True,False
near_duplicate_dhash,6,datasets/water/IWHR_AI_Lable_Floater_V1/raw/package1/JPEGImages/1303.jpg,datasets/water/IWHR_AI_Lable_Floater_V1/raw/package1/JPEGImages/1356.jpg,package1,package1,rubbish,rubbish,True,False
near_duplicate_dhash,6,datasets/water/IWHR_AI_Lable_Floater_V1/raw/package1/JPEGImages/1304.jpg,datasets/water/IWHR_AI_Lable_Floater_V1/raw/package1/JPEGImages/1423.jpg,package1,package1,rubbish,rubbish,True,False
near_duplicate_dhash,7,datasets/water/IWHR_AI_Lable_Floater_V1/raw/package1/JPEGImages/1304.jpg,datasets/water/IWHR_AI_Lable_Floater_V1/raw/package1/JPEGImages/1443.jpg,package1,package1,rubbish,rubbish,True,False
near_duplicate_dhash,6,datasets/water/IWHR_AI_Lable_Floater_V1/raw/package1/JPEGImages/1305.jpg,datasets/water/IWHR_AI_Lable_Floater_V1/raw/package1/JPEGImages/1357.jpg,package1,package1,rubbish,rubbish,True,False
near_duplicate_dhash,6,datasets/water/IWHR_AI_Lable_Floater_V1/raw/package1/JPEGImages/1306.jpg,datasets/water/IWHR_AI_Lable_Floater_V1/raw/package1/JPEGImages/1401.jpg,package1,package1,rubbish,rubbish,True,False
near_duplicate_dhash,6,datasets/water/IWHR_AI_Lable_Floater_V1/raw/package1/JPEGImages/1307.jpg,datasets/water/IWHR_AI_Lable_Floater_V1/raw/package1/JPEGImages/1360.jpg,package1,package1,rubbish,rubbish,True,False
near_duplicate_dhash,8,datasets/water/IWHR_AI_Lable_Floater_V1/raw/package1/JPEGImages/1310.jpg,datasets/water/IWHR_AI_Lable_Floater_V1/raw/package1/JPEGImages/1427.jpg,package1,package1,rubbish,rubbish,True,False
near_duplicate_dhash,7,datasets/water/IWHR_AI_Lable_Floater_V1/raw/package1/JPEGImages/1313.jpg,datasets/water/IWHR_AI_Lable_Floater_V1/raw/package1/JPEGImages/1338.jpg,package1,package1,rubbish,rubbish,True,False
near_duplicate_dhash,7,datasets/water/IWHR_AI_Lable_Floater_V1/raw/package1/JPEGImages/1317.jpg,datasets/water/IWHR_AI_Lable_Floater_V1/raw/package1/JPEGImages/1368.jpg,package1,package1,rubbish,rubbish,True,False
near_duplicate_dhash,6,datasets/water/IWHR_AI_Lable_Floater_V1/raw/package1/JPEGImages/1325.jpg,datasets/water/IWHR_AI_Lable_Floater_V1/raw/package1/JPEGImages/1376.jpg,package1,package1,rubbish,rubbish,True,False
near_duplicate_dhash,8,datasets/water/IWHR_AI_Lable_Floater_V1/raw/package1/JPEGImages/1326.jpg,datasets/water/IWHR_AI_Lable_Floater_V1/raw/package2/JPEGImages/1517.jpg,package1,package2,rubbish,rubbish,True,True
near_duplicate_dhash,6,datasets/water/IWHR_AI_Lable_Floater_V1/raw/package1/JPEGImages/1327.jpg,datasets/water/IWHR_AI_Lable_Floater_V1/raw/package1/JPEGImages/1355.jpg,package1,package1,rubbish,rubbish,True,False
near_duplicate_dhash,8,datasets/water/IWHR_AI_Lable_Floater_V1/raw/package1/JPEGImages/1332.jpg,datasets/water/IWHR_AI_Lable_Floater_V1/raw/package1/JPEGImages/1361.jpg,package1,package1,rubbish,rubbish,True,False
near_duplicate_dhash,6,datasets/water/IWHR_AI_Lable_Floater_V1/raw/package1/JPEGImages/1334.jpg,datasets/water/IWHR_AI_Lable_Floater_V1/raw/package1/JPEGImages/1362.jpg,package1,package1,rubbish,rubbish,True,False
near_duplicate_dhash,7,datasets/water/IWHR_AI_Lable_Floater_V1/raw/package1/JPEGImages/1334.jpg,datasets/water/IWHR_AI_Lable_Floater_V1/raw/package1/JPEGImages/1381.jpg,package1,package1,rubbish,rubbish,True,False
near_duplicate_dhash,6,datasets/water/IWHR_AI_Lable_Floater_V1/raw/package1/JPEGImages/1335.jpg,datasets/water/IWHR_AI_Lable_Floater_V1/raw/package2/JPEGImages/2803.jpg,package1,package2,rubbish,fishing-1,False,True
near_duplicate_dhash,8,datasets/water/IWHR_AI_Lable_Floater_V1/raw/package1/JPEGImages/1336.jpg,datasets/water/IWHR_AI_Lable_Floater_V1/raw/package1/JPEGImages/1407.jpg,package1,package1,rubbish,rubbish,True,False
near_duplicate_dhash,7,datasets/water/IWHR_AI_Lable_Floater_V1/raw/package1/JPEGImages/1339.jpg,datasets/water/IWHR_AI_Lable_Floater_V1/raw/package1/JPEGImages/1387.jpg,package1,package1,rubbish,rubbish,True,False
near_duplicate_dhash,7,datasets/water/IWHR_AI_Lable_Floater_V1/raw/package1/JPEGImages/1340.jpg,datasets/water/IWHR_AI_Lable_Floater_V1/raw/package2/JPEGImages/2003.jpg,package1,package2,rubbish,rubbish,True,True
near_duplicate_dhash,7,datasets/water/IWHR_AI_Lable_Floater_V1/raw/package1/JPEGImages/1341.jpg,datasets/water/IWHR_AI_Lable_Floater_V1/raw/package1/JPEGImages/1412.jpg,package1,package1,rubbish,rubbish,True,False
near_duplicate_dhash,6,datasets/water/IWHR_AI_Lable_Floater_V1/raw/package1/JPEGImages/1342.jpg,datasets/water/IWHR_AI_Lable_Floater_V1/raw/package1/JPEGImages/1367.jpg,package1,package1,rubbish,rubbish,True,False
near_duplicate_dhash,6,datasets/water/IWHR_AI_Lable_Floater_V1/raw/package1/JPEGImages/1343.jpg,datasets/water/IWHR_AI_Lable_Floater_V1/raw/package1/JPEGImages/1368.jpg,package1,package1,rubbish,rubbish,True,False
near_duplicate_dhash,7,datasets/water/IWHR_AI_Lable_Floater_V1/raw/package1/JPEGImages/1344.jpg,datasets/water/IWHR_AI_Lable_Floater_V1/raw/package1/JPEGImages/1369.jpg,package1,package1,rubbish,rubbish,True,False
near_duplicate_dhash,8,datasets/water/IWHR_AI_Lable_Floater_V1/raw/package1/JPEGImages/1345.jpg,datasets/water/IWHR_AI_Lable_Floater_V1/raw/package2/JPEGImages/2236.jpg,package1,package2,rubbish,fishing-1,False,True
near_duplicate_dhash,8,datasets/water/IWHR_AI_Lable_Floater_V1/raw/package1/JPEGImages/1346.jpg,datasets/water/IWHR_AI_Lable_Floater_V1/raw/package1/JPEGImages/1391.jpg,package1,package1,rubbish,rubbish,True,False
near_duplicate_dhash,6,datasets/water/IWHR_AI_Lable_Floater_V1/raw/package1/JPEGImages/1348.jpg,datasets/water/IWHR_AI_Lable_Floater_V1/raw/package1/JPEGImages/1374.jpg,package1,package1,rubbish,rubbish,True,False
near_duplicate_dhash,7,datasets/water/IWHR_AI_Lable_Floater_V1/raw/package1/JPEGImages/1349.jpg,datasets/water/IWHR_AI_Lable_Floater_V1/raw/package1/JPEGImages/1437.jpg,package1,package1,rubbish,rubbish,True,False
near_duplicate_dhash,7,datasets/water/IWHR_AI_Lable_Floater_V1/raw/package1/JPEGImages/1350.jpg,datasets/water/IWHR_AI_Lable_Floater_V1/raw/package1/JPEGImages/1375.jpg,package1,package1,rubbish,rubbish,True,False
near_duplicate_dhash,6,datasets/water/IWHR_AI_Lable_Floater_V1/raw/package1/JPEGImages/1351.jpg,datasets/water/IWHR_AI_Lable_Floater_V1/raw/package1/JPEGImages/1397.jpg,package1,package1,rubbish,rubbish,True,False
near_duplicate_dhash,7,datasets/water/IWHR_AI_Lable_Floater_V1/raw/package1/JPEGImages/1352.jpg,datasets/water/IWHR_AI_Lable_Floater_V1/raw/package2/JPEGImages/1540.jpg,package1,package2,rubbish,fishing-1,False,True
near_duplicate_dhash,8,datasets/water/IWHR_AI_Lable_Floater_V1/raw/package1/JPEGImages/1354.jpg,datasets/water/IWHR_AI_Lable_Floater_V1/raw/package1/JPEGImages/1441.jpg,package1,package1,rubbish,rubbish,True,False
near_duplicate_dhash,7,datasets/water/IWHR_AI_Lable_Floater_V1/raw/package1/JPEGImages/1355.jpg,datasets/water/IWHR_AI_Lable_Floater_V1/raw/package1/JPEGImages/1400.jpg,package1,package1,rubbish,rubbish,True,False
near_duplicate_dhash,6,datasets/water/IWHR_AI_Lable_Floater_V1/raw/package1/JPEGImages/1356.jpg,datasets/water/IWHR_AI_Lable_Floater_V1/raw/package1/JPEGImages/1422.jpg,package1,package1,rubbish,rubbish,True,False
near_duplicate_dhash,8,datasets/water/IWHR_AI_Lable_Floater_V1/raw/package1/JPEGImages/1360.jpg,datasets/water/IWHR_AI_Lable_Floater_V1/raw/package1/JPEGImages/1379.jpg,package1,package1,rubbish,rubbish,True,False
near_duplicate_dhash,6,datasets/water/IWHR_AI_Lable_Floater_V1/raw/package1/JPEGImages/1365.jpg,datasets/water/IWHR_AI_Lable_Floater_V1/raw/package1/JPEGImages/1429.jpg,package1,package1,rubbish,rubbish,True,False
near_duplicate_dhash,6,datasets/water/IWHR_AI_Lable_Floater_V1/raw/package1/JPEGImages/1367.jpg,datasets/water/IWHR_AI_Lable_Floater_V1/raw/package1/JPEGImages/1388.jpg,package1,package1,rubbish,rubbish,True,False
near_duplicate_dhash,6,datasets/water/IWHR_AI_Lable_Floater_V1/raw/package1/JPEGImages/1369.jpg,datasets/water/IWHR_AI_Lable_Floater_V1/raw/package1/JPEGImages/1415.jpg,package1,package1,rubbish,rubbish,True,False
near_duplicate_dhash,7,datasets/water/IWHR_AI_Lable_Floater_V1/raw/package1/JPEGImages/1370.jpg,datasets/water/IWHR_AI_Lable_Floater_V1/raw/package1/JPEGImages/1433.jpg,package1,package1,rubbish,rubbish,True,False
near_duplicate_dhash,6,datasets/water/IWHR_AI_Lable_Floater_V1/raw/package1/JPEGImages/1377.jpg,datasets/water/IWHR_AI_Lable_Floater_V1/raw/package2/JPEGImages/1805.jpg,package1,package2,rubbish,fishing-1,False,True
near_duplicate_dhash,6,datasets/water/IWHR_AI_Lable_Floater_V1/raw/package1/JPEGImages/1377.jpg,datasets/water/IWHR_AI_Lable_Floater_V1/raw/package2/JPEGImages/2977.jpg,package1,package2,rubbish,rubbish,True,True
near_duplicate_dhash,7,datasets/water/IWHR_AI_Lable_Floater_V1/raw/package1/JPEGImages/1378.jpg,datasets/water/IWHR_AI_Lable_Floater_V1/raw/package1/JPEGImages/1442.jpg,package1,package1,rubbish,rubbish,True,False
near_duplicate_dhash,8,datasets/water/IWHR_AI_Lable_Floater_V1/raw/package1/JPEGImages/1380.jpg,datasets/water/IWHR_AI_Lable_Floater_V1/raw/package1/JPEGImages/1405.jpg,package1,package1,rubbish,rubbish,True,False
near_duplicate_dhash,8,datasets/water/IWHR_AI_Lable_Floater_V1/raw/package1/JPEGImages/1381.jpg,datasets/water/IWHR_AI_Lable_Floater_V1/raw/package1/JPEGImages/1406.jpg,package1,package1,rubbish,rubbish,True,False
near_duplicate_dhash,7,datasets/water/IWHR_AI_Lable_Floater_V1/raw/package1/JPEGImages/1382.jpg,datasets/water/IWHR_AI_Lable_Floater_V1/raw/package2/JPEGImages/1571.jpg,package1,package2,rubbish,fishing-1,False,True
near_duplicate_dhash,7,datasets/water/IWHR_AI_Lable_Floater_V1/raw/package1/JPEGImages/1382.jpg,datasets/water/IWHR_AI_Lable_Floater_V1/raw/package2/JPEGImages/2978.jpg,package1,package2,rubbish,rubbish,True,True
near_duplicate_dhash,7,datasets/water/IWHR_AI_Lable_Floater_V1/raw/package1/JPEGImages/1386.jpg,datasets/water/IWHR_AI_Lable_Floater_V1/raw/package1/JPEGImages/1410.jpg,package1,package1,rubbish,rubbish,True,False
near_duplicate_dhash,6,datasets/water/IWHR_AI_Lable_Floater_V1/raw/package1/JPEGImages/1389.jpg,datasets/water/IWHR_AI_Lable_Floater_V1/raw/package1/JPEGImages/1414.jpg,package1,package1,rubbish,rubbish,True,False
near_duplicate_dhash,7,datasets/water/IWHR_AI_Lable_Floater_V1/raw/package1/JPEGImages/1390.jpg,datasets/water/IWHR_AI_Lable_Floater_V1/raw/package1/JPEGImages/1468.jpg,package1,package1,rubbish,rubbish,True,False
near_duplicate_dhash,7,datasets/water/IWHR_AI_Lable_Floater_V1/raw/package1/JPEGImages/1391.jpg,datasets/water/IWHR_AI_Lable_Floater_V1/raw/package1/JPEGImages/1416.jpg,package1,package1,rubbish,rubbish,True,False
near_duplicate_dhash,7,datasets/water/IWHR_AI_Lable_Floater_V1/raw/package1/JPEGImages/1394.jpg,datasets/water/IWHR_AI_Lable_Floater_V1/raw/package1/JPEGImages/1436.jpg,package1,package1,rubbish,rubbish,True,False
near_duplicate_dhash,8,datasets/water/IWHR_AI_Lable_Floater_V1/raw/package1/JPEGImages/1395.jpg,datasets/water/IWHR_AI_Lable_Floater_V1/raw/package2/JPEGImages/2888.jpg,package1,package2,rubbish,rubbish,True,True
near_duplicate_dhash,8,datasets/water/IWHR_AI_Lable_Floater_V1/raw/package1/JPEGImages/1396.jpg,datasets/water/IWHR_AI_Lable_Floater_V1/raw/package1/JPEGImages/1438.jpg,package1,package1,rubbish,rubbish,True,False
near_duplicate_dhash,8,datasets/water/IWHR_AI_Lable_Floater_V1/raw/package1/JPEGImages/1398.jpg,datasets/water/IWHR_AI_Lable_Floater_V1/raw/package1/JPEGImages/1439.jpg,package1,package1,rubbish,rubbish,True,False
near_duplicate_dhash,7,datasets/water/IWHR_AI_Lable_Floater_V1/raw/package1/JPEGImages/1405.jpg,datasets/water/IWHR_AI_Lable_Floater_V1/raw/package1/JPEGImages/1425.jpg,package1,package1,rubbish,rubbish,True,False
near_duplicate_dhash,7,datasets/water/IWHR_AI_Lable_Floater_V1/raw/package1/JPEGImages/1406.jpg,datasets/water/IWHR_AI_Lable_Floater_V1/raw/package1/JPEGImages/1426.jpg,package1,package1,rubbish,rubbish,True,False
near_duplicate_dhash,7,datasets/water/IWHR_AI_Lable_Floater_V1/raw/package1/JPEGImages/1407.jpg,datasets/water/IWHR_AI_Lable_Floater_V1/raw/package1/JPEGImages/1428.jpg,package1,package1,rubbish,rubbish,True,False
near_duplicate_dhash,6,datasets/water/IWHR_AI_Lable_Floater_V1/raw/package1/JPEGImages/1409.jpg,datasets/water/IWHR_AI_Lable_Floater_V1/raw/package2/JPEGImages/1840.jpg,package1,package2,rubbish,rubbish,True,True
near_duplicate_dhash,8,datasets/water/IWHR_AI_Lable_Floater_V1/raw/package1/JPEGImages/1409.jpg,datasets/water/IWHR_AI_Lable_Floater_V1/raw/package2/JPEGImages/2060.jpg,package1,package2,rubbish,fishing-1,False,True
near_duplicate_dhash,6,datasets/water/IWHR_AI_Lable_Floater_V1/raw/package1/JPEGImages/1409.jpg,datasets/water/IWHR_AI_Lable_Floater_V1/raw/package2/JPEGImages/2609.jpg,package1,package2,rubbish,fishing-1,False,True
near_duplicate_dhash,6,datasets/water/IWHR_AI_Lable_Floater_V1/raw/package1/JPEGImages/1409.jpg,datasets/water/IWHR_AI_Lable_Floater_V1/raw/package2/JPEGImages/2900.jpg,package1,package2,rubbish,fishing-1,False,True
near_duplicate_dhash,8,datasets/water/IWHR_AI_Lable_Floater_V1/raw/package1/JPEGImages/1410.jpg,datasets/water/IWHR_AI_Lable_Floater_V1/raw/package1/JPEGImages/1430.jpg,package1,package1,rubbish,rubbish,True,False
near_duplicate_dhash,8,datasets/water/IWHR_AI_Lable_Floater_V1/raw/package1/JPEGImages/1413.jpg,datasets/water/IWHR_AI_Lable_Floater_V1/raw/package1/JPEGImages/1431.jpg,package1,package1,rubbish,rubbish,True,False
near_duplicate_dhash,7,datasets/water/IWHR_AI_Lable_Floater_V1/raw/package1/JPEGImages/1414.jpg,datasets/water/IWHR_AI_Lable_Floater_V1/raw/package1/JPEGImages/1432.jpg,package1,package1,rubbish,rubbish,True,False
near_duplicate_dhash,6,datasets/water/IWHR_AI_Lable_Floater_V1/raw/package1/JPEGImages/1415.jpg,datasets/water/IWHR_AI_Lable_Floater_V1/raw/package1/JPEGImages/1468.jpg,package1,package1,rubbish,rubbish,True,False
near_duplicate_dhash,6,datasets/water/IWHR_AI_Lable_Floater_V1/raw/package1/JPEGImages/1419.jpg,datasets/water/IWHR_AI_Lable_Floater_V1/raw/package1/JPEGImages/1435.jpg,package1,package1,rubbish,rubbish,True,False
near_duplicate_dhash,6,datasets/water/IWHR_AI_Lable_Floater_V1/raw/package1/JPEGImages/1433.jpg,datasets/water/IWHR_AI_Lable_Floater_V1/raw/package1/JPEGImages/1469.jpg,package1,package1,rubbish,rubbish,True,False
near_duplicate_dhash,8,datasets/water/IWHR_AI_Lable_Floater_V1/raw/package1/JPEGImages/1436.jpg,datasets/water/IWHR_AI_Lable_Floater_V1/raw/package2/JPEGImages/2030.jpg,package1,package2,rubbish,fishing-3,False,True
near_duplicate_dhash,7,datasets/water/IWHR_AI_Lable_Floater_V1/raw/package1/JPEGImages/1438.jpg,datasets/water/IWHR_AI_Lable_Floater_V1/raw/package2/JPEGImages/1560.jpg,package1,package2,rubbish,rubbish,True,True
near_duplicate_dhash,6,datasets/water/IWHR_AI_Lable_Floater_V1/raw/package1/JPEGImages/1440.jpg,datasets/water/IWHR_AI_Lable_Floater_V1/raw/package2/JPEGImages/1632.jpg,package1,package2,rubbish,rubbish,True,True
near_duplicate_dhash,8,datasets/water/IWHR_AI_Lable_Floater_V1/raw/package1/JPEGImages/1447.jpg,datasets/water/IWHR_AI_Lable_Floater_V1/raw/package2/JPEGImages/1521.jpg,package1,package2,rubbish,rubbish,True,True
near_duplicate_dhash,6,datasets/water/IWHR_AI_Lable_Floater_V1/raw/package1/JPEGImages/1453.jpg,datasets/water/IWHR_AI_Lable_Floater_V1/raw/package2/JPEGImages/1877.jpg,package1,package2,rubbish,rubbish,True,True
near_duplicate_dhash,8,datasets/water/IWHR_AI_Lable_Floater_V1/raw/package1/JPEGImages/1454.jpg,datasets/water/IWHR_AI_Lable_Floater_V1/raw/package2/JPEGImages/2991.jpg,package1,package2,rubbish,rubbish,True,True
near_duplicate_dhash,6,datasets/water/IWHR_AI_Lable_Floater_V1/raw/package1/JPEGImages/1457.jpg,datasets/water/IWHR_AI_Lable_Floater_V1/raw/package2/JPEGImages/1924.jpg,package1,package2,fishing-1,rubbish,False,True
near_duplicate_dhash,7,datasets/water/IWHR_AI_Lable_Floater_V1/raw/package1/JPEGImages/1458.jpg,datasets/water/IWHR_AI_Lable_Floater_V1/raw/package2/JPEGImages/2850.jpg,package1,package2,fishing-1,fishing-1,True,True
near_duplicate_dhash,7,datasets/water/IWHR_AI_Lable_Floater_V1/raw/package1/JPEGImages/1460.jpg,datasets/water/IWHR_AI_Lable_Floater_V1/raw/package2/JPEGImages/2995.jpg,package1,package2,fishing-1,rubbish,False,True
near_duplicate_dhash,6,datasets/water/IWHR_AI_Lable_Floater_V1/raw/package1/JPEGImages/1464.jpg,datasets/water/IWHR_AI_Lable_Floater_V1/raw/package2/JPEGImages/1506.jpg,package1,package2,rubbish,rubbish,True,True
near_duplicate_dhash,6,datasets/water/IWHR_AI_Lable_Floater_V1/raw/package1/JPEGImages/1468.jpg,datasets/water/IWHR_AI_Lable_Floater_V1/raw/package2/JPEGImages/1577.jpg,package1,package2,rubbish,rubbish,True,True
near_duplicate_dhash,8,datasets/water/IWHR_AI_Lable_Floater_V1/raw/package1/JPEGImages/1470.jpg,datasets/water/IWHR_AI_Lable_Floater_V1/raw/package2/JPEGImages/1533.jpg,package1,package2,rubbish,rubbish,True,True
near_duplicate_dhash,8,datasets/water/IWHR_AI_Lable_Floater_V1/raw/package1/JPEGImages/1471.jpg,datasets/water/IWHR_AI_Lable_Floater_V1/raw/package2/JPEGImages/1511.jpg,package1,package2,rubbish,rubbish,True,True
near_duplicate_dhash,8,datasets/water/IWHR_AI_Lable_Floater_V1/raw/package1/JPEGImages/1472.jpg,datasets/water/IWHR_AI_Lable_Floater_V1/raw/package1/JPEGImages/1495.jpg,package1,package1,fishing-3,rubbish,False,False
near_duplicate_dhash,8,datasets/water/IWHR_AI_Lable_Floater_V1/raw/package1/JPEGImages/1473.jpg,datasets/water/IWHR_AI_Lable_Floater_V1/raw/package1/JPEGImages/1496.jpg,package1,package1,rubbish,rubbish,True,False
near_duplicate_dhash,8,datasets/water/IWHR_AI_Lable_Floater_V1/raw/package1/JPEGImages/1474.jpg,datasets/water/IWHR_AI_Lable_Floater_V1/raw/package2/JPEGImages/1514.jpg,package1,package2,rubbish,fishing-3,False,True
near_duplicate_dhash,6,datasets/water/IWHR_AI_Lable_Floater_V1/raw/package1/JPEGImages/1478.jpg,datasets/water/IWHR_AI_Lable_Floater_V1/raw/package1/JPEGImages/1499.jpg,package1,package1,rubbish,rubbish,True,False
near_duplicate_dhash,8,datasets/water/IWHR_AI_Lable_Floater_V1/raw/package1/JPEGImages/1478.jpg,datasets/water/IWHR_AI_Lable_Floater_V1/raw/package2/JPEGImages/1518.jpg,package1,package2,rubbish,rubbish,True,True
near_duplicate_dhash,6,datasets/water/IWHR_AI_Lable_Floater_V1/raw/package1/JPEGImages/1479.jpg,datasets/water/IWHR_AI_Lable_Floater_V1/raw/package2/JPEGImages/1847.jpg,package1,package2,rubbish,rubbish,True,True
near_duplicate_dhash,7,datasets/water/IWHR_AI_Lable_Floater_V1/raw/package1/JPEGImages/1480.jpg,datasets/water/IWHR_AI_Lable_Floater_V1/raw/package2/JPEGImages/1563.jpg,package1,package2,rubbish,rubbish,True,True
near_duplicate_dhash,6,datasets/water/IWHR_AI_Lable_Floater_V1/raw/package1/JPEGImages/1481.jpg,datasets/water/IWHR_AI_Lable_Floater_V1/raw/package1/JPEGImages/1500.jpg,package1,package1,rubbish,rubbish,True,False
near_duplicate_dhash,7,datasets/water/IWHR_AI_Lable_Floater_V1/raw/package1/JPEGImages/1485.jpg,datasets/water/IWHR_AI_Lable_Floater_V1/raw/package2/JPEGImages/1504.jpg,package1,package2,rubbish,rubbish,True,True
near_duplicate_dhash,8,datasets/water/IWHR_AI_Lable_Floater_V1/raw/package1/JPEGImages/1486.jpg,datasets/water/IWHR_AI_Lable_Floater_V1/raw/package2/JPEGImages/1570.jpg,package1,package2,rubbish,rubbish,True,True
near_duplicate_dhash,6,datasets/water/IWHR_AI_Lable_Floater_V1/raw/package1/JPEGImages/1487.jpg,datasets/water/IWHR_AI_Lable_Floater_V1/raw/package2/JPEGImages/1505.jpg,package1,package2,fishing-3,fishing-3,True,True
near_duplicate_dhash,7,datasets/water/IWHR_AI_Lable_Floater_V1/raw/package1/JPEGImages/1489.jpg,datasets/water/IWHR_AI_Lable_Floater_V1/raw/package2/JPEGImages/1507.jpg,package1,package2,rubbish,rubbish,True,True
near_duplicate_dhash,8,datasets/water/IWHR_AI_Lable_Floater_V1/raw/package1/JPEGImages/1491.jpg,datasets/water/IWHR_AI_Lable_Floater_V1/raw/package2/JPEGImages/1552.jpg,package1,package2,rubbish,fishing-3,False,True
near_duplicate_dhash,7,datasets/water/IWHR_AI_Lable_Floater_V1/raw/package1/JPEGImages/1492.jpg,datasets/water/IWHR_AI_Lable_Floater_V1/raw/package2/JPEGImages/1532.jpg,package1,package2,rubbish,rubbish,True,True
near_duplicate_dhash,6,datasets/water/IWHR_AI_Lable_Floater_V1/raw/package1/JPEGImages/1498.jpg,datasets/water/IWHR_AI_Lable_Floater_V1/raw/package2/JPEGImages/1516.jpg,package1,package2,rubbish,rubbish,True,True
near_duplicate_dhash,6,datasets/water/IWHR_AI_Lable_Floater_V1/raw/package1/JPEGImages/1499.jpg,datasets/water/IWHR_AI_Lable_Floater_V1/raw/package2/JPEGImages/1541.jpg,package1,package2,rubbish,rubbish,True,True
near_duplicate_dhash,8,datasets/water/IWHR_AI_Lable_Floater_V1/raw/package2/JPEGImages/1503.jpg,datasets/water/IWHR_AI_Lable_Floater_V1/raw/package2/JPEGImages/1568.jpg,package2,package2,fishing-3,rubbish,False,False
near_duplicate_dhash,8,datasets/water/IWHR_AI_Lable_Floater_V1/raw/package2/JPEGImages/1506.jpg,datasets/water/IWHR_AI_Lable_Floater_V1/raw/package2/JPEGImages/1550.jpg,package2,package2,rubbish,rubbish,True,False
near_duplicate_dhash,8,datasets/water/IWHR_AI_Lable_Floater_V1/raw/package2/JPEGImages/1509.jpg,datasets/water/IWHR_AI_Lable_Floater_V1/raw/package2/JPEGImages/1553.jpg,package2,package2,rubbish,rubbish,True,False
near_duplicate_dhash,6,datasets/water/IWHR_AI_Lable_Floater_V1/raw/package2/JPEGImages/1510.jpg,datasets/water/IWHR_AI_Lable_Floater_V1/raw/package2/JPEGImages/1554.jpg,package2,package2,rubbish,rubbish,True,False
near_duplicate_dhash,8,datasets/water/IWHR_AI_Lable_Floater_V1/raw/package2/JPEGImages/1511.jpg,datasets/water/IWHR_AI_Lable_Floater_V1/raw/package2/JPEGImages/1555.jpg,package2,package2,rubbish,rubbish,True,False
near_duplicate_dhash,7,datasets/water/IWHR_AI_Lable_Floater_V1/raw/package2/JPEGImages/1518.jpg,datasets/water/IWHR_AI_Lable_Floater_V1/raw/package2/JPEGImages/1588.jpg,package2,package2,rubbish,fishing-3,False,False
near_duplicate_dhash,8,datasets/water/IWHR_AI_Lable_Floater_V1/raw/package2/JPEGImages/1520.jpg,datasets/water/IWHR_AI_Lable_Floater_V1/raw/package2/JPEGImages/1764.jpg,package2,package2,fishing-1,fishing-1,True,False
near_duplicate_dhash,6,datasets/water/IWHR_AI_Lable_Floater_V1/raw/package2/JPEGImages/1524.jpg,datasets/water/IWHR_AI_Lable_Floater_V1/raw/package2/JPEGImages/1566.jpg,package2,package2,rubbish,rubbish,True,False
near_duplicate_dhash,7,datasets/water/IWHR_AI_Lable_Floater_V1/raw/package2/JPEGImages/1524.jpg,datasets/water/IWHR_AI_Lable_Floater_V1/raw/package2/JPEGImages/1594.jpg,package2,package2,rubbish,fishing-3,False,False
near_duplicate_dhash,7,datasets/water/IWHR_AI_Lable_Floater_V1/raw/package2/JPEGImages/1525.jpg,datasets/water/IWHR_AI_Lable_Floater_V1/raw/package2/JPEGImages/1596.jpg,package2,package2,fishing-3,fishing-3,True,False
near_duplicate_dhash,8,datasets/water/IWHR_AI_Lable_Floater_V1/raw/package2/JPEGImages/1526.jpg,datasets/water/IWHR_AI_Lable_Floater_V1/raw/package2/JPEGImages/1645.jpg,package2,package2,fishing-3,rubbish,False,False
near_duplicate_dhash,8,datasets/water/IWHR_AI_Lable_Floater_V1/raw/package2/JPEGImages/1527.jpg,datasets/water/IWHR_AI_Lable_Floater_V1/raw/package2/JPEGImages/1570.jpg,package2,package2,rubbish,rubbish,True,False
near_duplicate_dhash,6,datasets/water/IWHR_AI_Lable_Floater_V1/raw/package2/JPEGImages/1530.jpg,datasets/water/IWHR_AI_Lable_Floater_V1/raw/package2/JPEGImages/1600.jpg,package2,package2,rubbish,fishing-3,False,False
near_duplicate_dhash,6,datasets/water/IWHR_AI_Lable_Floater_V1/raw/package2/JPEGImages/1532.jpg,datasets/water/IWHR_AI_Lable_Floater_V1/raw/package2/JPEGImages/1553.jpg,package2,package2,rubbish,rubbish,True,False
near_duplicate_dhash,7,datasets/water/IWHR_AI_Lable_Floater_V1/raw/package2/JPEGImages/1532.jpg,datasets/water/IWHR_AI_Lable_Floater_V1/raw/package2/JPEGImages/1576.jpg,package2,package2,rubbish,rubbish,True,False
near_duplicate_dhash,8,datasets/water/IWHR_AI_Lable_Floater_V1/raw/package2/JPEGImages/1532.jpg,datasets/water/IWHR_AI_Lable_Floater_V1/raw/package2/JPEGImages/1603.jpg,package2,package2,rubbish,fishing-3,False,False
near_duplicate_dhash,6,datasets/water/IWHR_AI_Lable_Floater_V1/raw/package2/JPEGImages/1533.jpg,datasets/water/IWHR_AI_Lable_Floater_V1/raw/package2/JPEGImages/1578.jpg,package2,package2,rubbish,fishing-3,False,False
near_duplicate_dhash,8,datasets/water/IWHR_AI_Lable_Floater_V1/raw/package2/JPEGImages/1538.jpg,datasets/water/IWHR_AI_Lable_Floater_V1/raw/package2/JPEGImages/1558.jpg,package2,package2,rubbish,rubbish,True,False
near_duplicate_dhash,6,datasets/water/IWHR_AI_Lable_Floater_V1/raw/package2/JPEGImages/1540.jpg,datasets/water/IWHR_AI_Lable_Floater_V1/raw/package2/JPEGImages/2009.jpg,package2,package2,fishing-1,rubbish,False,False
near_duplicate_dhash,7,datasets/water/IWHR_AI_Lable_Floater_V1/raw/package2/JPEGImages/1541.jpg,datasets/water/IWHR_AI_Lable_Floater_V1/raw/package2/JPEGImages/1614.jpg,package2,package2,rubbish,fishing-3,False,False
near_duplicate_dhash,6,datasets/water/IWHR_AI_Lable_Floater_V1/raw/package2/JPEGImages/1542.jpg,datasets/water/IWHR_AI_Lable_Floater_V1/raw/package2/JPEGImages/1589.jpg,package2,package2,rubbish,rubbish,True,False
near_duplicate_dhash,8,datasets/water/IWHR_AI_Lable_Floater_V1/raw/package2/JPEGImages/1552.jpg,datasets/water/IWHR_AI_Lable_Floater_V1/raw/package2/JPEGImages/1575.jpg,package2,package2,fishing-3,rubbish,False,False
near_duplicate_dhash,6,datasets/water/IWHR_AI_Lable_Floater_V1/raw/package2/JPEGImages/1553.jpg,datasets/water/IWHR_AI_Lable_Floater_V1/raw/package2/JPEGImages/1626.jpg,package2,package2,rubbish,fishing-3,False,False
near_duplicate_dhash,8,datasets/water/IWHR_AI_Lable_Floater_V1/raw/package2/JPEGImages/1553.jpg,datasets/water/IWHR_AI_Lable_Floater_V1/raw/package2/JPEGImages/1652.jpg,package2,package2,rubbish,fishing-3,False,False
near_duplicate_dhash,6,datasets/water/IWHR_AI_Lable_Floater_V1/raw/package2/JPEGImages/1555.jpg,datasets/water/IWHR_AI_Lable_Floater_V1/raw/package2/JPEGImages/1579.jpg,package2,package2,rubbish,fishing-3,False,False
near_duplicate_dhash,7,datasets/water/IWHR_AI_Lable_Floater_V1/raw/package2/JPEGImages/1557.jpg,datasets/water/IWHR_AI_Lable_Floater_V1/raw/package2/JPEGImages/1581.jpg,package2,package2,fishing-3,fishing-3,True,False
near_duplicate_dhash,7,datasets/water/IWHR_AI_Lable_Floater_V1/raw/package2/JPEGImages/1559.jpg,datasets/water/IWHR_AI_Lable_Floater_V1/raw/package2/JPEGImages/2516.jpg,package2,package2,rubbish,rubbish,True,False
near_duplicate_dhash,7,datasets/water/IWHR_AI_Lable_Floater_V1/raw/package2/JPEGImages/1559.jpg,datasets/water/IWHR_AI_Lable_Floater_V1/raw/package2/JPEGImages/2863.jpg,package2,package2,rubbish,fishing-1,False,False
near_duplicate_dhash,8,datasets/water/IWHR_AI_Lable_Floater_V1/raw/package2/JPEGImages/1561.jpg,datasets/water/IWHR_AI_Lable_Floater_V1/raw/package2/JPEGImages/1583.jpg,package2,package2,rubbish,rubbish,True,False
near_duplicate_dhash,8,datasets/water/IWHR_AI_Lable_Floater_V1/raw/package2/JPEGImages/1565.jpg,datasets/water/IWHR_AI_Lable_Floater_V1/raw/package2/JPEGImages/1593.jpg,package2,package2,rubbish,fishing-3,False,False
near_duplicate_dhash,6,datasets/water/IWHR_AI_Lable_Floater_V1/raw/package2/JPEGImages/1568.jpg,datasets/water/IWHR_AI_Lable_Floater_V1/raw/package2/JPEGImages/1620.jpg,package2,package2,rubbish,rubbish,True,False
near_duplicate_dhash,8,datasets/water/IWHR_AI_Lable_Floater_V1/raw/package2/JPEGImages/1568.jpg,datasets/water/IWHR_AI_Lable_Floater_V1/raw/package2/JPEGImages/1644.jpg,package2,package2,rubbish,rubbish,True,False
near_duplicate_dhash,7,datasets/water/IWHR_AI_Lable_Floater_V1/raw/package2/JPEGImages/1570.jpg,datasets/water/IWHR_AI_Lable_Floater_V1/raw/package2/JPEGImages/1621.jpg,package2,package2,rubbish,fishing-3,False,False
near_duplicate_dhash,6,datasets/water/IWHR_AI_Lable_Floater_V1/raw/package2/JPEGImages/1572.jpg,datasets/water/IWHR_AI_Lable_Floater_V1/raw/package2/JPEGImages/1598.jpg,package2,package2,fishing-3,fishing-3,True,False
near_duplicate_dhash,7,datasets/water/IWHR_AI_Lable_Floater_V1/raw/package2/JPEGImages/1574.jpg,datasets/water/IWHR_AI_Lable_Floater_V1/raw/package2/JPEGImages/1624.jpg,package2,package2,rubbish,rubbish,True,False
near_duplicate_dhash,7,datasets/water/IWHR_AI_Lable_Floater_V1/raw/package2/JPEGImages/1576.jpg,datasets/water/IWHR_AI_Lable_Floater_V1/raw/package2/JPEGImages/1652.jpg,package2,package2,rubbish,fishing-3,False,False
near_duplicate_dhash,8,datasets/water/IWHR_AI_Lable_Floater_V1/raw/package2/JPEGImages/1576.jpg,datasets/water/IWHR_AI_Lable_Floater_V1/raw/package2/JPEGImages/1674.jpg,package2,package2,rubbish,rubbish,True,False
near_duplicate_dhash,8,datasets/water/IWHR_AI_Lable_Floater_V1/raw/package2/JPEGImages/1578.jpg,datasets/water/IWHR_AI_Lable_Floater_V1/raw/package2/JPEGImages/1605.jpg,package2,package2,fishing-3,rubbish,False,False
near_duplicate_dhash,6,datasets/water/IWHR_AI_Lable_Floater_V1/raw/package2/JPEGImages/1579.jpg,datasets/water/IWHR_AI_Lable_Floater_V1/raw/package2/JPEGImages/1606.jpg,package2,package2,fishing-3,fishing-3,True,False
near_duplicate_dhash,6,datasets/water/IWHR_AI_Lable_Floater_V1/raw/package2/JPEGImages/1582.jpg,datasets/water/IWHR_AI_Lable_Floater_V1/raw/package2/JPEGImages/1680.jpg,package2,package2,rubbish,rubbish,True,False
near_duplicate_dhash,8,datasets/water/IWHR_AI_Lable_Floater_V1/raw/package2/JPEGImages/1585.jpg,datasets/water/IWHR_AI_Lable_Floater_V1/raw/package2/JPEGImages/2017.jpg,package2,package2,rubbish,fishing-3,False,False
near_duplicate_dhash,7,datasets/water/IWHR_AI_Lable_Floater_V1/raw/package2/JPEGImages/1586.jpg,datasets/water/IWHR_AI_Lable_Floater_V1/raw/package2/JPEGImages/2790.jpg,package2,package2,fishing-1,fishing-1,True,False
near_duplicate_dhash,7,datasets/water/IWHR_AI_Lable_Floater_V1/raw/package2/JPEGImages/1587.jpg,datasets/water/IWHR_AI_Lable_Floater_V1/raw/package2/JPEGImages/2047.jpg,package2,package2,fishing-1,fishing-1,True,False
near_duplicate_dhash,7,datasets/water/IWHR_AI_Lable_Floater_V1/raw/package2/JPEGImages/1587.jpg,datasets/water/IWHR_AI_Lable_Floater_V1/raw/package2/JPEGImages/2979.jpg,package2,package2,fishing-1,rubbish,False,False
near_duplicate_dhash,8,datasets/water/IWHR_AI_Lable_Floater_V1/raw/package2/JPEGImages/1588.jpg,datasets/water/IWHR_AI_Lable_Floater_V1/raw/package2/JPEGImages/1635.jpg,package2,package2,fishing-3,rubbish,False,False
near_duplicate_dhash,8,datasets/water/IWHR_AI_Lable_Floater_V1/raw/package2/JPEGImages/1594.jpg,datasets/water/IWHR_AI_Lable_Floater_V1/raw/package2/JPEGImages/1618.jpg,package2,package2,fishing-3,rubbish,False,False
near_duplicate_dhash,7,datasets/water/IWHR_AI_Lable_Floater_V1/raw/package2/JPEGImages/1595.jpg,datasets/water/IWHR_AI_Lable_Floater_V1/raw/package2/JPEGImages/1619.jpg,package2,package2,fishing-3,fishing-3,True,False
near_duplicate_dhash,6,datasets/water/IWHR_AI_Lable_Floater_V1/raw/package2/JPEGImages/1596.jpg,datasets/water/IWHR_AI_Lable_Floater_V1/raw/package2/JPEGImages/1644.jpg,package2,package2,fishing-3,rubbish,False,False
near_duplicate_dhash,7,datasets/water/IWHR_AI_Lable_Floater_V1/raw/package2/JPEGImages/1598.jpg,datasets/water/IWHR_AI_Lable_Floater_V1/raw/package2/JPEGImages/1622.jpg,package2,package2,fishing-3,rubbish,False,False
near_duplicate_dhash,6,datasets/water/IWHR_AI_Lable_Floater_V1/raw/package2/JPEGImages/1599.jpg,datasets/water/IWHR_AI_Lable_Floater_V1/raw/package2/JPEGImages/1623.jpg,package2,package2,fishing-3,fishing-3,True,False
near_duplicate_dhash,6,datasets/water/IWHR_AI_Lable_Floater_V1/raw/package2/JPEGImages/1601.jpg,datasets/water/IWHR_AI_Lable_Floater_V1/raw/package2/JPEGImages/1625.jpg,package2,package2,fishing-3,fishing-3,True,False
near_duplicate_dhash,7,datasets/water/IWHR_AI_Lable_Floater_V1/raw/package2/JPEGImages/1601.jpg,datasets/water/IWHR_AI_Lable_Floater_V1/raw/package2/JPEGImages/1651.jpg,package2,package2,fishing-3,rubbish,False,False
near_duplicate_dhash,7,datasets/water/IWHR_AI_Lable_Floater_V1/raw/package2/JPEGImages/1602.jpg,datasets/water/IWHR_AI_Lable_Floater_V1/raw/package2/JPEGImages/2060.jpg,package2,package2,fishing-1,fishing-1,True,False
near_duplicate_dhash,7,datasets/water/IWHR_AI_Lable_Floater_V1/raw/package2/JPEGImages/1602.jpg,datasets/water/IWHR_AI_Lable_Floater_V1/raw/package2/JPEGImages/2609.jpg,package2,package2,fishing-1,fishing-1,True,False
near_duplicate_dhash,7,datasets/water/IWHR_AI_Lable_Floater_V1/raw/package2/JPEGImages/1602.jpg,datasets/water/IWHR_AI_Lable_Floater_V1/raw/package2/JPEGImages/2900.jpg,package2,package2,fishing-1,fishing-1,True,False
near_duplicate_dhash,6,datasets/water/IWHR_AI_Lable_Floater_V1/raw/package2/JPEGImages/1603.jpg,datasets/water/IWHR_AI_Lable_Floater_V1/raw/package2/JPEGImages/1652.jpg,package2,package2,fishing-3,fishing-3,True,False
near_duplicate_dhash,7,datasets/water/IWHR_AI_Lable_Floater_V1/raw/package2/JPEGImages/1603.jpg,datasets/water/IWHR_AI_Lable_Floater_V1/raw/package2/JPEGImages/1674.jpg,package2,package2,fishing-3,rubbish,False,False
near_duplicate_dhash,6,datasets/water/IWHR_AI_Lable_Floater_V1/raw/package2/JPEGImages/1606.jpg,datasets/water/IWHR_AI_Lable_Floater_V1/raw/package2/JPEGImages/1627.jpg,package2,package2,fishing-3,fishing-3,True,False
near_duplicate_dhash,7,datasets/water/IWHR_AI_Lable_Floater_V1/raw/package2/JPEGImages/1610.jpg,datasets/water/IWHR_AI_Lable_Floater_V1/raw/package2/JPEGImages/2311.jpg,package2,package2,fishing-1,rubbish,False,False
near_duplicate_dhash,7,datasets/water/IWHR_AI_Lable_Floater_V1/raw/package2/JPEGImages/1610.jpg,datasets/water/IWHR_AI_Lable_Floater_V1/raw/package2/JPEGImages/2676.jpg,package2,package2,fishing-1,fishing-1,True,False
near_duplicate_dhash,6,datasets/water/IWHR_AI_Lable_Floater_V1/raw/package2/JPEGImages/1610.jpg,datasets/water/IWHR_AI_Lable_Floater_V1/raw/package2/JPEGImages/2981.jpg,package2,package2,fishing-1,rubbish,False,False
near_duplicate_dhash,7,datasets/water/IWHR_AI_Lable_Floater_V1/raw/package2/JPEGImages/1611.jpg,datasets/water/IWHR_AI_Lable_Floater_V1/raw/package2/JPEGImages/1631.jpg,package2,package2,rubbish,fishing-3,False,False
near_duplicate_dhash,7,datasets/water/IWHR_AI_Lable_Floater_V1/raw/package2/JPEGImages/1613.jpg,datasets/water/IWHR_AI_Lable_Floater_V1/raw/package2/JPEGImages/1779.jpg,package2,package2,fishing-3,rubbish,False,False
near_duplicate_dhash,6,datasets/water/IWHR_AI_Lable_Floater_V1/raw/package2/JPEGImages/1614.jpg,datasets/water/IWHR_AI_Lable_Floater_V1/raw/package2/JPEGImages/1635.jpg,package2,package2,fishing-3,rubbish,False,False
near_duplicate_dhash,8,datasets/water/IWHR_AI_Lable_Floater_V1/raw/package2/JPEGImages/1617.jpg,datasets/water/IWHR_AI_Lable_Floater_V1/raw/package2/JPEGImages/1639.jpg,package2,package2,fishing-3,rubbish,False,False
near_duplicate_dhash,8,datasets/water/IWHR_AI_Lable_Floater_V1/raw/package2/JPEGImages/1618.jpg,datasets/water/IWHR_AI_Lable_Floater_V1/raw/package2/JPEGImages/1640.jpg,package2,package2,rubbish,rubbish,True,False
near_duplicate_dhash,6,datasets/water/IWHR_AI_Lable_Floater_V1/raw/package2/JPEGImages/1620.jpg,datasets/water/IWHR_AI_Lable_Floater_V1/raw/package2/JPEGImages/1668.jpg,package2,package2,rubbish,rubbish,True,False
near_duplicate_dhash,6,datasets/water/IWHR_AI_Lable_Floater_V1/raw/package2/JPEGImages/1623.jpg,datasets/water/IWHR_AI_Lable_Floater_V1/raw/package2/JPEGImages/1649.jpg,package2,package2,fishing-3,rubbish,False,False
near_duplicate_dhash,8,datasets/water/IWHR_AI_Lable_Floater_V1/raw/package2/JPEGImages/1624.jpg,datasets/water/IWHR_AI_Lable_Floater_V1/raw/package2/JPEGImages/1672.jpg,package2,package2,rubbish,rubbish,True,False
near_duplicate_dhash,6,datasets/water/IWHR_AI_Lable_Floater_V1/raw/package2/JPEGImages/1626.jpg,datasets/water/IWHR_AI_Lable_Floater_V1/raw/package2/JPEGImages/1695.jpg,package2,package2,fishing-3,fishing-3,True,False
near_duplicate_dhash,7,datasets/water/IWHR_AI_Lable_Floater_V1/raw/package2/JPEGImages/1626.jpg,datasets/water/IWHR_AI_Lable_Floater_V1/raw/package2/JPEGImages/1712.jpg,package2,package2,fishing-3,rubbish,False,False
near_duplicate_dhash,7,datasets/water/IWHR_AI_Lable_Floater_V1/raw/package2/JPEGImages/1628.jpg,datasets/water/IWHR_AI_Lable_Floater_V1/raw/package2/JPEGImages/1678.jpg,package2,package2,fishing-3,fishing-3,True,False
near_duplicate_dhash,7,datasets/water/IWHR_AI_Lable_Floater_V1/raw/package2/JPEGImages/1631.jpg,datasets/water/IWHR_AI_Lable_Floater_V1/raw/package2/JPEGImages/1657.jpg,package2,package2,fishing-3,rubbish,False,False
near_duplicate_dhash,8,datasets/water/IWHR_AI_Lable_Floater_V1/raw/package2/JPEGImages/1633.jpg,datasets/water/IWHR_AI_Lable_Floater_V1/raw/package2/JPEGImages/1918.jpg,package2,package2,rubbish,rubbish,True,False
near_duplicate_dhash,8,datasets/water/IWHR_AI_Lable_Floater_V1/raw/package2/JPEGImages/1634.jpg,datasets/water/IWHR_AI_Lable_Floater_V1/raw/package2/JPEGImages/2338.jpg,package2,package2,fishing-1,fishing-1,True,False
near_duplicate_dhash,8,datasets/water/IWHR_AI_Lable_Floater_V1/raw/package2/JPEGImages/1635.jpg,datasets/water/IWHR_AI_Lable_Floater_V1/raw/package2/JPEGImages/1682.jpg,package2,package2,rubbish,rubbish,True,False
near_duplicate_dhash,8,datasets/water/IWHR_AI_Lable_Floater_V1/raw/package2/JPEGImages/1636.jpg,datasets/water/IWHR_AI_Lable_Floater_V1/raw/package2/JPEGImages/1663.jpg,package2,package2,rubbish,fishing-3,False,False
near_duplicate_dhash,6,datasets/water/IWHR_AI_Lable_Floater_V1/raw/package2/JPEGImages/1639.jpg,datasets/water/IWHR_AI_Lable_Floater_V1/raw/package2/JPEGImages/1665.jpg,package2,package2,rubbish,fishing-3,False,False
near_duplicate_dhash,8,datasets/water/IWHR_AI_Lable_Floater_V1/raw/package2/JPEGImages/1640.jpg,datasets/water/IWHR_AI_Lable_Floater_V1/raw/package2/JPEGImages/1666.jpg,package2,package2,rubbish,rubbish,True,False
near_duplicate_dhash,7,datasets/water/IWHR_AI_Lable_Floater_V1/raw/package2/JPEGImages/1642.jpg,datasets/water/IWHR_AI_Lable_Floater_V1/raw/package2/JPEGImages/1667.jpg,package2,package2,rubbish,rubbish,True,False
near_duplicate_dhash,7,datasets/water/IWHR_AI_Lable_Floater_V1/raw/package2/JPEGImages/1644.jpg,datasets/water/IWHR_AI_Lable_Floater_V1/raw/package2/JPEGImages/1689.jpg,package2,package2,rubbish,fishing-3,False,False
near_duplicate_dhash,8,datasets/water/IWHR_AI_Lable_Floater_V1/raw/package2/JPEGImages/1645.jpg,datasets/water/IWHR_AI_Lable_Floater_V1/raw/package2/JPEGImages/1828.jpg,package2,package2,rubbish,rubbish,True,False
near_duplicate_dhash,8,datasets/water/IWHR_AI_Lable_Floater_V1/raw/package2/JPEGImages/1650.jpg,datasets/water/IWHR_AI_Lable_Floater_V1/raw/package2/JPEGImages/1729.jpg,package2,package2,rubbish,rubbish,True,False
near_duplicate_dhash,8,datasets/water/IWHR_AI_Lable_Floater_V1/raw/package2/JPEGImages/1658.jpg,datasets/water/IWHR_AI_Lable_Floater_V1/raw/package2/JPEGImages/2109.jpg,package2,package2,rubbish,fishing-1,False,False
near_duplicate_dhash,7,datasets/water/IWHR_AI_Lable_Floater_V1/raw/package2/JPEGImages/1666.jpg,datasets/water/IWHR_AI_Lable_Floater_V1/raw/package2/JPEGImages/1686.jpg,package2,package2,rubbish,rubbish,True,False
near_duplicate_dhash,7,datasets/water/IWHR_AI_Lable_Floater_V1/raw/package2/JPEGImages/1667.jpg,datasets/water/IWHR_AI_Lable_Floater_V1/raw/package2/JPEGImages/1705.jpg,package2,package2,rubbish,fishing-3,False,False
near_duplicate_dhash,8,datasets/water/IWHR_AI_Lable_Floater_V1/raw/package2/JPEGImages/1668.jpg,datasets/water/IWHR_AI_Lable_Floater_V1/raw/package2/JPEGImages/1706.jpg,package2,package2,rubbish,rubbish,True,False
near_duplicate_dhash,8,datasets/water/IWHR_AI_Lable_Floater_V1/raw/package2/JPEGImages/1669.jpg,datasets/water/IWHR_AI_Lable_Floater_V1/raw/package2/JPEGImages/1690.jpg,package2,package2,rubbish,rubbish,True,False
near_duplicate_dhash,8,datasets/water/IWHR_AI_Lable_Floater_V1/raw/package2/JPEGImages/1670.jpg,datasets/water/IWHR_AI_Lable_Floater_V1/raw/package2/JPEGImages/1691.jpg,package2,package2,rubbish,fishing-3,False,False
near_duplicate_dhash,8,datasets/water/IWHR_AI_Lable_Floater_V1/raw/package2/JPEGImages/1672.jpg,datasets/water/IWHR_AI_Lable_Floater_V1/raw/package2/JPEGImages/1729.jpg,package2,package2,rubbish,rubbish,True,False
near_duplicate_dhash,8,datasets/water/IWHR_AI_Lable_Floater_V1/raw/package2/JPEGImages/1674.jpg,datasets/water/IWHR_AI_Lable_Floater_V1/raw/package2/JPEGImages/1732.jpg,package2,package2,rubbish,rubbish,True,False
near_duplicate_dhash,7,datasets/water/IWHR_AI_Lable_Floater_V1/raw/package2/JPEGImages/1676.jpg,datasets/water/IWHR_AI_Lable_Floater_V1/raw/package2/JPEGImages/1696.jpg,package2,package2,rubbish,rubbish,True,False
near_duplicate_dhash,8,datasets/water/IWHR_AI_Lable_Floater_V1/raw/package2/JPEGImages/1682.jpg,datasets/water/IWHR_AI_Lable_Floater_V1/raw/package2/JPEGImages/1722.jpg,package2,package2,rubbish,fishing-3,False,False
near_duplicate_dhash,6,datasets/water/IWHR_AI_Lable_Floater_V1/raw/package2/JPEGImages/1686.jpg,datasets/water/IWHR_AI_Lable_Floater_V1/raw/package2/JPEGImages/1784.jpg,package2,package2,rubbish,rubbish,True,False
near_duplicate_dhash,7,datasets/water/IWHR_AI_Lable_Floater_V1/raw/package2/JPEGImages/1689.jpg,datasets/water/IWHR_AI_Lable_Floater_V1/raw/package2/JPEGImages/1725.jpg,package2,package2,fishing-3,fishing-3,True,False
near_duplicate_dhash,6,datasets/water/IWHR_AI_Lable_Floater_V1/raw/package2/JPEGImages/1689.jpg,datasets/water/IWHR_AI_Lable_Floater_V1/raw/package2/JPEGImages/1745.jpg,package2,package2,fishing-3,rubbish,False,False
near_duplicate_dhash,7,datasets/water/IWHR_AI_Lable_Floater_V1/raw/package2/JPEGImages/1690.jpg,datasets/water/IWHR_AI_Lable_Floater_V1/raw/package2/JPEGImages/1707.jpg,package2,package2,rubbish,rubbish,True,False
near_duplicate_dhash,7,datasets/water/IWHR_AI_Lable_Floater_V1/raw/package2/JPEGImages/1690.jpg,datasets/water/IWHR_AI_Lable_Floater_V1/raw/package2/JPEGImages/1788.jpg,package2,package2,rubbish,fishing-3,False,False
near_duplicate_dhash,6,datasets/water/IWHR_AI_Lable_Floater_V1/raw/package2/JPEGImages/1690.jpg,datasets/water/IWHR_AI_Lable_Floater_V1/raw/package2/JPEGImages/1829.jpg,package2,package2,rubbish,rubbish,True,False
near_duplicate_dhash,8,datasets/water/IWHR_AI_Lable_Floater_V1/raw/package2/JPEGImages/1690.jpg,datasets/water/IWHR_AI_Lable_Floater_V1/raw/package2/JPEGImages/1946.jpg,package2,package2,rubbish,rubbish,True,False
near_duplicate_dhash,8,datasets/water/IWHR_AI_Lable_Floater_V1/raw/package2/JPEGImages/1690.jpg,datasets/water/IWHR_AI_Lable_Floater_V1/raw/package2/JPEGImages/1986.jpg,package2,package2,rubbish,rubbish,True,False
near_duplicate_dhash,6,datasets/water/IWHR_AI_Lable_Floater_V1/raw/package2/JPEGImages/1691.jpg,datasets/water/IWHR_AI_Lable_Floater_V1/raw/package2/JPEGImages/1708.jpg,package2,package2,fishing-3,fishing-3,True,False
near_duplicate_dhash,7,datasets/water/IWHR_AI_Lable_Floater_V1/raw/package2/JPEGImages/1692.jpg,datasets/water/IWHR_AI_Lable_Floater_V1/raw/package2/JPEGImages/1728.jpg,package2,package2,rubbish,rubbish,True,False
near_duplicate_dhash,7,datasets/water/IWHR_AI_Lable_Floater_V1/raw/package2/JPEGImages/1693.jpg,datasets/water/IWHR_AI_Lable_Floater_V1/raw/package2/JPEGImages/1729.jpg,package2,package2,rubbish,rubbish,True,False
near_duplicate_dhash,7,datasets/water/IWHR_AI_Lable_Floater_V1/raw/package2/JPEGImages/1697.jpg,datasets/water/IWHR_AI_Lable_Floater_V1/raw/package2/JPEGImages/1716.jpg,package2,package2,fishing-3,rubbish,False,False
near_duplicate_dhash,8,datasets/water/IWHR_AI_Lable_Floater_V1/raw/package2/JPEGImages/1703.jpg,datasets/water/IWHR_AI_Lable_Floater_V1/raw/package2/JPEGImages/2158.jpg,package2,package2,fishing-1,fishing-1,True,False
near_duplicate_dhash,6,datasets/water/IWHR_AI_Lable_Floater_V1/raw/package2/JPEGImages/1706.jpg,datasets/water/IWHR_AI_Lable_Floater_V1/raw/package2/JPEGImages/1766.jpg,package2,package2,rubbish,rubbish,True,False
near_duplicate_dhash,7,datasets/water/IWHR_AI_Lable_Floater_V1/raw/package2/JPEGImages/1707.jpg,datasets/water/IWHR_AI_Lable_Floater_V1/raw/package2/JPEGImages/1829.jpg,package2,package2,rubbish,rubbish,True,False
near_duplicate_dhash,6,datasets/water/IWHR_AI_Lable_Floater_V1/raw/package2/JPEGImages/1709.jpg,datasets/water/IWHR_AI_Lable_Floater_V1/raw/package2/JPEGImages/1809.jpg,package2,package2,fishing-3,rubbish,False,False
near_duplicate_dhash,7,datasets/water/IWHR_AI_Lable_Floater_V1/raw/package2/JPEGImages/1711.jpg,datasets/water/IWHR_AI_Lable_Floater_V1/raw/package2/JPEGImages/1730.jpg,package2,package2,rubbish,rubbish,True,False
near_duplicate_dhash,8,datasets/water/IWHR_AI_Lable_Floater_V1/raw/package2/JPEGImages/1711.jpg,datasets/water/IWHR_AI_Lable_Floater_V1/raw/package2/JPEGImages/1750.jpg,package2,package2,rubbish,rubbish,True,False
near_duplicate_dhash,8,datasets/water/IWHR_AI_Lable_Floater_V1/raw/package2/JPEGImages/1712.jpg,datasets/water/IWHR_AI_Lable_Floater_V1/raw/package2/JPEGImages/1751.jpg,package2,package2,rubbish,rubbish,True,False
near_duplicate_dhash,7,datasets/water/IWHR_AI_Lable_Floater_V1/raw/package2/JPEGImages/1713.jpg,datasets/water/IWHR_AI_Lable_Floater_V1/raw/package2/JPEGImages/1752.jpg,package2,package2,rubbish,rubbish,True,False
near_duplicate_dhash,6,datasets/water/IWHR_AI_Lable_Floater_V1/raw/package2/JPEGImages/1715.jpg,datasets/water/IWHR_AI_Lable_Floater_V1/raw/package2/JPEGImages/2708.jpg,package2,package2,fishing-1,fishing-1,True,False
near_duplicate_dhash,8,datasets/water/IWHR_AI_Lable_Floater_V1/raw/package2/JPEGImages/1721.jpg,datasets/water/IWHR_AI_Lable_Floater_V1/raw/package2/JPEGImages/2174.jpg,package2,package2,fishing-1,fishing-1,True,False
near_duplicate_dhash,6,datasets/water/IWHR_AI_Lable_Floater_V1/raw/package2/JPEGImages/1722.jpg,datasets/water/IWHR_AI_Lable_Floater_V1/raw/package2/JPEGImages/1739.jpg,package2,package2,fishing-3,rubbish,False,False
near_duplicate_dhash,7,datasets/water/IWHR_AI_Lable_Floater_V1/raw/package2/JPEGImages/1725.jpg,datasets/water/IWHR_AI_Lable_Floater_V1/raw/package2/JPEGImages/1787.jpg,package2,package2,fishing-3,rubbish,False,False
near_duplicate_dhash,8,datasets/water/IWHR_AI_Lable_Floater_V1/raw/package2/JPEGImages/1727.jpg,datasets/water/IWHR_AI_Lable_Floater_V1/raw/package2/JPEGImages/1747.jpg,package2,package2,fishing-3,fishing-3,True,False
near_duplicate_dhash,6,datasets/water/IWHR_AI_Lable_Floater_V1/raw/package2/JPEGImages/1728.jpg,datasets/water/IWHR_AI_Lable_Floater_V1/raw/package2/JPEGImages/1748.jpg,package2,package2,rubbish,rubbish,True,False
near_duplicate_dhash,7,datasets/water/IWHR_AI_Lable_Floater_V1/raw/package2/JPEGImages/1730.jpg,datasets/water/IWHR_AI_Lable_Floater_V1/raw/package2/JPEGImages/1793.jpg,package2,package2,rubbish,rubbish,True,False
near_duplicate_dhash,7,datasets/water/IWHR_AI_Lable_Floater_V1/raw/package2/JPEGImages/1731.jpg,datasets/water/IWHR_AI_Lable_Floater_V1/raw/package2/JPEGImages/1957.jpg,package2,package2,fishing-1,rubbish,False,False
near_duplicate_dhash,8,datasets/water/IWHR_AI_Lable_Floater_V1/raw/package2/JPEGImages/1731.jpg,datasets/water/IWHR_AI_Lable_Floater_V1/raw/package2/JPEGImages/2188.jpg,package2,package2,fishing-1,rubbish,False,False
near_duplicate_dhash,8,datasets/water/IWHR_AI_Lable_Floater_V1/raw/package2/JPEGImages/1735.jpg,datasets/water/IWHR_AI_Lable_Floater_V1/raw/package2/JPEGImages/1755.jpg,package2,package2,fishing-3,fishing-3,True,False
near_duplicate_dhash,8,datasets/water/IWHR_AI_Lable_Floater_V1/raw/package2/JPEGImages/1742.jpg,datasets/water/IWHR_AI_Lable_Floater_V1/raw/package2/JPEGImages/1763.jpg,package2,package2,rubbish,rubbish,True,False
near_duplicate_dhash,6,datasets/water/IWHR_AI_Lable_Floater_V1/raw/package2/JPEGImages/1743.jpg,datasets/water/IWHR_AI_Lable_Floater_V1/raw/package2/JPEGImages/1784.jpg,package2,package2,rubbish,rubbish,True,False
near_duplicate_dhash,6,datasets/water/IWHR_AI_Lable_Floater_V1/raw/package2/JPEGImages/1744.jpg,datasets/water/IWHR_AI_Lable_Floater_V1/raw/package2/JPEGImages/1785.jpg,package2,package2,fishing-3,fishing-3,True,False
near_duplicate_dhash,6,datasets/water/IWHR_AI_Lable_Floater_V1/raw/package2/JPEGImages/1745.jpg,datasets/water/IWHR_AI_Lable_Floater_V1/raw/package2/JPEGImages/1787.jpg,package2,package2,rubbish,rubbish,True,False
near_duplicate_dhash,6,datasets/water/IWHR_AI_Lable_Floater_V1/raw/package2/JPEGImages/1746.jpg,datasets/water/IWHR_AI_Lable_Floater_V1/raw/package2/JPEGImages/2811.jpg,package2,package2,fishing-1,fishing-1,True,False
near_duplicate_dhash,8,datasets/water/IWHR_AI_Lable_Floater_V1/raw/package2/JPEGImages/1747.jpg,datasets/water/IWHR_AI_Lable_Floater_V1/raw/package2/JPEGImages/1767.jpg,package2,package2,fishing-3,fishing-3,True,False
near_duplicate_dhash,8,datasets/water/IWHR_AI_Lable_Floater_V1/raw/package2/JPEGImages/1748.jpg,datasets/water/IWHR_AI_Lable_Floater_V1/raw/package2/JPEGImages/1769.jpg,package2,package2,rubbish,rubbish,True,False
near_duplicate_dhash,6,datasets/water/IWHR_AI_Lable_Floater_V1/raw/package2/JPEGImages/1750.jpg,datasets/water/IWHR_AI_Lable_Floater_V1/raw/package2/JPEGImages/1793.jpg,package2,package2,rubbish,rubbish,True,False
near_duplicate_dhash,6,datasets/water/IWHR_AI_Lable_Floater_V1/raw/package2/JPEGImages/1751.jpg,datasets/water/IWHR_AI_Lable_Floater_V1/raw/package2/JPEGImages/1771.jpg,package2,package2,rubbish,rubbish,True,False
near_duplicate_dhash,8,datasets/water/IWHR_AI_Lable_Floater_V1/raw/package2/JPEGImages/1755.jpg,datasets/water/IWHR_AI_Lable_Floater_V1/raw/package2/JPEGImages/1797.jpg,package2,package2,fishing-3,rubbish,False,False
near_duplicate_dhash,8,datasets/water/IWHR_AI_Lable_Floater_V1/raw/package2/JPEGImages/1756.jpg,datasets/water/IWHR_AI_Lable_Floater_V1/raw/package2/JPEGImages/1775.jpg,package2,package2,fishing-3,rubbish,False,False
near_duplicate_dhash,6,datasets/water/IWHR_AI_Lable_Floater_V1/raw/package2/JPEGImages/1757.jpg,datasets/water/IWHR_AI_Lable_Floater_V1/raw/package2/JPEGImages/1843.jpg,package2,package2,rubbish,rubbish,True,False
near_duplicate_dhash,8,datasets/water/IWHR_AI_Lable_Floater_V1/raw/package2/JPEGImages/1760.jpg,datasets/water/IWHR_AI_Lable_Floater_V1/raw/package2/JPEGImages/1979.jpg,package2,package2,fishing-1,rubbish,False,False
near_duplicate_dhash,7,datasets/water/IWHR_AI_Lable_Floater_V1/raw/package2/JPEGImages/1761.jpg,datasets/water/IWHR_AI_Lable_Floater_V1/raw/package2/JPEGImages/1780.jpg,package2,package2,rubbish,rubbish,True,False
near_duplicate_dhash,8,datasets/water/IWHR_AI_Lable_Floater_V1/raw/package2/JPEGImages/1761.jpg,datasets/water/IWHR_AI_Lable_Floater_V1/raw/package2/JPEGImages/1800.jpg,package2,package2,rubbish,rubbish,True,False
near_duplicate_dhash,8,datasets/water/IWHR_AI_Lable_Floater_V1/raw/package2/JPEGImages/1764.jpg,datasets/water/IWHR_AI_Lable_Floater_V1/raw/package2/JPEGImages/1993.jpg,package2,package2,fishing-1,rubbish,False,False
near_duplicate_dhash,8,datasets/water/IWHR_AI_Lable_Floater_V1/raw/package2/JPEGImages/1766.jpg,datasets/water/IWHR_AI_Lable_Floater_V1/raw/package2/JPEGImages/1807.jpg,package2,package2,rubbish,rubbish,True,False
near_duplicate_dhash,8,datasets/water/IWHR_AI_Lable_Floater_V1/raw/package2/JPEGImages/1768.jpg,datasets/water/IWHR_AI_Lable_Floater_V1/raw/package2/JPEGImages/1927.jpg,package2,package2,rubbish,rubbish,True,False
near_duplicate_dhash,8,datasets/water/IWHR_AI_Lable_Floater_V1/raw/package2/JPEGImages/1768.jpg,datasets/water/IWHR_AI_Lable_Floater_V1/raw/package2/JPEGImages/1988.jpg,package2,package2,rubbish,rubbish,True,False
near_duplicate_dhash,7,datasets/water/IWHR_AI_Lable_Floater_V1/raw/package2/JPEGImages/1769.jpg,datasets/water/IWHR_AI_Lable_Floater_V1/raw/package2/JPEGImages/1791.jpg,package2,package2,rubbish,rubbish,True,False
near_duplicate_dhash,8,datasets/water/IWHR_AI_Lable_Floater_V1/raw/package2/JPEGImages/1770.jpg,datasets/water/IWHR_AI_Lable_Floater_V1/raw/package2/JPEGImages/1811.jpg,package2,package2,rubbish,rubbish,True,False
near_duplicate_dhash,6,datasets/water/IWHR_AI_Lable_Floater_V1/raw/package2/JPEGImages/1771.jpg,datasets/water/IWHR_AI_Lable_Floater_V1/raw/package2/JPEGImages/1813.jpg,package2,package2,rubbish,rubbish,True,False
near_duplicate_dhash,6,datasets/water/IWHR_AI_Lable_Floater_V1/raw/package2/JPEGImages/1773.jpg,datasets/water/IWHR_AI_Lable_Floater_V1/raw/package2/JPEGImages/1796.jpg,package2,package2,rubbish,rubbish,True,False
near_duplicate_dhash,6,datasets/water/IWHR_AI_Lable_Floater_V1/raw/package2/JPEGImages/1776.jpg,datasets/water/IWHR_AI_Lable_Floater_V1/raw/package2/JPEGImages/2154.jpg,package2,package2,rubbish,rubbish,True,False
near_duplicate_dhash,6,datasets/water/IWHR_AI_Lable_Floater_V1/raw/package2/JPEGImages/1777.jpg,datasets/water/IWHR_AI_Lable_Floater_V1/raw/package2/JPEGImages/1820.jpg,package2,package2,rubbish,rubbish,True,False
near_duplicate_dhash,7,datasets/water/IWHR_AI_Lable_Floater_V1/raw/package2/JPEGImages/1778.jpg,datasets/water/IWHR_AI_Lable_Floater_V1/raw/package2/JPEGImages/1917.jpg,package2,package2,rubbish,rubbish,True,False
near_duplicate_dhash,7,datasets/water/IWHR_AI_Lable_Floater_V1/raw/package2/JPEGImages/1780.jpg,datasets/water/IWHR_AI_Lable_Floater_V1/raw/package2/JPEGImages/1939.jpg,package2,package2,rubbish,fishing-3,False,False
near_duplicate_dhash,8,datasets/water/IWHR_AI_Lable_Floater_V1/raw/package2/JPEGImages/1783.jpg,datasets/water/IWHR_AI_Lable_Floater_V1/raw/package2/JPEGImages/1899.jpg,package2,package2,fishing-3,rubbish,False,False
near_duplicate_dhash,7,datasets/water/IWHR_AI_Lable_Floater_V1/raw/package2/JPEGImages/1785.jpg,datasets/water/IWHR_AI_Lable_Floater_V1/raw/package2/JPEGImages/1806.jpg,package2,package2,fishing-3,rubbish,False,False
near_duplicate_dhash,8,datasets/water/IWHR_AI_Lable_Floater_V1/raw/package2/JPEGImages/1787.jpg,datasets/water/IWHR_AI_Lable_Floater_V1/raw/package2/JPEGImages/1827.jpg,package2,package2,rubbish,rubbish,True,False
near_duplicate_dhash,8,datasets/water/IWHR_AI_Lable_Floater_V1/raw/package2/JPEGImages/1787.jpg,datasets/water/IWHR_AI_Lable_Floater_V1/raw/package2/JPEGImages/1853.jpg,package2,package2,rubbish,rubbish,True,False
near_duplicate_dhash,8,datasets/water/IWHR_AI_Lable_Floater_V1/raw/package2/JPEGImages/1792.jpg,datasets/water/IWHR_AI_Lable_Floater_V1/raw/package2/JPEGImages/1833.jpg,package2,package2,rubbish,rubbish,True,False
near_duplicate_dhash,6,datasets/water/IWHR_AI_Lable_Floater_V1/raw/package2/JPEGImages/1794.jpg,datasets/water/IWHR_AI_Lable_Floater_V1/raw/package2/JPEGImages/1813.jpg,package2,package2,rubbish,rubbish,True,False
near_duplicate_dhash,6,datasets/water/IWHR_AI_Lable_Floater_V1/raw/package2/JPEGImages/1795.jpg,datasets/water/IWHR_AI_Lable_Floater_V1/raw/package2/JPEGImages/1836.jpg,package2,package2,rubbish,rubbish,True,False
near_duplicate_dhash,6,datasets/water/IWHR_AI_Lable_Floater_V1/raw/package2/JPEGImages/1797.jpg,datasets/water/IWHR_AI_Lable_Floater_V1/raw/package2/JPEGImages/1815.jpg,package2,package2,rubbish,fishing-3,False,False
near_duplicate_dhash,8,datasets/water/IWHR_AI_Lable_Floater_V1/raw/package2/JPEGImages/1800.jpg,datasets/water/IWHR_AI_Lable_Floater_V1/raw/package2/JPEGImages/1939.jpg,package2,package2,rubbish,fishing-3,False,False
near_duplicate_dhash,7,datasets/water/IWHR_AI_Lable_Floater_V1/raw/package2/JPEGImages/1804.jpg,datasets/water/IWHR_AI_Lable_Floater_V1/raw/package2/JPEGImages/1851.jpg,package2,package2,rubbish,rubbish,True,False
near_duplicate_dhash,8,datasets/water/IWHR_AI_Lable_Floater_V1/raw/package2/JPEGImages/1805.jpg,datasets/water/IWHR_AI_Lable_Floater_V1/raw/package2/JPEGImages/2520.jpg,package2,package2,fishing-1,rubbish,False,False
near_duplicate_dhash,8,datasets/water/IWHR_AI_Lable_Floater_V1/raw/package2/JPEGImages/1807.jpg,datasets/water/IWHR_AI_Lable_Floater_V1/raw/package2/JPEGImages/1866.jpg,package2,package2,rubbish,rubbish,True,False
near_duplicate_dhash,8,datasets/water/IWHR_AI_Lable_Floater_V1/raw/package2/JPEGImages/1810.jpg,datasets/water/IWHR_AI_Lable_Floater_V1/raw/package2/JPEGImages/1832.jpg,package2,package2,rubbish,rubbish,True,False
near_duplicate_dhash,6,datasets/water/IWHR_AI_Lable_Floater_V1/raw/package2/JPEGImages/1811.jpg,datasets/water/IWHR_AI_Lable_Floater_V1/raw/package2/JPEGImages/1834.jpg,package2,package2,rubbish,rubbish,True,False
near_duplicate_dhash,8,datasets/water/IWHR_AI_Lable_Floater_V1/raw/package2/JPEGImages/1811.jpg,datasets/water/IWHR_AI_Lable_Floater_V1/raw/package2/JPEGImages/1856.jpg,package2,package2,rubbish,rubbish,True,False
near_duplicate_dhash,6,datasets/water/IWHR_AI_Lable_Floater_V1/raw/package2/JPEGImages/1812.jpg,datasets/water/IWHR_AI_Lable_Floater_V1/raw/package2/JPEGImages/2035.jpg,package2,package2,rubbish,fishing-1,False,False
near_duplicate_dhash,8,datasets/water/IWHR_AI_Lable_Floater_V1/raw/package2/JPEGImages/1813.jpg,datasets/water/IWHR_AI_Lable_Floater_V1/raw/package2/JPEGImages/1888.jpg,package2,package2,rubbish,rubbish,True,False
near_duplicate_dhash,8,datasets/water/IWHR_AI_Lable_Floater_V1/raw/package2/JPEGImages/1814.jpg,datasets/water/IWHR_AI_Lable_Floater_V1/raw/package2/JPEGImages/1839.jpg,package2,package2,rubbish,rubbish,True,False
near_duplicate_dhash,7,datasets/water/IWHR_AI_Lable_Floater_V1/raw/package2/JPEGImages/1818.jpg,datasets/water/IWHR_AI_Lable_Floater_V1/raw/package2/JPEGImages/2297.jpg,package2,package2,rubbish,fishing-4,False,False
near_duplicate_dhash,6,datasets/water/IWHR_AI_Lable_Floater_V1/raw/package2/JPEGImages/1818.jpg,datasets/water/IWHR_AI_Lable_Floater_V1/raw/package2/JPEGImages/2451.jpg,package2,package2,rubbish,rubbish,True,False
near_duplicate_dhash,7,datasets/water/IWHR_AI_Lable_Floater_V1/raw/package2/JPEGImages/1819.jpg,datasets/water/IWHR_AI_Lable_Floater_V1/raw/package2/JPEGImages/2699.jpg,package2,package2,rubbish,fishing-1,False,False
near_duplicate_dhash,7,datasets/water/IWHR_AI_Lable_Floater_V1/raw/package2/JPEGImages/1827.jpg,datasets/water/IWHR_AI_Lable_Floater_V1/raw/package2/JPEGImages/1866.jpg,package2,package2,rubbish,rubbish,True,False
near_duplicate_dhash,6,datasets/water/IWHR_AI_Lable_Floater_V1/raw/package2/JPEGImages/1828.jpg,datasets/water/IWHR_AI_Lable_Floater_V1/raw/package2/JPEGImages/2065.jpg,package2,package2,rubbish,rubbish,True,False
near_duplicate_dhash,8,datasets/water/IWHR_AI_Lable_Floater_V1/raw/package2/JPEGImages/1832.jpg,datasets/water/IWHR_AI_Lable_Floater_V1/raw/package2/JPEGImages/1855.jpg,package2,package2,rubbish,rubbish,True,False
near_duplicate_dhash,7,datasets/water/IWHR_AI_Lable_Floater_V1/raw/package2/JPEGImages/1836.jpg,datasets/water/IWHR_AI_Lable_Floater_V1/raw/package2/JPEGImages/1889.jpg,package2,package2,rubbish,rubbish,True,False
near_duplicate_dhash,8,datasets/water/IWHR_AI_Lable_Floater_V1/raw/package2/JPEGImages/1837.jpg,datasets/water/IWHR_AI_Lable_Floater_V1/raw/package2/JPEGImages/2069.jpg,package2,package2,rubbish,fishing-4,False,False
near_duplicate_dhash,6,datasets/water/IWHR_AI_Lable_Floater_V1/raw/package2/JPEGImages/1839.jpg,datasets/water/IWHR_AI_Lable_Floater_V1/raw/package2/JPEGImages/1858.jpg,package2,package2,rubbish,rubbish,True,False
near_duplicate_dhash,6,datasets/water/IWHR_AI_Lable_Floater_V1/raw/package2/JPEGImages/1840.jpg,datasets/water/IWHR_AI_Lable_Floater_V1/raw/package2/JPEGImages/2304.jpg,package2,package2,rubbish,fishing-1,False,False
near_duplicate_dhash,8,datasets/water/IWHR_AI_Lable_Floater_V1/raw/package2/JPEGImages/1840.jpg,datasets/water/IWHR_AI_Lable_Floater_V1/raw/package2/JPEGImages/2609.jpg,package2,package2,rubbish,fishing-1,False,False
near_duplicate_dhash,8,datasets/water/IWHR_AI_Lable_Floater_V1/raw/package2/JPEGImages/1840.jpg,datasets/water/IWHR_AI_Lable_Floater_V1/raw/package2/JPEGImages/2900.jpg,package2,package2,rubbish,fishing-1,False,False
near_duplicate_dhash,8,datasets/water/IWHR_AI_Lable_Floater_V1/raw/package2/JPEGImages/1840.jpg,datasets/water/IWHR_AI_Lable_Floater_V1/raw/package2/JPEGImages/2980.jpg,package2,package2,rubbish,rubbish,True,False
near_duplicate_dhash,6,datasets/water/IWHR_AI_Lable_Floater_V1/raw/package2/JPEGImages/1842.jpg,datasets/water/IWHR_AI_Lable_Floater_V1/raw/package2/JPEGImages/1860.jpg,package2,package2,rubbish,rubbish,True,False
near_duplicate_dhash,6,datasets/water/IWHR_AI_Lable_Floater_V1/raw/package2/JPEGImages/1844.jpg,datasets/water/IWHR_AI_Lable_Floater_V1/raw/package2/JPEGImages/1895.jpg,package2,package2,rubbish,rubbish,True,False
near_duplicate_dhash,8,datasets/water/IWHR_AI_Lable_Floater_V1/raw/package2/JPEGImages/1844.jpg,datasets/water/IWHR_AI_Lable_Floater_V1/raw/package2/JPEGImages/1977.jpg,package2,package2,rubbish,rubbish,True,False
near_duplicate_dhash,6,datasets/water/IWHR_AI_Lable_Floater_V1/raw/package2/JPEGImages/1845.jpg,datasets/water/IWHR_AI_Lable_Floater_V1/raw/package2/JPEGImages/1939.jpg,package2,package2,rubbish,fishing-3,False,False
near_duplicate_dhash,7,datasets/water/IWHR_AI_Lable_Floater_V1/raw/package2/JPEGImages/1847.jpg,datasets/water/IWHR_AI_Lable_Floater_V1/raw/package2/JPEGImages/1960.jpg,package2,package2,rubbish,rubbish,True,False
near_duplicate_dhash,7,datasets/water/IWHR_AI_Lable_Floater_V1/raw/package2/JPEGImages/1849.jpg,datasets/water/IWHR_AI_Lable_Floater_V1/raw/package2/JPEGImages/1863.jpg,package2,package2,rubbish,rubbish,True,False
near_duplicate_dhash,8,datasets/water/IWHR_AI_Lable_Floater_V1/raw/package2/JPEGImages/1853.jpg,datasets/water/IWHR_AI_Lable_Floater_V1/raw/package2/JPEGImages/1884.jpg,package2,package2,rubbish,rubbish,True,False
near_duplicate_dhash,7,datasets/water/IWHR_AI_Lable_Floater_V1/raw/package2/JPEGImages/1855.jpg,datasets/water/IWHR_AI_Lable_Floater_V1/raw/package2/JPEGImages/1869.jpg,package2,package2,rubbish,rubbish,True,False
near_duplicate_dhash,8,datasets/water/IWHR_AI_Lable_Floater_V1/raw/package2/JPEGImages/1856.jpg,datasets/water/IWHR_AI_Lable_Floater_V1/raw/package2/JPEGImages/1870.jpg,package2,package2,rubbish,rubbish,True,False
near_duplicate_dhash,8,datasets/water/IWHR_AI_Lable_Floater_V1/raw/package2/JPEGImages/1861.jpg,datasets/water/IWHR_AI_Lable_Floater_V1/raw/package2/JPEGImages/2154.jpg,package2,package2,rubbish,rubbish,True,False
near_duplicate_dhash,6,datasets/water/IWHR_AI_Lable_Floater_V1/raw/package2/JPEGImages/1861.jpg,datasets/water/IWHR_AI_Lable_Floater_V1/raw/package2/JPEGImages/2484.jpg,package2,package2,rubbish,rubbish,True,False
near_duplicate_dhash,7,datasets/water/IWHR_AI_Lable_Floater_V1/raw/package2/JPEGImages/1861.jpg,datasets/water/IWHR_AI_Lable_Floater_V1/raw/package2/JPEGImages/2518.jpg,package2,package2,rubbish,rubbish,True,False
near_duplicate_dhash,8,datasets/water/IWHR_AI_Lable_Floater_V1/raw/package2/JPEGImages/1861.jpg,datasets/water/IWHR_AI_Lable_Floater_V1/raw/package2/JPEGImages/2532.jpg,package2,package2,rubbish,rubbish,True,False
near_duplicate_dhash,7,datasets/water/IWHR_AI_Lable_Floater_V1/raw/package2/JPEGImages/1863.jpg,datasets/water/IWHR_AI_Lable_Floater_V1/raw/package2/JPEGImages/1879.jpg,package2,package2,rubbish,rubbish,True,False
near_duplicate_dhash,7,datasets/water/IWHR_AI_Lable_Floater_V1/raw/package2/JPEGImages/1864.jpg,datasets/water/IWHR_AI_Lable_Floater_V1/raw/package2/JPEGImages/1880.jpg,package2,package2,rubbish,rubbish,True,False
near_duplicate_dhash,6,datasets/water/IWHR_AI_Lable_Floater_V1/raw/package2/JPEGImages/1866.jpg,datasets/water/IWHR_AI_Lable_Floater_V1/raw/package2/JPEGImages/1925.jpg,package2,package2,rubbish,rubbish,True,False
near_duplicate_dhash,7,datasets/water/IWHR_AI_Lable_Floater_V1/raw/package2/JPEGImages/1866.jpg,datasets/water/IWHR_AI_Lable_Floater_V1/raw/package2/JPEGImages/1945.jpg,package2,package2,rubbish,rubbish,True,False
near_duplicate_dhash,8,datasets/water/IWHR_AI_Lable_Floater_V1/raw/package2/JPEGImages/1868.jpg,datasets/water/IWHR_AI_Lable_Floater_V1/raw/package2/JPEGImages/1885.jpg,package2,package2,rubbish,rubbish,True,False
near_duplicate_dhash,6,datasets/water/IWHR_AI_Lable_Floater_V1/raw/package2/JPEGImages/1870.jpg,datasets/water/IWHR_AI_Lable_Floater_V1/raw/package2/JPEGImages/1908.jpg,package2,package2,rubbish,rubbish,True,False
near_duplicate_dhash,8,datasets/water/IWHR_AI_Lable_Floater_V1/raw/package2/JPEGImages/1872.jpg,datasets/water/IWHR_AI_Lable_Floater_V1/raw/package2/JPEGImages/1890.jpg,package2,package2,rubbish,rubbish,True,False
near_duplicate_dhash,8,datasets/water/IWHR_AI_Lable_Floater_V1/raw/package2/JPEGImages/1873.jpg,datasets/water/IWHR_AI_Lable_Floater_V1/raw/package2/JPEGImages/1891.jpg,package2,package2,rubbish,rubbish,True,False
near_duplicate_dhash,6,datasets/water/IWHR_AI_Lable_Floater_V1/raw/package2/JPEGImages/1875.jpg,datasets/water/IWHR_AI_Lable_Floater_V1/raw/package2/JPEGImages/1915.jpg,package2,package2,rubbish,rubbish,True,False
near_duplicate_dhash,6,datasets/water/IWHR_AI_Lable_Floater_V1/raw/package2/JPEGImages/1875.jpg,datasets/water/IWHR_AI_Lable_Floater_V1/raw/package2/JPEGImages/1936.jpg,package2,package2,rubbish,rubbish,True,False
near_duplicate_dhash,6,datasets/water/IWHR_AI_Lable_Floater_V1/raw/package2/JPEGImages/1876.jpg,datasets/water/IWHR_AI_Lable_Floater_V1/raw/package2/JPEGImages/2297.jpg,package2,package2,rubbish,fishing-4,False,False
near_duplicate_dhash,6,datasets/water/IWHR_AI_Lable_Floater_V1/raw/package2/JPEGImages/1876.jpg,datasets/water/IWHR_AI_Lable_Floater_V1/raw/package2/JPEGImages/2518.jpg,package2,package2,rubbish,rubbish,True,False
near_duplicate_dhash,6,datasets/water/IWHR_AI_Lable_Floater_V1/raw/package2/JPEGImages/1877.jpg,datasets/water/IWHR_AI_Lable_Floater_V1/raw/package2/JPEGImages/2109.jpg,package2,package2,rubbish,fishing-1,False,False
near_duplicate_dhash,6,datasets/water/IWHR_AI_Lable_Floater_V1/raw/package2/JPEGImages/1879.jpg,datasets/water/IWHR_AI_Lable_Floater_V1/raw/package2/JPEGImages/1897.jpg,package2,package2,rubbish,rubbish,True,False
near_duplicate_dhash,8,datasets/water/IWHR_AI_Lable_Floater_V1/raw/package2/JPEGImages/1880.jpg,datasets/water/IWHR_AI_Lable_Floater_V1/raw/package2/JPEGImages/1898.jpg,package2,package2,rubbish,rubbish,True,False
near_duplicate_dhash,6,datasets/water/IWHR_AI_Lable_Floater_V1/raw/package2/JPEGImages/1881.jpg,datasets/water/IWHR_AI_Lable_Floater_V1/raw/package2/JPEGImages/1922.jpg,package2,package2,rubbish,rubbish,True,False
near_duplicate_dhash,8,datasets/water/IWHR_AI_Lable_Floater_V1/raw/package2/JPEGImages/1881.jpg,datasets/water/IWHR_AI_Lable_Floater_V1/raw/package2/JPEGImages/1944.jpg,package2,package2,rubbish,rubbish,True,False
near_duplicate_dhash,7,datasets/water/IWHR_AI_Lable_Floater_V1/raw/package2/JPEGImages/1882.jpg,datasets/water/IWHR_AI_Lable_Floater_V1/raw/package2/JPEGImages/2972.jpg,package2,package2,rubbish,rubbish,True,False
near_duplicate_dhash,7,datasets/water/IWHR_AI_Lable_Floater_V1/raw/package2/JPEGImages/1883.jpg,datasets/water/IWHR_AI_Lable_Floater_V1/raw/package2/JPEGImages/1901.jpg,package2,package2,fishing-3,fishing-3,True,False
near_duplicate_dhash,6,datasets/water/IWHR_AI_Lable_Floater_V1/raw/package2/JPEGImages/1884.jpg,datasets/water/IWHR_AI_Lable_Floater_V1/raw/package2/JPEGImages/1964.jpg,package2,package2,rubbish,rubbish,True,False
near_duplicate_dhash,8,datasets/water/IWHR_AI_Lable_Floater_V1/raw/package2/JPEGImages/1888.jpg,datasets/water/IWHR_AI_Lable_Floater_V1/raw/package2/JPEGImages/1970.jpg,package2,package2,rubbish,rubbish,True,False
near_duplicate_dhash,8,datasets/water/IWHR_AI_Lable_Floater_V1/raw/package2/JPEGImages/1888.jpg,datasets/water/IWHR_AI_Lable_Floater_V1/raw/package2/JPEGImages/1991.jpg,package2,package2,rubbish,rubbish,True,False
near_duplicate_dhash,6,datasets/water/IWHR_AI_Lable_Floater_V1/raw/package2/JPEGImages/1889.jpg,datasets/water/IWHR_AI_Lable_Floater_V1/raw/package2/JPEGImages/1931.jpg,package2,package2,rubbish,rubbish,True,False
near_duplicate_dhash,8,datasets/water/IWHR_AI_Lable_Floater_V1/raw/package2/JPEGImages/1889.jpg,datasets/water/IWHR_AI_Lable_Floater_V1/raw/package2/JPEGImages/1952.jpg,package2,package2,rubbish,rubbish,True,False
near_duplicate_dhash,8,datasets/water/IWHR_AI_Lable_Floater_V1/raw/package2/JPEGImages/1890.jpg,datasets/water/IWHR_AI_Lable_Floater_V1/raw/package2/JPEGImages/1911.jpg,package2,package2,rubbish,rubbish,True,False
near_duplicate_dhash,6,datasets/water/IWHR_AI_Lable_Floater_V1/raw/package2/JPEGImages/1892.jpg,datasets/water/IWHR_AI_Lable_Floater_V1/raw/package2/JPEGImages/1914.jpg,package2,package2,rubbish,fishing-3,False,False
near_duplicate_dhash,8,datasets/water/IWHR_AI_Lable_Floater_V1/raw/package2/JPEGImages/1893.jpg,datasets/water/IWHR_AI_Lable_Floater_V1/raw/package2/JPEGImages/1916.jpg,package2,package2,rubbish,rubbish,True,False
near_duplicate_dhash,6,datasets/water/IWHR_AI_Lable_Floater_V1/raw/package2/JPEGImages/1896.jpg,datasets/water/IWHR_AI_Lable_Floater_V1/raw/package2/JPEGImages/2096.jpg,package2,package2,rubbish,fishing-4,False,False
near_duplicate_dhash,8,datasets/water/IWHR_AI_Lable_Floater_V1/raw/package2/JPEGImages/1896.jpg,datasets/water/IWHR_AI_Lable_Floater_V1/raw/package2/JPEGImages/2175.jpg,package2,package2,rubbish,rubbish,True,False
near_duplicate_dhash,8,datasets/water/IWHR_AI_Lable_Floater_V1/raw/package2/JPEGImages/1898.jpg,datasets/water/IWHR_AI_Lable_Floater_V1/raw/package2/JPEGImages/1963.jpg,package2,package2,rubbish,rubbish,True,False
near_duplicate_dhash,7,datasets/water/IWHR_AI_Lable_Floater_V1/raw/package2/JPEGImages/1901.jpg,datasets/water/IWHR_AI_Lable_Floater_V1/raw/package2/JPEGImages/1923.jpg,package2,package2,fishing-3,fishing-3,True,False
near_duplicate_dhash,7,datasets/water/IWHR_AI_Lable_Floater_V1/raw/package2/JPEGImages/1903.jpg,datasets/water/IWHR_AI_Lable_Floater_V1/raw/package2/JPEGImages/1984.jpg,package2,package2,rubbish,rubbish,True,False
near_duplicate_dhash,6,datasets/water/IWHR_AI_Lable_Floater_V1/raw/package2/JPEGImages/1904.jpg,datasets/water/IWHR_AI_Lable_Floater_V1/raw/package2/JPEGImages/1926.jpg,package2,package2,fishing-3,rubbish,False,False
near_duplicate_dhash,6,datasets/water/IWHR_AI_Lable_Floater_V1/raw/package2/JPEGImages/1908.jpg,datasets/water/IWHR_AI_Lable_Floater_V1/raw/package2/JPEGImages/1929.jpg,package2,package2,rubbish,rubbish,True,False
near_duplicate_dhash,7,datasets/water/IWHR_AI_Lable_Floater_V1/raw/package2/JPEGImages/1909.jpg,datasets/water/IWHR_AI_Lable_Floater_V1/raw/package2/JPEGImages/1970.jpg,package2,package2,rubbish,rubbish,True,False
near_duplicate_dhash,7,datasets/water/IWHR_AI_Lable_Floater_V1/raw/package2/JPEGImages/1909.jpg,datasets/water/IWHR_AI_Lable_Floater_V1/raw/package2/JPEGImages/1991.jpg,package2,package2,rubbish,rubbish,True,False
near_duplicate_dhash,8,datasets/water/IWHR_AI_Lable_Floater_V1/raw/package2/JPEGImages/1912.jpg,datasets/water/IWHR_AI_Lable_Floater_V1/raw/package2/JPEGImages/1933.jpg,package2,package2,rubbish,rubbish,True,False
near_duplicate_dhash,8,datasets/water/IWHR_AI_Lable_Floater_V1/raw/package2/JPEGImages/1912.jpg,datasets/water/IWHR_AI_Lable_Floater_V1/raw/package2/JPEGImages/1954.jpg,package2,package2,rubbish,rubbish,True,False
near_duplicate_dhash,6,datasets/water/IWHR_AI_Lable_Floater_V1/raw/package2/JPEGImages/1916.jpg,datasets/water/IWHR_AI_Lable_Floater_V1/raw/package2/JPEGImages/2015.jpg,package2,package2,rubbish,fishing-3,False,False
near_duplicate_dhash,7,datasets/water/IWHR_AI_Lable_Floater_V1/raw/package2/JPEGImages/1916.jpg,datasets/water/IWHR_AI_Lable_Floater_V1/raw/package2/JPEGImages/2074.jpg,package2,package2,rubbish,fishing-4,False,False
near_duplicate_dhash,8,datasets/water/IWHR_AI_Lable_Floater_V1/raw/package2/JPEGImages/1916.jpg,datasets/water/IWHR_AI_Lable_Floater_V1/raw/package2/JPEGImages/2518.jpg,package2,package2,rubbish,rubbish,True,False
near_duplicate_dhash,6,datasets/water/IWHR_AI_Lable_Floater_V1/raw/package2/JPEGImages/1918.jpg,datasets/water/IWHR_AI_Lable_Floater_V1/raw/package2/JPEGImages/1958.jpg,package2,package2,rubbish,rubbish,True,False
near_duplicate_dhash,6,datasets/water/IWHR_AI_Lable_Floater_V1/raw/package2/JPEGImages/1920.jpg,datasets/water/IWHR_AI_Lable_Floater_V1/raw/package2/JPEGImages/2001.jpg,package2,package2,fishing-3,fishing-3,True,False
near_duplicate_dhash,8,datasets/water/IWHR_AI_Lable_Floater_V1/raw/package2/JPEGImages/1922.jpg,datasets/water/IWHR_AI_Lable_Floater_V1/raw/package2/JPEGImages/2102.jpg,package2,package2,rubbish,fishing-4,False,False
near_duplicate_dhash,7,datasets/water/IWHR_AI_Lable_Floater_V1/raw/package2/JPEGImages/1924.jpg,datasets/water/IWHR_AI_Lable_Floater_V1/raw/package2/JPEGImages/2407.jpg,package2,package2,rubbish,rubbish,True,False
near_duplicate_dhash,6,datasets/water/IWHR_AI_Lable_Floater_V1/raw/package2/JPEGImages/1925.jpg,datasets/water/IWHR_AI_Lable_Floater_V1/raw/package2/JPEGImages/1984.jpg,package2,package2,rubbish,rubbish,True,False
near_duplicate_dhash,8,datasets/water/IWHR_AI_Lable_Floater_V1/raw/package2/JPEGImages/1926.jpg,datasets/water/IWHR_AI_Lable_Floater_V1/raw/package2/JPEGImages/1947.jpg,package2,package2,rubbish,rubbish,True,False
near_duplicate_dhash,8,datasets/water/IWHR_AI_Lable_Floater_V1/raw/package2/JPEGImages/1927.jpg,datasets/water/IWHR_AI_Lable_Floater_V1/raw/package2/JPEGImages/2145.jpg,package2,package2,rubbish,fishing-4,False,False
near_duplicate_dhash,7,datasets/water/IWHR_AI_Lable_Floater_V1/raw/package2/JPEGImages/1928.jpg,datasets/water/IWHR_AI_Lable_Floater_V1/raw/package2/JPEGImages/1948.jpg,package2,package2,rubbish,rubbish,True,False
near_duplicate_dhash,6,datasets/water/IWHR_AI_Lable_Floater_V1/raw/package2/JPEGImages/1929.jpg,datasets/water/IWHR_AI_Lable_Floater_V1/raw/package2/JPEGImages/1950.jpg,package2,package2,rubbish,fishing-3,False,False
near_duplicate_dhash,7,datasets/water/IWHR_AI_Lable_Floater_V1/raw/package2/JPEGImages/1930.jpg,datasets/water/IWHR_AI_Lable_Floater_V1/raw/package2/JPEGImages/1970.jpg,package2,package2,fishing-3,rubbish,False,False
near_duplicate_dhash,7,datasets/water/IWHR_AI_Lable_Floater_V1/raw/package2/JPEGImages/1930.jpg,datasets/water/IWHR_AI_Lable_Floater_V1/raw/package2/JPEGImages/1991.jpg,package2,package2,fishing-3,rubbish,False,False
near_duplicate_dhash,7,datasets/water/IWHR_AI_Lable_Floater_V1/raw/package2/JPEGImages/1932.jpg,datasets/water/IWHR_AI_Lable_Floater_V1/raw/package2/JPEGImages/1953.jpg,package2,package2,rubbish,rubbish,True,False
near_duplicate_dhash,7,datasets/water/IWHR_AI_Lable_Floater_V1/raw/package2/JPEGImages/1936.jpg,datasets/water/IWHR_AI_Lable_Floater_V1/raw/package2/JPEGImages/1956.jpg,package2,package2,rubbish,rubbish,True,False
near_duplicate_dhash,6,datasets/water/IWHR_AI_Lable_Floater_V1/raw/package2/JPEGImages/1942.jpg,datasets/water/IWHR_AI_Lable_Floater_V1/raw/package2/JPEGImages/2825.jpg,package2,package2,rubbish,fishing-1,False,False
near_duplicate_dhash,8,datasets/water/IWHR_AI_Lable_Floater_V1/raw/package2/JPEGImages/1943.jpg,datasets/water/IWHR_AI_Lable_Floater_V1/raw/package2/JPEGImages/2428.jpg,package2,package2,rubbish,rubbish,True,False
near_duplicate_dhash,8,datasets/water/IWHR_AI_Lable_Floater_V1/raw/package2/JPEGImages/1944.jpg,datasets/water/IWHR_AI_Lable_Floater_V1/raw/package2/JPEGImages/1983.jpg,package2,package2,rubbish,rubbish,True,False
near_duplicate_dhash,8,datasets/water/IWHR_AI_Lable_Floater_V1/raw/package2/JPEGImages/1944.jpg,datasets/water/IWHR_AI_Lable_Floater_V1/raw/package2/JPEGImages/2102.jpg,package2,package2,rubbish,fishing-4,False,False
near_duplicate_dhash,8,datasets/water/IWHR_AI_Lable_Floater_V1/raw/package2/JPEGImages/1947.jpg,datasets/water/IWHR_AI_Lable_Floater_V1/raw/package2/JPEGImages/1965.jpg,package2,package2,rubbish,rubbish,True,False
near_duplicate_dhash,6,datasets/water/IWHR_AI_Lable_Floater_V1/raw/package2/JPEGImages/1948.jpg,datasets/water/IWHR_AI_Lable_Floater_V1/raw/package2/JPEGImages/1989.jpg,package2,package2,rubbish,rubbish,True,False
near_duplicate_dhash,7,datasets/water/IWHR_AI_Lable_Floater_V1/raw/package2/JPEGImages/1949.jpg,datasets/water/IWHR_AI_Lable_Floater_V1/raw/package2/JPEGImages/2434.jpg,package2,package2,fishing-1,rubbish,False,False
near_duplicate_dhash,6,datasets/water/IWHR_AI_Lable_Floater_V1/raw/package2/JPEGImages/1951.jpg,datasets/water/IWHR_AI_Lable_Floater_V1/raw/package2/JPEGImages/1970.jpg,package2,package2,fishing-3,rubbish,False,False
near_duplicate_dhash,6,datasets/water/IWHR_AI_Lable_Floater_V1/raw/package2/JPEGImages/1951.jpg,datasets/water/IWHR_AI_Lable_Floater_V1/raw/package2/JPEGImages/1991.jpg,package2,package2,fishing-3,rubbish,False,False
near_duplicate_dhash,6,datasets/water/IWHR_AI_Lable_Floater_V1/raw/package2/JPEGImages/1952.jpg,datasets/water/IWHR_AI_Lable_Floater_V1/raw/package2/JPEGImages/1992.jpg,package2,package2,rubbish,rubbish,True,False
near_duplicate_dhash,6,datasets/water/IWHR_AI_Lable_Floater_V1/raw/package2/JPEGImages/1953.jpg,datasets/water/IWHR_AI_Lable_Floater_V1/raw/package2/JPEGImages/1972.jpg,package2,package2,rubbish,rubbish,True,False
near_duplicate_dhash,8,datasets/water/IWHR_AI_Lable_Floater_V1/raw/package2/JPEGImages/1954.jpg,datasets/water/IWHR_AI_Lable_Floater_V1/raw/package2/JPEGImages/1973.jpg,package2,package2,rubbish,rubbish,True,False
near_duplicate_dhash,6,datasets/water/IWHR_AI_Lable_Floater_V1/raw/package2/JPEGImages/1955.jpg,datasets/water/IWHR_AI_Lable_Floater_V1/raw/package2/JPEGImages/1974.jpg,package2,package2,rubbish,rubbish,True,False
near_duplicate_dhash,6,datasets/water/IWHR_AI_Lable_Floater_V1/raw/package2/JPEGImages/1956.jpg,datasets/water/IWHR_AI_Lable_Floater_V1/raw/package2/JPEGImages/1975.jpg,package2,package2,rubbish,rubbish,True,False
near_duplicate_dhash,6,datasets/water/IWHR_AI_Lable_Floater_V1/raw/package2/JPEGImages/1957.jpg,datasets/water/IWHR_AI_Lable_Floater_V1/raw/package2/JPEGImages/2663.jpg,package2,package2,rubbish,fishing-1,False,False
near_duplicate_dhash,8,datasets/water/IWHR_AI_Lable_Floater_V1/raw/package2/JPEGImages/1961.jpg,datasets/water/IWHR_AI_Lable_Floater_V1/raw/package2/JPEGImages/2661.jpg,package2,package2,fishing-1,fishing-1,True,False
near_duplicate_dhash,6,datasets/water/IWHR_AI_Lable_Floater_V1/raw/package2/JPEGImages/1962.jpg,datasets/water/IWHR_AI_Lable_Floater_V1/raw/package2/JPEGImages/1980.jpg,package2,package2,rubbish,rubbish,True,False
near_duplicate_dhash,7,datasets/water/IWHR_AI_Lable_Floater_V1/raw/package2/JPEGImages/1964.jpg,datasets/water/IWHR_AI_Lable_Floater_V1/raw/package2/JPEGImages/2005.jpg,package2,package2,rubbish,fishing-3,False,False
near_duplicate_dhash,7,datasets/water/IWHR_AI_Lable_Floater_V1/raw/package2/JPEGImages/1965.jpg,datasets/water/IWHR_AI_Lable_Floater_V1/raw/package2/JPEGImages/1987.jpg,package2,package2,rubbish,rubbish,True,False
near_duplicate_dhash,6,datasets/water/IWHR_AI_Lable_Floater_V1/raw/package2/JPEGImages/1966.jpg,datasets/water/IWHR_AI_Lable_Floater_V1/raw/package2/JPEGImages/2686.jpg,package2,package2,rubbish,fishing-1,False,False
near_duplicate_dhash,8,datasets/water/IWHR_AI_Lable_Floater_V1/raw/package2/JPEGImages/1966.jpg,datasets/water/IWHR_AI_Lable_Floater_V1/raw/package2/JPEGImages/3000.jpg,package2,package2,rubbish,rubbish,True,False
near_duplicate_dhash,7,datasets/water/IWHR_AI_Lable_Floater_V1/raw/package2/JPEGImages/1968.jpg,datasets/water/IWHR_AI_Lable_Floater_V1/raw/package2/JPEGImages/2042.jpg,package2,package2,rubbish,fishing-3,False,False
near_duplicate_dhash,8,datasets/water/IWHR_AI_Lable_Floater_V1/raw/package2/JPEGImages/1969.jpg,datasets/water/IWHR_AI_Lable_Floater_V1/raw/package2/JPEGImages/2008.jpg,package2,package2,rubbish,rubbish,True,False
near_duplicate_dhash,8,datasets/water/IWHR_AI_Lable_Floater_V1/raw/package2/JPEGImages/1970.jpg,datasets/water/IWHR_AI_Lable_Floater_V1/raw/package2/JPEGImages/2068.jpg,package2,package2,rubbish,fishing-4,False,False
near_duplicate_dhash,6,datasets/water/IWHR_AI_Lable_Floater_V1/raw/package2/JPEGImages/1972.jpg,datasets/water/IWHR_AI_Lable_Floater_V1/raw/package2/JPEGImages/1994.jpg,package2,package2,rubbish,rubbish,True,False
near_duplicate_dhash,7,datasets/water/IWHR_AI_Lable_Floater_V1/raw/package2/JPEGImages/1973.jpg,datasets/water/IWHR_AI_Lable_Floater_V1/raw/package2/JPEGImages/2010.jpg,package2,package2,rubbish,fishing-3,False,False
near_duplicate_dhash,7,datasets/water/IWHR_AI_Lable_Floater_V1/raw/package2/JPEGImages/1974.jpg,datasets/water/IWHR_AI_Lable_Floater_V1/raw/package2/JPEGImages/1996.jpg,package2,package2,rubbish,rubbish,True,False
near_duplicate_dhash,6,datasets/water/IWHR_AI_Lable_Floater_V1/raw/package2/JPEGImages/1975.jpg,datasets/water/IWHR_AI_Lable_Floater_V1/raw/package2/JPEGImages/1997.jpg,package2,package2,rubbish,rubbish,True,False
near_duplicate_dhash,8,datasets/water/IWHR_AI_Lable_Floater_V1/raw/package2/JPEGImages/1976.jpg,datasets/water/IWHR_AI_Lable_Floater_V1/raw/package2/JPEGImages/2115.jpg,package2,package2,rubbish,fishing-4,False,False
near_duplicate_dhash,7,datasets/water/IWHR_AI_Lable_Floater_V1/raw/package2/JPEGImages/1977.jpg,datasets/water/IWHR_AI_Lable_Floater_V1/raw/package2/JPEGImages/2032.jpg,package2,package2,rubbish,rubbish,True,False
near_duplicate_dhash,7,datasets/water/IWHR_AI_Lable_Floater_V1/raw/package2/JPEGImages/1978.jpg,datasets/water/IWHR_AI_Lable_Floater_V1/raw/package2/JPEGImages/2018.jpg,package2,package2,rubbish,rubbish,True,False
near_duplicate_dhash,7,datasets/water/IWHR_AI_Lable_Floater_V1/raw/package2/JPEGImages/1979.jpg,datasets/water/IWHR_AI_Lable_Floater_V1/raw/package2/JPEGImages/2465.jpg,package2,package2,rubbish,rubbish,True,False
near_duplicate_dhash,6,datasets/water/IWHR_AI_Lable_Floater_V1/raw/package2/JPEGImages/1980.jpg,datasets/water/IWHR_AI_Lable_Floater_V1/raw/package2/JPEGImages/2019.jpg,package2,package2,rubbish,fishing-3,False,False
near_duplicate_dhash,7,datasets/water/IWHR_AI_Lable_Floater_V1/raw/package2/JPEGImages/1980.jpg,datasets/water/IWHR_AI_Lable_Floater_V1/raw/package2/JPEGImages/2036.jpg,package2,package2,rubbish,fishing-3,False,False
near_duplicate_dhash,8,datasets/water/IWHR_AI_Lable_Floater_V1/raw/package2/JPEGImages/1983.jpg,datasets/water/IWHR_AI_Lable_Floater_V1/raw/package2/JPEGImages/2081.jpg,package2,package2,rubbish,rubbish,True,False
near_duplicate_dhash,7,datasets/water/IWHR_AI_Lable_Floater_V1/raw/package2/JPEGImages/1984.jpg,datasets/water/IWHR_AI_Lable_Floater_V1/raw/package2/JPEGImages/2022.jpg,package2,package2,rubbish,fishing-3,False,False
near_duplicate_dhash,7,datasets/water/IWHR_AI_Lable_Floater_V1/raw/package2/JPEGImages/1986.jpg,datasets/water/IWHR_AI_Lable_Floater_V1/raw/package2/JPEGImages/2083.jpg,package2,package2,rubbish,rubbish,True,False
near_duplicate_dhash,7,datasets/water/IWHR_AI_Lable_Floater_V1/raw/package2/JPEGImages/1989.jpg,datasets/water/IWHR_AI_Lable_Floater_V1/raw/package2/JPEGImages/2007.jpg,package2,package2,rubbish,rubbish,True,False
near_duplicate_dhash,8,datasets/water/IWHR_AI_Lable_Floater_V1/raw/package2/JPEGImages/1991.jpg,datasets/water/IWHR_AI_Lable_Floater_V1/raw/package2/JPEGImages/2068.jpg,package2,package2,rubbish,fishing-4,False,False
near_duplicate_dhash,8,datasets/water/IWHR_AI_Lable_Floater_V1/raw/package2/JPEGImages/1994.jpg,datasets/water/IWHR_AI_Lable_Floater_V1/raw/package2/JPEGImages/1995.jpg,package2,package2,rubbish,fishing-3,False,False
near_duplicate_dhash,8,datasets/water/IWHR_AI_Lable_Floater_V1/raw/package2/JPEGImages/1995.jpg,datasets/water/IWHR_AI_Lable_Floater_V1/raw/package2/JPEGImages/2011.jpg,package2,package2,fishing-3,rubbish,False,False
near_duplicate_dhash,7,datasets/water/IWHR_AI_Lable_Floater_V1/raw/package2/JPEGImages/1997.jpg,datasets/water/IWHR_AI_Lable_Floater_V1/raw/package2/JPEGImages/2014.jpg,package2,package2,rubbish,rubbish,True,False
near_duplicate_dhash,8,datasets/water/IWHR_AI_Lable_Floater_V1/raw/package2/JPEGImages/1997.jpg,datasets/water/IWHR_AI_Lable_Floater_V1/raw/package2/JPEGImages/2030.jpg,package2,package2,rubbish,fishing-3,False,False
near_duplicate_dhash,6,datasets/water/IWHR_AI_Lable_Floater_V1/raw/package2/JPEGImages/1998.jpg,datasets/water/IWHR_AI_Lable_Floater_V1/raw/package2/JPEGImages/2052.jpg,package2,package2,rubbish,fishing-3,False,False
near_duplicate_dhash,6,datasets/water/IWHR_AI_Lable_Floater_V1/raw/package2/JPEGImages/1999.jpg,datasets/water/IWHR_AI_Lable_Floater_V1/raw/package2/JPEGImages/2017.jpg,package2,package2,rubbish,fishing-3,False,False
near_duplicate_dhash,6,datasets/water/IWHR_AI_Lable_Floater_V1/raw/package2/JPEGImages/2000.jpg,datasets/water/IWHR_AI_Lable_Floater_V1/raw/package2/JPEGImages/2034.jpg,package2,package2,rubbish,fishing-3,False,False
near_duplicate_dhash,6,datasets/water/IWHR_AI_Lable_Floater_V1/raw/package2/JPEGImages/2003.jpg,datasets/water/IWHR_AI_Lable_Floater_V1/raw/package2/JPEGImages/2835.jpg,package2,package2,rubbish,fishing-1,False,False
near_duplicate_dhash,7,datasets/water/IWHR_AI_Lable_Floater_V1/raw/package2/JPEGImages/2005.jpg,datasets/water/IWHR_AI_Lable_Floater_V1/raw/package2/JPEGImages/2064.jpg,package2,package2,fishing-3,fishing-4,False,False
near_duplicate_dhash,8,datasets/water/IWHR_AI_Lable_Floater_V1/raw/package2/JPEGImages/2006.jpg,datasets/water/IWHR_AI_Lable_Floater_V1/raw/package2/JPEGImages/2023.jpg,package2,package2,fishing-3,fishing-3,True,False
near_duplicate_dhash,7,datasets/water/IWHR_AI_Lable_Floater_V1/raw/package2/JPEGImages/2007.jpg,datasets/water/IWHR_AI_Lable_Floater_V1/raw/package2/JPEGImages/2041.jpg,package2,package2,rubbish,fishing-3,False,False
near_duplicate_dhash,6,datasets/water/IWHR_AI_Lable_Floater_V1/raw/package2/JPEGImages/2008.jpg,datasets/water/IWHR_AI_Lable_Floater_V1/raw/package2/JPEGImages/2025.jpg,package2,package2,rubbish,fishing-3,False,False
near_duplicate_dhash,7,datasets/water/IWHR_AI_Lable_Floater_V1/raw/package2/JPEGImages/2011.jpg,datasets/water/IWHR_AI_Lable_Floater_V1/raw/package2/JPEGImages/2028.jpg,package2,package2,rubbish,fishing-3,False,False
near_duplicate_dhash,8,datasets/water/IWHR_AI_Lable_Floater_V1/raw/package2/JPEGImages/2013.jpg,datasets/water/IWHR_AI_Lable_Floater_V1/raw/package2/JPEGImages/2029.jpg,package2,package2,fishing-3,rubbish,False,False
near_duplicate_dhash,8,datasets/water/IWHR_AI_Lable_Floater_V1/raw/package2/JPEGImages/2016.jpg,datasets/water/IWHR_AI_Lable_Floater_V1/raw/package2/JPEGImages/2253.jpg,package2,package2,rubbish,rubbish,True,False
near_duplicate_dhash,8,datasets/water/IWHR_AI_Lable_Floater_V1/raw/package2/JPEGImages/2017.jpg,datasets/water/IWHR_AI_Lable_Floater_V1/raw/package2/JPEGImages/2033.jpg,package2,package2,fishing-3,fishing-3,True,False
near_duplicate_dhash,7,datasets/water/IWHR_AI_Lable_Floater_V1/raw/package2/JPEGImages/2018.jpg,datasets/water/IWHR_AI_Lable_Floater_V1/raw/package2/JPEGImages/2054.jpg,package2,package2,rubbish,fishing-3,False,False
near_duplicate_dhash,8,datasets/water/IWHR_AI_Lable_Floater_V1/raw/package2/JPEGImages/2019.jpg,datasets/water/IWHR_AI_Lable_Floater_V1/raw/package2/JPEGImages/2057.jpg,package2,package2,fishing-3,fishing-3,True,False
near_duplicate_dhash,7,datasets/water/IWHR_AI_Lable_Floater_V1/raw/package2/JPEGImages/2025.jpg,datasets/water/IWHR_AI_Lable_Floater_V1/raw/package2/JPEGImages/2067.jpg,package2,package2,fishing-3,fishing-4,False,False
near_duplicate_dhash,7,datasets/water/IWHR_AI_Lable_Floater_V1/raw/package2/JPEGImages/2027.jpg,datasets/water/IWHR_AI_Lable_Floater_V1/raw/package2/JPEGImages/2048.jpg,package2,package2,fishing-3,rubbish,False,False
near_duplicate_dhash,8,datasets/water/IWHR_AI_Lable_Floater_V1/raw/package2/JPEGImages/2028.jpg,datasets/water/IWHR_AI_Lable_Floater_V1/raw/package2/JPEGImages/2049.jpg,package2,package2,fishing-3,rubbish,False,False
near_duplicate_dhash,6,datasets/water/IWHR_AI_Lable_Floater_V1/raw/package2/JPEGImages/2029.jpg,datasets/water/IWHR_AI_Lable_Floater_V1/raw/package2/JPEGImages/2050.jpg,package2,package2,rubbish,rubbish,True,False
near_duplicate_dhash,7,datasets/water/IWHR_AI_Lable_Floater_V1/raw/package2/JPEGImages/2030.jpg,datasets/water/IWHR_AI_Lable_Floater_V1/raw/package2/JPEGImages/2051.jpg,package2,package2,fishing-3,fishing-3,True,False
near_duplicate_dhash,7,datasets/water/IWHR_AI_Lable_Floater_V1/raw/package2/JPEGImages/2031.jpg,datasets/water/IWHR_AI_Lable_Floater_V1/raw/package2/JPEGImages/2214.jpg,package2,package2,rubbish,rubbish,True,False
near_duplicate_dhash,6,datasets/water/IWHR_AI_Lable_Floater_V1/raw/package2/JPEGImages/2032.jpg,datasets/water/IWHR_AI_Lable_Floater_V1/raw/package2/JPEGImages/2094.jpg,package2,package2,rubbish,fishing-4,False,False
near_duplicate_dhash,6,datasets/water/IWHR_AI_Lable_Floater_V1/raw/package2/JPEGImages/2035.jpg,datasets/water/IWHR_AI_Lable_Floater_V1/raw/package2/JPEGImages/2525.jpg,package2,package2,fishing-1,rubbish,False,False
near_duplicate_dhash,7,datasets/water/IWHR_AI_Lable_Floater_V1/raw/package2/JPEGImages/2036.jpg,datasets/water/IWHR_AI_Lable_Floater_V1/raw/package2/JPEGImages/2057.jpg,package2,package2,fishing-3,fishing-3,True,False
near_duplicate_dhash,8,datasets/water/IWHR_AI_Lable_Floater_V1/raw/package2/JPEGImages/2037.jpg,datasets/water/IWHR_AI_Lable_Floater_V1/raw/package2/JPEGImages/2061.jpg,package2,package2,rubbish,fishing-4,False,False
near_duplicate_dhash,8,datasets/water/IWHR_AI_Lable_Floater_V1/raw/package2/JPEGImages/2039.jpg,datasets/water/IWHR_AI_Lable_Floater_V1/raw/package2/JPEGImages/2082.jpg,package2,package2,fishing-3,fishing-4,False,False
near_duplicate_dhash,6,datasets/water/IWHR_AI_Lable_Floater_V1/raw/package2/JPEGImages/2043.jpg,datasets/water/IWHR_AI_Lable_Floater_V1/raw/package2/JPEGImages/2087.jpg,package2,package2,rubbish,rubbish,True,False
near_duplicate_dhash,8,datasets/water/IWHR_AI_Lable_Floater_V1/raw/package2/JPEGImages/2044.jpg,datasets/water/IWHR_AI_Lable_Floater_V1/raw/package2/JPEGImages/2088.jpg,package2,package2,fishing-3,fishing-4,False,False
near_duplicate_dhash,7,datasets/water/IWHR_AI_Lable_Floater_V1/raw/package2/JPEGImages/2045.jpg,datasets/water/IWHR_AI_Lable_Floater_V1/raw/package2/JPEGImages/2089.jpg,package2,package2,rubbish,fishing-4,False,False
near_duplicate_dhash,6,datasets/water/IWHR_AI_Lable_Floater_V1/raw/package2/JPEGImages/2046.jpg,datasets/water/IWHR_AI_Lable_Floater_V1/raw/package2/JPEGImages/2131.jpg,package2,package2,fishing-3,rubbish,False,False
near_duplicate_dhash,6,datasets/water/IWHR_AI_Lable_Floater_V1/raw/package2/JPEGImages/2048.jpg,datasets/water/IWHR_AI_Lable_Floater_V1/raw/package2/JPEGImages/2070.jpg,package2,package2,rubbish,fishing-4,False,False
near_duplicate_dhash,8,datasets/water/IWHR_AI_Lable_Floater_V1/raw/package2/JPEGImages/2050.jpg,datasets/water/IWHR_AI_Lable_Floater_V1/raw/package2/JPEGImages/2072.jpg,package2,package2,rubbish,fishing-4,False,False
near_duplicate_dhash,8,datasets/water/IWHR_AI_Lable_Floater_V1/raw/package2/JPEGImages/2051.jpg,datasets/water/IWHR_AI_Lable_Floater_V1/raw/package2/JPEGImages/2073.jpg,package2,package2,fishing-3,rubbish,False,False
near_duplicate_dhash,8,datasets/water/IWHR_AI_Lable_Floater_V1/raw/package2/JPEGImages/2053.jpg,datasets/water/IWHR_AI_Lable_Floater_V1/raw/package2/JPEGImages/2075.jpg,package2,package2,fishing-3,rubbish,False,False
near_duplicate_dhash,7,datasets/water/IWHR_AI_Lable_Floater_V1/raw/package2/JPEGImages/2054.jpg,datasets/water/IWHR_AI_Lable_Floater_V1/raw/package2/JPEGImages/2137.jpg,package2,package2,fishing-3,rubbish,False,False
near_duplicate_dhash,7,datasets/water/IWHR_AI_Lable_Floater_V1/raw/package2/JPEGImages/2057.jpg,datasets/water/IWHR_AI_Lable_Floater_V1/raw/package2/JPEGImages/2078.jpg,package2,package2,fishing-3,fishing-4,False,False
near_duplicate_dhash,7,datasets/water/IWHR_AI_Lable_Floater_V1/raw/package2/JPEGImages/2062.jpg,datasets/water/IWHR_AI_Lable_Floater_V1/raw/package2/JPEGImages/2101.jpg,package2,package2,fishing-4,fishing-4,True,False
near_duplicate_dhash,6,datasets/water/IWHR_AI_Lable_Floater_V1/raw/package2/JPEGImages/2063.jpg,datasets/water/IWHR_AI_Lable_Floater_V1/raw/package2/JPEGImages/2103.jpg,package2,package2,fishing-4,fishing-4,True,False
near_duplicate_dhash,6,datasets/water/IWHR_AI_Lable_Floater_V1/raw/package2/JPEGImages/2064.jpg,datasets/water/IWHR_AI_Lable_Floater_V1/raw/package2/JPEGImages/2082.jpg,package2,package2,fishing-4,fishing-4,True,False
near_duplicate_dhash,7,datasets/water/IWHR_AI_Lable_Floater_V1/raw/package2/JPEGImages/2066.jpg,datasets/water/IWHR_AI_Lable_Floater_V1/raw/package2/JPEGImages/2084.jpg,package2,package2,fishing-4,fishing-4,True,False
near_duplicate_dhash,6,datasets/water/IWHR_AI_Lable_Floater_V1/raw/package2/JPEGImages/2067.jpg,datasets/water/IWHR_AI_Lable_Floater_V1/raw/package2/JPEGImages/2107.jpg,package2,package2,fishing-4,fishing-4,True,False
near_duplicate_dhash,7,datasets/water/IWHR_AI_Lable_Floater_V1/raw/package2/JPEGImages/2068.jpg,datasets/water/IWHR_AI_Lable_Floater_V1/raw/package2/JPEGImages/2088.jpg,package2,package2,fishing-4,fishing-4,True,False
near_duplicate_dhash,8,datasets/water/IWHR_AI_Lable_Floater_V1/raw/package2/JPEGImages/2069.jpg,datasets/water/IWHR_AI_Lable_Floater_V1/raw/package2/JPEGImages/2129.jpg,package2,package2,fishing-4,fishing-4,True,False
near_duplicate_dhash,6,datasets/water/IWHR_AI_Lable_Floater_V1/raw/package2/JPEGImages/2070.jpg,datasets/water/IWHR_AI_Lable_Floater_V1/raw/package2/JPEGImages/2090.jpg,package2,package2,fishing-4,fishing-4,True,False
near_duplicate_dhash,8,datasets/water/IWHR_AI_Lable_Floater_V1/raw/package2/JPEGImages/2074.jpg,datasets/water/IWHR_AI_Lable_Floater_V1/raw/package2/JPEGImages/2115.jpg,package2,package2,fishing-4,fishing-4,True,False
near_duplicate_dhash,6,datasets/water/IWHR_AI_Lable_Floater_V1/raw/package2/JPEGImages/2075.jpg,datasets/water/IWHR_AI_Lable_Floater_V1/raw/package2/JPEGImages/2095.jpg,package2,package2,rubbish,fishing-4,False,False
near_duplicate_dhash,8,datasets/water/IWHR_AI_Lable_Floater_V1/raw/package2/JPEGImages/2078.jpg,datasets/water/IWHR_AI_Lable_Floater_V1/raw/package2/JPEGImages/2099.jpg,package2,package2,fishing-4,fishing-4,True,False
near_duplicate_dhash,7,datasets/water/IWHR_AI_Lable_Floater_V1/raw/package2/JPEGImages/2082.jpg,datasets/water/IWHR_AI_Lable_Floater_V1/raw/package2/JPEGImages/2104.jpg,package2,package2,fishing-4,fishing-4,True,False
near_duplicate_dhash,7,datasets/water/IWHR_AI_Lable_Floater_V1/raw/package2/JPEGImages/2083.jpg,datasets/water/IWHR_AI_Lable_Floater_V1/raw/package2/JPEGImages/2244.jpg,package2,package2,rubbish,rubbish,True,False
near_duplicate_dhash,7,datasets/water/IWHR_AI_Lable_Floater_V1/raw/package2/JPEGImages/2085.jpg,datasets/water/IWHR_AI_Lable_Floater_V1/raw/package2/JPEGImages/2106.jpg,package2,package2,rubbish,rubbish,True,False
near_duplicate_dhash,7,datasets/water/IWHR_AI_Lable_Floater_V1/raw/package2/JPEGImages/2086.jpg,datasets/water/IWHR_AI_Lable_Floater_V1/raw/package2/JPEGImages/2147.jpg,package2,package2,rubbish,rubbish,True,False
near_duplicate_dhash,8,datasets/water/IWHR_AI_Lable_Floater_V1/raw/package2/JPEGImages/2087.jpg,datasets/water/IWHR_AI_Lable_Floater_V1/raw/package2/JPEGImages/2127.jpg,package2,package2,rubbish,fishing-4,False,False
near_duplicate_dhash,6,datasets/water/IWHR_AI_Lable_Floater_V1/raw/package2/JPEGImages/2088.jpg,datasets/water/IWHR_AI_Lable_Floater_V1/raw/package2/JPEGImages/2108.jpg,package2,package2,fishing-4,rubbish,False,False
near_duplicate_dhash,6,datasets/water/IWHR_AI_Lable_Floater_V1/raw/package2/JPEGImages/2089.jpg,datasets/water/IWHR_AI_Lable_Floater_V1/raw/package2/JPEGImages/2130.jpg,package2,package2,fishing-4,rubbish,False,False
near_duplicate_dhash,8,datasets/water/IWHR_AI_Lable_Floater_V1/raw/package2/JPEGImages/2091.jpg,datasets/water/IWHR_AI_Lable_Floater_V1/raw/package2/JPEGImages/2133.jpg,package2,package2,rubbish,rubbish,True,False
near_duplicate_dhash,8,datasets/water/IWHR_AI_Lable_Floater_V1/raw/package2/JPEGImages/2094.jpg,datasets/water/IWHR_AI_Lable_Floater_V1/raw/package2/JPEGImages/2156.jpg,package2,package2,fishing-4,rubbish,False,False
near_duplicate_dhash,6,datasets/water/IWHR_AI_Lable_Floater_V1/raw/package2/JPEGImages/2096.jpg,datasets/water/IWHR_AI_Lable_Floater_V1/raw/package2/JPEGImages/2257.jpg,package2,package2,fishing-4,rubbish,False,False
near_duplicate_dhash,7,datasets/water/IWHR_AI_Lable_Floater_V1/raw/package2/JPEGImages/2097.jpg,datasets/water/IWHR_AI_Lable_Floater_V1/raw/package2/JPEGImages/2343.jpg,package2,package2,fishing-1,fishing-1,True,False
near_duplicate_dhash,6,datasets/water/IWHR_AI_Lable_Floater_V1/raw/package2/JPEGImages/2100.jpg,datasets/water/IWHR_AI_Lable_Floater_V1/raw/package2/JPEGImages/2120.jpg,package2,package2,fishing-4,fishing-4,True,False
near_duplicate_dhash,6,datasets/water/IWHR_AI_Lable_Floater_V1/raw/package2/JPEGImages/2101.jpg,datasets/water/IWHR_AI_Lable_Floater_V1/raw/package2/JPEGImages/2121.jpg,package2,package2,fishing-4,rubbish,False,False
near_duplicate_dhash,6,datasets/water/IWHR_AI_Lable_Floater_V1/raw/package2/JPEGImages/2106.jpg,datasets/water/IWHR_AI_Lable_Floater_V1/raw/package2/JPEGImages/2126.jpg,package2,package2,rubbish,rubbish,True,False
near_duplicate_dhash,7,datasets/water/IWHR_AI_Lable_Floater_V1/raw/package2/JPEGImages/2106.jpg,datasets/water/IWHR_AI_Lable_Floater_V1/raw/package2/JPEGImages/2146.jpg,package2,package2,rubbish,rubbish,True,False
near_duplicate_dhash,8,datasets/water/IWHR_AI_Lable_Floater_V1/raw/package2/JPEGImages/2107.jpg,datasets/water/IWHR_AI_Lable_Floater_V1/raw/package2/JPEGImages/2148.jpg,package2,package2,fishing-4,fishing-4,True,False
near_duplicate_dhash,7,datasets/water/IWHR_AI_Lable_Floater_V1/raw/package2/JPEGImages/2108.jpg,datasets/water/IWHR_AI_Lable_Floater_V1/raw/package2/JPEGImages/2149.jpg,package2,package2,rubbish,fishing-4,False,False
near_duplicate_dhash,8,datasets/water/IWHR_AI_Lable_Floater_V1/raw/package2/JPEGImages/2113.jpg,datasets/water/IWHR_AI_Lable_Floater_V1/raw/package2/JPEGImages/2134.jpg,package2,package2,fishing-4,fishing-4,True,False
near_duplicate_dhash,8,datasets/water/IWHR_AI_Lable_Floater_V1/raw/package2/JPEGImages/2114.jpg,datasets/water/IWHR_AI_Lable_Floater_V1/raw/package2/JPEGImages/2135.jpg,package2,package2,fishing-4,rubbish,False,False
near_duplicate_dhash,6,datasets/water/IWHR_AI_Lable_Floater_V1/raw/package2/JPEGImages/2115.jpg,datasets/water/IWHR_AI_Lable_Floater_V1/raw/package2/JPEGImages/2154.jpg,package2,package2,fishing-4,rubbish,False,False
near_duplicate_dhash,7,datasets/water/IWHR_AI_Lable_Floater_V1/raw/package2/JPEGImages/2117.jpg,datasets/water/IWHR_AI_Lable_Floater_V1/raw/package2/JPEGImages/2136.jpg,package2,package2,fishing-4,rubbish,False,False
near_duplicate_dhash,8,datasets/water/IWHR_AI_Lable_Floater_V1/raw/package2/JPEGImages/2124.jpg,datasets/water/IWHR_AI_Lable_Floater_V1/raw/package2/JPEGImages/2244.jpg,package2,package2,fishing-4,rubbish,False,False
near_duplicate_dhash,8,datasets/water/IWHR_AI_Lable_Floater_V1/raw/package2/JPEGImages/2125.jpg,datasets/water/IWHR_AI_Lable_Floater_V1/raw/package2/JPEGImages/2144.jpg,package2,package2,fishing-4,fishing-4,True,False
near_duplicate_dhash,6,datasets/water/IWHR_AI_Lable_Floater_V1/raw/package2/JPEGImages/2126.jpg,datasets/water/IWHR_AI_Lable_Floater_V1/raw/package2/JPEGImages/2165.jpg,package2,package2,rubbish,rubbish,True,False
near_duplicate_dhash,8,datasets/water/IWHR_AI_Lable_Floater_V1/raw/package2/JPEGImages/2126.jpg,datasets/water/IWHR_AI_Lable_Floater_V1/raw/package2/JPEGImages/2185.jpg,package2,package2,rubbish,rubbish,True,False
near_duplicate_dhash,7,datasets/water/IWHR_AI_Lable_Floater_V1/raw/package2/JPEGImages/2128.jpg,datasets/water/IWHR_AI_Lable_Floater_V1/raw/package2/JPEGImages/2167.jpg,package2,package2,rubbish,fishing-4,False,False
near_duplicate_dhash,7,datasets/water/IWHR_AI_Lable_Floater_V1/raw/package2/JPEGImages/2129.jpg,datasets/water/IWHR_AI_Lable_Floater_V1/raw/package2/JPEGImages/2168.jpg,package2,package2,fishing-4,fishing-4,True,False
near_duplicate_dhash,7,datasets/water/IWHR_AI_Lable_Floater_V1/raw/package2/JPEGImages/2130.jpg,datasets/water/IWHR_AI_Lable_Floater_V1/raw/package2/JPEGImages/2189.jpg,package2,package2,rubbish,rubbish,True,False
near_duplicate_dhash,6,datasets/water/IWHR_AI_Lable_Floater_V1/raw/package2/JPEGImages/2133.jpg,datasets/water/IWHR_AI_Lable_Floater_V1/raw/package2/JPEGImages/2151.jpg,package2,package2,rubbish,fishing-4,False,False
near_duplicate_dhash,8,datasets/water/IWHR_AI_Lable_Floater_V1/raw/package2/JPEGImages/2133.jpg,datasets/water/IWHR_AI_Lable_Floater_V1/raw/package2/JPEGImages/2170.jpg,package2,package2,rubbish,rubbish,True,False
near_duplicate_dhash,8,datasets/water/IWHR_AI_Lable_Floater_V1/raw/package2/JPEGImages/2136.jpg,datasets/water/IWHR_AI_Lable_Floater_V1/raw/package2/JPEGImages/2157.jpg,package2,package2,rubbish,rubbish,True,False
near_duplicate_dhash,6,datasets/water/IWHR_AI_Lable_Floater_V1/raw/package2/JPEGImages/2139.jpg,datasets/water/IWHR_AI_Lable_Floater_V1/raw/package2/JPEGImages/2388.jpg,package2,package2,fishing-1,fishing-1,True,False
near_duplicate_dhash,7,datasets/water/IWHR_AI_Lable_Floater_V1/raw/package2/JPEGImages/2139.jpg,datasets/water/IWHR_AI_Lable_Floater_V1/raw/package2/JPEGImages/2618.jpg,package2,package2,fishing-1,fishing-1,True,False
near_duplicate_dhash,8,datasets/water/IWHR_AI_Lable_Floater_V1/raw/package2/JPEGImages/2142.jpg,datasets/water/IWHR_AI_Lable_Floater_V1/raw/package2/JPEGImages/2181.jpg,package2,package2,fishing-4,fishing-4,True,False
near_duplicate_dhash,7,datasets/water/IWHR_AI_Lable_Floater_V1/raw/package2/JPEGImages/2146.jpg,datasets/water/IWHR_AI_Lable_Floater_V1/raw/package2/JPEGImages/2185.jpg,package2,package2,rubbish,rubbish,True,False
near_duplicate_dhash,8,datasets/water/IWHR_AI_Lable_Floater_V1/raw/package2/JPEGImages/2147.jpg,datasets/water/IWHR_AI_Lable_Floater_V1/raw/package2/JPEGImages/2367.jpg,package2,package2,rubbish,rubbish,True,False
near_duplicate_dhash,7,datasets/water/IWHR_AI_Lable_Floater_V1/raw/package2/JPEGImages/2148.jpg,datasets/water/IWHR_AI_Lable_Floater_V1/raw/package2/JPEGImages/2166.jpg,package2,package2,fishing-4,rubbish,False,False
near_duplicate_dhash,8,datasets/water/IWHR_AI_Lable_Floater_V1/raw/package2/JPEGImages/2148.jpg,datasets/water/IWHR_AI_Lable_Floater_V1/raw/package2/JPEGImages/2186.jpg,package2,package2,fishing-4,rubbish,False,False
near_duplicate_dhash,7,datasets/water/IWHR_AI_Lable_Floater_V1/raw/package2/JPEGImages/2149.jpg,datasets/water/IWHR_AI_Lable_Floater_V1/raw/package2/JPEGImages/2187.jpg,package2,package2,fishing-4,fishing-4,True,False
near_duplicate_dhash,7,datasets/water/IWHR_AI_Lable_Floater_V1/raw/package2/JPEGImages/2151.jpg,datasets/water/IWHR_AI_Lable_Floater_V1/raw/package2/JPEGImages/2210.jpg,package2,package2,fishing-4,rubbish,False,False
near_duplicate_dhash,7,datasets/water/IWHR_AI_Lable_Floater_V1/raw/package2/JPEGImages/2152.jpg,datasets/water/IWHR_AI_Lable_Floater_V1/raw/package2/JPEGImages/2171.jpg,package2,package2,rubbish,fishing-4,False,False
near_duplicate_dhash,6,datasets/water/IWHR_AI_Lable_Floater_V1/raw/package2/JPEGImages/2158.jpg,datasets/water/IWHR_AI_Lable_Floater_V1/raw/package2/JPEGImages/2631.jpg,package2,package2,fishing-1,fishing-1,True,False
near_duplicate_dhash,8,datasets/water/IWHR_AI_Lable_Floater_V1/raw/package2/JPEGImages/2158.jpg,datasets/water/IWHR_AI_Lable_Floater_V1/raw/package2/JPEGImages/2683.jpg,package2,package2,fishing-1,fishing-1,True,False
near_duplicate_dhash,6,datasets/water/IWHR_AI_Lable_Floater_V1/raw/package2/JPEGImages/2160.jpg,datasets/water/IWHR_AI_Lable_Floater_V1/raw/package2/JPEGImages/2178.jpg,package2,package2,rubbish,rubbish,True,False
near_duplicate_dhash,8,datasets/water/IWHR_AI_Lable_Floater_V1/raw/package2/JPEGImages/2164.jpg,datasets/water/IWHR_AI_Lable_Floater_V1/raw/package2/JPEGImages/2184.jpg,package2,package2,fishing-4,fishing-4,True,False
near_duplicate_dhash,8,datasets/water/IWHR_AI_Lable_Floater_V1/raw/package2/JPEGImages/2165.jpg,datasets/water/IWHR_AI_Lable_Floater_V1/raw/package2/JPEGImages/2203.jpg,package2,package2,rubbish,rubbish,True,False
near_duplicate_dhash,7,datasets/water/IWHR_AI_Lable_Floater_V1/raw/package2/JPEGImages/2168.jpg,datasets/water/IWHR_AI_Lable_Floater_V1/raw/package2/JPEGImages/2208.jpg,package2,package2,fishing-4,fishing-4,True,False
near_duplicate_dhash,6,datasets/water/IWHR_AI_Lable_Floater_V1/raw/package2/JPEGImages/2169.jpg,datasets/water/IWHR_AI_Lable_Floater_V1/raw/package2/JPEGImages/2191.jpg,package2,package2,fishing-4,rubbish,False,False
near_duplicate_dhash,7,datasets/water/IWHR_AI_Lable_Floater_V1/raw/package2/JPEGImages/2170.jpg,datasets/water/IWHR_AI_Lable_Floater_V1/raw/package2/JPEGImages/2229.jpg,package2,package2,rubbish,rubbish,True,False
near_duplicate_dhash,6,datasets/water/IWHR_AI_Lable_Floater_V1/raw/package2/JPEGImages/2172.jpg,datasets/water/IWHR_AI_Lable_Floater_V1/raw/package2/JPEGImages/2212.jpg,package2,package2,rubbish,rubbish,True,False
near_duplicate_dhash,7,datasets/water/IWHR_AI_Lable_Floater_V1/raw/package2/JPEGImages/2174.jpg,datasets/water/IWHR_AI_Lable_Floater_V1/raw/package2/JPEGImages/2646.jpg,package2,package2,fishing-1,fishing-1,True,False
near_duplicate_dhash,8,datasets/water/IWHR_AI_Lable_Floater_V1/raw/package2/JPEGImages/2177.jpg,datasets/water/IWHR_AI_Lable_Floater_V1/raw/package2/JPEGImages/2235.jpg,package2,package2,fishing-4,rubbish,False,False
near_duplicate_dhash,6,datasets/water/IWHR_AI_Lable_Floater_V1/raw/package2/JPEGImages/2183.jpg,datasets/water/IWHR_AI_Lable_Floater_V1/raw/package2/JPEGImages/2244.jpg,package2,package2,rubbish,rubbish,True,False
near_duplicate_dhash,8,datasets/water/IWHR_AI_Lable_Floater_V1/raw/package2/JPEGImages/2183.jpg,datasets/water/IWHR_AI_Lable_Floater_V1/raw/package2/JPEGImages/2285.jpg,package2,package2,rubbish,rubbish,True,False
near_duplicate_dhash,8,datasets/water/IWHR_AI_Lable_Floater_V1/raw/package2/JPEGImages/2184.jpg,datasets/water/IWHR_AI_Lable_Floater_V1/raw/package2/JPEGImages/2202.jpg,package2,package2,fishing-4,rubbish,False,False
near_duplicate_dhash,6,datasets/water/IWHR_AI_Lable_Floater_V1/raw/package2/JPEGImages/2185.jpg,datasets/water/IWHR_AI_Lable_Floater_V1/raw/package2/JPEGImages/2203.jpg,package2,package2,rubbish,rubbish,True,False
near_duplicate_dhash,8,datasets/water/IWHR_AI_Lable_Floater_V1/raw/package2/JPEGImages/2186.jpg,datasets/water/IWHR_AI_Lable_Floater_V1/raw/package2/JPEGImages/2205.jpg,package2,package2,rubbish,rubbish,True,False
near_duplicate_dhash,8,datasets/water/IWHR_AI_Lable_Floater_V1/raw/package2/JPEGImages/2187.jpg,datasets/water/IWHR_AI_Lable_Floater_V1/raw/package2/JPEGImages/2207.jpg,package2,package2,fishing-4,rubbish,False,False
near_duplicate_dhash,8,datasets/water/IWHR_AI_Lable_Floater_V1/raw/package2/JPEGImages/2189.jpg,datasets/water/IWHR_AI_Lable_Floater_V1/raw/package2/JPEGImages/2292.jpg,package2,package2,rubbish,rubbish,True,False
near_duplicate_dhash,8,datasets/water/IWHR_AI_Lable_Floater_V1/raw/package2/JPEGImages/2197.jpg,datasets/water/IWHR_AI_Lable_Floater_V1/raw/package2/JPEGImages/2233.jpg,package2,package2,rubbish,rubbish,True,False
near_duplicate_dhash,7,datasets/water/IWHR_AI_Lable_Floater_V1/raw/package2/JPEGImages/2198.jpg,datasets/water/IWHR_AI_Lable_Floater_V1/raw/package2/JPEGImages/2234.jpg,package2,package2,rubbish,fishing-4,False,False
near_duplicate_dhash,6,datasets/water/IWHR_AI_Lable_Floater_V1/raw/package2/JPEGImages/2201.jpg,datasets/water/IWHR_AI_Lable_Floater_V1/raw/package2/JPEGImages/2284.jpg,package2,package2,rubbish,rubbish,True,False
near_duplicate_dhash,6,datasets/water/IWHR_AI_Lable_Floater_V1/raw/package2/JPEGImages/2204.jpg,datasets/water/IWHR_AI_Lable_Floater_V1/raw/package2/JPEGImages/2367.jpg,package2,package2,rubbish,rubbish,True,False
near_duplicate_dhash,7,datasets/water/IWHR_AI_Lable_Floater_V1/raw/package2/JPEGImages/2206.jpg,datasets/water/IWHR_AI_Lable_Floater_V1/raw/package2/JPEGImages/2688.jpg,package2,package2,rubbish,fishing-1,False,False
near_duplicate_dhash,8,datasets/water/IWHR_AI_Lable_Floater_V1/raw/package2/JPEGImages/2206.jpg,datasets/water/IWHR_AI_Lable_Floater_V1/raw/package2/JPEGImages/2811.jpg,package2,package2,rubbish,fishing-1,False,False
near_duplicate_dhash,6,datasets/water/IWHR_AI_Lable_Floater_V1/raw/package2/JPEGImages/2207.jpg,datasets/water/IWHR_AI_Lable_Floater_V1/raw/package2/JPEGImages/2249.jpg,package2,package2,rubbish,fishing-4,False,False
near_duplicate_dhash,7,datasets/water/IWHR_AI_Lable_Floater_V1/raw/package2/JPEGImages/2209.jpg,datasets/water/IWHR_AI_Lable_Floater_V1/raw/package2/JPEGImages/2228.jpg,package2,package2,fishing-4,fishing-4,True,False
near_duplicate_dhash,7,datasets/water/IWHR_AI_Lable_Floater_V1/raw/package2/JPEGImages/2211.jpg,datasets/water/IWHR_AI_Lable_Floater_V1/raw/package2/JPEGImages/2231.jpg,package2,package2,rubbish,rubbish,True,False
near_duplicate_dhash,8,datasets/water/IWHR_AI_Lable_Floater_V1/raw/package2/JPEGImages/2214.jpg,datasets/water/IWHR_AI_Lable_Floater_V1/raw/package2/JPEGImages/2396.jpg,package2,package2,rubbish,rubbish,True,False
near_duplicate_dhash,7,datasets/water/IWHR_AI_Lable_Floater_V1/raw/package2/JPEGImages/2215.jpg,datasets/water/IWHR_AI_Lable_Floater_V1/raw/package2/JPEGImages/2273.jpg,package2,package2,fishing-4,rubbish,False,False
near_duplicate_dhash,6,datasets/water/IWHR_AI_Lable_Floater_V1/raw/package2/JPEGImages/2216.jpg,datasets/water/IWHR_AI_Lable_Floater_V1/raw/package2/JPEGImages/2233.jpg,package2,package2,rubbish,rubbish,True,False
near_duplicate_dhash,8,datasets/water/IWHR_AI_Lable_Floater_V1/raw/package2/JPEGImages/2217.jpg,datasets/water/IWHR_AI_Lable_Floater_V1/raw/package2/JPEGImages/2258.jpg,package2,package2,rubbish,fishing-4,False,False
near_duplicate_dhash,8,datasets/water/IWHR_AI_Lable_Floater_V1/raw/package2/JPEGImages/2224.jpg,datasets/water/IWHR_AI_Lable_Floater_V1/raw/package2/JPEGImages/2264.jpg,package2,package2,rubbish,rubbish,True,False
near_duplicate_dhash,7,datasets/water/IWHR_AI_Lable_Floater_V1/raw/package2/JPEGImages/2227.jpg,datasets/water/IWHR_AI_Lable_Floater_V1/raw/package2/JPEGImages/2266.jpg,package2,package2,rubbish,rubbish,True,False
near_duplicate_dhash,7,datasets/water/IWHR_AI_Lable_Floater_V1/raw/package2/JPEGImages/2228.jpg,datasets/water/IWHR_AI_Lable_Floater_V1/raw/package2/JPEGImages/2251.jpg,package2,package2,fishing-4,fishing-4,True,False
near_duplicate_dhash,7,datasets/water/IWHR_AI_Lable_Floater_V1/raw/package2/JPEGImages/2229.jpg,datasets/water/IWHR_AI_Lable_Floater_V1/raw/package2/JPEGImages/2252.jpg,package2,package2,rubbish,fishing-4,False,False
near_duplicate_dhash,7,datasets/water/IWHR_AI_Lable_Floater_V1/raw/package2/JPEGImages/2229.jpg,datasets/water/IWHR_AI_Lable_Floater_V1/raw/package2/JPEGImages/2269.jpg,package2,package2,rubbish,rubbish,True,False
near_duplicate_dhash,8,datasets/water/IWHR_AI_Lable_Floater_V1/raw/package2/JPEGImages/2231.jpg,datasets/water/IWHR_AI_Lable_Floater_V1/raw/package2/JPEGImages/2270.jpg,package2,package2,rubbish,rubbish,True,False
near_duplicate_dhash,7,datasets/water/IWHR_AI_Lable_Floater_V1/raw/package2/JPEGImages/2233.jpg,datasets/water/IWHR_AI_Lable_Floater_V1/raw/package2/JPEGImages/2256.jpg,package2,package2,rubbish,fishing-4,False,False
near_duplicate_dhash,6,datasets/water/IWHR_AI_Lable_Floater_V1/raw/package2/JPEGImages/2234.jpg,datasets/water/IWHR_AI_Lable_Floater_V1/raw/package2/JPEGImages/2300.jpg,package2,package2,fishing-4,rubbish,False,False
near_duplicate_dhash,8,datasets/water/IWHR_AI_Lable_Floater_V1/raw/package2/JPEGImages/2236.jpg,datasets/water/IWHR_AI_Lable_Floater_V1/raw/package2/JPEGImages/2666.jpg,package2,package2,fishing-1,fishing-1,True,False
near_duplicate_dhash,6,datasets/water/IWHR_AI_Lable_Floater_V1/raw/package2/JPEGImages/2237.jpg,datasets/water/IWHR_AI_Lable_Floater_V1/raw/package2/JPEGImages/2380.jpg,package2,package2,rubbish,rubbish,True,False
near_duplicate_dhash,7,datasets/water/IWHR_AI_Lable_Floater_V1/raw/package2/JPEGImages/2239.jpg,datasets/water/IWHR_AI_Lable_Floater_V1/raw/package2/JPEGImages/2278.jpg,package2,package2,rubbish,rubbish,True,False
near_duplicate_dhash,7,datasets/water/IWHR_AI_Lable_Floater_V1/raw/package2/JPEGImages/2242.jpg,datasets/water/IWHR_AI_Lable_Floater_V1/raw/package2/JPEGImages/2261.jpg,package2,package2,fishing-4,fishing-4,True,False
near_duplicate_dhash,6,datasets/water/IWHR_AI_Lable_Floater_V1/raw/package2/JPEGImages/2245.jpg,datasets/water/IWHR_AI_Lable_Floater_V1/raw/package2/JPEGImages/2497.jpg,package2,package2,fishing-1,rubbish,False,False
near_duplicate_dhash,8,datasets/water/IWHR_AI_Lable_Floater_V1/raw/package2/JPEGImages/2245.jpg,datasets/water/IWHR_AI_Lable_Floater_V1/raw/package2/JPEGImages/2667.jpg,package2,package2,fishing-1,fishing-1,True,False
near_duplicate_dhash,7,datasets/water/IWHR_AI_Lable_Floater_V1/raw/package2/JPEGImages/2247.jpg,datasets/water/IWHR_AI_Lable_Floater_V1/raw/package2/JPEGImages/2264.jpg,package2,package2,rubbish,rubbish,True,False
near_duplicate_dhash,8,datasets/water/IWHR_AI_Lable_Floater_V1/raw/package2/JPEGImages/2248.jpg,datasets/water/IWHR_AI_Lable_Floater_V1/raw/package2/JPEGImages/2288.jpg,package2,package2,rubbish,rubbish,True,False
near_duplicate_dhash,8,datasets/water/IWHR_AI_Lable_Floater_V1/raw/package2/JPEGImages/2251.jpg,datasets/water/IWHR_AI_Lable_Floater_V1/raw/package2/JPEGImages/2293.jpg,package2,package2,fishing-4,fishing-4,True,False
near_duplicate_dhash,6,datasets/water/IWHR_AI_Lable_Floater_V1/raw/package2/JPEGImages/2252.jpg,datasets/water/IWHR_AI_Lable_Floater_V1/raw/package2/JPEGImages/2315.jpg,package2,package2,fishing-4,rubbish,False,False
near_duplicate_dhash,7,datasets/water/IWHR_AI_Lable_Floater_V1/raw/package2/JPEGImages/2253.jpg,datasets/water/IWHR_AI_Lable_Floater_V1/raw/package2/JPEGImages/2505.jpg,package2,package2,rubbish,rubbish,True,False
near_duplicate_dhash,8,datasets/water/IWHR_AI_Lable_Floater_V1/raw/package2/JPEGImages/2254.jpg,datasets/water/IWHR_AI_Lable_Floater_V1/raw/package2/JPEGImages/2270.jpg,package2,package2,fishing-4,rubbish,False,False
near_duplicate_dhash,6,datasets/water/IWHR_AI_Lable_Floater_V1/raw/package2/JPEGImages/2256.jpg,datasets/water/IWHR_AI_Lable_Floater_V1/raw/package2/JPEGImages/2274.jpg,package2,package2,fishing-4,rubbish,False,False
near_duplicate_dhash,7,datasets/water/IWHR_AI_Lable_Floater_V1/raw/package2/JPEGImages/2256.jpg,datasets/water/IWHR_AI_Lable_Floater_V1/raw/package2/JPEGImages/2299.jpg,package2,package2,fishing-4,rubbish,False,False
near_duplicate_dhash,8,datasets/water/IWHR_AI_Lable_Floater_V1/raw/package2/JPEGImages/2261.jpg,datasets/water/IWHR_AI_Lable_Floater_V1/raw/package2/JPEGImages/2282.jpg,package2,package2,fishing-4,fishing-4,True,False
near_duplicate_dhash,7,datasets/water/IWHR_AI_Lable_Floater_V1/raw/package2/JPEGImages/2262.jpg,datasets/water/IWHR_AI_Lable_Floater_V1/raw/package2/JPEGImages/2283.jpg,package2,package2,rubbish,rubbish,True,False
near_duplicate_dhash,7,datasets/water/IWHR_AI_Lable_Floater_V1/raw/package2/JPEGImages/2264.jpg,datasets/water/IWHR_AI_Lable_Floater_V1/raw/package2/JPEGImages/2287.jpg,package2,package2,rubbish,rubbish,True,False
near_duplicate_dhash,7,datasets/water/IWHR_AI_Lable_Floater_V1/raw/package2/JPEGImages/2265.jpg,datasets/water/IWHR_AI_Lable_Floater_V1/raw/package2/JPEGImages/2288.jpg,package2,package2,rubbish,rubbish,True,False
near_duplicate_dhash,8,datasets/water/IWHR_AI_Lable_Floater_V1/raw/package2/JPEGImages/2266.jpg,datasets/water/IWHR_AI_Lable_Floater_V1/raw/package2/JPEGImages/2310.jpg,package2,package2,rubbish,rubbish,True,False
near_duplicate_dhash,6,datasets/water/IWHR_AI_Lable_Floater_V1/raw/package2/JPEGImages/2268.jpg,datasets/water/IWHR_AI_Lable_Floater_V1/raw/package2/JPEGImages/2293.jpg,package2,package2,rubbish,fishing-4,False,False
near_duplicate_dhash,6,datasets/water/IWHR_AI_Lable_Floater_V1/raw/package2/JPEGImages/2269.jpg,datasets/water/IWHR_AI_Lable_Floater_V1/raw/package2/JPEGImages/2315.jpg,package2,package2,rubbish,rubbish,True,False
near_duplicate_dhash,6,datasets/water/IWHR_AI_Lable_Floater_V1/raw/package2/JPEGImages/2272.jpg,datasets/water/IWHR_AI_Lable_Floater_V1/raw/package2/JPEGImages/2396.jpg,package2,package2,rubbish,rubbish,True,False
near_duplicate_dhash,8,datasets/water/IWHR_AI_Lable_Floater_V1/raw/package2/JPEGImages/2273.jpg,datasets/water/IWHR_AI_Lable_Floater_V1/raw/package2/JPEGImages/2377.jpg,package2,package2,rubbish,rubbish,True,False
near_duplicate_dhash,6,datasets/water/IWHR_AI_Lable_Floater_V1/raw/package2/JPEGImages/2278.jpg,datasets/water/IWHR_AI_Lable_Floater_V1/raw/package2/JPEGImages/2302.jpg,package2,package2,rubbish,rubbish,True,False
near_duplicate_dhash,6,datasets/water/IWHR_AI_Lable_Floater_V1/raw/package2/JPEGImages/2282.jpg,datasets/water/IWHR_AI_Lable_Floater_V1/raw/package2/JPEGImages/2305.jpg,package2,package2,fishing-4,fishing-4,True,False
near_duplicate_dhash,8,datasets/water/IWHR_AI_Lable_Floater_V1/raw/package2/JPEGImages/2283.jpg,datasets/water/IWHR_AI_Lable_Floater_V1/raw/package2/JPEGImages/2384.jpg,package2,package2,rubbish,rubbish,True,False
near_duplicate_dhash,6,datasets/water/IWHR_AI_Lable_Floater_V1/raw/package2/JPEGImages/2287.jpg,datasets/water/IWHR_AI_Lable_Floater_V1/raw/package2/JPEGImages/2307.jpg,package2,package2,rubbish,rubbish,True,False
near_duplicate_dhash,6,datasets/water/IWHR_AI_Lable_Floater_V1/raw/package2/JPEGImages/2288.jpg,datasets/water/IWHR_AI_Lable_Floater_V1/raw/package2/JPEGImages/2309.jpg,package2,package2,rubbish,fishing-4,False,False
near_duplicate_dhash,6,datasets/water/IWHR_AI_Lable_Floater_V1/raw/package2/JPEGImages/2289.jpg,datasets/water/IWHR_AI_Lable_Floater_V1/raw/package2/JPEGImages/2310.jpg,package2,package2,rubbish,rubbish,True,False
near_duplicate_dhash,8,datasets/water/IWHR_AI_Lable_Floater_V1/raw/package2/JPEGImages/2290.jpg,datasets/water/IWHR_AI_Lable_Floater_V1/raw/package2/JPEGImages/2312.jpg,package2,package2,fishing-4,fishing-4,True,False
near_duplicate_dhash,6,datasets/water/IWHR_AI_Lable_Floater_V1/raw/package2/JPEGImages/2292.jpg,datasets/water/IWHR_AI_Lable_Floater_V1/raw/package2/JPEGImages/2332.jpg,package2,package2,rubbish,rubbish,True,False
near_duplicate_dhash,6,datasets/water/IWHR_AI_Lable_Floater_V1/raw/package2/JPEGImages/2293.jpg,datasets/water/IWHR_AI_Lable_Floater_V1/raw/package2/JPEGImages/2333.jpg,package2,package2,fishing-4,fishing-4,True,False
near_duplicate_dhash,7,datasets/water/IWHR_AI_Lable_Floater_V1/raw/package2/JPEGImages/2297.jpg,datasets/water/IWHR_AI_Lable_Floater_V1/raw/package2/JPEGImages/2451.jpg,package2,package2,fishing-4,rubbish,False,False
near_duplicate_dhash,7,datasets/water/IWHR_AI_Lable_Floater_V1/raw/package2/JPEGImages/2299.jpg,datasets/water/IWHR_AI_Lable_Floater_V1/raw/package2/JPEGImages/2319.jpg,package2,package2,rubbish,rubbish,True,False
near_duplicate_dhash,8,datasets/water/IWHR_AI_Lable_Floater_V1/raw/package2/JPEGImages/2301.jpg,datasets/water/IWHR_AI_Lable_Floater_V1/raw/package2/JPEGImages/2486.jpg,package2,package2,rubbish,rubbish,True,False
near_duplicate_dhash,6,datasets/water/IWHR_AI_Lable_Floater_V1/raw/package2/JPEGImages/2302.jpg,datasets/water/IWHR_AI_Lable_Floater_V1/raw/package2/JPEGImages/2322.jpg,package2,package2,rubbish,rubbish,True,False
near_duplicate_dhash,7,datasets/water/IWHR_AI_Lable_Floater_V1/raw/package2/JPEGImages/2304.jpg,datasets/water/IWHR_AI_Lable_Floater_V1/raw/package2/JPEGImages/2700.jpg,package2,package2,fishing-1,fishing-1,True,False
near_duplicate_dhash,7,datasets/water/IWHR_AI_Lable_Floater_V1/raw/package2/JPEGImages/2304.jpg,datasets/water/IWHR_AI_Lable_Floater_V1/raw/package2/JPEGImages/2719.jpg,package2,package2,fishing-1,fishing-1,True,False
near_duplicate_dhash,8,datasets/water/IWHR_AI_Lable_Floater_V1/raw/package2/JPEGImages/2305.jpg,datasets/water/IWHR_AI_Lable_Floater_V1/raw/package2/JPEGImages/2324.jpg,package2,package2,fishing-4,fishing-4,True,False
near_duplicate_dhash,7,datasets/water/IWHR_AI_Lable_Floater_V1/raw/package2/JPEGImages/2305.jpg,datasets/water/IWHR_AI_Lable_Floater_V1/raw/package2/JPEGImages/2345.jpg,package2,package2,fishing-4,fishing-4,True,False
near_duplicate_dhash,6,datasets/water/IWHR_AI_Lable_Floater_V1/raw/package2/JPEGImages/2307.jpg,datasets/water/IWHR_AI_Lable_Floater_V1/raw/package2/JPEGImages/2327.jpg,package2,package2,rubbish,rubbish,True,False
near_duplicate_dhash,7,datasets/water/IWHR_AI_Lable_Floater_V1/raw/package2/JPEGImages/2309.jpg,datasets/water/IWHR_AI_Lable_Floater_V1/raw/package2/JPEGImages/2328.jpg,package2,package2,fishing-4,rubbish,False,False
near_duplicate_dhash,6,datasets/water/IWHR_AI_Lable_Floater_V1/raw/package2/JPEGImages/2310.jpg,datasets/water/IWHR_AI_Lable_Floater_V1/raw/package2/JPEGImages/2349.jpg,package2,package2,rubbish,fishing-4,False,False
near_duplicate_dhash,6,datasets/water/IWHR_AI_Lable_Floater_V1/raw/package2/JPEGImages/2311.jpg,datasets/water/IWHR_AI_Lable_Floater_V1/raw/package2/JPEGImages/2794.jpg,package2,package2,rubbish,fishing-1,False,False
near_duplicate_dhash,8,datasets/water/IWHR_AI_Lable_Floater_V1/raw/package2/JPEGImages/2313.jpg,datasets/water/IWHR_AI_Lable_Floater_V1/raw/package2/JPEGImages/2350.jpg,package2,package2,rubbish,rubbish,True,False
near_duplicate_dhash,6,datasets/water/IWHR_AI_Lable_Floater_V1/raw/package2/JPEGImages/2315.jpg,datasets/water/IWHR_AI_Lable_Floater_V1/raw/package2/JPEGImages/2334.jpg,package2,package2,rubbish,rubbish,True,False
near_duplicate_dhash,8,datasets/water/IWHR_AI_Lable_Floater_V1/raw/package2/JPEGImages/2315.jpg,datasets/water/IWHR_AI_Lable_Floater_V1/raw/package2/JPEGImages/2352.jpg,package2,package2,rubbish,rubbish,True,False
near_duplicate_dhash,8,datasets/water/IWHR_AI_Lable_Floater_V1/raw/package2/JPEGImages/2318.jpg,datasets/water/IWHR_AI_Lable_Floater_V1/raw/package2/JPEGImages/2377.jpg,package2,package2,rubbish,rubbish,True,False
near_duplicate_dhash,8,datasets/water/IWHR_AI_Lable_Floater_V1/raw/package2/JPEGImages/2319.jpg,datasets/water/IWHR_AI_Lable_Floater_V1/raw/package2/JPEGImages/2339.jpg,package2,package2,rubbish,rubbish,True,False
near_duplicate_dhash,8,datasets/water/IWHR_AI_Lable_Floater_V1/raw/package2/JPEGImages/2320.jpg,datasets/water/IWHR_AI_Lable_Floater_V1/raw/package2/JPEGImages/2357.jpg,package2,package2,rubbish,rubbish,True,False
near_duplicate_dhash,7,datasets/water/IWHR_AI_Lable_Floater_V1/raw/package2/JPEGImages/2326.jpg,datasets/water/IWHR_AI_Lable_Floater_V1/raw/package2/JPEGImages/2346.jpg,package2,package2,rubbish,fishing-4,False,False
near_duplicate_dhash,7,datasets/water/IWHR_AI_Lable_Floater_V1/raw/package2/JPEGImages/2327.jpg,datasets/water/IWHR_AI_Lable_Floater_V1/raw/package2/JPEGImages/2347.jpg,package2,package2,rubbish,rubbish,True,False
near_duplicate_dhash,7,datasets/water/IWHR_AI_Lable_Floater_V1/raw/package2/JPEGImages/2328.jpg,datasets/water/IWHR_AI_Lable_Floater_V1/raw/package2/JPEGImages/2348.jpg,package2,package2,rubbish,rubbish,True,False
near_duplicate_dhash,8,datasets/water/IWHR_AI_Lable_Floater_V1/raw/package2/JPEGImages/2329.jpg,datasets/water/IWHR_AI_Lable_Floater_V1/raw/package2/JPEGImages/2569.jpg,package2,package2,fishing-1,rubbish,False,False
near_duplicate_dhash,6,datasets/water/IWHR_AI_Lable_Floater_V1/raw/package2/JPEGImages/2330.jpg,datasets/water/IWHR_AI_Lable_Floater_V1/raw/package2/JPEGImages/2369.jpg,package2,package2,rubbish,rubbish,True,False
near_duplicate_dhash,7,datasets/water/IWHR_AI_Lable_Floater_V1/raw/package2/JPEGImages/2331.jpg,datasets/water/IWHR_AI_Lable_Floater_V1/raw/package2/JPEGImages/2370.jpg,package2,package2,rubbish,fishing-4,False,False
near_duplicate_dhash,8,datasets/water/IWHR_AI_Lable_Floater_V1/raw/package2/JPEGImages/2332.jpg,datasets/water/IWHR_AI_Lable_Floater_V1/raw/package2/JPEGImages/2391.jpg,package2,package2,rubbish,rubbish,True,False
near_duplicate_dhash,7,datasets/water/IWHR_AI_Lable_Floater_V1/raw/package2/JPEGImages/2333.jpg,datasets/water/IWHR_AI_Lable_Floater_V1/raw/package2/JPEGImages/2351.jpg,package2,package2,fishing-4,rubbish,False,False
near_duplicate_dhash,7,datasets/water/IWHR_AI_Lable_Floater_V1/raw/package2/JPEGImages/2339.jpg,datasets/water/IWHR_AI_Lable_Floater_V1/raw/package2/JPEGImages/2356.jpg,package2,package2,rubbish,rubbish,True,False
near_duplicate_dhash,6,datasets/water/IWHR_AI_Lable_Floater_V1/raw/package2/JPEGImages/2340.jpg,datasets/water/IWHR_AI_Lable_Floater_V1/raw/package2/JPEGImages/2398.jpg,package2,package2,rubbish,rubbish,True,False
near_duplicate_dhash,8,datasets/water/IWHR_AI_Lable_Floater_V1/raw/package2/JPEGImages/2341.jpg,datasets/water/IWHR_AI_Lable_Floater_V1/raw/package2/JPEGImages/2379.jpg,package2,package2,rubbish,rubbish,True,False
near_duplicate_dhash,6,datasets/water/IWHR_AI_Lable_Floater_V1/raw/package2/JPEGImages/2346.jpg,datasets/water/IWHR_AI_Lable_Floater_V1/raw/package2/JPEGImages/2364.jpg,package2,package2,fishing-4,fishing-4,True,False
near_duplicate_dhash,8,datasets/water/IWHR_AI_Lable_Floater_V1/raw/package2/JPEGImages/2350.jpg,datasets/water/IWHR_AI_Lable_Floater_V1/raw/package2/JPEGImages/2409.jpg,package2,package2,rubbish,rubbish,True,False
near_duplicate_dhash,8,datasets/water/IWHR_AI_Lable_Floater_V1/raw/package2/JPEGImages/2351.jpg,datasets/water/IWHR_AI_Lable_Floater_V1/raw/package2/JPEGImages/2371.jpg,package2,package2,rubbish,rubbish,True,False
near_duplicate_dhash,8,datasets/water/IWHR_AI_Lable_Floater_V1/raw/package2/JPEGImages/2352.jpg,datasets/water/IWHR_AI_Lable_Floater_V1/raw/package2/JPEGImages/2499.jpg,package2,package2,rubbish,rubbish,True,False
near_duplicate_dhash,8,datasets/water/IWHR_AI_Lable_Floater_V1/raw/package2/JPEGImages/2353.jpg,datasets/water/IWHR_AI_Lable_Floater_V1/raw/package2/JPEGImages/2373.jpg,package2,package2,rubbish,rubbish,True,False
near_duplicate_dhash,7,datasets/water/IWHR_AI_Lable_Floater_V1/raw/package2/JPEGImages/2357.jpg,datasets/water/IWHR_AI_Lable_Floater_V1/raw/package2/JPEGImages/2399.jpg,package2,package2,rubbish,rubbish,True,False
near_duplicate_dhash,7,datasets/water/IWHR_AI_Lable_Floater_V1/raw/package2/JPEGImages/2359.jpg,datasets/water/IWHR_AI_Lable_Floater_V1/raw/package2/JPEGImages/2751.jpg,package2,package2,rubbish,fishing-1,False,False
near_duplicate_dhash,7,datasets/water/IWHR_AI_Lable_Floater_V1/raw/package2/JPEGImages/2359.jpg,datasets/water/IWHR_AI_Lable_Floater_V1/raw/package2/JPEGImages/2989.jpg,package2,package2,rubbish,rubbish,True,False
near_duplicate_dhash,7,datasets/water/IWHR_AI_Lable_Floater_V1/raw/package2/JPEGImages/2360.jpg,datasets/water/IWHR_AI_Lable_Floater_V1/raw/package2/JPEGImages/2381.jpg,package2,package2,rubbish,rubbish,True,False
near_duplicate_dhash,7,datasets/water/IWHR_AI_Lable_Floater_V1/raw/package2/JPEGImages/2360.jpg,datasets/water/IWHR_AI_Lable_Floater_V1/raw/package2/JPEGImages/2400.jpg,package2,package2,rubbish,rubbish,True,False
near_duplicate_dhash,6,datasets/water/IWHR_AI_Lable_Floater_V1/raw/package2/JPEGImages/2363.jpg,datasets/water/IWHR_AI_Lable_Floater_V1/raw/package2/JPEGImages/2420.jpg,package2,package2,rubbish,rubbish,True,False
near_duplicate_dhash,8,datasets/water/IWHR_AI_Lable_Floater_V1/raw/package2/JPEGImages/2365.jpg,datasets/water/IWHR_AI_Lable_Floater_V1/raw/package2/JPEGImages/2387.jpg,package2,package2,rubbish,rubbish,True,False
near_duplicate_dhash,7,datasets/water/IWHR_AI_Lable_Floater_V1/raw/package2/JPEGImages/2366.jpg,datasets/water/IWHR_AI_Lable_Floater_V1/raw/package2/JPEGImages/2826.jpg,package2,package2,rubbish,fishing-1,False,False
near_duplicate_dhash,7,datasets/water/IWHR_AI_Lable_Floater_V1/raw/package2/JPEGImages/2371.jpg,datasets/water/IWHR_AI_Lable_Floater_V1/raw/package2/JPEGImages/2392.jpg,package2,package2,rubbish,rubbish,True,False
near_duplicate_dhash,8,datasets/water/IWHR_AI_Lable_Floater_V1/raw/package2/JPEGImages/2372.jpg,datasets/water/IWHR_AI_Lable_Floater_V1/raw/package2/JPEGImages/2411.jpg,package2,package2,rubbish,rubbish,True,False
near_duplicate_dhash,7,datasets/water/IWHR_AI_Lable_Floater_V1/raw/package2/JPEGImages/2373.jpg,datasets/water/IWHR_AI_Lable_Floater_V1/raw/package2/JPEGImages/2394.jpg,package2,package2,rubbish,rubbish,True,False
near_duplicate_dhash,8,datasets/water/IWHR_AI_Lable_Floater_V1/raw/package2/JPEGImages/2377.jpg,datasets/water/IWHR_AI_Lable_Floater_V1/raw/package2/JPEGImages/2414.jpg,package2,package2,rubbish,rubbish,True,False
near_duplicate_dhash,6,datasets/water/IWHR_AI_Lable_Floater_V1/raw/package2/JPEGImages/2378.jpg,datasets/water/IWHR_AI_Lable_Floater_V1/raw/package2/JPEGImages/2397.jpg,package2,package2,rubbish,rubbish,True,False
near_duplicate_dhash,7,datasets/water/IWHR_AI_Lable_Floater_V1/raw/package2/JPEGImages/2379.jpg,datasets/water/IWHR_AI_Lable_Floater_V1/raw/package2/JPEGImages/2416.jpg,package2,package2,rubbish,rubbish,True,False
near_duplicate_dhash,6,datasets/water/IWHR_AI_Lable_Floater_V1/raw/package2/JPEGImages/2380.jpg,datasets/water/IWHR_AI_Lable_Floater_V1/raw/package2/JPEGImages/2486.jpg,package2,package2,rubbish,rubbish,True,False
near_duplicate_dhash,7,datasets/water/IWHR_AI_Lable_Floater_V1/raw/package2/JPEGImages/2380.jpg,datasets/water/IWHR_AI_Lable_Floater_V1/raw/package2/JPEGImages/2645.jpg,package2,package2,rubbish,fishing-4,False,False
near_duplicate_dhash,6,datasets/water/IWHR_AI_Lable_Floater_V1/raw/package2/JPEGImages/2383.jpg,datasets/water/IWHR_AI_Lable_Floater_V1/raw/package2/JPEGImages/2437.jpg,package2,package2,rubbish,rubbish,True,False
near_duplicate_dhash,8,datasets/water/IWHR_AI_Lable_Floater_V1/raw/package2/JPEGImages/2385.jpg,datasets/water/IWHR_AI_Lable_Floater_V1/raw/package2/JPEGImages/2421.jpg,package2,package2,rubbish,rubbish,True,False
near_duplicate_dhash,6,datasets/water/IWHR_AI_Lable_Floater_V1/raw/package2/JPEGImages/2386.jpg,datasets/water/IWHR_AI_Lable_Floater_V1/raw/package2/JPEGImages/2403.jpg,package2,package2,fishing-4,rubbish,False,False
near_duplicate_dhash,7,datasets/water/IWHR_AI_Lable_Floater_V1/raw/package2/JPEGImages/2388.jpg,datasets/water/IWHR_AI_Lable_Floater_V1/raw/package2/JPEGImages/2705.jpg,package2,package2,fishing-1,fishing-1,True,False
near_duplicate_dhash,7,datasets/water/IWHR_AI_Lable_Floater_V1/raw/package2/JPEGImages/2389.jpg,datasets/water/IWHR_AI_Lable_Floater_V1/raw/package2/JPEGImages/2405.jpg,package2,package2,rubbish,rubbish,True,False
near_duplicate_dhash,8,datasets/water/IWHR_AI_Lable_Floater_V1/raw/package2/JPEGImages/2390.jpg,datasets/water/IWHR_AI_Lable_Floater_V1/raw/package2/JPEGImages/2406.jpg,package2,package2,rubbish,rubbish,True,False
near_duplicate_dhash,7,datasets/water/IWHR_AI_Lable_Floater_V1/raw/package2/JPEGImages/2390.jpg,datasets/water/IWHR_AI_Lable_Floater_V1/raw/package2/JPEGImages/2426.jpg,package2,package2,rubbish,rubbish,True,False
near_duplicate_dhash,6,datasets/water/IWHR_AI_Lable_Floater_V1/raw/package2/JPEGImages/2391.jpg,datasets/water/IWHR_AI_Lable_Floater_V1/raw/package2/JPEGImages/2461.jpg,package2,package2,rubbish,rubbish,True,False
near_duplicate_dhash,7,datasets/water/IWHR_AI_Lable_Floater_V1/raw/package2/JPEGImages/2393.jpg,datasets/water/IWHR_AI_Lable_Floater_V1/raw/package2/JPEGImages/2499.jpg,package2,package2,rubbish,rubbish,True,False
near_duplicate_dhash,7,datasets/water/IWHR_AI_Lable_Floater_V1/raw/package2/JPEGImages/2394.jpg,datasets/water/IWHR_AI_Lable_Floater_V1/raw/package2/JPEGImages/2412.jpg,package2,package2,rubbish,rubbish,True,False
near_duplicate_dhash,6,datasets/water/IWHR_AI_Lable_Floater_V1/raw/package2/JPEGImages/2395.jpg,datasets/water/IWHR_AI_Lable_Floater_V1/raw/package2/JPEGImages/2413.jpg,package2,package2,rubbish,rubbish,True,False
near_duplicate_dhash,6,datasets/water/IWHR_AI_Lable_Floater_V1/raw/package2/JPEGImages/2396.jpg,datasets/water/IWHR_AI_Lable_Floater_V1/raw/package2/JPEGImages/2452.jpg,package2,package2,rubbish,rubbish,True,False
near_duplicate_dhash,8,datasets/water/IWHR_AI_Lable_Floater_V1/raw/package2/JPEGImages/2402.jpg,datasets/water/IWHR_AI_Lable_Floater_V1/raw/package2/JPEGImages/2418.jpg,package2,package2,rubbish,rubbish,True,False
near_duplicate_dhash,6,datasets/water/IWHR_AI_Lable_Floater_V1/raw/package2/JPEGImages/2403.jpg,datasets/water/IWHR_AI_Lable_Floater_V1/raw/package2/JPEGImages/2422.jpg,package2,package2,rubbish,rubbish,True,False
near_duplicate_dhash,8,datasets/water/IWHR_AI_Lable_Floater_V1/raw/package2/JPEGImages/2403.jpg,datasets/water/IWHR_AI_Lable_Floater_V1/raw/package2/JPEGImages/2441.jpg,package2,package2,rubbish,rubbish,True,False
near_duplicate_dhash,8,datasets/water/IWHR_AI_Lable_Floater_V1/raw/package2/JPEGImages/2404.jpg,datasets/water/IWHR_AI_Lable_Floater_V1/raw/package2/JPEGImages/2423.jpg,package2,package2,rubbish,rubbish,True,False
near_duplicate_dhash,7,datasets/water/IWHR_AI_Lable_Floater_V1/raw/package2/JPEGImages/2405.jpg,datasets/water/IWHR_AI_Lable_Floater_V1/raw/package2/JPEGImages/2425.jpg,package2,package2,rubbish,rubbish,True,False
near_duplicate_dhash,8,datasets/water/IWHR_AI_Lable_Floater_V1/raw/package2/JPEGImages/2407.jpg,datasets/water/IWHR_AI_Lable_Floater_V1/raw/package2/JPEGImages/2707.jpg,package2,package2,rubbish,fishing-1,False,False
near_duplicate_dhash,6,datasets/water/IWHR_AI_Lable_Floater_V1/raw/package2/JPEGImages/2410.jpg,datasets/water/IWHR_AI_Lable_Floater_V1/raw/package2/JPEGImages/2430.jpg,package2,package2,rubbish,rubbish,True,False
near_duplicate_dhash,8,datasets/water/IWHR_AI_Lable_Floater_V1/raw/package2/JPEGImages/2410.jpg,datasets/water/IWHR_AI_Lable_Floater_V1/raw/package2/JPEGImages/2447.jpg,package2,package2,rubbish,fishing-4,False,False
near_duplicate_dhash,6,datasets/water/IWHR_AI_Lable_Floater_V1/raw/package2/JPEGImages/2412.jpg,datasets/water/IWHR_AI_Lable_Floater_V1/raw/package2/JPEGImages/2432.jpg,package2,package2,rubbish,rubbish,True,False
near_duplicate_dhash,7,datasets/water/IWHR_AI_Lable_Floater_V1/raw/package2/JPEGImages/2416.jpg,datasets/water/IWHR_AI_Lable_Floater_V1/raw/package2/JPEGImages/2469.jpg,package2,package2,rubbish,rubbish,True,False
near_duplicate_dhash,8,datasets/water/IWHR_AI_Lable_Floater_V1/raw/package2/JPEGImages/2417.jpg,datasets/water/IWHR_AI_Lable_Floater_V1/raw/package2/JPEGImages/2470.jpg,package2,package2,rubbish,rubbish,True,False
near_duplicate_dhash,7,datasets/water/IWHR_AI_Lable_Floater_V1/raw/package2/JPEGImages/2418.jpg,datasets/water/IWHR_AI_Lable_Floater_V1/raw/package2/JPEGImages/2436.jpg,package2,package2,rubbish,rubbish,True,False
near_duplicate_dhash,8,datasets/water/IWHR_AI_Lable_Floater_V1/raw/package2/JPEGImages/2421.jpg,datasets/water/IWHR_AI_Lable_Floater_V1/raw/package2/JPEGImages/2440.jpg,package2,package2,rubbish,rubbish,True,False
near_duplicate_dhash,8,datasets/water/IWHR_AI_Lable_Floater_V1/raw/package2/JPEGImages/2422.jpg,datasets/water/IWHR_AI_Lable_Floater_V1/raw/package2/JPEGImages/2457.jpg,package2,package2,rubbish,rubbish,True,False
near_duplicate_dhash,7,datasets/water/IWHR_AI_Lable_Floater_V1/raw/package2/JPEGImages/2423.jpg,datasets/water/IWHR_AI_Lable_Floater_V1/raw/package2/JPEGImages/2442.jpg,package2,package2,rubbish,rubbish,True,False
near_duplicate_dhash,6,datasets/water/IWHR_AI_Lable_Floater_V1/raw/package2/JPEGImages/2424.jpg,datasets/water/IWHR_AI_Lable_Floater_V1/raw/package2/JPEGImages/2511.jpg,package2,package2,rubbish,rubbish,True,False
near_duplicate_dhash,7,datasets/water/IWHR_AI_Lable_Floater_V1/raw/package2/JPEGImages/2425.jpg,datasets/water/IWHR_AI_Lable_Floater_V1/raw/package2/JPEGImages/2443.jpg,package2,package2,rubbish,rubbish,True,False
near_duplicate_dhash,8,datasets/water/IWHR_AI_Lable_Floater_V1/raw/package2/JPEGImages/2428.jpg,datasets/water/IWHR_AI_Lable_Floater_V1/raw/package2/JPEGImages/2684.jpg,package2,package2,rubbish,fishing-1,False,False
near_duplicate_dhash,8,datasets/water/IWHR_AI_Lable_Floater_V1/raw/package2/JPEGImages/2429.jpg,datasets/water/IWHR_AI_Lable_Floater_V1/raw/package2/JPEGImages/2462.jpg,package2,package2,rubbish,rubbish,True,False
near_duplicate_dhash,8,datasets/water/IWHR_AI_Lable_Floater_V1/raw/package2/JPEGImages/2431.jpg,datasets/water/IWHR_AI_Lable_Floater_V1/raw/package2/JPEGImages/2574.jpg,package2,package2,rubbish,rubbish,True,False
near_duplicate_dhash,7,datasets/water/IWHR_AI_Lable_Floater_V1/raw/package2/JPEGImages/2433.jpg,datasets/water/IWHR_AI_Lable_Floater_V1/raw/package2/JPEGImages/2450.jpg,package2,package2,rubbish,rubbish,True,False
near_duplicate_dhash,6,datasets/water/IWHR_AI_Lable_Floater_V1/raw/package2/JPEGImages/2435.jpg,datasets/water/IWHR_AI_Lable_Floater_V1/raw/package2/JPEGImages/2467.jpg,package2,package2,rubbish,rubbish,True,False
near_duplicate_dhash,6,datasets/water/IWHR_AI_Lable_Floater_V1/raw/package2/JPEGImages/2438.jpg,datasets/water/IWHR_AI_Lable_Floater_V1/raw/package2/JPEGImages/2489.jpg,package2,package2,rubbish,rubbish,True,False
near_duplicate_dhash,7,datasets/water/IWHR_AI_Lable_Floater_V1/raw/package2/JPEGImages/2440.jpg,datasets/water/IWHR_AI_Lable_Floater_V1/raw/package2/JPEGImages/2490.jpg,package2,package2,rubbish,rubbish,True,False
near_duplicate_dhash,6,datasets/water/IWHR_AI_Lable_Floater_V1/raw/package2/JPEGImages/2441.jpg,datasets/water/IWHR_AI_Lable_Floater_V1/raw/package2/JPEGImages/2457.jpg,package2,package2,rubbish,rubbish,True,False
near_duplicate_dhash,7,datasets/water/IWHR_AI_Lable_Floater_V1/raw/package2/JPEGImages/2442.jpg,datasets/water/IWHR_AI_Lable_Floater_V1/raw/package2/JPEGImages/2458.jpg,package2,package2,rubbish,rubbish,True,False
near_duplicate_dhash,7,datasets/water/IWHR_AI_Lable_Floater_V1/raw/package2/JPEGImages/2443.jpg,datasets/water/IWHR_AI_Lable_Floater_V1/raw/package2/JPEGImages/2459.jpg,package2,package2,rubbish,rubbish,True,False
near_duplicate_dhash,7,datasets/water/IWHR_AI_Lable_Floater_V1/raw/package2/JPEGImages/2446.jpg,datasets/water/IWHR_AI_Lable_Floater_V1/raw/package2/JPEGImages/2462.jpg,package2,package2,rubbish,rubbish,True,False
near_duplicate_dhash,7,datasets/water/IWHR_AI_Lable_Floater_V1/raw/package2/JPEGImages/2449.jpg,datasets/water/IWHR_AI_Lable_Floater_V1/raw/package2/JPEGImages/2464.jpg,package2,package2,fishing-4,rubbish,False,False
near_duplicate_dhash,8,datasets/water/IWHR_AI_Lable_Floater_V1/raw/package2/JPEGImages/2454.jpg,datasets/water/IWHR_AI_Lable_Floater_V1/raw/package2/JPEGImages/2687.jpg,package2,package2,rubbish,fishing-1,False,False
near_duplicate_dhash,6,datasets/water/IWHR_AI_Lable_Floater_V1/raw/package2/JPEGImages/2455.jpg,datasets/water/IWHR_AI_Lable_Floater_V1/raw/package2/JPEGImages/2471.jpg,package2,package2,rubbish,rubbish,True,False
near_duplicate_dhash,6,datasets/water/IWHR_AI_Lable_Floater_V1/raw/package2/JPEGImages/2456.jpg,datasets/water/IWHR_AI_Lable_Floater_V1/raw/package2/JPEGImages/2490.jpg,package2,package2,rubbish,rubbish,True,False
near_duplicate_dhash,8,datasets/water/IWHR_AI_Lable_Floater_V1/raw/package2/JPEGImages/2456.jpg,datasets/water/IWHR_AI_Lable_Floater_V1/raw/package2/JPEGImages/2509.jpg,package2,package2,rubbish,rubbish,True,False
near_duplicate_dhash,8,datasets/water/IWHR_AI_Lable_Floater_V1/raw/package2/JPEGImages/2458.jpg,datasets/water/IWHR_AI_Lable_Floater_V1/raw/package2/JPEGImages/2474.jpg,package2,package2,rubbish,rubbish,True,False
near_duplicate_dhash,8,datasets/water/IWHR_AI_Lable_Floater_V1/raw/package2/JPEGImages/2460.jpg,datasets/water/IWHR_AI_Lable_Floater_V1/raw/package2/JPEGImages/2494.jpg,package2,package2,rubbish,rubbish,True,False
near_duplicate_dhash,6,datasets/water/IWHR_AI_Lable_Floater_V1/raw/package2/JPEGImages/2462.jpg,datasets/water/IWHR_AI_Lable_Floater_V1/raw/package2/JPEGImages/2479.jpg,package2,package2,rubbish,rubbish,True,False
near_duplicate_dhash,6,datasets/water/IWHR_AI_Lable_Floater_V1/raw/package2/JPEGImages/2465.jpg,datasets/water/IWHR_AI_Lable_Floater_V1/raw/package2/JPEGImages/2664.jpg,package2,package2,rubbish,fishing-1,False,False
near_duplicate_dhash,8,datasets/water/IWHR_AI_Lable_Floater_V1/raw/package2/JPEGImages/2467.jpg,datasets/water/IWHR_AI_Lable_Floater_V1/raw/package2/JPEGImages/2485.jpg,package2,package2,rubbish,rubbish,True,False
near_duplicate_dhash,8,datasets/water/IWHR_AI_Lable_Floater_V1/raw/package2/JPEGImages/2468.jpg,datasets/water/IWHR_AI_Lable_Floater_V1/raw/package2/JPEGImages/2590.jpg,package2,package2,rubbish,fishing-4,False,False
near_duplicate_dhash,7,datasets/water/IWHR_AI_Lable_Floater_V1/raw/package2/JPEGImages/2470.jpg,datasets/water/IWHR_AI_Lable_Floater_V1/raw/package2/JPEGImages/2507.jpg,package2,package2,rubbish,rubbish,True,False
near_duplicate_dhash,8,datasets/water/IWHR_AI_Lable_Floater_V1/raw/package2/JPEGImages/2471.jpg,datasets/water/IWHR_AI_Lable_Floater_V1/raw/package2/JPEGImages/2488.jpg,package2,package2,rubbish,rubbish,True,False
near_duplicate_dhash,6,datasets/water/IWHR_AI_Lable_Floater_V1/raw/package2/JPEGImages/2472.jpg,datasets/water/IWHR_AI_Lable_Floater_V1/raw/package2/JPEGImages/2509.jpg,package2,package2,rubbish,rubbish,True,False
near_duplicate_dhash,6,datasets/water/IWHR_AI_Lable_Floater_V1/raw/package2/JPEGImages/2473.jpg,datasets/water/IWHR_AI_Lable_Floater_V1/raw/package2/JPEGImages/2491.jpg,package2,package2,rubbish,rubbish,True,False
near_duplicate_dhash,7,datasets/water/IWHR_AI_Lable_Floater_V1/raw/package2/JPEGImages/2475.jpg,datasets/water/IWHR_AI_Lable_Floater_V1/raw/package2/JPEGImages/2493.jpg,package2,package2,rubbish,rubbish,True,False
near_duplicate_dhash,6,datasets/water/IWHR_AI_Lable_Floater_V1/raw/package2/JPEGImages/2476.jpg,datasets/water/IWHR_AI_Lable_Floater_V1/raw/package2/JPEGImages/2494.jpg,package2,package2,rubbish,rubbish,True,False
near_duplicate_dhash,8,datasets/water/IWHR_AI_Lable_Floater_V1/raw/package2/JPEGImages/2476.jpg,datasets/water/IWHR_AI_Lable_Floater_V1/raw/package2/JPEGImages/2513.jpg,package2,package2,rubbish,rubbish,True,False
near_duplicate_dhash,6,datasets/water/IWHR_AI_Lable_Floater_V1/raw/package2/JPEGImages/2480.jpg,datasets/water/IWHR_AI_Lable_Floater_V1/raw/package2/JPEGImages/2498.jpg,package2,package2,rubbish,rubbish,True,False
near_duplicate_dhash,7,datasets/water/IWHR_AI_Lable_Floater_V1/raw/package2/JPEGImages/2482.jpg,datasets/water/IWHR_AI_Lable_Floater_V1/raw/package2/JPEGImages/2500.jpg,package2,package2,rubbish,rubbish,True,False
near_duplicate_dhash,6,datasets/water/IWHR_AI_Lable_Floater_V1/raw/package2/JPEGImages/2485.jpg,datasets/water/IWHR_AI_Lable_Floater_V1/raw/package2/JPEGImages/2503.jpg,package2,package2,rubbish,rubbish,True,False
near_duplicate_dhash,6,datasets/water/IWHR_AI_Lable_Floater_V1/raw/package2/JPEGImages/2489.jpg,datasets/water/IWHR_AI_Lable_Floater_V1/raw/package2/JPEGImages/2522.jpg,package2,package2,rubbish,rubbish,True,False
near_duplicate_dhash,8,datasets/water/IWHR_AI_Lable_Floater_V1/raw/package2/JPEGImages/2490.jpg,datasets/water/IWHR_AI_Lable_Floater_V1/raw/package2/JPEGImages/2509.jpg,package2,package2,rubbish,rubbish,True,False
near_duplicate_dhash,6,datasets/water/IWHR_AI_Lable_Floater_V1/raw/package2/JPEGImages/2492.jpg,datasets/water/IWHR_AI_Lable_Floater_V1/raw/package2/JPEGImages/2510.jpg,package2,package2,rubbish,rubbish,True,False
near_duplicate_dhash,8,datasets/water/IWHR_AI_Lable_Floater_V1/raw/package2/JPEGImages/2493.jpg,datasets/water/IWHR_AI_Lable_Floater_V1/raw/package2/JPEGImages/2524.jpg,package2,package2,rubbish,rubbish,True,False
near_duplicate_dhash,7,datasets/water/IWHR_AI_Lable_Floater_V1/raw/package2/JPEGImages/2494.jpg,datasets/water/IWHR_AI_Lable_Floater_V1/raw/package2/JPEGImages/2526.jpg,package2,package2,rubbish,rubbish,True,False
near_duplicate_dhash,7,datasets/water/IWHR_AI_Lable_Floater_V1/raw/package2/JPEGImages/2496.jpg,datasets/water/IWHR_AI_Lable_Floater_V1/raw/package2/JPEGImages/2544.jpg,package2,package2,rubbish,rubbish,True,False
near_duplicate_dhash,7,datasets/water/IWHR_AI_Lable_Floater_V1/raw/package2/JPEGImages/2497.jpg,datasets/water/IWHR_AI_Lable_Floater_V1/raw/package2/JPEGImages/2694.jpg,package2,package2,rubbish,fishing-1,False,False
near_duplicate_dhash,7,datasets/water/IWHR_AI_Lable_Floater_V1/raw/package2/JPEGImages/2498.jpg,datasets/water/IWHR_AI_Lable_Floater_V1/raw/package2/JPEGImages/2515.jpg,package2,package2,rubbish,rubbish,True,False
near_duplicate_dhash,8,datasets/water/IWHR_AI_Lable_Floater_V1/raw/package2/JPEGImages/2501.jpg,datasets/water/IWHR_AI_Lable_Floater_V1/raw/package2/JPEGImages/2547.jpg,package2,package2,rubbish,rubbish,True,False
near_duplicate_dhash,8,datasets/water/IWHR_AI_Lable_Floater_V1/raw/package2/JPEGImages/2501.jpg,datasets/water/IWHR_AI_Lable_Floater_V1/raw/package2/JPEGImages/2642.jpg,package2,package2,rubbish,fishing-4,False,False
near_duplicate_dhash,8,datasets/water/IWHR_AI_Lable_Floater_V1/raw/package2/JPEGImages/2501.jpg,datasets/water/IWHR_AI_Lable_Floater_V1/raw/package2/JPEGImages/2659.jpg,package2,package2,rubbish,fishing-4,False,False
near_duplicate_dhash,8,datasets/water/IWHR_AI_Lable_Floater_V1/raw/package2/JPEGImages/2503.jpg,datasets/water/IWHR_AI_Lable_Floater_V1/raw/package2/JPEGImages/2519.jpg,package2,package2,rubbish,rubbish,True,False
near_duplicate_dhash,6,datasets/water/IWHR_AI_Lable_Floater_V1/raw/package2/JPEGImages/2505.jpg,datasets/water/IWHR_AI_Lable_Floater_V1/raw/package2/JPEGImages/2668.jpg,package2,package2,rubbish,fishing-1,False,False
near_duplicate_dhash,6,datasets/water/IWHR_AI_Lable_Floater_V1/raw/package2/JPEGImages/2511.jpg,datasets/water/IWHR_AI_Lable_Floater_V1/raw/package2/JPEGImages/2652.jpg,package2,package2,rubbish,fishing-4,False,False
near_duplicate_dhash,6,datasets/water/IWHR_AI_Lable_Floater_V1/raw/package2/JPEGImages/2512.jpg,datasets/water/IWHR_AI_Lable_Floater_V1/raw/package2/JPEGImages/2524.jpg,package2,package2,rubbish,rubbish,True,False
near_duplicate_dhash,8,datasets/water/IWHR_AI_Lable_Floater_V1/raw/package2/JPEGImages/2514.jpg,datasets/water/IWHR_AI_Lable_Floater_V1/raw/package2/JPEGImages/2527.jpg,package2,package2,rubbish,rubbish,True,False
near_duplicate_dhash,6,datasets/water/IWHR_AI_Lable_Floater_V1/raw/package2/JPEGImages/2516.jpg,datasets/water/IWHR_AI_Lable_Floater_V1/raw/package2/JPEGImages/2741.jpg,package2,package2,rubbish,fishing-1,False,False
near_duplicate_dhash,8,datasets/water/IWHR_AI_Lable_Floater_V1/raw/package2/JPEGImages/2517.jpg,datasets/water/IWHR_AI_Lable_Floater_V1/raw/package2/JPEGImages/2546.jpg,package2,package2,rubbish,rubbish,True,False
near_duplicate_dhash,7,datasets/water/IWHR_AI_Lable_Floater_V1/raw/package2/JPEGImages/2521.jpg,datasets/water/IWHR_AI_Lable_Floater_V1/raw/package2/JPEGImages/2535.jpg,package2,package2,rubbish,rubbish,True,False
near_duplicate_dhash,7,datasets/water/IWHR_AI_Lable_Floater_V1/raw/package2/JPEGImages/2523.jpg,datasets/water/IWHR_AI_Lable_Floater_V1/raw/package2/JPEGImages/2538.jpg,package2,package2,rubbish,rubbish,True,False
near_duplicate_dhash,7,datasets/water/IWHR_AI_Lable_Floater_V1/raw/package2/JPEGImages/2524.jpg,datasets/water/IWHR_AI_Lable_Floater_V1/raw/package2/JPEGImages/2556.jpg,package2,package2,rubbish,rubbish,True,False
near_duplicate_dhash,6,datasets/water/IWHR_AI_Lable_Floater_V1/raw/package2/JPEGImages/2528.jpg,datasets/water/IWHR_AI_Lable_Floater_V1/raw/package2/JPEGImages/2558.jpg,package2,package2,rubbish,rubbish,True,False
near_duplicate_dhash,7,datasets/water/IWHR_AI_Lable_Floater_V1/raw/package2/JPEGImages/2529.jpg,datasets/water/IWHR_AI_Lable_Floater_V1/raw/package2/JPEGImages/2545.jpg,package2,package2,rubbish,fishing-4,False,False
near_duplicate_dhash,8,datasets/water/IWHR_AI_Lable_Floater_V1/raw/package2/JPEGImages/2531.jpg,datasets/water/IWHR_AI_Lable_Floater_V1/raw/package2/JPEGImages/2546.jpg,package2,package2,rubbish,rubbish,True,False
near_duplicate_dhash,6,datasets/water/IWHR_AI_Lable_Floater_V1/raw/package2/JPEGImages/2535.jpg,datasets/water/IWHR_AI_Lable_Floater_V1/raw/package2/JPEGImages/2552.jpg,package2,package2,rubbish,rubbish,True,False
near_duplicate_dhash,6,datasets/water/IWHR_AI_Lable_Floater_V1/raw/package2/JPEGImages/2536.jpg,datasets/water/IWHR_AI_Lable_Floater_V1/raw/package2/JPEGImages/2673.jpg,package2,package2,rubbish,fishing-1,False,False
near_duplicate_dhash,7,datasets/water/IWHR_AI_Lable_Floater_V1/raw/package2/JPEGImages/2540.jpg,datasets/water/IWHR_AI_Lable_Floater_V1/raw/package2/JPEGImages/2570.jpg,package2,package2,rubbish,rubbish,True,False
near_duplicate_dhash,6,datasets/water/IWHR_AI_Lable_Floater_V1/raw/package2/JPEGImages/2541.jpg,datasets/water/IWHR_AI_Lable_Floater_V1/raw/package2/JPEGImages/2584.jpg,package2,package2,rubbish,rubbish,True,False
near_duplicate_dhash,8,datasets/water/IWHR_AI_Lable_Floater_V1/raw/package2/JPEGImages/2542.jpg,datasets/water/IWHR_AI_Lable_Floater_V1/raw/package2/JPEGImages/2557.jpg,package2,package2,rubbish,rubbish,True,False
near_duplicate_dhash,6,datasets/water/IWHR_AI_Lable_Floater_V1/raw/package2/JPEGImages/2546.jpg,datasets/water/IWHR_AI_Lable_Floater_V1/raw/package2/JPEGImages/2576.jpg,package2,package2,rubbish,rubbish,True,False
near_duplicate_dhash,8,datasets/water/IWHR_AI_Lable_Floater_V1/raw/package2/JPEGImages/2547.jpg,datasets/water/IWHR_AI_Lable_Floater_V1/raw/package2/JPEGImages/2659.jpg,package2,package2,rubbish,fishing-4,False,False
near_duplicate_dhash,6,datasets/water/IWHR_AI_Lable_Floater_V1/raw/package2/JPEGImages/2549.jpg,datasets/water/IWHR_AI_Lable_Floater_V1/raw/package2/JPEGImages/2746.jpg,package2,package2,fishing-1,fishing-1,True,False
near_duplicate_dhash,7,datasets/water/IWHR_AI_Lable_Floater_V1/raw/package2/JPEGImages/2552.jpg,datasets/water/IWHR_AI_Lable_Floater_V1/raw/package2/JPEGImages/2565.jpg,package2,package2,rubbish,rubbish,True,False
near_duplicate_dhash,8,datasets/water/IWHR_AI_Lable_Floater_V1/raw/package2/JPEGImages/2553.jpg,datasets/water/IWHR_AI_Lable_Floater_V1/raw/package2/JPEGImages/2567.jpg,package2,package2,fishing-4,rubbish,False,False
near_duplicate_dhash,6,datasets/water/IWHR_AI_Lable_Floater_V1/raw/package2/JPEGImages/2556.jpg,datasets/water/IWHR_AI_Lable_Floater_V1/raw/package2/JPEGImages/2583.jpg,package2,package2,rubbish,rubbish,True,False
near_duplicate_dhash,8,datasets/water/IWHR_AI_Lable_Floater_V1/raw/package2/JPEGImages/2556.jpg,datasets/water/IWHR_AI_Lable_Floater_V1/raw/package2/JPEGImages/2595.jpg,package2,package2,rubbish,fishing-4,False,False
near_duplicate_dhash,7,datasets/water/IWHR_AI_Lable_Floater_V1/raw/package2/JPEGImages/2561.jpg,datasets/water/IWHR_AI_Lable_Floater_V1/raw/package2/JPEGImages/2599.jpg,package2,package2,rubbish,fishing-4,False,False
near_duplicate_dhash,7,datasets/water/IWHR_AI_Lable_Floater_V1/raw/package2/JPEGImages/2562.jpg,datasets/water/IWHR_AI_Lable_Floater_V1/raw/package2/JPEGImages/2600.jpg,package2,package2,rubbish,fishing-4,False,False
near_duplicate_dhash,8,datasets/water/IWHR_AI_Lable_Floater_V1/raw/package2/JPEGImages/2563.jpg,datasets/water/IWHR_AI_Lable_Floater_V1/raw/package2/JPEGImages/2589.jpg,package2,package2,rubbish,fishing-4,False,False
near_duplicate_dhash,8,datasets/water/IWHR_AI_Lable_Floater_V1/raw/package2/JPEGImages/2563.jpg,datasets/water/IWHR_AI_Lable_Floater_V1/raw/package2/JPEGImages/2602.jpg,package2,package2,rubbish,fishing-4,False,False
near_duplicate_dhash,6,datasets/water/IWHR_AI_Lable_Floater_V1/raw/package2/JPEGImages/2565.jpg,datasets/water/IWHR_AI_Lable_Floater_V1/raw/package2/JPEGImages/2579.jpg,package2,package2,rubbish,rubbish,True,False
near_duplicate_dhash,6,datasets/water/IWHR_AI_Lable_Floater_V1/raw/package2/JPEGImages/2569.jpg,datasets/water/IWHR_AI_Lable_Floater_V1/raw/package2/JPEGImages/2677.jpg,package2,package2,rubbish,fishing-1,False,False
near_duplicate_dhash,8,datasets/water/IWHR_AI_Lable_Floater_V1/raw/package2/JPEGImages/2573.jpg,datasets/water/IWHR_AI_Lable_Floater_V1/raw/package2/JPEGImages/2587.jpg,package2,package2,rubbish,rubbish,True,False
near_duplicate_dhash,6,datasets/water/IWHR_AI_Lable_Floater_V1/raw/package2/JPEGImages/2574.jpg,datasets/water/IWHR_AI_Lable_Floater_V1/raw/package2/JPEGImages/2615.jpg,package2,package2,rubbish,fishing-4,False,False
near_duplicate_dhash,7,datasets/water/IWHR_AI_Lable_Floater_V1/raw/package2/JPEGImages/2580.jpg,datasets/water/IWHR_AI_Lable_Floater_V1/raw/package2/JPEGImages/2593.jpg,package2,package2,rubbish,fishing-4,False,False
near_duplicate_dhash,7,datasets/water/IWHR_AI_Lable_Floater_V1/raw/package2/JPEGImages/2583.jpg,datasets/water/IWHR_AI_Lable_Floater_V1/raw/package2/JPEGImages/2608.jpg,package2,package2,rubbish,fishing-4,False,False
near_duplicate_dhash,6,datasets/water/IWHR_AI_Lable_Floater_V1/raw/package2/JPEGImages/2584.jpg,datasets/water/IWHR_AI_Lable_Floater_V1/raw/package2/JPEGImages/2596.jpg,package2,package2,rubbish,fishing-4,False,False
near_duplicate_dhash,8,datasets/water/IWHR_AI_Lable_Floater_V1/raw/package2/JPEGImages/2585.jpg,datasets/water/IWHR_AI_Lable_Floater_V1/raw/package2/JPEGImages/2597.jpg,package2,package2,rubbish,fishing-4,False,False
near_duplicate_dhash,8,datasets/water/IWHR_AI_Lable_Floater_V1/raw/package2/JPEGImages/2586.jpg,datasets/water/IWHR_AI_Lable_Floater_V1/raw/package2/JPEGImages/2944.jpg,package2,package2,rubbish,fishing-1,False,False
near_duplicate_dhash,6,datasets/water/IWHR_AI_Lable_Floater_V1/raw/package2/JPEGImages/2591.jpg,datasets/water/IWHR_AI_Lable_Floater_V1/raw/package2/JPEGImages/2603.jpg,package2,package2,fishing-4,fishing-4,True,False
near_duplicate_dhash,8,datasets/water/IWHR_AI_Lable_Floater_V1/raw/package2/JPEGImages/2593.jpg,datasets/water/IWHR_AI_Lable_Floater_V1/raw/package2/JPEGImages/2605.jpg,package2,package2,fishing-4,fishing-4,True,False
near_duplicate_dhash,6,datasets/water/IWHR_AI_Lable_Floater_V1/raw/package2/JPEGImages/2596.jpg,datasets/water/IWHR_AI_Lable_Floater_V1/raw/package2/JPEGImages/2626.jpg,package2,package2,fishing-4,fishing-4,True,False
near_duplicate_dhash,7,datasets/water/IWHR_AI_Lable_Floater_V1/raw/package2/JPEGImages/2596.jpg,datasets/water/IWHR_AI_Lable_Floater_V1/raw/package2/JPEGImages/2638.jpg,package2,package2,fishing-4,fishing-4,True,False
near_duplicate_dhash,7,datasets/water/IWHR_AI_Lable_Floater_V1/raw/package2/JPEGImages/2602.jpg,datasets/water/IWHR_AI_Lable_Floater_V1/raw/package2/JPEGImages/2619.jpg,package2,package2,fishing-4,fishing-4,True,False
near_duplicate_dhash,6,datasets/water/IWHR_AI_Lable_Floater_V1/raw/package2/JPEGImages/2605.jpg,datasets/water/IWHR_AI_Lable_Floater_V1/raw/package2/JPEGImages/2622.jpg,package2,package2,fishing-4,fishing-4,True,False
near_duplicate_dhash,7,datasets/water/IWHR_AI_Lable_Floater_V1/raw/package2/JPEGImages/2608.jpg,datasets/water/IWHR_AI_Lable_Floater_V1/raw/package2/JPEGImages/2637.jpg,package2,package2,fishing-4,fishing-4,True,False
near_duplicate_dhash,6,datasets/water/IWHR_AI_Lable_Floater_V1/raw/package2/JPEGImages/2611.jpg,datasets/water/IWHR_AI_Lable_Floater_V1/raw/package2/JPEGImages/2638.jpg,package2,package2,fishing-4,fishing-4,True,False
near_duplicate_dhash,7,datasets/water/IWHR_AI_Lable_Floater_V1/raw/package2/JPEGImages/2613.jpg,datasets/water/IWHR_AI_Lable_Floater_V1/raw/package2/JPEGImages/2656.jpg,package2,package2,fishing-4,fishing-4,True,False
near_duplicate_dhash,7,datasets/water/IWHR_AI_Lable_Floater_V1/raw/package2/JPEGImages/2614.jpg,datasets/water/IWHR_AI_Lable_Floater_V1/raw/package2/JPEGImages/2628.jpg,package2,package2,fishing-4,fishing-4,True,False
near_duplicate_dhash,8,datasets/water/IWHR_AI_Lable_Floater_V1/raw/package2/JPEGImages/2618.jpg,datasets/water/IWHR_AI_Lable_Floater_V1/raw/package2/JPEGImages/2705.jpg,package2,package2,fishing-1,fishing-1,True,False
near_duplicate_dhash,7,datasets/water/IWHR_AI_Lable_Floater_V1/raw/package2/JPEGImages/2619.jpg,datasets/water/IWHR_AI_Lable_Floater_V1/raw/package2/JPEGImages/2643.jpg,package2,package2,fishing-4,fishing-4,True,False
near_duplicate_dhash,6,datasets/water/IWHR_AI_Lable_Floater_V1/raw/package2/JPEGImages/2620.jpg,datasets/water/IWHR_AI_Lable_Floater_V1/raw/package2/JPEGImages/2632.jpg,package2,package2,fishing-4,fishing-4,True,False
near_duplicate_dhash,7,datasets/water/IWHR_AI_Lable_Floater_V1/raw/package2/JPEGImages/2620.jpg,datasets/water/IWHR_AI_Lable_Floater_V1/raw/package2/JPEGImages/2644.jpg,package2,package2,fishing-4,fishing-4,True,False
near_duplicate_dhash,7,datasets/water/IWHR_AI_Lable_Floater_V1/raw/package2/JPEGImages/2621.jpg,datasets/water/IWHR_AI_Lable_Floater_V1/raw/package2/JPEGImages/2634.jpg,package2,package2,fishing-4,fishing-4,True,False
near_duplicate_dhash,6,datasets/water/IWHR_AI_Lable_Floater_V1/raw/package2/JPEGImages/2623.jpg,datasets/water/IWHR_AI_Lable_Floater_V1/raw/package2/JPEGImages/2636.jpg,package2,package2,fishing-4,fishing-4,True,False
near_duplicate_dhash,7,datasets/water/IWHR_AI_Lable_Floater_V1/raw/package2/JPEGImages/2626.jpg,datasets/water/IWHR_AI_Lable_Floater_V1/raw/package2/JPEGImages/2654.jpg,package2,package2,fishing-4,fishing-4,True,False
near_duplicate_dhash,8,datasets/water/IWHR_AI_Lable_Floater_V1/raw/package2/JPEGImages/2628.jpg,datasets/water/IWHR_AI_Lable_Floater_V1/raw/package2/JPEGImages/2657.jpg,package2,package2,fishing-4,fishing-4,True,False
near_duplicate_dhash,8,datasets/water/IWHR_AI_Lable_Floater_V1/raw/package2/JPEGImages/2631.jpg,datasets/water/IWHR_AI_Lable_Floater_V1/raw/package2/JPEGImages/2729.jpg,package2,package2,fishing-1,fishing-1,True,False
near_duplicate_dhash,7,datasets/water/IWHR_AI_Lable_Floater_V1/raw/package2/JPEGImages/2634.jpg,datasets/water/IWHR_AI_Lable_Floater_V1/raw/package2/JPEGImages/2647.jpg,package2,package2,fishing-4,fishing-4,True,False
near_duplicate_dhash,8,datasets/water/IWHR_AI_Lable_Floater_V1/raw/package2/JPEGImages/2639.jpg,datasets/water/IWHR_AI_Lable_Floater_V1/raw/package2/JPEGImages/2655.jpg,package2,package2,fishing-4,fishing-4,True,False
near_duplicate_dhash,6,datasets/water/IWHR_AI_Lable_Floater_V1/raw/package2/JPEGImages/2641.jpg,datasets/water/IWHR_AI_Lable_Floater_V1/raw/package2/JPEGImages/2657.jpg,package2,package2,fishing-4,fishing-4,True,False
near_duplicate_dhash,6,datasets/water/IWHR_AI_Lable_Floater_V1/raw/package2/JPEGImages/2642.jpg,datasets/water/IWHR_AI_Lable_Floater_V1/raw/package2/JPEGImages/2659.jpg,package2,package2,fishing-4,fishing-4,True,False
near_duplicate_dhash,6,datasets/water/IWHR_AI_Lable_Floater_V1/raw/package2/JPEGImages/2646.jpg,datasets/water/IWHR_AI_Lable_Floater_V1/raw/package2/JPEGImages/2709.jpg,package2,package2,fishing-1,fishing-1,True,False
near_duplicate_dhash,8,datasets/water/IWHR_AI_Lable_Floater_V1/raw/package2/JPEGImages/2646.jpg,datasets/water/IWHR_AI_Lable_Floater_V1/raw/package2/JPEGImages/2731.jpg,package2,package2,fishing-1,fishing-1,True,False
near_duplicate_dhash,7,datasets/water/IWHR_AI_Lable_Floater_V1/raw/package2/JPEGImages/2662.jpg,datasets/water/IWHR_AI_Lable_Floater_V1/raw/package2/JPEGImages/2874.jpg,package2,package2,fishing-1,fishing-1,True,False
near_duplicate_dhash,6,datasets/water/IWHR_AI_Lable_Floater_V1/raw/package2/JPEGImages/2663.jpg,datasets/water/IWHR_AI_Lable_Floater_V1/raw/package2/JPEGImages/2687.jpg,package2,package2,fishing-1,fishing-1,True,False
near_duplicate_dhash,8,datasets/water/IWHR_AI_Lable_Floater_V1/raw/package2/JPEGImages/2664.jpg,datasets/water/IWHR_AI_Lable_Floater_V1/raw/package2/JPEGImages/2690.jpg,package2,package2,fishing-1,fishing-1,True,False
near_duplicate_dhash,8,datasets/water/IWHR_AI_Lable_Floater_V1/raw/package2/JPEGImages/2666.jpg,datasets/water/IWHR_AI_Lable_Floater_V1/raw/package2/JPEGImages/2693.jpg,package2,package2,fishing-1,fishing-1,True,False
near_duplicate_dhash,8,datasets/water/IWHR_AI_Lable_Floater_V1/raw/package2/JPEGImages/2667.jpg,datasets/water/IWHR_AI_Lable_Floater_V1/raw/package2/JPEGImages/2716.jpg,package2,package2,fishing-1,fishing-1,True,False
near_duplicate_dhash,8,datasets/water/IWHR_AI_Lable_Floater_V1/raw/package2/JPEGImages/2670.jpg,datasets/water/IWHR_AI_Lable_Floater_V1/raw/package2/JPEGImages/2974.jpg,package2,package2,fishing-1,rubbish,False,False
near_duplicate_dhash,6,datasets/water/IWHR_AI_Lable_Floater_V1/raw/package2/JPEGImages/2672.jpg,datasets/water/IWHR_AI_Lable_Floater_V1/raw/package2/JPEGImages/2698.jpg,package2,package2,fishing-1,fishing-1,True,False
near_duplicate_dhash,6,datasets/water/IWHR_AI_Lable_Floater_V1/raw/package2/JPEGImages/2675.jpg,datasets/water/IWHR_AI_Lable_Floater_V1/raw/package2/JPEGImages/2746.jpg,package2,package2,fishing-1,fishing-1,True,False
near_duplicate_dhash,6,datasets/water/IWHR_AI_Lable_Floater_V1/raw/package2/JPEGImages/2677.jpg,datasets/water/IWHR_AI_Lable_Floater_V1/raw/package2/JPEGImages/2702.jpg,package2,package2,fishing-1,fishing-1,True,False
near_duplicate_dhash,7,datasets/water/IWHR_AI_Lable_Floater_V1/raw/package2/JPEGImages/2678.jpg,datasets/water/IWHR_AI_Lable_Floater_V1/raw/package2/JPEGImages/2703.jpg,package2,package2,fishing-1,fishing-1,True,False
near_duplicate_dhash,8,datasets/water/IWHR_AI_Lable_Floater_V1/raw/package2/JPEGImages/2679.jpg,datasets/water/IWHR_AI_Lable_Floater_V1/raw/package2/JPEGImages/2704.jpg,package2,package2,fishing-1,fishing-1,True,False
near_duplicate_dhash,6,datasets/water/IWHR_AI_Lable_Floater_V1/raw/package2/JPEGImages/2683.jpg,datasets/water/IWHR_AI_Lable_Floater_V1/raw/package2/JPEGImages/2729.jpg,package2,package2,fishing-1,fishing-1,True,False
near_duplicate_dhash,6,datasets/water/IWHR_AI_Lable_Floater_V1/raw/package2/JPEGImages/2684.jpg,datasets/water/IWHR_AI_Lable_Floater_V1/raw/package2/JPEGImages/2731.jpg,package2,package2,fishing-1,fishing-1,True,False
near_duplicate_dhash,6,datasets/water/IWHR_AI_Lable_Floater_V1/raw/package2/JPEGImages/2685.jpg,datasets/water/IWHR_AI_Lable_Floater_V1/raw/package2/JPEGImages/2711.jpg,package2,package2,fishing-1,fishing-1,True,False
near_duplicate_dhash,7,datasets/water/IWHR_AI_Lable_Floater_V1/raw/package2/JPEGImages/2685.jpg,datasets/water/IWHR_AI_Lable_Floater_V1/raw/package2/JPEGImages/2732.jpg,package2,package2,fishing-1,fishing-1,True,False
near_duplicate_dhash,8,datasets/water/IWHR_AI_Lable_Floater_V1/raw/package2/JPEGImages/2685.jpg,datasets/water/IWHR_AI_Lable_Floater_V1/raw/package2/JPEGImages/2756.jpg,package2,package2,fishing-1,fishing-1,True,False
near_duplicate_dhash,7,datasets/water/IWHR_AI_Lable_Floater_V1/raw/package2/JPEGImages/2687.jpg,datasets/water/IWHR_AI_Lable_Floater_V1/raw/package2/JPEGImages/2712.jpg,package2,package2,fishing-1,fishing-1,True,False
near_duplicate_dhash,8,datasets/water/IWHR_AI_Lable_Floater_V1/raw/package2/JPEGImages/2688.jpg,datasets/water/IWHR_AI_Lable_Floater_V1/raw/package2/JPEGImages/2831.jpg,package2,package2,fishing-1,fishing-1,True,False
near_duplicate_dhash,7,datasets/water/IWHR_AI_Lable_Floater_V1/raw/package2/JPEGImages/2690.jpg,datasets/water/IWHR_AI_Lable_Floater_V1/raw/package2/JPEGImages/2713.jpg,package2,package2,fishing-1,fishing-1,True,False
near_duplicate_dhash,7,datasets/water/IWHR_AI_Lable_Floater_V1/raw/package2/JPEGImages/2691.jpg,datasets/water/IWHR_AI_Lable_Floater_V1/raw/package2/JPEGImages/2714.jpg,package2,package2,fishing-1,fishing-1,True,False
near_duplicate_dhash,6,datasets/water/IWHR_AI_Lable_Floater_V1/raw/package2/JPEGImages/2693.jpg,datasets/water/IWHR_AI_Lable_Floater_V1/raw/package2/JPEGImages/2715.jpg,package2,package2,fishing-1,fishing-1,True,False
near_duplicate_dhash,8,datasets/water/IWHR_AI_Lable_Floater_V1/raw/package2/JPEGImages/2693.jpg,datasets/water/IWHR_AI_Lable_Floater_V1/raw/package2/JPEGImages/2738.jpg,package2,package2,fishing-1,fishing-1,True,False
near_duplicate_dhash,8,datasets/water/IWHR_AI_Lable_Floater_V1/raw/package2/JPEGImages/2696.jpg,datasets/water/IWHR_AI_Lable_Floater_V1/raw/package2/JPEGImages/2935.jpg,package2,package2,fishing-1,fishing-1,True,False
near_duplicate_dhash,8,datasets/water/IWHR_AI_Lable_Floater_V1/raw/package2/JPEGImages/2696.jpg,datasets/water/IWHR_AI_Lable_Floater_V1/raw/package2/JPEGImages/2975.jpg,package2,package2,fishing-1,rubbish,False,False
near_duplicate_dhash,6,datasets/water/IWHR_AI_Lable_Floater_V1/raw/package2/JPEGImages/2699.jpg,datasets/water/IWHR_AI_Lable_Floater_V1/raw/package2/JPEGImages/2768.jpg,package2,package2,fishing-1,fishing-1,True,False
near_duplicate_dhash,6,datasets/water/IWHR_AI_Lable_Floater_V1/raw/package2/JPEGImages/2700.jpg,datasets/water/IWHR_AI_Lable_Floater_V1/raw/package2/JPEGImages/2770.jpg,package2,package2,fishing-1,fishing-1,True,False
near_duplicate_dhash,8,datasets/water/IWHR_AI_Lable_Floater_V1/raw/package2/JPEGImages/2700.jpg,datasets/water/IWHR_AI_Lable_Floater_V1/raw/package2/JPEGImages/2793.jpg,package2,package2,fishing-1,fishing-1,True,False
near_duplicate_dhash,8,datasets/water/IWHR_AI_Lable_Floater_V1/raw/package2/JPEGImages/2703.jpg,datasets/water/IWHR_AI_Lable_Floater_V1/raw/package2/JPEGImages/2724.jpg,package2,package2,fishing-1,fishing-1,True,False
near_duplicate_dhash,7,datasets/water/IWHR_AI_Lable_Floater_V1/raw/package2/JPEGImages/2704.jpg,datasets/water/IWHR_AI_Lable_Floater_V1/raw/package2/JPEGImages/2750.jpg,package2,package2,fishing-1,fishing-1,True,False
near_duplicate_dhash,7,datasets/water/IWHR_AI_Lable_Floater_V1/raw/package2/JPEGImages/2706.jpg,datasets/water/IWHR_AI_Lable_Floater_V1/raw/package2/JPEGImages/2947.jpg,package2,package2,fishing-1,fishing-1,True,False
near_duplicate_dhash,7,datasets/water/IWHR_AI_Lable_Floater_V1/raw/package2/JPEGImages/2712.jpg,datasets/water/IWHR_AI_Lable_Floater_V1/raw/package2/JPEGImages/2733.jpg,package2,package2,fishing-1,fishing-1,True,False
near_duplicate_dhash,8,datasets/water/IWHR_AI_Lable_Floater_V1/raw/package2/JPEGImages/2712.jpg,datasets/water/IWHR_AI_Lable_Floater_V1/raw/package2/JPEGImages/2757.jpg,package2,package2,fishing-1,fishing-1,True,False
near_duplicate_dhash,6,datasets/water/IWHR_AI_Lable_Floater_V1/raw/package2/JPEGImages/2713.jpg,datasets/water/IWHR_AI_Lable_Floater_V1/raw/package2/JPEGImages/2736.jpg,package2,package2,fishing-1,fishing-1,True,False
near_duplicate_dhash,7,datasets/water/IWHR_AI_Lable_Floater_V1/raw/package2/JPEGImages/2716.jpg,datasets/water/IWHR_AI_Lable_Floater_V1/raw/package2/JPEGImages/2763.jpg,package2,package2,fishing-1,fishing-1,True,False
near_duplicate_dhash,6,datasets/water/IWHR_AI_Lable_Floater_V1/raw/package2/JPEGImages/2718.jpg,datasets/water/IWHR_AI_Lable_Floater_V1/raw/package2/JPEGImages/2766.jpg,package2,package2,fishing-1,fishing-1,True,False
near_duplicate_dhash,6,datasets/water/IWHR_AI_Lable_Floater_V1/raw/package2/JPEGImages/2719.jpg,datasets/water/IWHR_AI_Lable_Floater_V1/raw/package2/JPEGImages/2770.jpg,package2,package2,fishing-1,fishing-1,True,False
near_duplicate_dhash,8,datasets/water/IWHR_AI_Lable_Floater_V1/raw/package2/JPEGImages/2719.jpg,datasets/water/IWHR_AI_Lable_Floater_V1/raw/package2/JPEGImages/2793.jpg,package2,package2,fishing-1,fishing-1,True,False
near_duplicate_dhash,7,datasets/water/IWHR_AI_Lable_Floater_V1/raw/package2/JPEGImages/2722.jpg,datasets/water/IWHR_AI_Lable_Floater_V1/raw/package2/JPEGImages/2879.jpg,package2,package2,fishing-1,fishing-1,True,False
near_duplicate_dhash,8,datasets/water/IWHR_AI_Lable_Floater_V1/raw/package2/JPEGImages/2729.jpg,datasets/water/IWHR_AI_Lable_Floater_V1/raw/package2/JPEGImages/2777.jpg,package2,package2,fishing-1,fishing-1,True,False
near_duplicate_dhash,7,datasets/water/IWHR_AI_Lable_Floater_V1/raw/package2/JPEGImages/2731.jpg,datasets/water/IWHR_AI_Lable_Floater_V1/raw/package2/JPEGImages/2754.jpg,package2,package2,fishing-1,fishing-1,True,False
near_duplicate_dhash,8,datasets/water/IWHR_AI_Lable_Floater_V1/raw/package2/JPEGImages/2732.jpg,datasets/water/IWHR_AI_Lable_Floater_V1/raw/package2/JPEGImages/2806.jpg,package2,package2,fishing-1,fishing-1,True,False
near_duplicate_dhash,6,datasets/water/IWHR_AI_Lable_Floater_V1/raw/package2/JPEGImages/2736.jpg,datasets/water/IWHR_AI_Lable_Floater_V1/raw/package2/JPEGImages/2760.jpg,package2,package2,fishing-1,fishing-1,True,False
near_duplicate_dhash,8,datasets/water/IWHR_AI_Lable_Floater_V1/raw/package2/JPEGImages/2737.jpg,datasets/water/IWHR_AI_Lable_Floater_V1/raw/package2/JPEGImages/2761.jpg,package2,package2,fishing-1,fishing-1,True,False
near_duplicate_dhash,7,datasets/water/IWHR_AI_Lable_Floater_V1/raw/package2/JPEGImages/2738.jpg,datasets/water/IWHR_AI_Lable_Floater_V1/raw/package2/JPEGImages/2762.jpg,package2,package2,fishing-1,fishing-1,True,False
near_duplicate_dhash,8,datasets/water/IWHR_AI_Lable_Floater_V1/raw/package2/JPEGImages/2739.jpg,datasets/water/IWHR_AI_Lable_Floater_V1/raw/package2/JPEGImages/2784.jpg,package2,package2,fishing-1,fishing-1,True,False
near_duplicate_dhash,8,datasets/water/IWHR_AI_Lable_Floater_V1/raw/package2/JPEGImages/2741.jpg,datasets/water/IWHR_AI_Lable_Floater_V1/raw/package2/JPEGImages/2815.jpg,package2,package2,fishing-1,fishing-1,True,False
near_duplicate_dhash,8,datasets/water/IWHR_AI_Lable_Floater_V1/raw/package2/JPEGImages/2743.jpg,datasets/water/IWHR_AI_Lable_Floater_V1/raw/package2/JPEGImages/2788.jpg,package2,package2,fishing-1,fishing-1,True,False
near_duplicate_dhash,6,datasets/water/IWHR_AI_Lable_Floater_V1/raw/package2/JPEGImages/2746.jpg,datasets/water/IWHR_AI_Lable_Floater_V1/raw/package2/JPEGImages/2793.jpg,package2,package2,fishing-1,fishing-1,True,False
near_duplicate_dhash,6,datasets/water/IWHR_AI_Lable_Floater_V1/raw/package2/JPEGImages/2750.jpg,datasets/water/IWHR_AI_Lable_Floater_V1/raw/package2/JPEGImages/2774.jpg,package2,package2,fishing-1,fishing-1,True,False
near_duplicate_dhash,7,datasets/water/IWHR_AI_Lable_Floater_V1/raw/package2/JPEGImages/2753.jpg,datasets/water/IWHR_AI_Lable_Floater_V1/raw/package2/JPEGImages/2800.jpg,package2,package2,fishing-1,fishing-1,True,False
near_duplicate_dhash,7,datasets/water/IWHR_AI_Lable_Floater_V1/raw/package2/JPEGImages/2754.jpg,datasets/water/IWHR_AI_Lable_Floater_V1/raw/package2/JPEGImages/2829.jpg,package2,package2,fishing-1,fishing-1,True,False
near_duplicate_dhash,8,datasets/water/IWHR_AI_Lable_Floater_V1/raw/package2/JPEGImages/2756.jpg,datasets/water/IWHR_AI_Lable_Floater_V1/raw/package2/JPEGImages/2830.jpg,package2,package2,fishing-1,fishing-1,True,False
near_duplicate_dhash,8,datasets/water/IWHR_AI_Lable_Floater_V1/raw/package2/JPEGImages/2763.jpg,datasets/water/IWHR_AI_Lable_Floater_V1/raw/package2/JPEGImages/2837.jpg,package2,package2,fishing-1,fishing-1,True,False
near_duplicate_dhash,6,datasets/water/IWHR_AI_Lable_Floater_V1/raw/package2/JPEGImages/2765.jpg,datasets/water/IWHR_AI_Lable_Floater_V1/raw/package2/JPEGImages/2787.jpg,package2,package2,fishing-1,fishing-1,True,False
near_duplicate_dhash,7,datasets/water/IWHR_AI_Lable_Floater_V1/raw/package2/JPEGImages/2766.jpg,datasets/water/IWHR_AI_Lable_Floater_V1/raw/package2/JPEGImages/2817.jpg,package2,package2,fishing-1,fishing-1,True,False
near_duplicate_dhash,6,datasets/water/IWHR_AI_Lable_Floater_V1/raw/package2/JPEGImages/2768.jpg,datasets/water/IWHR_AI_Lable_Floater_V1/raw/package2/JPEGImages/2789.jpg,package2,package2,fishing-1,fishing-1,True,False
near_duplicate_dhash,8,datasets/water/IWHR_AI_Lable_Floater_V1/raw/package2/JPEGImages/2770.jpg,datasets/water/IWHR_AI_Lable_Floater_V1/raw/package2/JPEGImages/2844.jpg,package2,package2,fishing-1,fishing-1,True,False
near_duplicate_dhash,8,datasets/water/IWHR_AI_Lable_Floater_V1/raw/package2/JPEGImages/2770.jpg,datasets/water/IWHR_AI_Lable_Floater_V1/raw/package2/JPEGImages/2873.jpg,package2,package2,fishing-1,fishing-1,True,False
near_duplicate_dhash,6,datasets/water/IWHR_AI_Lable_Floater_V1/raw/package2/JPEGImages/2775.jpg,datasets/water/IWHR_AI_Lable_Floater_V1/raw/package2/JPEGImages/2852.jpg,package2,package2,fishing-1,fishing-1,True,False
near_duplicate_dhash,8,datasets/water/IWHR_AI_Lable_Floater_V1/raw/package2/JPEGImages/2776.jpg,datasets/water/IWHR_AI_Lable_Floater_V1/raw/package2/JPEGImages/2902.jpg,package2,package2,fishing-1,rubbish,False,False
near_duplicate_dhash,6,datasets/water/IWHR_AI_Lable_Floater_V1/raw/package2/JPEGImages/2777.jpg,datasets/water/IWHR_AI_Lable_Floater_V1/raw/package2/JPEGImages/2827.jpg,package2,package2,fishing-1,fishing-1,True,False
near_duplicate_dhash,8,datasets/water/IWHR_AI_Lable_Floater_V1/raw/package2/JPEGImages/2780.jpg,datasets/water/IWHR_AI_Lable_Floater_V1/raw/package2/JPEGImages/2809.jpg,package2,package2,fishing-1,fishing-1,True,False
near_duplicate_dhash,7,datasets/water/IWHR_AI_Lable_Floater_V1/raw/package2/JPEGImages/2781.jpg,datasets/water/IWHR_AI_Lable_Floater_V1/raw/package2/JPEGImages/2810.jpg,package2,package2,fishing-1,fishing-1,True,False
near_duplicate_dhash,7,datasets/water/IWHR_AI_Lable_Floater_V1/raw/package2/JPEGImages/2783.jpg,datasets/water/IWHR_AI_Lable_Floater_V1/raw/package2/JPEGImages/2812.jpg,package2,package2,fishing-1,fishing-1,True,False
near_duplicate_dhash,7,datasets/water/IWHR_AI_Lable_Floater_V1/raw/package2/JPEGImages/2784.jpg,datasets/water/IWHR_AI_Lable_Floater_V1/raw/package2/JPEGImages/2864.jpg,package2,package2,fishing-1,fishing-1,True,False
near_duplicate_dhash,8,datasets/water/IWHR_AI_Lable_Floater_V1/raw/package2/JPEGImages/2784.jpg,datasets/water/IWHR_AI_Lable_Floater_V1/raw/package2/JPEGImages/2887.jpg,package2,package2,fishing-1,fishing-1,True,False
near_duplicate_dhash,6,datasets/water/IWHR_AI_Lable_Floater_V1/raw/package2/JPEGImages/2787.jpg,datasets/water/IWHR_AI_Lable_Floater_V1/raw/package2/JPEGImages/2816.jpg,package2,package2,fishing-1,fishing-1,True,False
near_duplicate_dhash,6,datasets/water/IWHR_AI_Lable_Floater_V1/raw/package2/JPEGImages/2789.jpg,datasets/water/IWHR_AI_Lable_Floater_V1/raw/package2/JPEGImages/2841.jpg,package2,package2,fishing-1,fishing-1,True,False
near_duplicate_dhash,7,datasets/water/IWHR_AI_Lable_Floater_V1/raw/package2/JPEGImages/2792.jpg,datasets/water/IWHR_AI_Lable_Floater_V1/raw/package2/JPEGImages/2872.jpg,package2,package2,fishing-1,fishing-1,True,False
near_duplicate_dhash,6,datasets/water/IWHR_AI_Lable_Floater_V1/raw/package2/JPEGImages/2793.jpg,datasets/water/IWHR_AI_Lable_Floater_V1/raw/package2/JPEGImages/2844.jpg,package2,package2,fishing-1,fishing-1,True,False
near_duplicate_dhash,8,datasets/water/IWHR_AI_Lable_Floater_V1/raw/package2/JPEGImages/2793.jpg,datasets/water/IWHR_AI_Lable_Floater_V1/raw/package2/JPEGImages/2873.jpg,package2,package2,fishing-1,fishing-1,True,False
near_duplicate_dhash,7,datasets/water/IWHR_AI_Lable_Floater_V1/raw/package2/JPEGImages/2794.jpg,datasets/water/IWHR_AI_Lable_Floater_V1/raw/package2/JPEGImages/2895.jpg,package2,package2,fishing-1,fishing-1,True,False
near_duplicate_dhash,6,datasets/water/IWHR_AI_Lable_Floater_V1/raw/package2/JPEGImages/2795.jpg,datasets/water/IWHR_AI_Lable_Floater_V1/raw/package2/JPEGImages/2845.jpg,package2,package2,rubbish,fishing-1,False,False
near_duplicate_dhash,7,datasets/water/IWHR_AI_Lable_Floater_V1/raw/package2/JPEGImages/2796.jpg,datasets/water/IWHR_AI_Lable_Floater_V1/raw/package2/JPEGImages/2823.jpg,package2,package2,fishing-1,fishing-1,True,False
near_duplicate_dhash,8,datasets/water/IWHR_AI_Lable_Floater_V1/raw/package2/JPEGImages/2802.jpg,datasets/water/IWHR_AI_Lable_Floater_V1/raw/package2/JPEGImages/2854.jpg,package2,package2,fishing-1,fishing-1,True,False
near_duplicate_dhash,8,datasets/water/IWHR_AI_Lable_Floater_V1/raw/package2/JPEGImages/2806.jpg,datasets/water/IWHR_AI_Lable_Floater_V1/raw/package2/JPEGImages/2857.jpg,package2,package2,fishing-1,fishing-1,True,False
near_duplicate_dhash,7,datasets/water/IWHR_AI_Lable_Floater_V1/raw/package2/JPEGImages/2808.jpg,datasets/water/IWHR_AI_Lable_Floater_V1/raw/package2/JPEGImages/2859.jpg,package2,package2,fishing-1,fishing-1,True,False
near_duplicate_dhash,6,datasets/water/IWHR_AI_Lable_Floater_V1/raw/package2/JPEGImages/2813.jpg,datasets/water/IWHR_AI_Lable_Floater_V1/raw/package2/JPEGImages/2864.jpg,package2,package2,fishing-1,fishing-1,True,False
near_duplicate_dhash,7,datasets/water/IWHR_AI_Lable_Floater_V1/raw/package2/JPEGImages/2813.jpg,datasets/water/IWHR_AI_Lable_Floater_V1/raw/package2/JPEGImages/2887.jpg,package2,package2,fishing-1,fishing-1,True,False
near_duplicate_dhash,6,datasets/water/IWHR_AI_Lable_Floater_V1/raw/package2/JPEGImages/2815.jpg,datasets/water/IWHR_AI_Lable_Floater_V1/raw/package2/JPEGImages/2913.jpg,package2,package2,fishing-1,fishing-1,True,False
near_duplicate_dhash,6,datasets/water/IWHR_AI_Lable_Floater_V1/raw/package2/JPEGImages/2819.jpg,datasets/water/IWHR_AI_Lable_Floater_V1/raw/package2/JPEGImages/2842.jpg,package2,package2,fishing-1,fishing-1,True,False
near_duplicate_dhash,6,datasets/water/IWHR_AI_Lable_Floater_V1/raw/package2/JPEGImages/2826.jpg,datasets/water/IWHR_AI_Lable_Floater_V1/raw/package2/JPEGImages/2969.jpg,package2,package2,fishing-1,fishing-1,True,False
near_duplicate_dhash,6,datasets/water/IWHR_AI_Lable_Floater_V1/raw/package2/JPEGImages/2827.jpg,datasets/water/IWHR_AI_Lable_Floater_V1/raw/package2/JPEGImages/2880.jpg,package2,package2,fishing-1,fishing-1,True,False
near_duplicate_dhash,8,datasets/water/IWHR_AI_Lable_Floater_V1/raw/package2/JPEGImages/2830.jpg,datasets/water/IWHR_AI_Lable_Floater_V1/raw/package2/JPEGImages/2882.jpg,package2,package2,fishing-1,fishing-1,True,False
near_duplicate_dhash,8,datasets/water/IWHR_AI_Lable_Floater_V1/raw/package2/JPEGImages/2832.jpg,datasets/water/IWHR_AI_Lable_Floater_V1/raw/package2/JPEGImages/2884.jpg,package2,package2,fishing-1,fishing-1,True,False
near_duplicate_dhash,7,datasets/water/IWHR_AI_Lable_Floater_V1/raw/package2/JPEGImages/2833.jpg,datasets/water/IWHR_AI_Lable_Floater_V1/raw/package2/JPEGImages/2861.jpg,package2,package2,fishing-1,fishing-1,True,False
near_duplicate_dhash,8,datasets/water/IWHR_AI_Lable_Floater_V1/raw/package2/JPEGImages/2837.jpg,datasets/water/IWHR_AI_Lable_Floater_V1/raw/package2/JPEGImages/2933.jpg,package2,package2,fishing-1,fishing-1,True,False
near_duplicate_dhash,6,datasets/water/IWHR_AI_Lable_Floater_V1/raw/package2/JPEGImages/2839.jpg,datasets/water/IWHR_AI_Lable_Floater_V1/raw/package2/JPEGImages/2868.jpg,package2,package2,fishing-1,fishing-1,True,False
near_duplicate_dhash,6,datasets/water/IWHR_AI_Lable_Floater_V1/raw/package2/JPEGImages/2844.jpg,datasets/water/IWHR_AI_Lable_Floater_V1/raw/package2/JPEGImages/2894.jpg,package2,package2,fishing-1,fishing-1,True,False
near_duplicate_dhash,8,datasets/water/IWHR_AI_Lable_Floater_V1/raw/package2/JPEGImages/2844.jpg,datasets/water/IWHR_AI_Lable_Floater_V1/raw/package2/JPEGImages/2918.jpg,package2,package2,fishing-1,fishing-1,True,False
near_duplicate_dhash,8,datasets/water/IWHR_AI_Lable_Floater_V1/raw/package2/JPEGImages/2848.jpg,datasets/water/IWHR_AI_Lable_Floater_V1/raw/package2/JPEGImages/2878.jpg,package2,package2,fishing-1,fishing-1,True,False
near_duplicate_dhash,6,datasets/water/IWHR_AI_Lable_Floater_V1/raw/package2/JPEGImages/2849.jpg,datasets/water/IWHR_AI_Lable_Floater_V1/raw/package2/JPEGImages/2979.jpg,package2,package2,fishing-1,rubbish,False,False
near_duplicate_dhash,6,datasets/water/IWHR_AI_Lable_Floater_V1/raw/package2/JPEGImages/2855.jpg,datasets/water/IWHR_AI_Lable_Floater_V1/raw/package2/JPEGImages/2881.jpg,package2,package2,fishing-1,fishing-1,True,False
near_duplicate_dhash,8,datasets/water/IWHR_AI_Lable_Floater_V1/raw/package2/JPEGImages/2855.jpg,datasets/water/IWHR_AI_Lable_Floater_V1/raw/package2/JPEGImages/2904.jpg,package2,package2,fishing-1,fishing-1,True,False
near_duplicate_dhash,6,datasets/water/IWHR_AI_Lable_Floater_V1/raw/package2/JPEGImages/2858.jpg,datasets/water/IWHR_AI_Lable_Floater_V1/raw/package2/JPEGImages/2907.jpg,package2,package2,fishing-1,fishing-1,True,False
near_duplicate_dhash,8,datasets/water/IWHR_AI_Lable_Floater_V1/raw/package2/JPEGImages/2860.jpg,datasets/water/IWHR_AI_Lable_Floater_V1/raw/package2/JPEGImages/2908.jpg,package2,package2,fishing-1,fishing-1,True,False
near_duplicate_dhash,8,datasets/water/IWHR_AI_Lable_Floater_V1/raw/package2/JPEGImages/2861.jpg,datasets/water/IWHR_AI_Lable_Floater_V1/raw/package2/JPEGImages/2885.jpg,package2,package2,fishing-1,fishing-1,True,False
near_duplicate_dhash,6,datasets/water/IWHR_AI_Lable_Floater_V1/raw/package2/JPEGImages/2862.jpg,datasets/water/IWHR_AI_Lable_Floater_V1/raw/package2/JPEGImages/2886.jpg,package2,package2,rubbish,fishing-1,False,False
near_duplicate_dhash,6,datasets/water/IWHR_AI_Lable_Floater_V1/raw/package2/JPEGImages/2864.jpg,datasets/water/IWHR_AI_Lable_Floater_V1/raw/package2/JPEGImages/2933.jpg,package2,package2,fishing-1,fishing-1,True,False
near_duplicate_dhash,7,datasets/water/IWHR_AI_Lable_Floater_V1/raw/package2/JPEGImages/2864.jpg,datasets/water/IWHR_AI_Lable_Floater_V1/raw/package2/JPEGImages/2956.jpg,package2,package2,fishing-1,fishing-1,True,False
near_duplicate_dhash,7,datasets/water/IWHR_AI_Lable_Floater_V1/raw/package2/JPEGImages/2867.jpg,datasets/water/IWHR_AI_Lable_Floater_V1/raw/package2/JPEGImages/2936.jpg,package2,package2,fishing-1,fishing-1,True,False
near_duplicate_dhash,7,datasets/water/IWHR_AI_Lable_Floater_V1/raw/package2/JPEGImages/2869.jpg,datasets/water/IWHR_AI_Lable_Floater_V1/raw/package2/JPEGImages/2915.jpg,package2,package2,fishing-1,fishing-1,True,False
near_duplicate_dhash,7,datasets/water/IWHR_AI_Lable_Floater_V1/raw/package2/JPEGImages/2871.jpg,datasets/water/IWHR_AI_Lable_Floater_V1/raw/package2/JPEGImages/2893.jpg,package2,package2,fishing-1,fishing-1,True,False
near_duplicate_dhash,8,datasets/water/IWHR_AI_Lable_Floater_V1/raw/package2/JPEGImages/2872.jpg,datasets/water/IWHR_AI_Lable_Floater_V1/raw/package2/JPEGImages/2939.jpg,package2,package2,fishing-1,fishing-1,True,False
near_duplicate_dhash,6,datasets/water/IWHR_AI_Lable_Floater_V1/raw/package2/JPEGImages/2873.jpg,datasets/water/IWHR_AI_Lable_Floater_V1/raw/package2/JPEGImages/2918.jpg,package2,package2,fishing-1,fishing-1,True,False
near_duplicate_dhash,8,datasets/water/IWHR_AI_Lable_Floater_V1/raw/package2/JPEGImages/2877.jpg,datasets/water/IWHR_AI_Lable_Floater_V1/raw/package2/JPEGImages/2898.jpg,package2,package2,fishing-1,fishing-1,True,False
near_duplicate_dhash,8,datasets/water/IWHR_AI_Lable_Floater_V1/raw/package2/JPEGImages/2878.jpg,datasets/water/IWHR_AI_Lable_Floater_V1/raw/package2/JPEGImages/2899.jpg,package2,package2,fishing-1,fishing-1,True,False
near_duplicate_dhash,8,datasets/water/IWHR_AI_Lable_Floater_V1/raw/package2/JPEGImages/2879.jpg,datasets/water/IWHR_AI_Lable_Floater_V1/raw/package2/JPEGImages/2978.jpg,package2,package2,fishing-1,rubbish,False,False
near_duplicate_dhash,7,datasets/water/IWHR_AI_Lable_Floater_V1/raw/package2/JPEGImages/2880.jpg,datasets/water/IWHR_AI_Lable_Floater_V1/raw/package2/JPEGImages/2948.jpg,package2,package2,fishing-1,fishing-1,True,False
near_duplicate_dhash,8,datasets/water/IWHR_AI_Lable_Floater_V1/raw/package2/JPEGImages/2881.jpg,datasets/water/IWHR_AI_Lable_Floater_V1/raw/package2/JPEGImages/2949.jpg,package2,package2,fishing-1,fishing-1,True,False
near_duplicate_dhash,6,datasets/water/IWHR_AI_Lable_Floater_V1/raw/package2/JPEGImages/2882.jpg,datasets/water/IWHR_AI_Lable_Floater_V1/raw/package2/JPEGImages/2926.jpg,package2,package2,fishing-1,fishing-1,True,False
near_duplicate_dhash,7,datasets/water/IWHR_AI_Lable_Floater_V1/raw/package2/JPEGImages/2882.jpg,datasets/water/IWHR_AI_Lable_Floater_V1/raw/package2/JPEGImages/2950.jpg,package2,package2,fishing-1,fishing-1,True,False
near_duplicate_dhash,8,datasets/water/IWHR_AI_Lable_Floater_V1/raw/package2/JPEGImages/2883.jpg,datasets/water/IWHR_AI_Lable_Floater_V1/raw/package2/JPEGImages/2928.jpg,package2,package2,fishing-1,fishing-1,True,False
near_duplicate_dhash,8,datasets/water/IWHR_AI_Lable_Floater_V1/raw/package2/JPEGImages/2884.jpg,datasets/water/IWHR_AI_Lable_Floater_V1/raw/package2/JPEGImages/2930.jpg,package2,package2,fishing-1,fishing-1,True,False
near_duplicate_dhash,8,datasets/water/IWHR_AI_Lable_Floater_V1/raw/package2/JPEGImages/2886.jpg,datasets/water/IWHR_AI_Lable_Floater_V1/raw/package2/JPEGImages/2932.jpg,package2,package2,fishing-1,fishing-1,True,False
near_duplicate_dhash,6,datasets/water/IWHR_AI_Lable_Floater_V1/raw/package2/JPEGImages/2887.jpg,datasets/water/IWHR_AI_Lable_Floater_V1/raw/package2/JPEGImages/2956.jpg,package2,package2,fishing-1,fishing-1,True,False
near_duplicate_dhash,6,datasets/water/IWHR_AI_Lable_Floater_V1/raw/package2/JPEGImages/2890.jpg,datasets/water/IWHR_AI_Lable_Floater_V1/raw/package2/JPEGImages/2936.jpg,package2,package2,fishing-1,fishing-1,True,False
near_duplicate_dhash,8,datasets/water/IWHR_AI_Lable_Floater_V1/raw/package2/JPEGImages/2891.jpg,datasets/water/IWHR_AI_Lable_Floater_V1/raw/package2/JPEGImages/2914.jpg,package2,package2,fishing-1,fishing-1,True,False
near_duplicate_dhash,7,datasets/water/IWHR_AI_Lable_Floater_V1/raw/package2/JPEGImages/2892.jpg,datasets/water/IWHR_AI_Lable_Floater_V1/raw/package2/JPEGImages/2938.jpg,package2,package2,fishing-1,fishing-1,True,False
near_duplicate_dhash,7,datasets/water/IWHR_AI_Lable_Floater_V1/raw/package2/JPEGImages/2894.jpg,datasets/water/IWHR_AI_Lable_Floater_V1/raw/package2/JPEGImages/2940.jpg,package2,package2,fishing-1,rubbish,False,False
near_duplicate_dhash,6,datasets/water/IWHR_AI_Lable_Floater_V1/raw/package2/JPEGImages/2897.jpg,datasets/water/IWHR_AI_Lable_Floater_V1/raw/package2/JPEGImages/2920.jpg,package2,package2,fishing-1,fishing-1,True,False
near_duplicate_dhash,8,datasets/water/IWHR_AI_Lable_Floater_V1/raw/package2/JPEGImages/2898.jpg,datasets/water/IWHR_AI_Lable_Floater_V1/raw/package2/JPEGImages/2922.jpg,package2,package2,fishing-1,fishing-1,True,False
near_duplicate_dhash,6,datasets/water/IWHR_AI_Lable_Floater_V1/raw/package2/JPEGImages/2904.jpg,datasets/water/IWHR_AI_Lable_Floater_V1/raw/package2/JPEGImages/2949.jpg,package2,package2,fishing-1,fishing-1,True,False
near_duplicate_dhash,6,datasets/water/IWHR_AI_Lable_Floater_V1/raw/package2/JPEGImages/2905.jpg,datasets/water/IWHR_AI_Lable_Floater_V1/raw/package2/JPEGImages/2950.jpg,package2,package2,fishing-1,fishing-1,True,False
near_duplicate_dhash,8,datasets/water/IWHR_AI_Lable_Floater_V1/raw/package2/JPEGImages/2913.jpg,datasets/water/IWHR_AI_Lable_Floater_V1/raw/package2/JPEGImages/2958.jpg,package2,package2,fishing-1,fishing-1,True,False
near_duplicate_dhash,6,datasets/water/IWHR_AI_Lable_Floater_V1/raw/package2/JPEGImages/2914.jpg,datasets/water/IWHR_AI_Lable_Floater_V1/raw/package2/JPEGImages/2937.jpg,package2,package2,fishing-1,fishing-1,True,False
near_duplicate_dhash,7,datasets/water/IWHR_AI_Lable_Floater_V1/raw/package2/JPEGImages/2915.jpg,datasets/water/IWHR_AI_Lable_Floater_V1/raw/package2/JPEGImages/2961.jpg,package2,package2,fishing-1,rubbish,False,False
near_duplicate_dhash,7,datasets/water/IWHR_AI_Lable_Floater_V1/raw/package2/JPEGImages/2920.jpg,datasets/water/IWHR_AI_Lable_Floater_V1/raw/package2/JPEGImages/2942.jpg,package2,package2,fishing-1,fishing-1,True,False
near_duplicate_dhash,8,datasets/water/IWHR_AI_Lable_Floater_V1/raw/package2/JPEGImages/2921.jpg,datasets/water/IWHR_AI_Lable_Floater_V1/raw/package2/JPEGImages/2966.jpg,package2,package2,fishing-1,fishing-1,True,False
near_duplicate_dhash,7,datasets/water/IWHR_AI_Lable_Floater_V1/raw/package2/JPEGImages/2924.jpg,datasets/water/IWHR_AI_Lable_Floater_V1/raw/package2/JPEGImages/2970.jpg,package2,package2,fishing-1,fishing-1,True,False
near_duplicate_dhash,8,datasets/water/IWHR_AI_Lable_Floater_V1/raw/package2/JPEGImages/2932.jpg,datasets/water/IWHR_AI_Lable_Floater_V1/raw/package2/JPEGImages/2955.jpg,package2,package2,fishing-1,fishing-1,True,False
near_duplicate_dhash,7,datasets/water/IWHR_AI_Lable_Floater_V1/raw/package2/JPEGImages/2942.jpg,datasets/water/IWHR_AI_Lable_Floater_V1/raw/package2/JPEGImages/2964.jpg,package2,package2,fishing-1,fishing-1,True,False
near_duplicate_dhash,7,datasets/water/IWHR_AI_Lable_Floater_V1/raw/package2/JPEGImages/2983.jpg,datasets/water/IWHR_AI_Lable_Floater_V1/raw/package2/JPEGImages/2987.jpg,package2,package2,rubbish,rubbish,True,False
